Transaction ID,Amount,Status,Payment Reference,Transaction Date,merchant,processor,Currency,Channel,Settlement Batch
TXN107385,5000.0,SUCCESS,REF-00007385,17/07/2026,Merchant_B,Processor_A,NGN,BANK_TRANSFER,SET-0024
TXN105405,100000.0,SUCCESS,REF-00005405,27/07/2026,Merchant_C,Processor_A,NGN,BANK_TRANSFER,SET-0038
TXN106231,100000.0,SUCCESS,REF-00006231,13/07/2026,Merchant_D,Processor_A,NGN,CARD,SET-0034
TXN100987,7500.0,SUCCESS,REF-00000987,13/07/2026,Merchant_A,Processor_A,NGN,MOBILE_MONEY,SET-0017
TXN109039,2500.0,SUCCESS,REF-00009039,31/07/2026,Merchant_C,Processor_A,NGN,BANK_TRANSFER,SET-0007
TXN103326,50000.0,SUCCESS,REF-00003326,31/07/2026,Merchant_C,Processor_A,NGN,CARD,SET-0045
TXN109921,50000.0,SUCCESS,REF-00009921,26/07/2026,Merchant_A,Processor_A,NGN,USSD,SET-0029
TXN108599,15000.0,SUCCESS,REF-00008599,23/07/2026,Merchant_B,Processor_A,NGN,USSD,SET-0006
TXN104101,7500.0,SUCCESS,REF-00004101,11/07/2026,Merchant_E,Processor_A,NGN,USSD,SET-0028
TXN103109,15000.0,SUCCESS,REF-00003109,13/07/2026,Merchant_B,Processor_A,NGN,USSD,SET-0045
TXN100722,1000.0,SUCCESS,REF-00000722,30/07/2026,Merchant_A,Processor_A,NGN,CARD,SET-0024
TXN109267,5000.0,SUCCESS,REF-00009267,09/07/2026,Merchant_E,Processor_A,NGN,MOBILE_MONEY,SET-0029
TXN108178,1000.0,SUCCESS,REF-00008178,26/07/2026,Merchant_A,Processor_A,NGN,CARD,SET-0009
TXN105326,1000.0,SUCCESS,REF-00005326,15/07/2026,Merchant_B,Processor_A,NGN,USSD,SET-0011
TXN100972,25000.0,SUCCESS,REF-00000972,14/07/2026,Merchant_C,Processor_A,NGN,USSD,SET-0013
TXN107374,1500.0,SUCCESS,REF-00007374,05/07/2026,Merchant_D,Processor_A,NGN,USSD,SET-0028
TXN107711,5000.0,SUCCESS,REF-00007711,22/07/2026,Merchant_A,Processor_A,NGN,BANK_TRANSFER,SET-0050
TXN108152,1000.0,SUCCESS,REF-00008152,02/07/2026,Merchant_A,Processor_A,NGN,BANK_TRANSFER,SET-0002
TXN101465,1000.0,SUCCESS,REF-00001465,04/07/2026,Merchant_A,Processor_A,NGN,BANK_TRANSFER,SET-0018
TXN104810,1500.0,SUCCESS,REF-00004810,06/07/2026,Merchant_D,Processor_A,NGN,BANK_TRANSFER,SET-0043
TXN105395,5000.0,SUCCESS,REF-00005395,28/07/2026,Merchant_E,Processor_A,NGN,MOBILE_MONEY,SET-0024
TXN104296,1500.0,SUCCESS,REF-00004296,24/07/2026,Merchant_C,Processor_A,NGN,USSD,SET-0050
TXN102336,7500.0,SUCCESS,REF-00002336,02/07/2026,Merchant_B,Processor_A,NGN,USSD,SET-0027
TXN101028,5000.0,SUCCESS,REF-00001028,05/07/2026,Merchant_E,Processor_A,NGN,USSD,SET-0013
TXN105609,7500.0,SUCCESS,REF-00005609,02/07/2026,Merchant_B,Processor_A,NGN,CARD,SET-0041
TXN101399,25000.0,SUCCESS,REF-00001399,28/07/2026,Merchant_B,Processor_A,NGN,CARD,SET-0018
TXN103282,50000.0,SUCCESS,REF-00003282,06/07/2026,Merchant_D,Processor_A,NGN,USSD,SET-0034
TXN108288,1000.0,SUCCESS,REF-00008288,29/07/2026,Merchant_D,Processor_A,NGN,CARD,SET-0019
TXN101449,15000.0,SUCCESS,REF-00001449,06/07/2026,Merchant_D,Processor_A,NGN,USSD,SET-0036
TXN103261,10000.0,SUCCESS,REF-00003261,18/07/2026,Merchant_A,Processor_A,NGN,CARD,SET-0009
TXN109439,25000.0,FAILED,REF-00009439,27/07/2026,Merchant_C,Processor_A,NGN,USSD,SET-0008
TXN107960,100500.0,SUCCESS,REF-00007960,22/07/2026,Merchant_A,Processor_A,NGN,BANK_TRANSFER,SET-0030
TXN107964,15000.0,SUCCESS,REF-00007964,13/07/2026,Merchant_D,Processor_A,NGN,BANK_TRANSFER,SET-0018
TXN100121,100000.0,SUCCESS,REF-00000121,21/07/2026,Merchant_B,Processor_A,NGN,USSD,SET-0009
TXN100443,5000.0,REFUNDED,REF-00000443,21/07/2026,Merchant_B,Processor_A,NGN,BANK_TRANSFER,SET-0025
TXN100590,1500.0,SUCCESS,REF-00000590,31/07/2026,Merchant_E,Processor_A,NGN,BANK_TRANSFER,SET-0017
TXN100239,1500.0,SUCCESS,REF-00000239,01/07/2026,Merchant_C,Processor_A,NGN,BANK_TRANSFER,SET-0036
TXN103411,1500.0,SUCCESS,REF-00003411,31/07/2026,Merchant_C,Processor_A,NGN,CARD,SET-0050
TXN100460,1000.0,SUCCESS,REF-00000460,30/07/2026,Merchant_A,Processor_A,NGN,BANK_TRANSFER,SET-0050
TXN104373,7500.0,SUCCESS,REF-00004373,14/07/2026,Merchant_A,Processor_A,NGN,USSD,SET-0003
PROC_ONLY1031,5000.0,SUCCESS,PROC-ONLY-REF-00031,19/07/2026,Merchant_B,Processor_A,NGN,USSD,SET-0002
TXN100873,7500.0,SUCCESS,REF-00000873,03/07/2026,Merchant_E,Processor_A,NGN,USSD,SET-0038
TXN101860,25000.0,FAILED,REF-00001860,29/07/2026,Merchant_E,Processor_A,NGN,BANK_TRANSFER,SET-0038
TXN100897,100000.0,SUCCESS,REF-00000897,24/07/2026,Merchant_D,Processor_A,NGN,BANK_TRANSFER,SET-0001
TXN102780,1000.0,SUCCESS,REF-00002780,16/07/2026,Merchant_A,Processor_A,NGN,MOBILE_MONEY,SET-0040
TXN101033,1500.0,SUCCESS,REF-00001033,21/07/2026,Merchant_D,Processor_A,NGN,MOBILE_MONEY,SET-0014
TXN104706,25000.0,SUCCESS,REF-00004706,23/07/2026,Merchant_C,Processor_A,NGN,CARD,SET-0002
TXN108475,25000.0,SUCCESS,REF-00008475,23/07/2026,Merchant_C,Processor_A,NGN,CARD,SET-0042
TXN106358,100000.0,SUCCESS,REF-00006358,19/07/2026,Merchant_B,Processor_A,NGN,BANK_TRANSFER,SET-0047
TXN105171,10000.0,SUCCESS,REF-00005171,12/07/2026,Merchant_C,Processor_A,NGN,CARD,SET-0047
TXN108415,1000.0,FAILED,REF-00008415,23/07/2026,Merchant_A,Processor_A,NGN,USSD,SET-0014
TXN106762,1500.0,SUCCESS,REF-00006762,30/07/2026,Merchant_C,Processor_A,NGN,BANK_TRANSFER,SET-0026
TXN100587,1500.0,FAILED,REF-00000587,19/07/2026,Merchant_E,Processor_A,NGN,USSD,SET-0005
TXN105544,15000.0,SUCCESS,REF-00005544,09/07/2026,Merchant_B,Processor_A,NGN,BANK_TRANSFER,SET-0017
TXN100809,1000.0,SUCCESS,REF-00000809,10/07/2026,Merchant_C,Processor_A,NGN,BANK_TRANSFER,SET-0016
TXN100497,1000.0,SUCCESS,REF-00000497,22/07/2026,Merchant_B,Processor_A,NGN,USSD,SET-0006
TXN101502,500.0,SUCCESS,REF-00001502,13/07/2026,Merchant_B,Processor_A,NGN,BANK_TRANSFER,SET-0048
TXN106882,5000.0,SUCCESS,REF-00006882,01/07/2026,Merchant_A,Processor_A,NGN,USSD,SET-0027
TXN100624,15000.0,REFUNDED,REF-00000624,22/07/2026,Merchant_A,Processor_A,NGN,MOBILE_MONEY,SET-0020
TXN107802,250000.0,SUCCESS,REF-00007802,31/07/2026,Merchant_C,Processor_A,NGN,MOBILE_MONEY,SET-0011
TXN102596,5000.0,SUCCESS,REF-00002596,31/07/2026,Merchant_E,Processor_A,NGN,CARD,SET-0014
TXN109657,2500.0,SUCCESS,REF-00009657,14/07/2026,Merchant_E,Processor_A,NGN,MOBILE_MONEY,SET-0045
TXN109340,15000.0,SUCCESS,REF-00009340,02/07/2026,Merchant_E,Processor_A,NGN,BANK_TRANSFER,SET-0040
TXN100831,7500.0,SUCCESS,REF-00000831,07/07/2026,Merchant_B,Processor_A,NGN,BANK_TRANSFER,SET-0030
TXN102050,7500.0,SUCCESS,REF-00002050,16/07/2026,Merchant_D,Processor_A,NGN,USSD,SET-0015
TXN102501,25000.0,SUCCESS,REF-00002501,18/07/2026,Merchant_D,Processor_A,NGN,MOBILE_MONEY,SET-0049
TXN109878,25000.0,SUCCESS,REF-00009878,24/07/2026,Merchant_E,Processor_A,NGN,MOBILE_MONEY,SET-0008
TXN109408,2500.0,SUCCESS,REF-00009408,07/07/2026,Merchant_A,Processor_A,NGN,CARD,SET-0045
TXN109302,50000.0,REFUNDED,REF-00009302,01/07/2026,Merchant_A,Processor_A,NGN,BANK_TRANSFER,SET-0018
TXN104447,50000.0,SUCCESS,REF-00004447,08/07/2026,Merchant_E,Processor_A,NGN,CARD,SET-0049
PROC_ONLY1030,5000.0,SUCCESS,PROC-ONLY-REF-00030,31/07/2026,Merchant_C,Processor_A,NGN,USSD,SET-0011
TXN106884,100000.0,SUCCESS,REF-00006884,31/07/2026,Merchant_A,Processor_A,NGN,BANK_TRANSFER,SET-0020
TXN102331,1000.0,REFUNDED,REF-00002331,19/07/2026,Merchant_D,Processor_A,NGN,CARD,SET-0039
TXN109536,15000.0,SUCCESS,REF-00009536,20/07/2026,Merchant_D,Processor_A,NGN,CARD,SET-0011
TXN108706,25000.0,SUCCESS,REF-00008706,28/07/2026,Merchant_C,Processor_A,NGN,MOBILE_MONEY,SET-0046
TXN102159,25000.0,SUCCESS,REF-00002159,04/07/2026,Merchant_D,Processor_A,NGN,BANK_TRANSFER,SET-0014
TXN107224,101000.0,REFUNDED,REF-00007224,22/07/2026,Merchant_B,Processor_A,NGN,BANK_TRANSFER,SET-0010
TXN108485,25000.0,SUCCESS,REF-00008485,25/07/2026,Merchant_E,Processor_A,NGN,MOBILE_MONEY,SET-0014
TXN100060,5000.0,SUCCESS,REF-00000060,09/07/2026,Merchant_A,Processor_A,NGN,CARD,SET-0008
TXN107019,25000.0,SUCCESS,REF-00007019,13/07/2026,Merchant_D,Processor_A,NGN,MOBILE_MONEY,SET-0019
TXN104573,25000.0,SUCCESS,REF-00004573,09/07/2026,Merchant_A,Processor_A,NGN,CARD,SET-0046
TXN100571,25000.0,SUCCESS,REF-00000571,04/07/2026,Merchant_C,Processor_A,NGN,MOBILE_MONEY,SET-0021
TXN103157,1000.0,SUCCESS,REF-00003157,25/07/2026,Merchant_B,Processor_A,NGN,BANK_TRANSFER,SET-0039
TXN104961,2500.0,SUCCESS,REF-00004961,28/07/2026,Merchant_A,Processor_A,NGN,BANK_TRANSFER,SET-0041
TXN105424,7500.0,FAILED,REF-00005424,19/07/2026,Merchant_E,Processor_A,NGN,MOBILE_MONEY,SET-0043
TXN102599,1500.0,SUCCESS,REF-00002599,24/07/2026,Merchant_E,Processor_A,NGN,CARD,SET-0027
TXN102429,100000.0,SUCCESS,REF-00002429,09/07/2026,Merchant_B,Processor_A,NGN,BANK_TRANSFER,SET-0018
TXN109733,25000.0,SUCCESS,REF-00009733,30/07/2026,Merchant_B,Processor_A,NGN,BANK_TRANSFER,SET-0012
TXN100132,1000.0,SUCCESS,REF-00000132,13/07/2026,Merchant_D,Processor_A,NGN,BANK_TRANSFER,SET-0005
TXN102494,10000.0,SUCCESS,REF-00002494,07/07/2026,Merchant_E,Processor_A,NGN,USSD,SET-0050
TXN104926,7500.0,FAILED,REF-00004926,31/07/2026,Merchant_A,Processor_A,NGN,MOBILE_MONEY,SET-0011
TXN104619,50000.0,SUCCESS,REF-00004619,08/07/2026,Merchant_A,Processor_A,NGN,CARD,SET-0013
TXN100309,5000.0,SUCCESS,REF-00000309,05/07/2026,Merchant_B,Processor_A,NGN,MOBILE_MONEY,SET-0008
TXN104336,15000.0,SUCCESS,REF-00004336,17/07/2026,Merchant_C,Processor_A,NGN,CARD,SET-0047
TXN104367,7500.0,SUCCESS,REF-00004367,23/07/2026,Merchant_A,Processor_A,NGN,BANK_TRANSFER,SET-0017
TXN100333,1000.0,SUCCESS,REF-00000333,31/07/2026,Merchant_A,Processor_A,NGN,USSD,SET-0025
TXN106571,500.0,SUCCESS,REF-00006571,07/07/2026,Merchant_B,Processor_A,NGN,MOBILE_MONEY,SET-0007
TXN102805,250000.0,SUCCESS,REF-00002805,18/07/2026,Merchant_A,Processor_A,NGN,USSD,SET-0042
TXN101598,1000.0,SUCCESS,REF-00001598,06/07/2026,Merchant_C,Processor_A,NGN,BANK_TRANSFER,SET-0032
TXN106394,250000.0,SUCCESS,REF-00006394,15/07/2026,Merchant_A,Processor_A,NGN,BANK_TRANSFER,SET-0046
TXN100261,250000.0,SUCCESS,REF-00000261,15/07/2026,Merchant_E,Processor_A,NGN,USSD,SET-0034
TXN104488,25000.0,SUCCESS,REF-00004488,12/07/2026,Merchant_A,Processor_A,NGN,CARD,SET-0023
TXN101596,5000.0,SUCCESS,REF-00001596,26/07/2026,Merchant_C,Processor_A,NGN,USSD,SET-0009
TXN100654,7500.0,SUCCESS,REF-00000654,01/07/2026,Merchant_B,Processor_A,NGN,BANK_TRANSFER,SET-0010
TXN104028,25000.0,SUCCESS,REF-00004028,03/07/2026,Merchant_B,Processor_A,NGN,BANK_TRANSFER,SET-0006
TXN107439,1500.0,FAILED,REF-00007439,18/07/2026,Merchant_E,Processor_A,NGN,CARD,SET-0002
TXN102276,25000.0,SUCCESS,REF-00002276,24/07/2026,Merchant_E,Processor_A,NGN,MOBILE_MONEY,SET-0040
TXN101355,100000.0,SUCCESS,REF-00001355,18/07/2026,Merchant_B,Processor_A,NGN,BANK_TRANSFER,SET-0049
TXN106519,1500.0,SUCCESS,REF-00006519,13/07/2026,Merchant_D,Processor_A,NGN,MOBILE_MONEY,SET-0013
TXN103723,1500.0,SUCCESS,REF-00003723,17/07/2026,Merchant_E,Processor_A,NGN,BANK_TRANSFER,SET-0022
TXN109706,500.0,SUCCESS,REF-00009706,08/07/2026,Merchant_A,Processor_A,NGN,BANK_TRANSFER,SET-0004
TXN107245,1000.0,SUCCESS,REF-00007245,12/07/2026,Merchant_C,Processor_A,NGN,BANK_TRANSFER,SET-0008
TXN100540,250000.0,SUCCESS,REF-00000540,02/07/2026,Merchant_E,Processor_A,NGN,CARD,SET-0006
TXN109256,2500.0,SUCCESS,REF-00009256,28/07/2026,Merchant_C,Processor_A,NGN,USSD,SET-0032
TXN105108,25000.0,SUCCESS,REF-00005108,11/07/2026,Merchant_A,Processor_A,NGN,MOBILE_MONEY,SET-0037
TXN101827,250000.0,FAILED,REF-00001827,22/07/2026,Merchant_B,Processor_A,NGN,BANK_TRANSFER,SET-0041
PROC_ONLY1017,1000.0,SUCCESS,PROC-ONLY-REF-00017,23/07/2026,Merchant_A,Processor_A,NGN,BANK_TRANSFER,SET-0044
TXN108372,7500.0,SUCCESS,REF-00008372,23/07/2026,Merchant_E,Processor_A,NGN,BANK_TRANSFER,SET-0032
TXN102045,25000.0,SUCCESS,REF-00002045,29/07/2026,Merchant_E,Processor_A,NGN,BANK_TRANSFER,SET-0003
TXN104497,1500.0,SUCCESS,REF-00004497,29/07/2026,Merchant_B,Processor_A,NGN,CARD,SET-0044
TXN109333,25000.0,FAILED,REF-00009333,13/07/2026,Merchant_B,Processor_A,NGN,MOBILE_MONEY,SET-0037
TXN109268,1500.0,SUCCESS,REF-00009268,10/07/2026,Merchant_D,Processor_A,NGN,BANK_TRANSFER,SET-0048
TXN102847,2500.0,FAILED,REF-00002847,11/07/2026,Merchant_E,Processor_A,NGN,BANK_TRANSFER,SET-0004
TXN101382,250000.0,SUCCESS,REF-00001382,05/07/2026,Merchant_C,Processor_A,NGN,BANK_TRANSFER,SET-0011
TXN108627,50000.0,SUCCESS,REF-00008627,16/07/2026,Merchant_D,Processor_A,NGN,USSD,SET-0041
TXN107907,50000.0,SUCCESS,REF-00007907,27/07/2026,Merchant_B,Processor_A,NGN,MOBILE_MONEY,SET-0033
TXN105196,25000.0,SUCCESS,REF-00005196,13/07/2026,Merchant_A,Processor_A,NGN,USSD,SET-0001
TXN100999,7500.0,SUCCESS,REF-00000999,26/07/2026,Merchant_D,Processor_A,NGN,CARD,SET-0002
TXN101329,10000.0,SUCCESS,REF-00001329,05/07/2026,Merchant_E,Processor_A,NGN,BANK_TRANSFER,SET-0017
TXN101259,10000.0,SUCCESS,REF-00001259,08/07/2026,Merchant_D,Processor_A,NGN,BANK_TRANSFER,SET-0020
TXN105719,1500.0,SUCCESS,REF-00005719,08/07/2026,Merchant_E,Processor_A,NGN,USSD,SET-0034
TXN101633,50000.0,FAILED,REF-00001633,09/07/2026,Merchant_A,Processor_A,NGN,CARD,SET-0011
TXN105348,7500.0,SUCCESS,REF-00005348,05/07/2026,Merchant_D,Processor_A,NGN,USSD,SET-0044
TXN101448,100000.0,SUCCESS,REF-00001448,19/07/2026,Merchant_D,Processor_A,NGN,CARD,SET-0020
TXN100741,5000.0,SUCCESS,REF-00000741,10/07/2026,Merchant_E,Processor_A,NGN,CARD,SET-0041
TXN104768,25000.0,SUCCESS,REF-00004768,28/07/2026,Merchant_D,Processor_A,NGN,USSD,SET-0018
TXN104817,50000.0,SUCCESS,REF-00004817,12/07/2026,Merchant_C,Processor_A,NGN,BANK_TRANSFER,SET-0039
TXN108935,15000.0,SUCCESS,REF-00008935,10/07/2026,Merchant_B,Processor_A,NGN,BANK_TRANSFER,SET-0017
TXN103436,2500.0,SUCCESS,REF-00003436,09/07/2026,Merchant_D,Processor_A,NGN,BANK_TRANSFER,SET-0039
TXN108092,10000.0,SUCCESS,REF-00008092,05/07/2026,Merchant_E,Processor_A,NGN,CARD,SET-0020
TXN106502,10000.0,SUCCESS,REF-00006502,19/07/2026,Merchant_D,Processor_A,NGN,USSD,SET-0011
TXN102578,5000.0,SUCCESS,REF-00002578,09/07/2026,Merchant_D,Processor_A,NGN,MOBILE_MONEY,SET-0001
TXN100814,50000.0,SUCCESS,REF-00000814,26/07/2026,Merchant_D,Processor_A,NGN,BANK_TRANSFER,SET-0008
TXN109393,25000.0,SUCCESS,REF-00009393,15/07/2026,Merchant_D,Processor_A,NGN,MOBILE_MONEY,SET-0035
TXN109584,100000.0,SUCCESS,REF-00009584,16/07/2026,Merchant_A,Processor_A,NGN,USSD,SET-0031
TXN108946,25000.0,SUCCESS,REF-00008946,06/07/2026,Merchant_A,Processor_A,NGN,BANK_TRANSFER,SET-0004
TXN100097,7500.0,SUCCESS,REF-00000097,31/07/2026,Merchant_B,Processor_A,NGN,USSD,SET-0027
TXN102743,1500.0,SUCCESS,REF-00002743,06/07/2026,Merchant_E,Processor_A,NGN,MOBILE_MONEY,SET-0021
TXN100812,1500.0,SUCCESS,REF-00000812,14/07/2026,Merchant_A,Processor_A,NGN,BANK_TRANSFER,SET-0025
TXN101335,15000.0,SUCCESS,REF-00001335,20/07/2026,Merchant_C,Processor_A,NGN,BANK_TRANSFER,SET-0030
TXN100468,2500.0,SUCCESS,REF-00000468,05/07/2026,Merchant_D,Processor_A,NGN,MOBILE_MONEY,SET-0036
TXN107249,50000.0,REFUNDED,REF-00007249,23/07/2026,Merchant_B,Processor_A,NGN,CARD,SET-0026
TXN106066,10000.0,SUCCESS,REF-00006066,31/07/2026,Merchant_C,Processor_A,NGN,BANK_TRANSFER,SET-0032
TXN103679,7500.0,SUCCESS,REF-00003679,12/07/2026,Merchant_D,Processor_A,NGN,BANK_TRANSFER,SET-0021
TXN106234,5000.0,SUCCESS,REF-00006234,08/07/2026,Merchant_B,Processor_A,NGN,USSD,SET-0039
TXN106781,10000.0,SUCCESS,REF-00006781,10/07/2026,Merchant_B,Processor_A,NGN,MOBILE_MONEY,SET-0031
TXN104673,1000.0,SUCCESS,REF-00004673,05/07/2026,Merchant_C,Processor_A,NGN,CARD,SET-0044
TXN103209,15000.0,SUCCESS,REF-00003209,25/07/2026,Merchant_C,Processor_A,NGN,CARD,SET-0048
TXN100924,7500.0,SUCCESS,REF-00000924,14/07/2026,Merchant_D,Processor_A,NGN,USSD,SET-0049
TXN108311,5000.0,SUCCESS,REF-00008311,31/07/2026,Merchant_B,Processor_A,NGN,MOBILE_MONEY,SET-0033
TXN104290,10000.0,SUCCESS,REF-00004290,25/07/2026,Merchant_B,Processor_A,NGN,CARD,SET-0023
TXN108026,50000.0,SUCCESS,REF-00008026,03/07/2026,Merchant_A,Processor_A,NGN,MOBILE_MONEY,SET-0016
TXN104688,10000.0,REFUNDED,REF-00004688,10/07/2026,Merchant_A,Processor_A,NGN,USSD,SET-0008
TXN105752,1000.0,SUCCESS,REF-00005752,23/07/2026,Merchant_B,Processor_A,NGN,MOBILE_MONEY,SET-0034
TXN108032,2500.0,SUCCESS,REF-00008032,30/07/2026,Merchant_D,Processor_A,NGN,USSD,SET-0007
TXN107029,1500.0,SUCCESS,REF-00007029,26/07/2026,Merchant_B,Processor_A,NGN,MOBILE_MONEY,SET-0001
TXN105559,15000.0,FAILED,REF-00005559,07/07/2026,Merchant_C,Processor_A,NGN,CARD,SET-0019
TXN102659,15000.0,SUCCESS,REF-00002659,29/07/2026,Merchant_C,Processor_A,NGN,BANK_TRANSFER,SET-0006
TXN100953,100000.0,SUCCESS,REF-00000953,18/07/2026,Merchant_B,Processor_A,NGN,BANK_TRANSFER,SET-0011
TXN109141,2500.0,SUCCESS,REF-00009141,25/07/2026,Merchant_B,Processor_A,NGN,BANK_TRANSFER,SET-0014
TXN104558,100000.0,SUCCESS,REF-00004558,28/07/2026,Merchant_E,Processor_A,NGN,MOBILE_MONEY,SET-0030
TXN101862,1500.0,SUCCESS,REF-00001862,11/07/2026,Merchant_A,Processor_A,NGN,USSD,SET-0001
TXN108208,5000.0,SUCCESS,REF-00008208,09/07/2026,Merchant_C,Processor_A,NGN,MOBILE_MONEY,SET-0012
TXN104920,250000.0,SUCCESS,REF-00004920,09/07/2026,Merchant_C,Processor_A,NGN,USSD,SET-0013
TXN105397,7500.0,SUCCESS,REF-00005397,06/07/2026,Merchant_D,Processor_A,NGN,USSD,SET-0043
TXN102283,1000.0,SUCCESS,REF-00002283,07/07/2026,Merchant_A,Processor_A,NGN,MOBILE_MONEY,SET-0048
TXN109035,25000.0,SUCCESS,REF-00009035,31/07/2026,Merchant_D,Processor_A,NGN,USSD,SET-0020
TXN100054,15000.0,SUCCESS,REF-00000054,25/07/2026,Merchant_E,Processor_A,NGN,BANK_TRANSFER,SET-0022
TXN100935,5000.0,SUCCESS,REF-00000935,11/07/2026,Merchant_C,Processor_A,NGN,BANK_TRANSFER,SET-0022
TXN100549,25000.0,SUCCESS,REF-00000549,29/07/2026,Merchant_E,Processor_A,NGN,USSD,SET-0031
TXN104223,50000.0,SUCCESS,REF-00004223,21/07/2026,Merchant_A,Processor_A,NGN,CARD,SET-0001
TXN103478,10000.0,SUCCESS,REF-00003478,23/07/2026,Merchant_A,Processor_A,NGN,MOBILE_MONEY,SET-0042
TXN103826,7500.0,SUCCESS,REF-00003826,26/07/2026,Merchant_C,Processor_A,NGN,BANK_TRANSFER,SET-0028
TXN100744,2500.0,SUCCESS,REF-00000744,24/07/2026,Merchant_B,Processor_A,NGN,CARD,SET-0017
TXN107639,500.0,SUCCESS,REF-00007639,21/07/2026,Merchant_B,Processor_A,NGN,BANK_TRANSFER,SET-0043
TXN101529,10000.0,SUCCESS,REF-00001529,13/07/2026,Merchant_A,Processor_A,NGN,BANK_TRANSFER,SET-0022
TXN100176,25000.0,SUCCESS,REF-00000176,03/07/2026,Merchant_C,Processor_A,NGN,MOBILE_MONEY,SET-0021
TXN108239,1500.0,SUCCESS,REF-00008239,24/07/2026,Merchant_C,Processor_A,NGN,MOBILE_MONEY,SET-0010
TXN101863,10000.0,FAILED,REF-00001863,08/07/2026,Merchant_E,Processor_A,NGN,MOBILE_MONEY,SET-0026
TXN109188,250000.0,SUCCESS,REF-00009188,24/07/2026,Merchant_E,Processor_A,NGN,MOBILE_MONEY,SET-0048
TXN106296,5000.0,SUCCESS,REF-00006296,01/07/2026,Merchant_E,Processor_A,NGN,USSD,SET-0008
TXN104357,15000.0,SUCCESS,REF-00004357,29/07/2026,Merchant_A,Processor_A,NGN,BANK_TRANSFER,SET-0024
TXN104513,15000.0,SUCCESS,REF-00004513,15/07/2026,Merchant_C,Processor_A,NGN,MOBILE_MONEY,SET-0007
TXN106945,25000.0,SUCCESS,REF-00006945,05/07/2026,Merchant_E,Processor_A,NGN,BANK_TRANSFER,SET-0049
TXN107752,1500.0,SUCCESS,REF-00007752,05/07/2026,Merchant_E,Processor_A,NGN,USSD,SET-0019
TXN100634,1000.0,SUCCESS,REF-00000634,25/07/2026,Merchant_D,Processor_A,NGN,CARD,SET-0017
TXN103019,25000.0,REFUNDED,REF-00003019,29/07/2026,Merchant_C,Processor_A,NGN,USSD,SET-0044
TXN103254,5000.0,SUCCESS,REF-00003254,02/07/2026,Merchant_D,Processor_A,NGN,CARD,SET-0006
TXN107474,7500.0,SUCCESS,REF-00007474,01/07/2026,Merchant_D,Processor_A,NGN,CARD,SET-0022
TXN102587,15000.0,SUCCESS,REF-00002587,22/07/2026,Merchant_D,Processor_A,NGN,BANK_TRANSFER,SET-0011
TXN103867,15000.0,SUCCESS,REF-00003867,30/07/2026,Merchant_A,Processor_A,NGN,USSD,SET-0028
TXN101695,1000.0,SUCCESS,REF-00001695,07/07/2026,Merchant_C,Processor_A,NGN,USSD,SET-0043
TXN103259,100000.0,SUCCESS,REF-00003259,14/07/2026,Merchant_E,Processor_A,NGN,MOBILE_MONEY,SET-0025
TXN109007,10000.0,SUCCESS,REF-00009007,07/07/2026,Merchant_D,Processor_A,NGN,MOBILE_MONEY,SET-0018
TXN107828,10000.0,SUCCESS,REF-00007828,14/07/2026,Merchant_C,Processor_A,NGN,USSD,SET-0010
TXN109514,15000.0,SUCCESS,REF-00009514,17/07/2026,Merchant_A,Processor_A,NGN,BANK_TRANSFER,SET-0024
TXN105095,7500.0,SUCCESS,REF-00005095,24/07/2026,Merchant_A,Processor_A,NGN,MOBILE_MONEY,SET-0003
TXN109020,5000.0,SUCCESS,REF-00009020,09/07/2026,Merchant_E,Processor_A,NGN,USSD,SET-0005
TXN104414,7500.0,SUCCESS,REF-00004414,25/07/2026,Merchant_E,Processor_A,NGN,USSD,SET-0007
TXN106415,7500.0,SUCCESS,REF-00006415,31/07/2026,Merchant_D,Processor_A,NGN,BANK_TRANSFER,SET-0019
TXN102772,50000.0,SUCCESS,REF-00002772,23/07/2026,Merchant_E,Processor_A,NGN,USSD,SET-0047
TXN107066,500.0,SUCCESS,REF-00007066,21/07/2026,Merchant_C,Processor_A,NGN,CARD,SET-0037
TXN106845,2500.0,SUCCESS,REF-00006845,04/07/2026,Merchant_D,Processor_A,NGN,BANK_TRANSFER,SET-0021
TXN108172,10000.0,SUCCESS,REF-00008172,11/07/2026,Merchant_B,Processor_A,NGN,BANK_TRANSFER,SET-0032
TXN104288,5000.0,SUCCESS,REF-00004288,28/07/2026,Merchant_D,Processor_A,NGN,USSD,SET-0029
TXN105586,7500.0,SUCCESS,REF-00005586,25/07/2026,Merchant_A,Processor_A,NGN,MOBILE_MONEY,SET-0046
TXN102686,1500.0,SUCCESS,REF-00002686,15/07/2026,Merchant_B,Processor_A,NGN,BANK_TRANSFER,SET-0031
TXN102713,5000.0,SUCCESS,REF-00002713,05/07/2026,Merchant_C,Processor_A,NGN,MOBILE_MONEY,SET-0009
TXN106548,1500.0,SUCCESS,REF-00006548,05/07/2026,Merchant_A,Processor_A,NGN,CARD,SET-0003
TXN103794,500.0,SUCCESS,REF-00003794,15/07/2026,Merchant_A,Processor_A,NGN,BANK_TRANSFER,SET-0042
TXN101515,500.0,SUCCESS,REF-00001515,11/07/2026,Merchant_D,Processor_A,NGN,MOBILE_MONEY,SET-0028
TXN105904,1000.0,SUCCESS,REF-00005904,27/07/2026,Merchant_E,Processor_A,NGN,USSD,SET-0017
TXN101314,7500.0,FAILED,REF-00001314,17/07/2026,Merchant_E,Processor_A,NGN,USSD,SET-0038
TXN107916,15000.0,SUCCESS,REF-00007916,09/07/2026,Merchant_C,Processor_A,NGN,USSD,SET-0010
TXN104583,25000.0,SUCCESS,REF-00004583,05/07/2026,Merchant_E,Processor_A,NGN,USSD,SET-0020
TXN109386,100000.0,SUCCESS,REF-00009386,06/07/2026,Merchant_E,Processor_A,NGN,CARD,SET-0015
TXN109300,2500.0,SUCCESS,REF-00009300,06/07/2026,Merchant_C,Processor_A,NGN,BANK_TRANSFER,SET-0005
TXN105684,1500.0,SUCCESS,REF-00005684,23/07/2026,Merchant_D,Processor_A,NGN,CARD,SET-0016
TXN109535,7500.0,SUCCESS,REF-00009535,26/07/2026,Merchant_E,Processor_A,NGN,USSD,SET-0022
TXN100199,25000.0,SUCCESS,REF-00000199,17/07/2026,Merchant_A,Processor_A,NGN,MOBILE_MONEY,SET-0008
TXN102468,10000.0,SUCCESS,REF-00002468,12/07/2026,Merchant_B,Processor_A,NGN,BANK_TRANSFER,SET-0033
TXN108988,50000.0,SUCCESS,REF-00008988,01/07/2026,Merchant_E,Processor_A,NGN,BANK_TRANSFER,SET-0013
TXN107181,7500.0,SUCCESS,REF-00007181,14/07/2026,Merchant_E,Processor_A,NGN,USSD,SET-0049
TXN100198,100000.0,SUCCESS,REF-00000198-X,07/07/2026,Merchant_B,Processor_A,NGN,BANK_TRANSFER,SET-0019
TXN101741,25000.0,SUCCESS,REF-00001741,21/07/2026,Merchant_B,Processor_A,NGN,CARD,SET-0028
TXN104005,2500.0,FAILED,REF-00004005,22/07/2026,Merchant_B,Processor_A,NGN,USSD,SET-0017
TXN100227,7500.0,SUCCESS,REF-00000227-X,12/07/2026,Merchant_A,Processor_A,NGN,MOBILE_MONEY,SET-0031
TXN104576,7500.0,REFUNDED,REF-00004576,03/07/2026,Merchant_D,Processor_A,NGN,USSD,SET-0021
TXN109700,25000.0,SUCCESS,REF-00009700,03/07/2026,Merchant_B,Processor_A,NGN,BANK_TRANSFER,SET-0023
TXN107324,1000.0,SUCCESS,REF-00007324,23/07/2026,Merchant_B,Processor_A,NGN,MOBILE_MONEY,SET-0044
TXN107089,1000.0,REFUNDED,REF-00007089,22/07/2026,Merchant_C,Processor_A,NGN,MOBILE_MONEY,SET-0038
TXN102975,500.0,SUCCESS,REF-00002975,11/07/2026,Merchant_A,Processor_A,NGN,MOBILE_MONEY,SET-0039
TXN109398,10000.0,SUCCESS,REF-00009398,01/07/2026,Merchant_B,Processor_A,NGN,USSD,SET-0013
TXN108918,7500.0,SUCCESS,REF-00008918,04/07/2026,Merchant_C,Processor_A,NGN,MOBILE_MONEY,SET-0050
TXN108188,10000.0,SUCCESS,REF-00008188,24/07/2026,Merchant_E,Processor_A,NGN,USSD,SET-0010
TXN108601,25000.0,SUCCESS,REF-00008601,23/07/2026,Merchant_D,Processor_A,NGN,USSD,SET-0014
TXN103688,1000.0,SUCCESS,REF-00003688,11/07/2026,Merchant_E,Processor_A,NGN,USSD,SET-0048
PROC_ONLY1043,2500.0,SUCCESS,PROC-ONLY-REF-00043,19/07/2026,Merchant_A,Processor_A,NGN,CARD,SET-0023
TXN100552,10000.0,SUCCESS,REF-00000552,26/07/2026,Merchant_E,Processor_A,NGN,BANK_TRANSFER,SET-0039
TXN101782,7500.0,SUCCESS,REF-00001782,27/07/2026,Merchant_E,Processor_A,NGN,USSD,SET-0046
TXN100406,5000.0,SUCCESS,REF-00000406,22/07/2026,Merchant_D,Processor_A,NGN,BANK_TRANSFER,SET-0016
TXN103757,5000.0,SUCCESS,REF-00003757,26/07/2026,Merchant_A,Processor_A,NGN,CARD,SET-0034
TXN102141,10000.0,REFUNDED,REF-00002141,29/07/2026,Merchant_E,Processor_A,NGN,MOBILE_MONEY,SET-0008
TXN101358,5000.0,SUCCESS,REF-00001358,05/07/2026,Merchant_A,Processor_A,NGN,CARD,SET-0049
TXN103798,1500.0,FAILED,REF-00003798,07/07/2026,Merchant_E,Processor_A,NGN,BANK_TRANSFER,SET-0012
TXN108512,25000.0,FAILED,REF-00008512,14/07/2026,Merchant_D,Processor_A,NGN,CARD,SET-0040
TXN108685,10000.0,SUCCESS,REF-00008685,20/07/2026,Merchant_A,Processor_A,NGN,BANK_TRANSFER,SET-0034
TXN102445,5000.0,SUCCESS,REF-00002445,08/07/2026,Merchant_B,Processor_A,NGN,USSD,SET-0029
TXN100933,10000.0,SUCCESS,REF-00000933,23/07/2026,Merchant_E,Processor_A,NGN,BANK_TRANSFER,SET-0029
TXN103007,500.0,REFUNDED,REF-00003007,22/07/2026,Merchant_D,Processor_A,NGN,BANK_TRANSFER,SET-0040
TXN103417,15000.0,REFUNDED,REF-00003417,30/07/2026,Merchant_E,Processor_A,NGN,MOBILE_MONEY,SET-0032
TXN107542,15000.0,SUCCESS,REF-00007542,29/07/2026,Merchant_B,Processor_A,NGN,BANK_TRANSFER,SET-0030
TXN100691,7500.0,SUCCESS,REF-00000691,01/07/2026,Merchant_B,Processor_A,NGN,CARD,SET-0014
TXN103552,10000.0,SUCCESS,REF-00003552,11/07/2026,Merchant_B,Processor_A,NGN,USSD,SET-0018
TXN106113,10000.0,REFUNDED,REF-00006113,04/07/2026,Merchant_E,Processor_A,NGN,MOBILE_MONEY,SET-0044
TXN109827,10000.0,SUCCESS,REF-00009827,30/07/2026,Merchant_C,Processor_A,NGN,MOBILE_MONEY,SET-0012
TXN102021,10000.0,SUCCESS,REF-00002021,16/07/2026,Merchant_A,Processor_A,NGN,CARD,SET-0015
TXN106530,10000.0,SUCCESS,REF-00006530,07/07/2026,Merchant_B,Processor_A,NGN,BANK_TRANSFER,SET-0023
TXN105461,2500.0,SUCCESS,REF-00005461,05/07/2026,Merchant_A,Processor_A,NGN,USSD,SET-0012
TXN106490,15000.0,SUCCESS,REF-00006490,30/07/2026,Merchant_D,Processor_A,NGN,USSD,SET-0023
TXN104291,1000.0,SUCCESS,REF-00004291,28/07/2026,Merchant_B,Processor_A,NGN,USSD,SET-0047
TXN105417,5000.0,SUCCESS,REF-00005417,06/07/2026,Merchant_C,Processor_A,NGN,CARD,SET-0048
TXN106913,2500.0,SUCCESS,REF-00006913,08/07/2026,Merchant_D,Processor_A,NGN,BANK_TRANSFER,SET-0040
TXN100178,100000.0,SUCCESS,REF-00000178,15/07/2026,Merchant_C,Processor_A,NGN,MOBILE_MONEY,SET-0004
TXN108143,5000.0,SUCCESS,REF-00008143,31/07/2026,Merchant_B,Processor_A,NGN,MOBILE_MONEY,SET-0027
TXN100701,1000.0,SUCCESS,REF-00000701,10/07/2026,Merchant_B,Processor_A,NGN,CARD,SET-0038
TXN104538,1250.0,SUCCESS,REF-00004538,15/07/2026,Merchant_C,Processor_A,NGN,BANK_TRANSFER,SET-0036
TXN104119,25000.0,SUCCESS,REF-00004119,27/07/2026,Merchant_C,Processor_A,NGN,CARD,SET-0031
TXN104653,50000.0,SUCCESS,REF-00004653,27/07/2026,Merchant_B,Processor_A,NGN,BANK_TRANSFER,SET-0039
TXN105372,7500.0,SUCCESS,REF-00005372,14/07/2026,Merchant_B,Processor_A,NGN,USSD,SET-0025
TXN103608,100000.0,SUCCESS,REF-00003608,29/07/2026,Merchant_C,Processor_A,NGN,BANK_TRANSFER,SET-0046
TXN109579,2500.0,SUCCESS,REF-00009579,17/07/2026,Merchant_B,Processor_A,NGN,MOBILE_MONEY,SET-0018
TXN100791,10000.0,SUCCESS,REF-00000791,15/07/2026,Merchant_E,Processor_A,NGN,MOBILE_MONEY,SET-0024
TXN102585,15000.0,SUCCESS,REF-00002585,29/07/2026,Merchant_E,Processor_A,NGN,CARD,SET-0027
TXN101839,2500.0,SUCCESS,REF-00001839,21/07/2026,Merchant_E,Processor_A,NGN,MOBILE_MONEY,SET-0010
TXN102643,15000.0,REFUNDED,REF-00002643,30/07/2026,Merchant_D,Processor_A,NGN,MOBILE_MONEY,SET-0024
TXN108118,1500.0,SUCCESS,REF-00008118,13/07/2026,Merchant_D,Processor_A,NGN,USSD,SET-0046
TXN101107,25000.0,SUCCESS,REF-00001107,29/07/2026,Merchant_C,Processor_A,NGN,CARD,SET-0038
TXN108635,50000.0,SUCCESS,REF-00008635,16/07/2026,Merchant_C,Processor_A,NGN,MOBILE_MONEY,SET-0019
TXN109636,100000.0,SUCCESS,REF-00009636,10/07/2026,Merchant_D,Processor_A,NGN,CARD,SET-0005
TXN107239,7500.0,REFUNDED,REF-00007239,17/07/2026,Merchant_A,Processor_A,NGN,MOBILE_MONEY,SET-0002
TXN104996,1000.0,SUCCESS,REF-00004996,25/07/2026,Merchant_A,Processor_A,NGN,BANK_TRANSFER,SET-0006
TXN108003,100000.0,SUCCESS,REF-00008003,07/07/2026,Merchant_B,Processor_A,NGN,CARD,SET-0031
TXN106879,2500.0,SUCCESS,REF-00006879,30/07/2026,Merchant_B,Processor_A,NGN,MOBILE_MONEY,SET-0023
TXN101077,15000.0,SUCCESS,REF-00001077,02/07/2026,Merchant_D,Processor_A,NGN,CARD,SET-0048
TXN100000,5000.0,SUCCESS,REF-00000000,07/07/2026,Merchant_B,Processor_A,NGN,CARD,SET-0021
TXN102060,1000.0,REFUNDED,REF-00002060,20/07/2026,Merchant_B,Processor_A,NGN,CARD,SET-0041
TXN109513,25000.0,SUCCESS,REF-00009513,14/07/2026,Merchant_D,Processor_A,NGN,BANK_TRANSFER,SET-0036
TXN106253,500.0,SUCCESS,REF-00006253,10/07/2026,Merchant_E,Processor_A,NGN,MOBILE_MONEY,SET-0011
TXN101186,15000.0,SUCCESS,REF-00001186,29/07/2026,Merchant_D,Processor_A,NGN,MOBILE_MONEY,SET-0004
TXN103869,1000.0,SUCCESS,REF-00003869,28/07/2026,Merchant_B,Processor_A,NGN,USSD,SET-0045
TXN100989,50000.0,SUCCESS,REF-00000989,23/07/2026,Merchant_D,Processor_A,NGN,CARD,SET-0001
TXN109991,5000.0,SUCCESS,REF-00009991,23/07/2026,Merchant_D,Processor_A,NGN,USSD,SET-0024
TXN105747,250000.0,SUCCESS,REF-00005747,17/07/2026,Merchant_B,Processor_A,NGN,CARD,SET-0024
TXN100683,15000.0,SUCCESS,REF-00000683,27/07/2026,Merchant_A,Processor_A,NGN,BANK_TRANSFER,SET-0020
TXN101467,7500.0,SUCCESS,REF-00001467,06/07/2026,Merchant_E,Processor_A,NGN,BANK_TRANSFER,SET-0007
TXN100845,7500.0,SUCCESS,REF-00000845,19/07/2026,Merchant_D,Processor_A,NGN,CARD,SET-0031
TXN107143,2500.0,SUCCESS,REF-00007143,24/07/2026,Merchant_C,Processor_A,NGN,CARD,SET-0006
TXN108356,5000.0,SUCCESS,REF-00008356,05/07/2026,Merchant_D,Processor_A,NGN,BANK_TRANSFER,SET-0022
TXN101843,15000.0,SUCCESS,REF-00001843,17/07/2026,Merchant_D,Processor_A,NGN,USSD,SET-0036
TXN100483,15000.0,SUCCESS,REF-00000483,01/07/2026,Merchant_C,Processor_A,NGN,USSD,SET-0013
TXN101256,2500.0,SUCCESS,REF-00001256,22/07/2026,Merchant_D,Processor_A,NGN,USSD,SET-0003
TXN107488,15000.0,SUCCESS,REF-00007488,27/07/2026,Merchant_D,Processor_A,NGN,CARD,SET-0038
TXN109856,1000.0,SUCCESS,REF-00009856,23/07/2026,Merchant_E,Processor_A,NGN,MOBILE_MONEY,SET-0030
TXN106291,5000.0,SUCCESS,REF-00006291,18/07/2026,Merchant_A,Processor_A,NGN,BANK_TRANSFER,SET-0005
TXN109038,25000.0,FAILED,REF-00009038,29/07/2026,Merchant_E,Processor_A,NGN,USSD,SET-0025
TXN106401,100000.0,SUCCESS,REF-00006401,19/07/2026,Merchant_E,Processor_A,NGN,USSD,SET-0048
TXN100137,25000.0,SUCCESS,REF-00000137,24/07/2026,Merchant_A,Processor_A,NGN,CARD,SET-0045
TXN100575,100000.0,FAILED,REF-00000575,30/07/2026,Merchant_D,Processor_A,NGN,MOBILE_MONEY,SET-0046
TXN105256,1000.0,SUCCESS,REF-00005256,12/07/2026,Merchant_B,Processor_A,NGN,MOBILE_MONEY,SET-0030
TXN107921,25000.0,FAILED,REF-00007921,25/07/2026,Merchant_D,Processor_A,NGN,MOBILE_MONEY,SET-0006
TXN101527,5000.0,SUCCESS,REF-00001527,12/07/2026,Merchant_A,Processor_A,NGN,MOBILE_MONEY,SET-0020
TXN101248,100000.0,SUCCESS,REF-00001248,10/07/2026,Merchant_E,Processor_A,NGN,CARD,SET-0004
TXN104875,15000.0,SUCCESS,REF-00004875,18/07/2026,Merchant_E,Processor_A,NGN,BANK_TRANSFER,SET-0005
TXN108290,250000.0,FAILED,REF-00008290,08/07/2026,Merchant_D,Processor_A,NGN,MOBILE_MONEY,SET-0041
TXN103528,250100.0,SUCCESS,REF-00003528,04/07/2026,Merchant_B,Processor_A,NGN,BANK_TRANSFER,SET-0027
TXN106558,25000.0,SUCCESS,REF-00006558,24/07/2026,Merchant_B,Processor_A,NGN,BANK_TRANSFER,SET-0014
TXN109613,1000.0,FAILED,REF-00009613,11/07/2026,Merchant_C,Processor_A,NGN,USSD,SET-0043
TXN102239,2500.0,REFUNDED,REF-00002239,06/07/2026,Merchant_E,Processor_A,NGN,USSD,SET-0009
TXN103124,25000.0,SUCCESS,REF-00003124,12/07/2026,Merchant_C,Processor_A,NGN,BANK_TRANSFER,SET-0004
TXN103654,500.0,SUCCESS,REF-00003654,04/07/2026,Merchant_D,Processor_A,NGN,MOBILE_MONEY,SET-0015
TXN102667,15000.0,SUCCESS,REF-00002667,07/07/2026,Merchant_B,Processor_A,NGN,MOBILE_MONEY,SET-0032
TXN106273,10000.0,SUCCESS,REF-00006273,28/07/2026,Merchant_D,Processor_A,NGN,CARD,SET-0027
TXN103114,2500.0,SUCCESS,REF-00003114,05/07/2026,Merchant_D,Processor_A,NGN,MOBILE_MONEY,SET-0003
TXN108292,1000.0,SUCCESS,REF-00008292,24/07/2026,Merchant_D,Processor_A,NGN,MOBILE_MONEY,SET-0017
TXN100609,25000.0,SUCCESS,REF-00000609,15/07/2026,Merchant_A,Processor_A,NGN,USSD,SET-0035
TXN103912,500.0,SUCCESS,REF-00003912,07/07/2026,Merchant_E,Processor_A,NGN,USSD,SET-0001
TXN104166,2500.0,SUCCESS,REF-00004166,26/07/2026,Merchant_E,Processor_A,NGN,CARD,SET-0007
TXN102062,50000.0,SUCCESS,REF-00002062,01/07/2026,Merchant_A,Processor_A,NGN,CARD,SET-0032
TXN102110,1500.0,SUCCESS,REF-00002110,08/07/2026,Merchant_B,Processor_A,NGN,MOBILE_MONEY,SET-0011
TXN107151,1000.0,SUCCESS,REF-00007151,07/07/2026,Merchant_C,Processor_A,NGN,CARD,SET-0002
TXN106058,50000.0,SUCCESS,REF-00006058,16/07/2026,Merchant_B,Processor_A,NGN,BANK_TRANSFER,SET-0027
TXN106727,1000.0,SUCCESS,REF-00006727,30/07/2026,Merchant_B,Processor_A,NGN,CARD,SET-0017
TXN100998,250000.0,SUCCESS,REF-00000998,21/07/2026,Merchant_B,Processor_A,NGN,MOBILE_MONEY,SET-0033
TXN102218,100000.0,SUCCESS,REF-00002218,01/07/2026,Merchant_A,Processor_A,NGN,CARD,SET-0024
TXN106989,500.0,REFUNDED,REF-00006989,27/07/2026,Merchant_D,Processor_A,NGN,MOBILE_MONEY,SET-0025
TXN100775,1500.0,SUCCESS,REF-00000775,19/07/2026,Merchant_A,Processor_A,NGN,USSD,SET-0030
TXN102926,50000.0,SUCCESS,REF-00002926,12/07/2026,Merchant_C,Processor_A,NGN,BANK_TRANSFER,SET-0041
TXN105610,1000.0,SUCCESS,REF-00005610,25/07/2026,Merchant_A,Processor_A,NGN,USSD,SET-0003
TXN103752,5000.0,SUCCESS,REF-00003752,22/07/2026,Merchant_D,Processor_A,NGN,MOBILE_MONEY,SET-0003
TXN101303,10000.0,SUCCESS,REF-00001303,24/07/2026,Merchant_D,Processor_A,NGN,BANK_TRANSFER,SET-0040
TXN101817,25000.0,SUCCESS,REF-00001817,02/07/2026,Merchant_B,Processor_A,NGN,CARD,SET-0033
TXN108840,10000.0,FAILED,REF-00008840,29/07/2026,Merchant_E,Processor_A,NGN,CARD,SET-0032
TXN103132,100000.0,SUCCESS,REF-00003132,12/07/2026,Merchant_E,Processor_A,NGN,CARD,SET-0044
TXN101539,10000.0,SUCCESS,REF-00001539,12/07/2026,Merchant_C,Processor_A,NGN,USSD,SET-0024
TXN108537,100000.0,FAILED,REF-00008537,19/07/2026,Merchant_C,Processor_A,NGN,CARD,SET-0036
TXN103539,1000.0,SUCCESS,REF-00003539,21/07/2026,Merchant_A,Processor_A,NGN,MOBILE_MONEY,SET-0004
TXN107515,50000.0,FAILED,REF-00007515,19/07/2026,Merchant_A,Processor_A,NGN,USSD,SET-0008
TXN109683,50000.0,FAILED,REF-00009683,21/07/2026,Merchant_C,Processor_A,NGN,MOBILE_MONEY,SET-0021
TXN108533,25000.0,SUCCESS,REF-00008533,28/07/2026,Merchant_C,Processor_A,NGN,USSD,SET-0046
TXN107861,2500.0,SUCCESS,REF-00007861,26/07/2026,Merchant_A,Processor_A,NGN,MOBILE_MONEY,SET-0020
TXN109884,1000.0,SUCCESS,REF-00009884,10/07/2026,Merchant_C,Processor_A,NGN,USSD,SET-0043
TXN101331,25000.0,SUCCESS,REF-00001331,26/07/2026,Merchant_C,Processor_A,NGN,USSD,SET-0035
TXN106175,10000.0,SUCCESS,REF-00006175,21/07/2026,Merchant_B,Processor_A,NGN,MOBILE_MONEY,SET-0048
TXN102676,5000.0,SUCCESS,REF-00002676,05/07/2026,Merchant_C,Processor_A,NGN,CARD,SET-0007
TXN101657,5000.0,REFUNDED,REF-00001657,29/07/2026,Merchant_D,Processor_A,NGN,BANK_TRANSFER,SET-0024
TXN105790,2500.0,SUCCESS,REF-00005790,06/07/2026,Merchant_E,Processor_A,NGN,CARD,SET-0008
TXN107478,100000.0,SUCCESS,REF-00007478,06/07/2026,Merchant_D,Processor_A,NGN,BANK_TRANSFER,SET-0046
TXN100558,25000.0,SUCCESS,REF-00000558,15/07/2026,Merchant_E,Processor_A,NGN,MOBILE_MONEY,SET-0032
TXN102404,15000.0,REFUNDED,REF-00002404,27/07/2026,Merchant_E,Processor_A,NGN,BANK_TRANSFER,SET-0043
TXN101201,500.0,SUCCESS,REF-00001201,14/07/2026,Merchant_E,Processor_A,NGN,USSD,SET-0003
TXN107155,50000.0,SUCCESS,REF-00007155,06/07/2026,Merchant_C,Processor_A,NGN,MOBILE_MONEY,SET-0005
TXN105167,1500.0,SUCCESS,REF-00005167,18/07/2026,Merchant_E,Processor_A,NGN,MOBILE_MONEY,SET-0007
TXN105352,5000.0,SUCCESS,REF-00005352,11/07/2026,Merchant_E,Processor_A,NGN,MOBILE_MONEY,SET-0033
PROC_ONLY1001,1000.0,SUCCESS,PROC-ONLY-REF-00001,14/07/2026,Merchant_A,Processor_A,NGN,MOBILE_MONEY,SET-0004
TXN103199,7500.0,SUCCESS,REF-00003199,04/07/2026,Merchant_A,Processor_A,NGN,MOBILE_MONEY,SET-0005
TXN108747,1000.0,SUCCESS,REF-00008747,30/07/2026,Merchant_E,Processor_A,NGN,MOBILE_MONEY,SET-0025
TXN109691,7500.0,SUCCESS,REF-00009691,15/07/2026,Merchant_C,Processor_A,NGN,MOBILE_MONEY,SET-0034
TXN107423,7500.0,REFUNDED,REF-00007423,06/07/2026,Merchant_E,Processor_A,NGN,USSD,SET-0015
TXN101824,15000.0,SUCCESS,REF-00001824,23/07/2026,Merchant_A,Processor_A,NGN,MOBILE_MONEY,SET-0004
TXN108929,250000.0,SUCCESS,REF-00008929,08/07/2026,Merchant_A,Processor_A,NGN,USSD,SET-0035
TXN107982,15000.0,SUCCESS,REF-00007982,13/07/2026,Merchant_B,Processor_A,NGN,MOBILE_MONEY,SET-0024
TXN103169,7500.0,SUCCESS,REF-00003169,13/07/2026,Merchant_B,Processor_A,NGN,CARD,SET-0042
TXN108405,2500.0,SUCCESS,REF-00008405,02/07/2026,Merchant_E,Processor_A,NGN,BANK_TRANSFER,SET-0025
TXN107276,5000.0,SUCCESS,REF-00007276,01/07/2026,Merchant_B,Processor_A,NGN,USSD,SET-0025
TXN108195,5000.0,FAILED,REF-00008195,22/07/2026,Merchant_A,Processor_A,NGN,CARD,SET-0048
TXN109509,1500.0,SUCCESS,REF-00009509,13/07/2026,Merchant_A,Processor_A,NGN,BANK_TRANSFER,SET-0042
TXN101907,5000.0,SUCCESS,REF-00001907,08/07/2026,Merchant_D,Processor_A,NGN,CARD,SET-0016
TXN108666,25000.0,SUCCESS,REF-00008666,15/07/2026,Merchant_B,Processor_A,NGN,MOBILE_MONEY,SET-0045
TXN107277,1000.0,SUCCESS,REF-00007277,20/07/2026,Merchant_A,Processor_A,NGN,USSD,SET-0005
TXN103731,250000.0,SUCCESS,REF-00003731,05/07/2026,Merchant_B,Processor_A,NGN,USSD,SET-0041
TXN108464,250000.0,SUCCESS,REF-00008464,08/07/2026,Merchant_A,Processor_A,NGN,BANK_TRANSFER,SET-0045
TXN100931,50000.0,SUCCESS,REF-00000931,03/07/2026,Merchant_C,Processor_A,NGN,MOBILE_MONEY,SET-0018
TXN104878,5000.0,SUCCESS,REF-00004878-X,22/07/2026,Merchant_C,Processor_A,NGN,CARD,SET-0049
TXN101669,50000.0,SUCCESS,REF-00001669,22/07/2026,Merchant_A,Processor_A,NGN,USSD,SET-0023
TXN107702,15000.0,SUCCESS,REF-00007702,24/07/2026,Merchant_C,Processor_A,NGN,USSD,SET-0043
TXN100836,100000.0,SUCCESS,REF-00000836,09/07/2026,Merchant_C,Processor_A,NGN,BANK_TRANSFER,SET-0049
TXN107520,5000.0,SUCCESS,REF-00007520,16/07/2026,Merchant_C,Processor_A,NGN,MOBILE_MONEY,SET-0046
TXN100637,2500.0,SUCCESS,REF-00000637,28/07/2026,Merchant_C,Processor_A,NGN,USSD,SET-0010
TXN104436,5000.0,SUCCESS,REF-00004436,13/07/2026,Merchant_A,Processor_A,NGN,USSD,SET-0032
TXN109695,10000.0,SUCCESS,REF-00009695,23/07/2026,Merchant_E,Processor_A,NGN,BANK_TRANSFER,SET-0013
TXN100290,500.0,SUCCESS,REF-00000290,01/07/2026,Merchant_E,Processor_A,NGN,MOBILE_MONEY,SET-0029
TXN100872,15000.0,SUCCESS,REF-00000872,30/07/2026,Merchant_E,Processor_A,NGN,CARD,SET-0022
TXN101710,1500.0,SUCCESS,REF-00001710,15/07/2026,Merchant_E,Processor_A,NGN,USSD,SET-0042
TXN103179,15000.0,SUCCESS,REF-00003179,12/07/2026,Merchant_A,Processor_A,NGN,USSD,SET-0042
TXN107254,5250.0,SUCCESS,REF-00007254,23/07/2026,Merchant_D,Processor_A,NGN,CARD,SET-0048
TXN103294,250000.0,SUCCESS,REF-00003294,13/07/2026,Merchant_A,Processor_A,NGN,BANK_TRANSFER,SET-0036
TXN102499,7500.0,SUCCESS,REF-00002499,14/07/2026,Merchant_E,Processor_A,NGN,BANK_TRANSFER,SET-0002
TXN102257,7500.0,SUCCESS,REF-00002257,18/07/2026,Merchant_C,Processor_A,NGN,CARD,SET-0011
TXN104832,15000.0,SUCCESS,REF-00004832,11/07/2026,Merchant_E,Processor_A,NGN,CARD,SET-0032
TXN109546,1500.0,SUCCESS,REF-00009546,03/07/2026,Merchant_A,Processor_A,NGN,BANK_TRANSFER,SET-0039
TXN100776,2500.0,SUCCESS,REF-00000776,17/07/2026,Merchant_B,Processor_A,NGN,USSD,SET-0005
TXN101243,50000.0,SUCCESS,REF-00001243,17/07/2026,Merchant_A,Processor_A,NGN,CARD,SET-0015
TXN103075,50000.0,SUCCESS,REF-00003075,03/07/2026,Merchant_D,Processor_A,NGN,BANK_TRANSFER,SET-0050
TXN101144,2500.0,SUCCESS,REF-00001144,03/07/2026,Merchant_C,Processor_A,NGN,BANK_TRANSFER,SET-0006
TXN100091,25000.0,SUCCESS,REF-00000091,06/07/2026,Merchant_A,Processor_A,NGN,CARD,SET-0020
TXN105663,10000.0,SUCCESS,REF-00005663,27/07/2026,Merchant_D,Processor_A,NGN,MOBILE_MONEY,SET-0038
TXN103321,1000.0,SUCCESS,REF-00003321,02/07/2026,Merchant_C,Processor_A,NGN,USSD,SET-0006
TXN106386,10000.0,SUCCESS,REF-00006386,25/07/2026,Merchant_C,Processor_A,NGN,USSD,SET-0029
TXN105726,2500.0,SUCCESS,REF-00005726,23/07/2026,Merchant_E,Processor_A,NGN,MOBILE_MONEY,SET-0043
TXN101247,500.0,SUCCESS,REF-00001247,04/07/2026,Merchant_A,Processor_A,NGN,CARD,SET-0045
TXN101616,250000.0,SUCCESS,REF-00001616,06/07/2026,Merchant_D,Processor_A,NGN,BANK_TRANSFER,SET-0042
TXN102717,250000.0,SUCCESS,REF-00002717,05/07/2026,Merchant_E,Processor_A,NGN,USSD,SET-0034
TXN105392,50000.0,SUCCESS,REF-00005392,18/07/2026,Merchant_A,Processor_A,NGN,CARD,SET-0001
TXN101299,25000.0,SUCCESS,REF-00001299,31/07/2026,Merchant_E,Processor_A,NGN,USSD,SET-0028
TXN105457,7500.0,SUCCESS,REF-00005457,09/07/2026,Merchant_D,Processor_A,NGN,USSD,SET-0019
TXN104447,50000.0,SUCCESS,REF-00004447,08/07/2026,Merchant_E,Processor_A,NGN,USSD,SET-0029
TXN102392,7500.0,SUCCESS,REF-00002392,12/07/2026,Merchant_E,Processor_A,NGN,MOBILE_MONEY,SET-0036
TXN107697,15000.0,SUCCESS,REF-00007697,11/07/2026,Merchant_E,Processor_A,NGN,BANK_TRANSFER,SET-0048
TXN103173,1500.0,SUCCESS,REF-00003173,08/07/2026,Merchant_E,Processor_A,NGN,MOBILE_MONEY,SET-0014
TXN104721,1000.0,SUCCESS,REF-00004721,16/07/2026,Merchant_A,Processor_A,NGN,BANK_TRANSFER,SET-0046
TXN105939,5000.0,SUCCESS,REF-00005939,02/07/2026,Merchant_B,Processor_A,NGN,BANK_TRANSFER,SET-0017
TXN104106,250000.0,SUCCESS,REF-00004106,31/07/2026,Merchant_C,Processor_A,NGN,MOBILE_MONEY,SET-0050
TXN100236,5000.0,SUCCESS,REF-00000236,25/07/2026,Merchant_C,Processor_A,NGN,MOBILE_MONEY,SET-0015
TXN109760,100000.0,SUCCESS,REF-00009760,11/07/2026,Merchant_B,Processor_A,NGN,USSD,SET-0005
TXN103311,15000.0,SUCCESS,REF-00003311-X,28/07/2026,Merchant_A,Processor_A,NGN,BANK_TRANSFER,SET-0046
TXN102054,50000.0,SUCCESS,REF-00002054,25/07/2026,Merchant_B,Processor_A,NGN,MOBILE_MONEY,SET-0020
TXN109341,10000.0,SUCCESS,REF-00009341,10/07/2026,Merchant_D,Processor_A,NGN,CARD,SET-0027
TXN104186,1500.0,SUCCESS,REF-00004186,11/07/2026,Merchant_D,Processor_A,NGN,USSD,SET-0008
TXN100124,2500.0,SUCCESS,REF-00000124,25/07/2026,Merchant_A,Processor_A,NGN,CARD,SET-0023
TXN104422,15000.0,SUCCESS,REF-00004422,08/07/2026,Merchant_A,Processor_A,NGN,CARD,SET-0035
TXN109414,7500.0,SUCCESS,REF-00009414,06/07/2026,Merchant_E,Processor_A,NGN,USSD,SET-0002
TXN107260,2500.0,SUCCESS,REF-00007260,01/07/2026,Merchant_A,Processor_A,NGN,USSD,SET-0008
TXN106750,5000.0,SUCCESS,REF-00006750,20/07/2026,Merchant_C,Processor_A,NGN,MOBILE_MONEY,SET-0013
TXN103987,7500.0,SUCCESS,REF-00003987,15/07/2026,Merchant_E,Processor_A,NGN,CARD,SET-0037
TXN101704,7500.0,SUCCESS,REF-00001704,27/07/2026,Merchant_B,Processor_A,NGN,CARD,SET-0024
TXN100213,2500.0,SUCCESS,REF-00000213,07/07/2026,Merchant_E,Processor_A,NGN,USSD,SET-0006
TXN101336,2500.0,SUCCESS,REF-00001336,01/07/2026,Merchant_D,Processor_A,NGN,USSD,SET-0039
TXN109293,10000.0,SUCCESS,REF-00009293,03/07/2026,Merchant_C,Processor_A,NGN,CARD,SET-0006
TXN101279,10000.0,SUCCESS,REF-00001279,21/07/2026,Merchant_D,Processor_A,NGN,BANK_TRANSFER,SET-0003
TXN101059,15000.0,SUCCESS,REF-00001059,12/07/2026,Merchant_D,Processor_A,NGN,BANK_TRANSFER,SET-0009
TXN105174,7500.0,REFUNDED,REF-00005174,28/07/2026,Merchant_E,Processor_A,NGN,BANK_TRANSFER,SET-0025
TXN101756,250000.0,SUCCESS,REF-00001756,10/07/2026,Merchant_A,Processor_A,NGN,BANK_TRANSFER,SET-0027
TXN100533,10000.0,SUCCESS,REF-00000533,14/07/2026,Merchant_B,Processor_A,NGN,CARD,SET-0008
TXN100414,15000.0,FAILED,REF-00000414,01/07/2026,Merchant_B,Processor_A,NGN,BANK_TRANSFER,SET-0048
TXN102476,1500.0,SUCCESS,REF-00002476,20/07/2026,Merchant_A,Processor_A,NGN,MOBILE_MONEY,SET-0040
TXN102319,7500.0,REFUNDED,REF-00002319,27/07/2026,Merchant_C,Processor_A,NGN,CARD,SET-0004
TXN108275,25000.0,SUCCESS,REF-00008275,02/07/2026,Merchant_B,Processor_A,NGN,CARD,SET-0013
TXN103610,10000.0,SUCCESS,REF-00003610,18/07/2026,Merchant_A,Processor_A,NGN,USSD,SET-0050
TXN107246,15000.0,SUCCESS,REF-00007246,26/07/2026,Merchant_A,Processor_A,NGN,BANK_TRANSFER,SET-0009
TXN109655,10000.0,SUCCESS,REF-00009655,02/07/2026,Merchant_E,Processor_A,NGN,BANK_TRANSFER,SET-0028
TXN102947,10000.0,SUCCESS,REF-00002947,22/07/2026,Merchant_D,Processor_A,NGN,MOBILE_MONEY,SET-0009
TXN109010,5000.0,SUCCESS,REF-00009010,09/07/2026,Merchant_A,Processor_A,NGN,CARD,SET-0020
TXN107689,50000.0,SUCCESS,REF-00007689,23/07/2026,Merchant_C,Processor_A,NGN,CARD,SET-0036
TXN104463,1500.0,SUCCESS,REF-00004463,09/07/2026,Merchant_A,Processor_A,NGN,CARD,SET-0014
TXN109595,5000.0,SUCCESS,REF-00009595,09/07/2026,Merchant_B,Processor_A,NGN,MOBILE_MONEY,SET-0001
TXN106539,15000.0,SUCCESS,REF-00006539,20/07/2026,Merchant_C,Processor_A,NGN,BANK_TRANSFER,SET-0031
TXN106156,25000.0,SUCCESS,REF-00006156,18/07/2026,Merchant_A,Processor_A,NGN,MOBILE_MONEY,SET-0029
TXN104173,10000.0,SUCCESS,REF-00004173,09/07/2026,Merchant_A,Processor_A,NGN,CARD,SET-0024
TXN106664,100000.0,SUCCESS,REF-00006664,21/07/2026,Merchant_B,Processor_A,NGN,CARD,SET-0044
TXN101737,2500.0,SUCCESS,REF-00001737,10/07/2026,Merchant_E,Processor_A,NGN,USSD,SET-0044
TXN103714,250000.0,SUCCESS,REF-00003714,21/07/2026,Merchant_E,Processor_A,NGN,BANK_TRANSFER,SET-0013
TXN107902,2500.0,FAILED,REF-00007902,22/07/2026,Merchant_D,Processor_A,NGN,MOBILE_MONEY,SET-0048
TXN104311,100000.0,SUCCESS,REF-00004311,21/07/2026,Merchant_D,Processor_A,NGN,USSD,SET-0010
TXN100566,7500.0,SUCCESS,REF-00000566,28/07/2026,Merchant_E,Processor_A,NGN,BANK_TRANSFER,SET-0009
TXN109024,10000.0,SUCCESS,REF-00009024,03/07/2026,Merchant_C,Processor_A,NGN,CARD,SET-0044
TXN102652,5000.0,SUCCESS,REF-00002652,05/07/2026,Merchant_A,Processor_A,NGN,BANK_TRANSFER,SET-0017
TXN108771,2500.0,SUCCESS,REF-00008771,18/07/2026,Merchant_E,Processor_A,NGN,MOBILE_MONEY,SET-0039
TXN103058,1000.0,SUCCESS,REF-00003058,03/07/2026,Merchant_B,Processor_A,NGN,CARD,SET-0005
TXN102347,5000.0,SUCCESS,REF-00002347,23/07/2026,Merchant_A,Processor_A,NGN,USSD,SET-0045
TXN104384,100000.0,SUCCESS,REF-00004384,19/07/2026,Merchant_A,Processor_A,NGN,BANK_TRANSFER,SET-0048
TXN103309,7500.0,SUCCESS,REF-00003309,30/07/2026,Merchant_B,Processor_A,NGN,CARD,SET-0037
TXN105143,25000.0,SUCCESS,REF-00005143,13/07/2026,Merchant_E,Processor_A,NGN,BANK_TRANSFER,SET-0014
TXN105677,1500.0,SUCCESS,REF-00005677,21/07/2026,Merchant_B,Processor_A,NGN,MOBILE_MONEY,SET-0030
TXN108909,250000.0,SUCCESS,REF-00008909,25/07/2026,Merchant_B,Processor_A,NGN,CARD,SET-0046
TXN100269,5000.0,SUCCESS,REF-00000269,17/07/2026,Merchant_A,Processor_A,NGN,CARD,SET-0046
TXN108872,15000.0,SUCCESS,REF-00008872,31/07/2026,Merchant_C,Processor_A,NGN,MOBILE_MONEY,SET-0019
TXN107325,2500.0,SUCCESS,REF-00007325,05/07/2026,Merchant_B,Processor_A,NGN,USSD,SET-0004
TXN106692,15000.0,SUCCESS,REF-00006692,31/07/2026,Merchant_E,Processor_A,NGN,BANK_TRANSFER,SET-0042
TXN109537,25000.0,SUCCESS,REF-00009537,26/07/2026,Merchant_C,Processor_A,NGN,CARD,SET-0038
TXN105237,15000.0,SUCCESS,REF-00005237,21/07/2026,Merchant_C,Processor_A,NGN,MOBILE_MONEY,SET-0026
TXN107344,10000.0,SUCCESS,REF-00007344,12/07/2026,Merchant_E,Processor_A,NGN,MOBILE_MONEY,SET-0002
TXN106841,1500.0,SUCCESS,REF-00006841,10/07/2026,Merchant_A,Processor_A,NGN,CARD,SET-0017
TXN100568,100000.0,FAILED,REF-00000568,12/07/2026,Merchant_C,Processor_A,NGN,USSD,SET-0015
TXN105638,500.0,SUCCESS,REF-00005638,29/07/2026,Merchant_E,Processor_A,NGN,CARD,SET-0016
TXN102520,25000.0,SUCCESS,REF-00002520,18/07/2026,Merchant_B,Processor_A,NGN,CARD,SET-0009
TXN103549,10000.0,SUCCESS,REF-00003549,16/07/2026,Merchant_A,Processor_A,NGN,MOBILE_MONEY,SET-0048
TXN106492,7500.0,SUCCESS,REF-00006492,10/07/2026,Merchant_C,Processor_A,NGN,CARD,SET-0032
TXN106106,10000.0,SUCCESS,REF-00006106,26/07/2026,Merchant_B,Processor_A,NGN,USSD,SET-0012
TXN103187,5000.0,FAILED,REF-00003187,18/07/2026,Merchant_E,Processor_A,NGN,CARD,SET-0006
TXN105582,50000.0,SUCCESS,REF-00005582,07/07/2026,Merchant_D,Processor_A,NGN,MOBILE_MONEY,SET-0023
TXN101147,15000.0,SUCCESS,REF-00001147,29/07/2026,Merchant_C,Processor_A,NGN,MOBILE_MONEY,SET-0040
TXN101222,7500.0,SUCCESS,REF-00001222,13/07/2026,Merchant_E,Processor_A,NGN,USSD,SET-0018
TXN107912,10000.0,SUCCESS,REF-00007912,25/07/2026,Merchant_B,Processor_A,NGN,USSD,SET-0042
TXN103185,10000.0,SUCCESS,REF-00003185,06/07/2026,Merchant_B,Processor_A,NGN,USSD,SET-0002
TXN103452,15500.0,FAILED,REF-00003452,21/07/2026,Merchant_D,Processor_A,NGN,USSD,SET-0030
TXN105612,50000.0,SUCCESS,REF-00005612,23/07/2026,Merchant_C,Processor_A,NGN,BANK_TRANSFER,SET-0021
TXN102481,100000.0,SUCCESS,REF-00002481,28/07/2026,Merchant_A,Processor_A,NGN,CARD,SET-0042
TXN107080,5000.0,SUCCESS,REF-00007080,31/07/2026,Merchant_D,Processor_A,NGN,USSD,SET-0047
TXN106292,250000.0,SUCCESS,REF-00006292,02/07/2026,Merchant_C,Processor_A,NGN,CARD,SET-0032
TXN107998,100000.0,SUCCESS,REF-00007998,17/07/2026,Merchant_B,Processor_A,NGN,BANK_TRANSFER,SET-0046
TXN109876,1000.0,SUCCESS,REF-00009876,14/07/2026,Merchant_E,Processor_A,NGN,MOBILE_MONEY,SET-0020
TXN101985,1000.0,SUCCESS,REF-00001985,30/07/2026,Merchant_C,Processor_A,NGN,MOBILE_MONEY,SET-0020
TXN105132,1000.0,FAILED,REF-00005132,18/07/2026,Merchant_A,Processor_A,NGN,USSD,SET-0037
TXN102940,2500.0,SUCCESS,REF-00002940,04/07/2026,Merchant_C,Processor_A,NGN,MOBILE_MONEY,SET-0004
TXN100464,250000.0,SUCCESS,REF-00000464,06/07/2026,Merchant_C,Processor_A,NGN,MOBILE_MONEY,SET-0028
TXN108805,50000.0,SUCCESS,REF-00008805,04/07/2026,Merchant_E,Processor_A,NGN,USSD,SET-0031
TXN104250,5000.0,SUCCESS,REF-00004250,14/07/2026,Merchant_E,Processor_A,NGN,MOBILE_MONEY,SET-0017
TXN104836,5000.0,SUCCESS,REF-00004836,17/07/2026,Merchant_B,Processor_A,NGN,CARD,SET-0004
TXN101420,5000.0,SUCCESS,REF-00001420,10/07/2026,Merchant_B,Processor_A,NGN,USSD,SET-0027
TXN102863,10000.0,SUCCESS,REF-00002863,13/07/2026,Merchant_A,Processor_A,NGN,MOBILE_MONEY,SET-0015
TXN102102,1500.0,REFUNDED,REF-00002102,30/07/2026,Merchant_D,Processor_A,NGN,BANK_TRANSFER,SET-0034
TXN101733,7500.0,SUCCESS,REF-00001733,23/07/2026,Merchant_C,Processor_A,NGN,BANK_TRANSFER,SET-0009
TXN102324,50000.0,SUCCESS,REF-00002324,07/07/2026,Merchant_C,Processor_A,NGN,CARD,SET-0010
TXN106359,15000.0,SUCCESS,REF-00006359,19/07/2026,Merchant_B,Processor_A,NGN,MOBILE_MONEY,SET-0031
TXN100636,10000.0,SUCCESS,REF-00000636,14/07/2026,Merchant_E,Processor_A,NGN,CARD,SET-0046
TXN104720,5000.0,SUCCESS,REF-00004720,13/07/2026,Merchant_D,Processor_A,NGN,MOBILE_MONEY,SET-0003
TXN106019,1000.0,REFUNDED,REF-00006019,09/07/2026,Merchant_C,Processor_A,NGN,CARD,SET-0038
TXN109651,1500.0,SUCCESS,REF-00009651,03/07/2026,Merchant_B,Processor_A,NGN,BANK_TRANSFER,SET-0044
TXN107587,25000.0,SUCCESS,REF-00007587,27/07/2026,Merchant_D,Processor_A,NGN,USSD,SET-0039
TXN105155,5000.0,SUCCESS,REF-00005155,01/07/2026,Merchant_A,Processor_A,NGN,BANK_TRANSFER,SET-0023
TXN107637,15000.0,FAILED,REF-00007637,11/07/2026,Merchant_B,Processor_A,NGN,MOBILE_MONEY,SET-0030
TXN106244,25000.0,SUCCESS,REF-00006244,01/07/2026,Merchant_C,Processor_A,NGN,CARD,SET-0026
TXN108318,50000.0,SUCCESS,REF-00008318,26/07/2026,Merchant_A,Processor_A,NGN,MOBILE_MONEY,SET-0001
TXN100526,7500.0,SUCCESS,REF-00000526,04/07/2026,Merchant_D,Processor_A,NGN,USSD,SET-0016
TXN109727,2500.0,SUCCESS,REF-00009727,09/07/2026,Merchant_E,Processor_A,NGN,USSD,SET-0043
TXN103887,15000.0,SUCCESS,REF-00003887,13/07/2026,Merchant_C,Processor_A,NGN,CARD,SET-0038
TXN109426,5000.0,SUCCESS,REF-00009426,01/07/2026,Merchant_A,Processor_A,NGN,CARD,SET-0046
TXN103212,1500.0,SUCCESS,REF-00003212,11/07/2026,Merchant_B,Processor_A,NGN,MOBILE_MONEY,SET-0011
TXN106590,7500.0,SUCCESS,REF-00006590,27/07/2026,Merchant_D,Processor_A,NGN,USSD,SET-0023
TXN109469,5000.0,SUCCESS,REF-00009469,13/07/2026,Merchant_A,Processor_A,NGN,CARD,SET-0028
TXN106890,7500.0,SUCCESS,REF-00006890,21/07/2026,Merchant_D,Processor_A,NGN,MOBILE_MONEY,SET-0049
TXN104156,10000.0,FAILED,REF-00004156,22/07/2026,Merchant_B,Processor_A,NGN,BANK_TRANSFER,SET-0019
TXN108279,500.0,SUCCESS,REF-00008279,11/07/2026,Merchant_E,Processor_A,NGN,MOBILE_MONEY,SET-0041
TXN109197,250000.0,SUCCESS,REF-00009197,10/07/2026,Merchant_E,Processor_A,NGN,USSD,SET-0025
TXN105230,15000.0,SUCCESS,REF-00005230,17/07/2026,Merchant_A,Processor_A,NGN,USSD,SET-0019
TXN106941,50000.0,SUCCESS,REF-00006941,13/07/2026,Merchant_E,Processor_A,NGN,MOBILE_MONEY,SET-0009
TXN100257,25000.0,SUCCESS,REF-00000257,19/07/2026,Merchant_B,Processor_A,NGN,USSD,SET-0008
TXN100185,15000.0,SUCCESS,REF-00000185,31/07/2026,Merchant_E,Processor_A,NGN,CARD,SET-0030
TXN104831,25000.0,SUCCESS,REF-00004831,27/07/2026,Merchant_E,Processor_A,NGN,CARD,SET-0003
TXN101942,25000.0,SUCCESS,REF-00001942,21/07/2026,Merchant_B,Processor_A,NGN,CARD,SET-0021
TXN108945,50000.0,REFUNDED,REF-00008945,25/07/2026,Merchant_E,Processor_A,NGN,BANK_TRANSFER,SET-0039
TXN108832,25000.0,SUCCESS,REF-00008832,31/07/2026,Merchant_D,Processor_A,NGN,USSD,SET-0015
TXN104284,10000.0,SUCCESS,REF-00004284,14/07/2026,Merchant_A,Processor_A,NGN,CARD,SET-0018
TXN103485,15000.0,REFUNDED,REF-00003485,24/07/2026,Merchant_D,Processor_A,NGN,MOBILE_MONEY,SET-0021
TXN108608,15000.0,FAILED,REF-00008608,28/07/2026,Merchant_B,Processor_A,NGN,CARD,SET-0036
TXN101822,15000.0,SUCCESS,REF-00001822,26/07/2026,Merchant_E,Processor_A,NGN,BANK_TRANSFER,SET-0039
TXN102416,5000.0,SUCCESS,REF-00002416,03/07/2026,Merchant_C,Processor_A,NGN,USSD,SET-0003
TXN106549,7500.0,SUCCESS,REF-00006549,31/07/2026,Merchant_B,Processor_A,NGN,CARD,SET-0023
TXN109640,10000.0,SUCCESS,REF-00009640,13/07/2026,Merchant_C,Processor_A,NGN,CARD,SET-0018
TXN106402,2500.0,SUCCESS,REF-00006402,03/07/2026,Merchant_B,Processor_A,NGN,USSD,SET-0002
TXN103502,250000.0,SUCCESS,REF-00003502,19/07/2026,Merchant_D,Processor_A,NGN,USSD,SET-0008
TXN108979,5000.0,SUCCESS,REF-00008979,08/07/2026,Merchant_C,Processor_A,NGN,BANK_TRANSFER,SET-0037
TXN109742,50000.0,SUCCESS,REF-00009742,02/07/2026,Merchant_E,Processor_A,NGN,BANK_TRANSFER,SET-0011
TXN102783,50000.0,SUCCESS,REF-00002783,28/07/2026,Merchant_B,Processor_A,NGN,BANK_TRANSFER,SET-0043
TXN106068,1000.0,SUCCESS,REF-00006068,04/07/2026,Merchant_C,Processor_A,NGN,CARD,SET-0026
TXN105052,1500.0,SUCCESS,REF-00005052,23/07/2026,Merchant_E,Processor_A,NGN,CARD,SET-0008
TXN104090,25000.0,REFUNDED,REF-00004090,16/07/2026,Merchant_C,Processor_A,NGN,USSD,SET-0025
TXN106102,5000.0,SUCCESS,REF-00006102,27/07/2026,Merchant_B,Processor_A,NGN,USSD,SET-0023
TXN109042,250000.0,SUCCESS,REF-00009042,28/07/2026,Merchant_D,Processor_A,NGN,USSD,SET-0036
TXN107228,100000.0,SUCCESS,REF-00007228,20/07/2026,Merchant_A,Processor_A,NGN,MOBILE_MONEY,SET-0042
TXN109463,10000.0,SUCCESS,REF-00009463,05/07/2026,Merchant_A,Processor_A,NGN,MOBILE_MONEY,SET-0040
TXN107800,500.0,REFUNDED,REF-00007800,09/07/2026,Merchant_D,Processor_A,NGN,MOBILE_MONEY,SET-0008
TXN108575,1000.0,SUCCESS,REF-00008575,31/07/2026,Merchant_D,Processor_A,NGN,CARD,SET-0011
TXN107661,15000.0,SUCCESS,REF-00007661,27/07/2026,Merchant_C,Processor_A,NGN,CARD,SET-0019
TXN109560,50000.0,SUCCESS,REF-00009560,17/07/2026,Merchant_D,Processor_A,NGN,MOBILE_MONEY,SET-0019
TXN101769,7500.0,SUCCESS,REF-00001769,02/07/2026,Merchant_A,Processor_A,NGN,MOBILE_MONEY,SET-0002
TXN106242,10000.0,SUCCESS,REF-00006242,22/07/2026,Merchant_A,Processor_A,NGN,CARD,SET-0005
TXN109531,100000.0,SUCCESS,REF-00009531,28/07/2026,Merchant_E,Processor_A,NGN,CARD,SET-0045
TXN105085,10000.0,SUCCESS,REF-00005085,05/07/2026,Merchant_C,Processor_A,NGN,MOBILE_MONEY,SET-0039
TXN105704,100000.0,SUCCESS,REF-00005704,27/07/2026,Merchant_A,Processor_A,NGN,USSD,SET-0047
TXN107446,10000.0,SUCCESS,REF-00007446,13/07/2026,Merchant_E,Processor_A,NGN,BANK_TRANSFER,SET-0008
TXN102982,25000.0,SUCCESS,REF-00002982,31/07/2026,Merchant_E,Processor_A,NGN,MOBILE_MONEY,SET-0024
TXN109725,250000.0,SUCCESS,REF-00009725,14/07/2026,Merchant_D,Processor_A,NGN,CARD,SET-0016
TXN107632,5000.0,SUCCESS,REF-00007632,20/07/2026,Merchant_D,Processor_A,NGN,USSD,SET-0024
TXN108293,1500.0,SUCCESS,REF-00008293,19/07/2026,Merchant_C,Processor_A,NGN,BANK_TRANSFER,SET-0047
TXN100349,15000.0,SUCCESS,REF-00000349,18/07/2026,Merchant_C,Processor_A,NGN,MOBILE_MONEY,SET-0041
TXN108074,50000.0,SUCCESS,REF-00008074,31/07/2026,Merchant_E,Processor_A,NGN,CARD,SET-0045
TXN101876,15000.0,SUCCESS,REF-00001876,22/07/2026,Merchant_C,Processor_A,NGN,MOBILE_MONEY,SET-0002
TXN100978,10000.0,SUCCESS,REF-00000978,05/07/2026,Merchant_B,Processor_A,NGN,BANK_TRANSFER,SET-0017
TXN102894,1500.0,SUCCESS,REF-00002894,14/07/2026,Merchant_C,Processor_A,NGN,CARD,SET-0014
TXN102793,2500.0,REFUNDED,REF-00002793,05/07/2026,Merchant_C,Processor_A,NGN,USSD,SET-0004
TXN107078,10000.0,SUCCESS,REF-00007078,10/07/2026,Merchant_D,Processor_A,NGN,BANK_TRANSFER,SET-0017
TXN103181,5000.0,SUCCESS,REF-00003181,25/07/2026,Merchant_D,Processor_A,NGN,USSD,SET-0034
TXN109821,25000.0,SUCCESS,REF-00009821,08/07/2026,Merchant_B,Processor_A,NGN,MOBILE_MONEY,SET-0004
TXN107013,2500.0,SUCCESS,REF-00007013,31/07/2026,Merchant_C,Processor_A,NGN,BANK_TRANSFER,SET-0027
TXN104972,10000.0,SUCCESS,REF-00004972,03/07/2026,Merchant_E,Processor_A,NGN,BANK_TRANSFER,SET-0017
TXN103274,50000.0,SUCCESS,REF-00003274,16/07/2026,Merchant_A,Processor_A,NGN,CARD,SET-0049
TXN106098,2500.0,SUCCESS,REF-00006098,05/07/2026,Merchant_B,Processor_A,NGN,USSD,SET-0039
TXN106094,2500.0,SUCCESS,REF-00006094,28/07/2026,Merchant_C,Processor_A,NGN,BANK_TRANSFER,SET-0018
TXN109269,5000.0,SUCCESS,REF-00009269,02/07/2026,Merchant_E,Processor_A,NGN,CARD,SET-0045
TXN102765,250000.0,SUCCESS,REF-00002765,25/07/2026,Merchant_B,Processor_A,NGN,USSD,SET-0005
TXN104944,50000.0,SUCCESS,REF-00004944,13/07/2026,Merchant_B,Processor_A,NGN,CARD,SET-0031
TXN101784,15000.0,SUCCESS,REF-00001784,23/07/2026,Merchant_A,Processor_A,NGN,CARD,SET-0021
TXN105044,15000.0,SUCCESS,REF-00005044,17/07/2026,Merchant_E,Processor_A,NGN,MOBILE_MONEY,SET-0014
TXN103783,50000.0,SUCCESS,REF-00003783,13/07/2026,Merchant_A,Processor_A,NGN,MOBILE_MONEY,SET-0035
TXN102552,50000.0,SUCCESS,REF-00002552,23/07/2026,Merchant_E,Processor_A,NGN,MOBILE_MONEY,SET-0001
TXN100210,10000.0,REFUNDED,REF-00000210,29/07/2026,Merchant_C,Processor_A,NGN,CARD,SET-0013
TXN105890,25000.0,SUCCESS,REF-00005890,17/07/2026,Merchant_A,Processor_A,NGN,MOBILE_MONEY,SET-0038
TXN105431,1000.0,REFUNDED,REF-00005431,11/07/2026,Merchant_C,Processor_A,NGN,USSD,SET-0033
TXN106804,7500.0,FAILED,REF-00006804,19/07/2026,Merchant_B,Processor_A,NGN,CARD,SET-0034
TXN107984,7500.0,SUCCESS,REF-00007984,16/07/2026,Merchant_C,Processor_A,NGN,BANK_TRANSFER,SET-0004
TXN101416,500.0,FAILED,REF-00001416,30/07/2026,Merchant_C,Processor_A,NGN,CARD,SET-0013
TXN106250,7500.0,SUCCESS,REF-00006250,19/07/2026,Merchant_B,Processor_A,NGN,MOBILE_MONEY,SET-0044
TXN105945,5000.0,SUCCESS,REF-00005945,06/07/2026,Merchant_D,Processor_A,NGN,BANK_TRANSFER,SET-0045
TXN101628,1000.0,SUCCESS,REF-00001628,21/07/2026,Merchant_C,Processor_A,NGN,CARD,SET-0020
TXN108064,250000.0,SUCCESS,REF-00008064,11/07/2026,Merchant_E,Processor_A,NGN,MOBILE_MONEY,SET-0020
TXN104139,10000.0,SUCCESS,REF-00004139,20/07/2026,Merchant_C,Processor_A,NGN,CARD,SET-0035
TXN105396,1000.0,SUCCESS,REF-00005396,12/07/2026,Merchant_B,Processor_A,NGN,BANK_TRANSFER,SET-0050
TXN107038,10000.0,REFUNDED,REF-00007038,27/07/2026,Merchant_E,Processor_A,NGN,MOBILE_MONEY,SET-0044
TXN104846,100000.0,SUCCESS,REF-00004846,15/07/2026,Merchant_C,Processor_A,NGN,USSD,SET-0050
TXN107703,5000.0,SUCCESS,REF-00007703,04/07/2026,Merchant_A,Processor_A,NGN,BANK_TRANSFER,SET-0023
TXN100238,15000.0,SUCCESS,REF-00000238,30/07/2026,Merchant_C,Processor_A,NGN,BANK_TRANSFER,SET-0015
TXN109111,10000.0,SUCCESS,REF-00009111,16/07/2026,Merchant_C,Processor_A,NGN,CARD,SET-0017
TXN108814,15000.0,SUCCESS,REF-00008814,05/07/2026,Merchant_C,Processor_A,NGN,MOBILE_MONEY,SET-0048
TXN106574,1000.0,FAILED,REF-00006574,06/07/2026,Merchant_B,Processor_A,NGN,USSD,SET-0025
TXN101323,2500.0,SUCCESS,REF-00001323,11/07/2026,Merchant_D,Processor_A,NGN,BANK_TRANSFER,SET-0003
TXN106780,5000.0,SUCCESS,REF-00006780,05/07/2026,Merchant_B,Processor_A,NGN,CARD,SET-0016
TXN109689,50000.0,SUCCESS,REF-00009689,05/07/2026,Merchant_B,Processor_A,NGN,BANK_TRANSFER,SET-0017
TXN100674,7500.0,SUCCESS,REF-00000674,13/07/2026,Merchant_E,Processor_A,NGN,MOBILE_MONEY,SET-0031
TXN104418,5000.0,REFUNDED,REF-00004418,12/07/2026,Merchant_D,Processor_A,NGN,CARD,SET-0021
TXN101735,100000.0,SUCCESS,REF-00001735,18/07/2026,Merchant_E,Processor_A,NGN,USSD,SET-0039
TXN100967,5000.0,SUCCESS,REF-00000967,13/07/2026,Merchant_A,Processor_A,NGN,CARD,SET-0016
TXN101836,1500.0,SUCCESS,REF-00001836,12/07/2026,Merchant_A,Processor_A,NGN,USSD,SET-0037
TXN100730,1500.0,SUCCESS,REF-00000730,18/07/2026,Merchant_C,Processor_A,NGN,MOBILE_MONEY,SET-0008
TXN102098,50000.0,SUCCESS,REF-00002098,31/07/2026,Merchant_E,Processor_A,NGN,BANK_TRANSFER,SET-0011
TXN108175,5000.0,FAILED,REF-00008175,04/07/2026,Merchant_E,Processor_A,NGN,USSD,SET-0006
TXN102521,1500.0,SUCCESS,REF-00002521,12/07/2026,Merchant_B,Processor_A,NGN,MOBILE_MONEY,SET-0035
TXN108082,2500.0,SUCCESS,REF-00008082,20/07/2026,Merchant_E,Processor_A,NGN,CARD,SET-0039
TXN100372,1000.0,SUCCESS,REF-00000372,23/07/2026,Merchant_D,Processor_A,NGN,USSD,SET-0050
TXN109458,15000.0,SUCCESS,REF-00009458,26/07/2026,Merchant_A,Processor_A,NGN,MOBILE_MONEY,SET-0005
TXN108561,100000.0,SUCCESS,REF-00008561,13/07/2026,Merchant_D,Processor_A,NGN,CARD,SET-0024
TXN104947,25000.0,SUCCESS,REF-00004947,29/07/2026,Merchant_A,Processor_A,NGN,BANK_TRANSFER,SET-0029
TXN108957,50000.0,SUCCESS,REF-00008957,24/07/2026,Merchant_C,Processor_A,NGN,BANK_TRANSFER,SET-0048
TXN102497,50000.0,SUCCESS,REF-00002497,07/07/2026,Merchant_E,Processor_A,NGN,CARD,SET-0016
TXN101421,10000.0,SUCCESS,REF-00001421,25/07/2026,Merchant_A,Processor_A,NGN,BANK_TRANSFER,SET-0040
TXN102348,15000.0,SUCCESS,REF-00002348,29/07/2026,Merchant_D,Processor_A,NGN,BANK_TRANSFER,SET-0033
TXN105386,7500.0,SUCCESS,REF-00005386,12/07/2026,Merchant_A,Processor_A,NGN,USSD,SET-0020
TXN107619,7500.0,SUCCESS,REF-00007619,10/07/2026,Merchant_C,Processor_A,NGN,CARD,SET-0003
TXN109086,7500.0,SUCCESS,REF-00009086,29/07/2026,Merchant_C,Processor_A,NGN,BANK_TRANSFER,SET-0020
TXN102433,5000.0,SUCCESS,REF-00002433,28/07/2026,Merchant_D,Processor_A,NGN,MOBILE_MONEY,SET-0042
TXN102034,15000.0,SUCCESS,REF-00002034,13/07/2026,Merchant_A,Processor_A,NGN,USSD,SET-0001
TXN109304,25000.0,SUCCESS,REF-00009304,01/07/2026,Merchant_E,Processor_A,NGN,BANK_TRANSFER,SET-0020
TXN105695,5000.0,SUCCESS,REF-00005695,10/07/2026,Merchant_B,Processor_A,NGN,MOBILE_MONEY,SET-0029
TXN103637,1000.0,SUCCESS,REF-00003637,30/07/2026,Merchant_E,Processor_A,NGN,MOBILE_MONEY,SET-0016
TXN101986,25000.0,SUCCESS,REF-00001986,20/07/2026,Merchant_B,Processor_A,NGN,BANK_TRANSFER,SET-0037
TXN109720,25000.0,SUCCESS,REF-00009720,10/07/2026,Merchant_D,Processor_A,NGN,USSD,SET-0031
TXN101117,100000.0,SUCCESS,REF-00001117,05/07/2026,Merchant_E,Processor_A,NGN,USSD,SET-0011
TXN100449,1000.0,REFUNDED,REF-00000449,05/07/2026,Merchant_B,Processor_A,NGN,CARD,SET-0012
TXN104539,1000.0,SUCCESS,REF-00004539,09/07/2026,Merchant_D,Processor_A,NGN,BANK_TRANSFER,SET-0033
TXN108728,5000.0,SUCCESS,REF-00008728,21/07/2026,Merchant_D,Processor_A,NGN,CARD,SET-0043
TXN108221,2500.0,SUCCESS,REF-00008221,19/07/2026,Merchant_E,Processor_A,NGN,MOBILE_MONEY,SET-0025
TXN109259,1500.0,SUCCESS,REF-00009259,30/07/2026,Merchant_A,Processor_A,NGN,USSD,SET-0024
TXN101140,50000.0,SUCCESS,REF-00001140,08/07/2026,Merchant_D,Processor_A,NGN,USSD,SET-0042
TXN107095,15000.0,FAILED,REF-00007095,02/07/2026,Merchant_E,Processor_A,NGN,BANK_TRANSFER,SET-0028
TXN100119,10000.0,SUCCESS,REF-00000119,18/07/2026,Merchant_D,Processor_A,NGN,CARD,SET-0031
TXN108368,15000.0,SUCCESS,REF-00008368,09/07/2026,Merchant_B,Processor_A,NGN,MOBILE_MONEY,SET-0036
TXN100081,15000.0,SUCCESS,REF-00000081,15/07/2026,Merchant_C,Processor_A,NGN,MOBILE_MONEY,SET-0024
TXN108236,25000.0,SUCCESS,REF-00008236,13/07/2026,Merchant_B,Processor_A,NGN,CARD,SET-0042
TXN103248,100000.0,SUCCESS,REF-00003248,20/07/2026,Merchant_E,Processor_A,NGN,MOBILE_MONEY,SET-0048
TXN106117,250000.0,SUCCESS,REF-00006117,05/07/2026,Merchant_C,Processor_A,NGN,USSD,SET-0007
TXN105796,1500.0,SUCCESS,REF-00005796,19/07/2026,Merchant_E,Processor_A,NGN,MOBILE_MONEY,SET-0018
TXN101270,25000.0,SUCCESS,REF-00001270,02/07/2026,Merchant_C,Processor_A,NGN,CARD,SET-0039
TXN105149,1500.0,SUCCESS,REF-00005149,09/07/2026,Merchant_D,Processor_A,NGN,CARD,SET-0049
TXN101392,1500.0,SUCCESS,REF-00001392,02/07/2026,Merchant_D,Processor_A,NGN,BANK_TRANSFER,SET-0022
TXN100169,15100.0,SUCCESS,REF-00000169,03/07/2026,Merchant_B,Processor_A,NGN,BANK_TRANSFER,SET-0038
TXN100289,15000.0,SUCCESS,REF-00000289,05/07/2026,Merchant_E,Processor_A,NGN,MOBILE_MONEY,SET-0023
TXN103644,25000.0,SUCCESS,REF-00003644,08/07/2026,Merchant_D,Processor_A,NGN,CARD,SET-0027
TXN109391,250000.0,SUCCESS,REF-00009391,26/07/2026,Merchant_C,Processor_A,NGN,MOBILE_MONEY,SET-0024
TXN106145,1500.0,SUCCESS,REF-00006145,01/07/2026,Merchant_A,Processor_A,NGN,BANK_TRANSFER,SET-0004
TXN101729,15000.0,SUCCESS,REF-00001729,22/07/2026,Merchant_D,Processor_A,NGN,USSD,SET-0023
TXN100878,500.0,SUCCESS,REF-00000878,30/07/2026,Merchant_D,Processor_A,NGN,USSD,SET-0019
TXN102370,15000.0,SUCCESS,REF-00002370,27/07/2026,Merchant_E,Processor_A,NGN,CARD,SET-0017
TXN103197,100000.0,SUCCESS,REF-00003197,29/07/2026,Merchant_A,Processor_A,NGN,USSD,SET-0022
TXN105686,10000.0,FAILED,REF-00005686,10/07/2026,Merchant_D,Processor_A,NGN,USSD,SET-0002
TXN109518,10000.0,SUCCESS,REF-00009518,18/07/2026,Merchant_D,Processor_A,NGN,USSD,SET-0033
TXN103467,15000.0,SUCCESS,REF-00003467,13/07/2026,Merchant_D,Processor_A,NGN,USSD,SET-0037
TXN101619,25000.0,SUCCESS,REF-00001619,01/07/2026,Merchant_E,Processor_A,NGN,MOBILE_MONEY,SET-0016
TXN104330,5000.0,SUCCESS,REF-00004330,31/07/2026,Merchant_B,Processor_A,NGN,MOBILE_MONEY,SET-0004
TXN108229,10000.0,SUCCESS,REF-00008229,17/07/2026,Merchant_C,Processor_A,NGN,BANK_TRANSFER,SET-0030
TXN103301,250000.0,SUCCESS,REF-00003301,20/07/2026,Merchant_C,Processor_A,NGN,CARD,SET-0012
TXN109049,10000.0,SUCCESS,REF-00009049,14/07/2026,Merchant_D,Processor_A,NGN,USSD,SET-0010
TXN107865,250000.0,SUCCESS,REF-00007865,11/07/2026,Merchant_E,Processor_A,NGN,MOBILE_MONEY,SET-0027
TXN108015,25000.0,SUCCESS,REF-00008015,27/07/2026,Merchant_E,Processor_A,NGN,MOBILE_MONEY,SET-0035
TXN107087,15000.0,SUCCESS,REF-00007087,20/07/2026,Merchant_C,Processor_A,NGN,BANK_TRANSFER,SET-0026
TXN106463,2500.0,SUCCESS,REF-00006463,31/07/2026,Merchant_C,Processor_A,NGN,USSD,SET-0036
TXN109927,250000.0,SUCCESS,REF-00009927,03/07/2026,Merchant_C,Processor_A,NGN,CARD,SET-0024
TXN106687,5000.0,SUCCESS,REF-00006687,12/07/2026,Merchant_E,Processor_A,NGN,BANK_TRANSFER,SET-0011
TXN103600,1500.0,SUCCESS,REF-00003600,12/07/2026,Merchant_A,Processor_A,NGN,MOBILE_MONEY,SET-0023
TXN103401,1000.0,SUCCESS,REF-00003401,21/07/2026,Merchant_A,Processor_A,NGN,USSD,SET-0022
TXN101927,10000.0,SUCCESS,REF-00001927,17/07/2026,Merchant_A,Processor_A,NGN,BANK_TRANSFER,SET-0009
TXN103744,500.0,SUCCESS,REF-00003744,31/07/2026,Merchant_A,Processor_A,NGN,CARD,SET-0007
TXN105614,7500.0,SUCCESS,REF-00005614,24/07/2026,Merchant_B,Processor_A,NGN,CARD,SET-0026
TXN106226,1500.0,SUCCESS,REF-00006226,14/07/2026,Merchant_D,Processor_A,NGN,BANK_TRANSFER,SET-0016
TXN107345,2500.0,SUCCESS,REF-00007345,07/07/2026,Merchant_D,Processor_A,NGN,CARD,SET-0044
TXN107349,100000.0,SUCCESS,REF-00007349,08/07/2026,Merchant_B,Processor_A,NGN,USSD,SET-0007
TXN108488,2500.0,SUCCESS,REF-00008488,07/07/2026,Merchant_C,Processor_A,NGN,CARD,SET-0014
TXN104994,1000.0,SUCCESS,REF-00004994,19/07/2026,Merchant_A,Processor_A,NGN,USSD,SET-0020
TXN107353,10000.0,SUCCESS,REF-00007353,22/07/2026,Merchant_D,Processor_A,NGN,USSD,SET-0018
TXN100708,2500.0,SUCCESS,REF-00000708,14/07/2026,Merchant_A,Processor_A,NGN,CARD,SET-0022
TXN101653,5000.0,SUCCESS,REF-00001653,30/07/2026,Merchant_B,Processor_A,NGN,CARD,SET-0018
TXN104461,10000.0,SUCCESS,REF-00004461,30/07/2026,Merchant_D,Processor_A,NGN,MOBILE_MONEY,SET-0034
TXN107176,250000.0,SUCCESS,REF-00007176,17/07/2026,Merchant_E,Processor_A,NGN,MOBILE_MONEY,SET-0001
TXN102079,25000.0,SUCCESS,REF-00002079,14/07/2026,Merchant_B,Processor_A,NGN,USSD,SET-0040
TXN104511,10000.0,SUCCESS,REF-00004511,30/07/2026,Merchant_E,Processor_A,NGN,USSD,SET-0027
TXN109954,1500.0,SUCCESS,REF-00009954,08/07/2026,Merchant_B,Processor_A,NGN,BANK_TRANSFER,SET-0027
TXN106191,15000.0,SUCCESS,REF-00006191,10/07/2026,Merchant_A,Processor_A,NGN,BANK_TRANSFER,SET-0049
TXN105180,5000.0,SUCCESS,REF-00005180,21/07/2026,Merchant_B,Processor_A,NGN,USSD,SET-0023
TXN109133,2500.0,SUCCESS,REF-00009133,16/07/2026,Merchant_D,Processor_A,NGN,CARD,SET-0043
TXN104496,10000.0,SUCCESS,REF-00004496,12/07/2026,Merchant_A,Processor_A,NGN,CARD,SET-0007
TXN102254,100000.0,SUCCESS,REF-00002254,30/07/2026,Merchant_B,Processor_A,NGN,BANK_TRANSFER,SET-0042
TXN105515,25000.0,SUCCESS,REF-00005515,20/07/2026,Merchant_E,Processor_A,NGN,BANK_TRANSFER,SET-0017
TXN104937,10000.0,SUCCESS,REF-00004937,11/07/2026,Merchant_C,Processor_A,NGN,MOBILE_MONEY,SET-0039
TXN105926,25000.0,SUCCESS,REF-00005926,29/07/2026,Merchant_A,Processor_A,NGN,MOBILE_MONEY,SET-0021
TXN100858,10000.0,SUCCESS,REF-00000858,04/07/2026,Merchant_E,Processor_A,NGN,MOBILE_MONEY,SET-0002
TXN101569,7500.0,SUCCESS,REF-00001569,14/07/2026,Merchant_C,Processor_A,NGN,CARD,SET-0005
TXN101570,10000.0,SUCCESS,REF-00001570,04/07/2026,Merchant_B,Processor_A,NGN,BANK_TRANSFER,SET-0049
TXN109959,2500.0,SUCCESS,REF-00009959,05/07/2026,Merchant_B,Processor_A,NGN,MOBILE_MONEY,SET-0028
TXN102243,250000.0,FAILED,REF-00002243,11/07/2026,Merchant_A,Processor_A,NGN,BANK_TRANSFER,SET-0037
TXN108087,25000.0,SUCCESS,REF-00008087,19/07/2026,Merchant_C,Processor_A,NGN,CARD,SET-0016
TXN101094,2500.0,SUCCESS,REF-00001094,20/07/2026,Merchant_A,Processor_A,NGN,USSD,SET-0019
TXN103331,25000.0,SUCCESS,REF-00003331,19/07/2026,Merchant_E,Processor_A,NGN,USSD,SET-0046
TXN105195,50000.0,SUCCESS,REF-00005195,14/07/2026,Merchant_B,Processor_A,NGN,MOBILE_MONEY,SET-0039
TXN106100,5000.0,SUCCESS,REF-00006100,18/07/2026,Merchant_D,Processor_A,NGN,CARD,SET-0044
TXN107741,1500.0,SUCCESS,REF-00007741,20/07/2026,Merchant_D,Processor_A,NGN,MOBILE_MONEY,SET-0007
TXN101979,50000.0,SUCCESS,REF-00001979,18/07/2026,Merchant_B,Processor_A,NGN,USSD,SET-0028
TXN106326,250000.0,SUCCESS,REF-00006326,11/07/2026,Merchant_A,Processor_A,NGN,MOBILE_MONEY,SET-0003
TXN106272,1000.0,FAILED,REF-00006272,30/07/2026,Merchant_C,Processor_A,NGN,BANK_TRANSFER,SET-0017
TXN108672,10000.0,SUCCESS,REF-00008672,27/07/2026,Merchant_B,Processor_A,NGN,MOBILE_MONEY,SET-0001
TXN108655,7500.0,SUCCESS,REF-00008655,23/07/2026,Merchant_D,Processor_A,NGN,MOBILE_MONEY,SET-0034
TXN105349,25000.0,SUCCESS,REF-00005349,20/07/2026,Merchant_D,Processor_A,NGN,BANK_TRANSFER,SET-0034
TXN103933,2500.0,REFUNDED,REF-00003933,25/07/2026,Merchant_D,Processor_A,NGN,CARD,SET-0014
TXN104871,1500.0,SUCCESS,REF-00004871,29/07/2026,Merchant_B,Processor_A,NGN,USSD,SET-0008
TXN100538,7500.0,SUCCESS,REF-00000538,28/07/2026,Merchant_A,Processor_A,NGN,USSD,SET-0048
TXN108380,10000.0,SUCCESS,REF-00008380,20/07/2026,Merchant_D,Processor_A,NGN,BANK_TRANSFER,SET-0002
TXN103430,10000.0,SUCCESS,REF-00003430,06/07/2026,Merchant_B,Processor_A,NGN,BANK_TRANSFER,SET-0048
TXN102868,5000.0,SUCCESS,REF-00002868,22/07/2026,Merchant_E,Processor_A,NGN,MOBILE_MONEY,SET-0039
TXN103146,100000.0,FAILED,REF-00003146,05/07/2026,Merchant_C,Processor_A,NGN,USSD,SET-0029
TXN106954,50000.0,REFUNDED,REF-00006954,22/07/2026,Merchant_E,Processor_A,NGN,MOBILE_MONEY,SET-0047
TXN105868,50000.0,SUCCESS,REF-00005868,07/07/2026,Merchant_E,Processor_A,NGN,CARD,SET-0039
TXN105204,250000.0,SUCCESS,REF-00005204,14/07/2026,Merchant_C,Processor_A,NGN,CARD,SET-0046
TXN103366,5000.0,SUCCESS,REF-00003366,29/07/2026,Merchant_D,Processor_A,NGN,BANK_TRANSFER,SET-0035
TXN109863,50000.0,REFUNDED,REF-00009863,02/07/2026,Merchant_C,Processor_A,NGN,BANK_TRANSFER,SET-0013
TXN107472,100000.0,SUCCESS,REF-00007472,11/07/2026,Merchant_A,Processor_A,NGN,BANK_TRANSFER,SET-0009
TXN100702,5000.0,SUCCESS,REF-00000702,11/07/2026,Merchant_A,Processor_A,NGN,MOBILE_MONEY,SET-0003
TXN101141,5000.0,FAILED,REF-00001141,04/07/2026,Merchant_A,Processor_A,NGN,CARD,SET-0016
TXN106302,10000.0,SUCCESS,REF-00006302,16/07/2026,Merchant_E,Processor_A,NGN,MOBILE_MONEY,SET-0026
TXN101680,5000.0,SUCCESS,REF-00001680,29/07/2026,Merchant_D,Processor_A,NGN,USSD,SET-0033
TXN107613,7500.0,SUCCESS,REF-00007613,02/07/2026,Merchant_A,Processor_A,NGN,CARD,SET-0043
TXN107153,100000.0,SUCCESS,REF-00007153,27/07/2026,Merchant_C,Processor_A,NGN,USSD,SET-0047
TXN104843,1000.0,SUCCESS,REF-00004843,19/07/2026,Merchant_D,Processor_A,NGN,USSD,SET-0009
TXN101100,1000.0,SUCCESS,REF-00001100,28/07/2026,Merchant_E,Processor_A,NGN,BANK_TRANSFER,SET-0012
TXN105776,15000.0,FAILED,REF-00005776,27/07/2026,Merchant_E,Processor_A,NGN,USSD,SET-0026
TXN104196,500.0,SUCCESS,REF-00004196,02/07/2026,Merchant_C,Processor_A,NGN,USSD,SET-0045
TXN107379,1000.0,SUCCESS,REF-00007379,31/07/2026,Merchant_E,Processor_A,NGN,CARD,SET-0006
TXN101483,500.0,SUCCESS,REF-00001483,01/07/2026,Merchant_E,Processor_A,NGN,USSD,SET-0041
TXN108978,15000.0,SUCCESS,REF-00008978,27/07/2026,Merchant_A,Processor_A,NGN,USSD,SET-0034
TXN108506,500.0,SUCCESS,REF-00008506,18/07/2026,Merchant_D,Processor_A,NGN,CARD,SET-0034
TXN101509,25000.0,SUCCESS,REF-00001509,04/07/2026,Merchant_E,Processor_A,NGN,BANK_TRANSFER,SET-0030
TXN106017,10000.0,SUCCESS,REF-00006017,29/07/2026,Merchant_D,Processor_A,NGN,MOBILE_MONEY,SET-0010
TXN100680,50000.0,SUCCESS,REF-00000680,02/07/2026,Merchant_D,Processor_A,NGN,USSD,SET-0012
TXN103089,2500.0,SUCCESS,REF-00003089,26/07/2026,Merchant_B,Processor_A,NGN,MOBILE_MONEY,SET-0029
TXN102547,7500.0,SUCCESS,REF-00002547,14/07/2026,Merchant_E,Processor_A,NGN,CARD,SET-0041
TXN101977,7500.0,FAILED,REF-00001977,16/07/2026,Merchant_B,Processor_A,NGN,CARD,SET-0047
TXN100717,250000.0,SUCCESS,REF-00000717,08/07/2026,Merchant_C,Processor_A,NGN,MOBILE_MONEY,SET-0043
TXN101137,10000.0,FAILED,REF-00001137,16/07/2026,Merchant_B,Processor_A,NGN,MOBILE_MONEY,SET-0032
TXN104491,25000.0,SUCCESS,REF-00004491,08/07/2026,Merchant_A,Processor_A,NGN,USSD,SET-0011
TXN100870,5000.0,SUCCESS,REF-00000870,19/07/2026,Merchant_E,Processor_A,NGN,MOBILE_MONEY,SET-0030
TXN106714,50000.0,REFUNDED,REF-00006714,18/07/2026,Merchant_C,Processor_A,NGN,USSD,SET-0010
TXN107299,15000.0,SUCCESS,REF-00007299,23/07/2026,Merchant_D,Processor_A,NGN,USSD,SET-0021
TXN106992,2500.0,SUCCESS,REF-00006992,27/07/2026,Merchant_B,Processor_A,NGN,CARD,SET-0011
TXN103481,10000.0,SUCCESS,REF-00003481,13/07/2026,Merchant_B,Processor_A,NGN,CARD,SET-0035
TXN105635,1000.0,SUCCESS,REF-00005635,07/07/2026,Merchant_A,Processor_A,NGN,BANK_TRANSFER,SET-0038
TXN101238,250000.0,SUCCESS,REF-00001238,22/07/2026,Merchant_E,Processor_A,NGN,BANK_TRANSFER,SET-0045
TXN107669,5000.0,SUCCESS,REF-00007669,15/07/2026,Merchant_D,Processor_A,NGN,BANK_TRANSFER,SET-0043
TXN103429,10000.0,SUCCESS,REF-00003429,29/07/2026,Merchant_E,Processor_A,NGN,BANK_TRANSFER,SET-0020
TXN107808,2500.0,SUCCESS,REF-00007808,31/07/2026,Merchant_C,Processor_A,NGN,BANK_TRANSFER,SET-0025
TXN102902,500.0,SUCCESS,REF-00002902,08/07/2026,Merchant_D,Processor_A,NGN,MOBILE_MONEY,SET-0044
TXN108205,2500.0,SUCCESS,REF-00008205,11/07/2026,Merchant_E,Processor_A,NGN,BANK_TRANSFER,SET-0038
TXN108078,5000.0,SUCCESS,REF-00008078,01/07/2026,Merchant_D,Processor_A,NGN,USSD,SET-0001
TXN105601,5000.0,REFUNDED,REF-00005601,04/07/2026,Merchant_C,Processor_A,NGN,CARD,SET-0014
TXN100031,1500.0,REFUNDED,REF-00000031,12/07/2026,Merchant_A,Processor_A,NGN,USSD,SET-0001
TXN106976,25000.0,SUCCESS,REF-00006976,22/07/2026,Merchant_D,Processor_A,NGN,MOBILE_MONEY,SET-0041
TXN109852,1000.0,SUCCESS,REF-00009852,25/07/2026,Merchant_A,Processor_A,NGN,MOBILE_MONEY,SET-0015
TXN105060,100000.0,SUCCESS,REF-00005060,25/07/2026,Merchant_C,Processor_A,NGN,USSD,SET-0040
TXN101257,10000.0,SUCCESS,REF-00001257,02/07/2026,Merchant_E,Processor_A,NGN,MOBILE_MONEY,SET-0012
TXN107539,7500.0,SUCCESS,REF-00007539,06/07/2026,Merchant_C,Processor_A,NGN,MOBILE_MONEY,SET-0043
TXN102880,5000.0,SUCCESS,REF-00002880,28/07/2026,Merchant_A,Processor_A,NGN,USSD,SET-0048
TXN108754,250000.0,SUCCESS,REF-00008754,19/07/2026,Merchant_E,Processor_A,NGN,MOBILE_MONEY,SET-0017
TXN104830,50000.0,SUCCESS,REF-00004830,15/07/2026,Merchant_E,Processor_A,NGN,CARD,SET-0034
TXN100645,100000.0,SUCCESS,REF-00000645,05/07/2026,Merchant_A,Processor_A,NGN,CARD,SET-0021
TXN103633,5000.0,SUCCESS,REF-00003633,22/07/2026,Merchant_A,Processor_A,NGN,USSD,SET-0007
TXN107278,25000.0,SUCCESS,REF-00007278,06/07/2026,Merchant_C,Processor_A,NGN,MOBILE_MONEY,SET-0012
TXN102459,7500.0,SUCCESS,REF-00002459,06/07/2026,Merchant_B,Processor_A,NGN,CARD,SET-0011
TXN105778,50000.0,SUCCESS,REF-00005778,19/07/2026,Merchant_B,Processor_A,NGN,CARD,SET-0024
TXN105455,2500.0,SUCCESS,REF-00005455,22/07/2026,Merchant_A,Processor_A,NGN,MOBILE_MONEY,SET-0032
TXN100879,2500.0,FAILED,REF-00000879,26/07/2026,Merchant_B,Processor_A,NGN,MOBILE_MONEY,SET-0003
TXN103622,2500.0,SUCCESS,REF-00003622,24/07/2026,Merchant_C,Processor_A,NGN,MOBILE_MONEY,SET-0026
TXN100724,10000.0,SUCCESS,REF-00000724,19/07/2026,Merchant_B,Processor_A,NGN,MOBILE_MONEY,SET-0006
TXN109812,2500.0,FAILED,REF-00009812,06/07/2026,Merchant_A,Processor_A,NGN,MOBILE_MONEY,SET-0025
TXN104150,1000.0,SUCCESS,REF-00004150,12/07/2026,Merchant_A,Processor_A,NGN,BANK_TRANSFER,SET-0035
TXN100315,25000.0,SUCCESS,REF-00000315,31/07/2026,Merchant_E,Processor_A,NGN,USSD,SET-0011
TXN109872,2500.0,SUCCESS,REF-00009872,18/07/2026,Merchant_B,Processor_A,NGN,CARD,SET-0041
TXN108604,7500.0,SUCCESS,REF-00008604,19/07/2026,Merchant_E,Processor_A,NGN,BANK_TRANSFER,SET-0035
TXN105158,10000.0,SUCCESS,REF-00005158,23/07/2026,Merchant_A,Processor_A,NGN,USSD,SET-0050
TXN105680,2500.0,SUCCESS,REF-00005680,08/07/2026,Merchant_B,Processor_A,NGN,USSD,SET-0013
TXN103965,25000.0,SUCCESS,REF-00003965,14/07/2026,Merchant_E,Processor_A,NGN,CARD,SET-0042
TXN103873,50000.0,FAILED,REF-00003873,28/07/2026,Merchant_A,Processor_A,NGN,BANK_TRANSFER,SET-0012
TXN109582,1500.0,SUCCESS,REF-00009582,22/07/2026,Merchant_D,Processor_A,NGN,BANK_TRANSFER,SET-0028
TXN109284,50000.0,SUCCESS,REF-00009284,24/07/2026,Merchant_B,Processor_A,NGN,MOBILE_MONEY,SET-0046
TXN105205,5000.0,SUCCESS,REF-00005205,10/07/2026,Merchant_B,Processor_A,NGN,MOBILE_MONEY,SET-0013
TXN105511,100000.0,SUCCESS,REF-00005511,14/07/2026,Merchant_D,Processor_A,NGN,CARD,SET-0010
TXN100336,50000.0,SUCCESS,REF-00000336,07/07/2026,Merchant_A,Processor_A,NGN,USSD,SET-0040
TXN107449,1000.0,SUCCESS,REF-00007449,23/07/2026,Merchant_E,Processor_A,NGN,USSD,SET-0018
TXN103802,50000.0,REFUNDED,REF-00003802,05/07/2026,Merchant_B,Processor_A,NGN,CARD,SET-0001
TXN102927,250000.0,SUCCESS,REF-00002927,27/07/2026,Merchant_C,Processor_A,NGN,MOBILE_MONEY,SET-0029
TXN108564,10000.0,SUCCESS,REF-00008564,20/07/2026,Merchant_C,Processor_A,NGN,USSD,SET-0014
TXN103399,10100.0,SUCCESS,REF-00003399,13/07/2026,Merchant_D,Processor_A,NGN,CARD,SET-0025
TXN105797,250000.0,FAILED,REF-00005797,12/07/2026,Merchant_E,Processor_A,NGN,BANK_TRANSFER,SET-0012
TXN104159,10000.0,SUCCESS,REF-00004159,28/07/2026,Merchant_C,Processor_A,NGN,BANK_TRANSFER,SET-0039
TXN108230,2500.0,SUCCESS,REF-00008230,03/07/2026,Merchant_C,Processor_A,NGN,CARD,SET-0042
TXN102280,2500.0,SUCCESS,REF-00002280,06/07/2026,Merchant_C,Processor_A,NGN,CARD,SET-0034
TXN100716,50000.0,SUCCESS,REF-00000716,26/07/2026,Merchant_E,Processor_A,NGN,USSD,SET-0019
TXN103378,1000.0,SUCCESS,REF-00003378,30/07/2026,Merchant_C,Processor_A,NGN,MOBILE_MONEY,SET-0042
TXN103639,2500.0,SUCCESS,REF-00003639,12/07/2026,Merchant_E,Processor_A,NGN,BANK_TRANSFER,SET-0017
TXN103560,5000.0,SUCCESS,REF-00003560,25/07/2026,Merchant_E,Processor_A,NGN,BANK_TRANSFER,SET-0044
TXN108709,25000.0,SUCCESS,REF-00008709,09/07/2026,Merchant_D,Processor_A,NGN,MOBILE_MONEY,SET-0026
TXN105650,25000.0,SUCCESS,REF-00005650,04/07/2026,Merchant_C,Processor_A,NGN,USSD,SET-0035
TXN108137,250000.0,FAILED,REF-00008137,19/07/2026,Merchant_C,Processor_A,NGN,MOBILE_MONEY,SET-0037
TXN103352,100000.0,SUCCESS,REF-00003352,28/07/2026,Merchant_E,Processor_A,NGN,MOBILE_MONEY,SET-0021
TXN109679,6000.0,REFUNDED,REF-00009679,19/07/2026,Merchant_E,Processor_A,NGN,MOBILE_MONEY,SET-0011
TXN108961,10000.0,SUCCESS,REF-00008961,19/07/2026,Merchant_E,Processor_A,NGN,BANK_TRANSFER,SET-0046
TXN108243,7500.0,SUCCESS,REF-00008243,10/07/2026,Merchant_A,Processor_A,NGN,MOBILE_MONEY,SET-0050
TXN102702,1500.0,SUCCESS,REF-00002702,20/07/2026,Merchant_E,Processor_A,NGN,USSD,SET-0028
TXN104845,7500.0,SUCCESS,REF-00004845,31/07/2026,Merchant_C,Processor_A,NGN,USSD,SET-0049
TXN103980,50000.0,SUCCESS,REF-00003980,16/07/2026,Merchant_C,Processor_A,NGN,CARD,SET-0049
TXN102734,100000.0,FAILED,REF-00002734,09/07/2026,Merchant_D,Processor_A,NGN,CARD,SET-0038
TXN108818,10000.0,SUCCESS,REF-00008818,15/07/2026,Merchant_C,Processor_A,NGN,BANK_TRANSFER,SET-0044
TXN109909,500.0,SUCCESS,REF-00009909,16/07/2026,Merchant_B,Processor_A,NGN,USSD,SET-0025
TXN105855,25000.0,SUCCESS,REF-00005855,19/07/2026,Merchant_C,Processor_A,NGN,USSD,SET-0006
TXN101402,500.0,FAILED,REF-00001402,11/07/2026,Merchant_A,Processor_A,NGN,USSD,SET-0045
TXN107094,5000.0,SUCCESS,REF-00007094,11/07/2026,Merchant_D,Processor_A,NGN,MOBILE_MONEY,SET-0012
TXN102920,5000.0,SUCCESS,REF-00002920,11/07/2026,Merchant_D,Processor_A,NGN,CARD,SET-0022
TXN105755,5000.0,SUCCESS,REF-00005755,03/07/2026,Merchant_C,Processor_A,NGN,CARD,SET-0013
TXN106448,1000.0,FAILED,REF-00006448,19/07/2026,Merchant_B,Processor_A,NGN,BANK_TRANSFER,SET-0041
TXN105639,1000.0,SUCCESS,REF-00005639,20/07/2026,Merchant_B,Processor_A,NGN,MOBILE_MONEY,SET-0001
TXN102646,250000.0,SUCCESS,REF-00002646,12/07/2026,Merchant_C,Processor_A,NGN,MOBILE_MONEY,SET-0012
TXN105814,1000.0,SUCCESS,REF-00005814,08/07/2026,Merchant_E,Processor_A,NGN,CARD,SET-0002
TXN103464,1500.0,SUCCESS,REF-00003464,28/07/2026,Merchant_C,Processor_A,NGN,USSD,SET-0021
TXN100685,10000.0,SUCCESS,REF-00000685,24/07/2026,Merchant_C,Processor_A,NGN,BANK_TRANSFER,SET-0006
TXN100042,500.0,SUCCESS,REF-00000042,28/07/2026,Merchant_C,Processor_A,NGN,USSD,SET-0023
TXN109747,5000.0,SUCCESS,REF-00009747,04/07/2026,Merchant_A,Processor_A,NGN,BANK_TRANSFER,SET-0021
TXN101272,25000.0,SUCCESS,REF-00001272,24/07/2026,Merchant_B,Processor_A,NGN,CARD,SET-0044
TXN106973,7500.0,FAILED,REF-00006973,22/07/2026,Merchant_A,Processor_A,NGN,USSD,SET-0045
TXN106499,25000.0,FAILED,REF-00006499,02/07/2026,Merchant_C,Processor_A,NGN,USSD,SET-0049
TXN103435,5000.0,REFUNDED,REF-00003435,17/07/2026,Merchant_A,Processor_A,NGN,USSD,SET-0023
TXN105885,10000.0,SUCCESS,REF-00005885,08/07/2026,Merchant_B,Processor_A,NGN,BANK_TRANSFER,SET-0029
TXN104839,5000.0,SUCCESS,REF-00004839,14/07/2026,Merchant_C,Processor_A,NGN,CARD,SET-0001
TXN102273,15000.0,SUCCESS,REF-00002273,31/07/2026,Merchant_D,Processor_A,NGN,USSD,SET-0018
TXN108854,10000.0,SUCCESS,REF-00008854,02/07/2026,Merchant_B,Processor_A,NGN,BANK_TRANSFER,SET-0033
TXN103357,5000.0,REFUNDED,REF-00003357,28/07/2026,Merchant_E,Processor_A,NGN,BANK_TRANSFER,SET-0026
TXN105131,10000.0,REFUNDED,REF-00005131,16/07/2026,Merchant_A,Processor_A,NGN,USSD,SET-0013
TXN103532,5000.0,SUCCESS,REF-00003532,25/07/2026,Merchant_E,Processor_A,NGN,CARD,SET-0032
TXN104788,10000.0,SUCCESS,REF-00004788,27/07/2026,Merchant_E,Processor_A,NGN,BANK_TRANSFER,SET-0038
TXN108316,50000.0,SUCCESS,REF-00008316,16/07/2026,Merchant_D,Processor_A,NGN,CARD,SET-0040
TXN101534,7600.0,SUCCESS,REF-00001534,01/07/2026,Merchant_A,Processor_A,NGN,CARD,SET-0036
TXN101949,7500.0,SUCCESS,REF-00001949,08/07/2026,Merchant_A,Processor_A,NGN,MOBILE_MONEY,SET-0034
TXN101823,25000.0,SUCCESS,REF-00001823,12/07/2026,Merchant_D,Processor_A,NGN,MOBILE_MONEY,SET-0031
TXN108632,500.0,SUCCESS,REF-00008632,28/07/2026,Merchant_A,Processor_A,NGN,BANK_TRANSFER,SET-0005
TXN103785,1000.0,SUCCESS,REF-00003785,17/07/2026,Merchant_C,Processor_A,NGN,USSD,SET-0028
TXN104197,5000.0,SUCCESS,REF-00004197,03/07/2026,Merchant_C,Processor_A,NGN,CARD,SET-0010
TXN108165,5000.0,SUCCESS,REF-00008165,08/07/2026,Merchant_C,Processor_A,NGN,CARD,SET-0019
TXN108862,50000.0,SUCCESS,REF-00008862,21/07/2026,Merchant_B,Processor_A,NGN,USSD,SET-0011
TXN101564,50000.0,SUCCESS,REF-00001564,01/07/2026,Merchant_C,Processor_A,NGN,BANK_TRANSFER,SET-0034
TXN102992,10000.0,SUCCESS,REF-00002992,20/07/2026,Merchant_E,Processor_A,NGN,USSD,SET-0029
TXN104936,100000.0,SUCCESS,REF-00004936,06/07/2026,Merchant_D,Processor_A,NGN,MOBILE_MONEY,SET-0015
TXN101760,7500.0,SUCCESS,REF-00001760,23/07/2026,Merchant_A,Processor_A,NGN,BANK_TRANSFER,SET-0024
TXN109831,100000.0,SUCCESS,REF-00009831,27/07/2026,Merchant_B,Processor_A,NGN,MOBILE_MONEY,SET-0029
TXN109117,250000.0,SUCCESS,REF-00009117,16/07/2026,Merchant_A,Processor_A,NGN,USSD,SET-0010
TXN104088,50000.0,SUCCESS,REF-00004088,05/07/2026,Merchant_C,Processor_A,NGN,USSD,SET-0040
TXN106742,10000.0,SUCCESS,REF-00006742,22/07/2026,Merchant_D,Processor_A,NGN,MOBILE_MONEY,SET-0018
TXN108183,250000.0,SUCCESS,REF-00008183,19/07/2026,Merchant_A,Processor_A,NGN,USSD,SET-0001
TXN104219,2500.0,SUCCESS,REF-00004219,31/07/2026,Merchant_E,Processor_A,NGN,BANK_TRANSFER,SET-0017
TXN105276,1500.0,SUCCESS,REF-00005276,22/07/2026,Merchant_D,Processor_A,NGN,BANK_TRANSFER,SET-0028
TXN100413,10000.0,SUCCESS,REF-00000413,04/07/2026,Merchant_C,Processor_A,NGN,BANK_TRANSFER,SET-0045
TXN104346,50000.0,SUCCESS,REF-00004346,21/07/2026,Merchant_B,Processor_A,NGN,BANK_TRANSFER,SET-0030
TXN108164,5000.0,SUCCESS,REF-00008164,08/07/2026,Merchant_D,Processor_A,NGN,MOBILE_MONEY,SET-0025
TXN100707,50000.0,SUCCESS,REF-00000707,31/07/2026,Merchant_E,Processor_A,NGN,BANK_TRANSFER,SET-0036
TXN102525,5000.0,SUCCESS,REF-00002525,28/07/2026,Merchant_A,Processor_A,NGN,CARD,SET-0005
TXN109757,250000.0,SUCCESS,REF-00009757,08/07/2026,Merchant_D,Processor_A,NGN,BANK_TRANSFER,SET-0050
TXN101113,10000.0,SUCCESS,REF-00001113,17/07/2026,Merchant_D,Processor_A,NGN,USSD,SET-0034
TXN103166,100000.0,SUCCESS,REF-00003166,03/07/2026,Merchant_C,Processor_A,NGN,MOBILE_MONEY,SET-0044
TXN108858,10000.0,SUCCESS,REF-00008858,23/07/2026,Merchant_C,Processor_A,NGN,CARD,SET-0029
TXN101685,50000.0,SUCCESS,REF-00001685,10/07/2026,Merchant_D,Processor_A,NGN,MOBILE_MONEY,SET-0036
TXN105913,7500.0,SUCCESS,REF-00005913,03/07/2026,Merchant_B,Processor_A,NGN,CARD,SET-0018
TXN105646,500.0,SUCCESS,REF-00005646,12/07/2026,Merchant_E,Processor_A,NGN,MOBILE_MONEY,SET-0039
TXN100821,500.0,SUCCESS,REF-00000821,18/07/2026,Merchant_C,Processor_A,NGN,MOBILE_MONEY,SET-0004
TXN109280,7500.0,SUCCESS,REF-00009280,23/07/2026,Merchant_D,Processor_A,NGN,USSD,SET-0021
TXN108972,5000.0,SUCCESS,REF-00008972,16/07/2026,Merchant_C,Processor_A,NGN,USSD,SET-0024
TXN108801,2500.0,SUCCESS,REF-00008801,09/07/2026,Merchant_C,Processor_A,NGN,CARD,SET-0027
TXN108021,50000.0,SUCCESS,REF-00008021,15/07/2026,Merchant_E,Processor_A,NGN,BANK_TRANSFER,SET-0020
TXN103413,5000.0,SUCCESS,REF-00003413,20/07/2026,Merchant_D,Processor_A,NGN,BANK_TRANSFER,SET-0046
TXN106814,10000.0,SUCCESS,REF-00006814,20/07/2026,Merchant_C,Processor_A,NGN,BANK_TRANSFER,SET-0033
TXN103602,1500.0,SUCCESS,REF-00003602,22/07/2026,Merchant_D,Processor_A,NGN,USSD,SET-0028
TXN108079,10000.0,SUCCESS,REF-00008079,17/07/2026,Merchant_A,Processor_A,NGN,MOBILE_MONEY,SET-0019
TXN109191,500.0,REFUNDED,REF-00009191,13/07/2026,Merchant_E,Processor_A,NGN,USSD,SET-0002
TXN105744,1500.0,SUCCESS,REF-00005744,03/07/2026,Merchant_D,Processor_A,NGN,MOBILE_MONEY,SET-0007
TXN103230,10000.0,SUCCESS,REF-00003230,10/07/2026,Merchant_E,Processor_A,NGN,BANK_TRANSFER,SET-0022
TXN109551,100000.0,SUCCESS,REF-00009551,17/07/2026,Merchant_A,Processor_A,NGN,BANK_TRANSFER,SET-0010
TXN106455,2500.0,REFUNDED,REF-00006455,31/07/2026,Merchant_C,Processor_A,NGN,BANK_TRANSFER,SET-0019
TXN108538,10000.0,SUCCESS,REF-00008538,24/07/2026,Merchant_E,Processor_A,NGN,CARD,SET-0020
TXN101378,5000.0,SUCCESS,REF-00001378,03/07/2026,Merchant_B,Processor_A,NGN,USSD,SET-0044
TXN101398,15000.0,SUCCESS,REF-00001398,22/07/2026,Merchant_D,Processor_A,NGN,MOBILE_MONEY,SET-0047
TXN107437,2500.0,SUCCESS,REF-00007437,06/07/2026,Merchant_C,Processor_A,NGN,BANK_TRANSFER,SET-0044
TXN105770,15000.0,SUCCESS,REF-00005770,14/07/2026,Merchant_E,Processor_A,NGN,MOBILE_MONEY,SET-0002
TXN105556,1000.0,FAILED,REF-00005556,19/07/2026,Merchant_C,Processor_A,NGN,BANK_TRANSFER,SET-0007
TXN104723,7500.0,SUCCESS,REF-00004723,04/07/2026,Merchant_C,Processor_A,NGN,USSD,SET-0042
TXN101175,10000.0,SUCCESS,REF-00001175,26/07/2026,Merchant_A,Processor_A,NGN,CARD,SET-0004
TXN109343,25000.0,SUCCESS,REF-00009343,29/07/2026,Merchant_A,Processor_A,NGN,MOBILE_MONEY,SET-0012
TXN103902,100000.0,SUCCESS,REF-00003902,06/07/2026,Merchant_D,Processor_A,NGN,MOBILE_MONEY,SET-0021
TXN106065,50000.0,SUCCESS,REF-00006065,06/07/2026,Merchant_E,Processor_A,NGN,MOBILE_MONEY,SET-0023
TXN102872,100000.0,SUCCESS,REF-00002872,15/07/2026,Merchant_D,Processor_A,NGN,BANK_TRANSFER,SET-0020
TXN104668,15000.0,SUCCESS,REF-00004668,31/07/2026,Merchant_E,Processor_A,NGN,BANK_TRANSFER,SET-0026
TXN109347,50000.0,SUCCESS,REF-00009347,06/07/2026,Merchant_C,Processor_A,NGN,USSD,SET-0043
TXN105029,1500.0,SUCCESS,REF-00005029,23/07/2026,Merchant_D,Processor_A,NGN,USSD,SET-0010
TXN105182,1500.0,SUCCESS,REF-00005182,11/07/2026,Merchant_C,Processor_A,NGN,CARD,SET-0011
TXN102017,100000.0,SUCCESS,REF-00002017,25/07/2026,Merchant_A,Processor_A,NGN,USSD,SET-0020
TXN100214,25000.0,FAILED,REF-00000214,27/07/2026,Merchant_D,Processor_A,NGN,CARD,SET-0001
TXN105901,10000.0,SUCCESS,REF-00005901,20/07/2026,Merchant_C,Processor_A,NGN,BANK_TRANSFER,SET-0025
TXN109078,25000.0,SUCCESS,REF-00009078,12/07/2026,Merchant_A,Processor_A,NGN,BANK_TRANSFER,SET-0011
TXN106518,250000.0,SUCCESS,REF-00006518,30/07/2026,Merchant_B,Processor_A,NGN,CARD,SET-0031
PROC_ONLY1040,10000.0,SUCCESS,PROC-ONLY-REF-00040,29/07/2026,Merchant_C,Processor_A,NGN,MOBILE_MONEY,SET-0008
TXN108863,15000.0,SUCCESS,REF-00008863,23/07/2026,Merchant_B,Processor_A,NGN,BANK_TRANSFER,SET-0013
TXN109073,10000.0,SUCCESS,REF-00009073,13/07/2026,Merchant_D,Processor_A,NGN,MOBILE_MONEY,SET-0002
TXN107650,1000.0,SUCCESS,REF-00007650,10/07/2026,Merchant_C,Processor_A,NGN,MOBILE_MONEY,SET-0022
TXN103781,5000.0,SUCCESS,REF-00003781,28/07/2026,Merchant_B,Processor_A,NGN,MOBILE_MONEY,SET-0022
TXN101998,1000.0,FAILED,REF-00001998,12/07/2026,Merchant_D,Processor_A,NGN,BANK_TRANSFER,SET-0010
TXN104363,10000.0,SUCCESS,REF-00004363,24/07/2026,Merchant_A,Processor_A,NGN,USSD,SET-0038
TXN102602,25000.0,SUCCESS,REF-00002602-X,04/07/2026,Merchant_A,Processor_A,NGN,MOBILE_MONEY,SET-0022
TXN101647,50000.0,SUCCESS,REF-00001647,23/07/2026,Merchant_E,Processor_A,NGN,BANK_TRANSFER,SET-0048
TXN102983,50000.0,FAILED,REF-00002983,07/07/2026,Merchant_E,Processor_A,NGN,USSD,SET-0016
TXN108473,1500.0,SUCCESS,REF-00008473,13/07/2026,Merchant_B,Processor_A,NGN,BANK_TRANSFER,SET-0014
TXN104354,10000.0,SUCCESS,REF-00004354,21/07/2026,Merchant_D,Processor_A,NGN,CARD,SET-0041
TXN106438,1500.0,SUCCESS,REF-00006438,05/07/2026,Merchant_A,Processor_A,NGN,MOBILE_MONEY,SET-0005
TXN103218,25000.0,SUCCESS,REF-00003218,04/07/2026,Merchant_D,Processor_A,NGN,MOBILE_MONEY,SET-0031
TXN107633,250000.0,SUCCESS,REF-00007633,16/07/2026,Merchant_A,Processor_A,NGN,CARD,SET-0033
TXN109931,1000.0,SUCCESS,REF-00009931,26/07/2026,Merchant_A,Processor_A,NGN,BANK_TRANSFER,SET-0017
TXN108128,50000.0,SUCCESS,REF-00008128,19/07/2026,Merchant_B,Processor_A,NGN,MOBILE_MONEY,SET-0017
TXN105522,15000.0,SUCCESS,REF-00005522,01/07/2026,Merchant_A,Processor_A,NGN,MOBILE_MONEY,SET-0015
TXN105043,15000.0,SUCCESS,REF-00005043,31/07/2026,Merchant_B,Processor_A,NGN,CARD,SET-0022
TXN105743,250000.0,SUCCESS,REF-00005743,21/07/2026,Merchant_B,Processor_A,NGN,MOBILE_MONEY,SET-0050
TXN109154,1500.0,REFUNDED,REF-00009154,14/07/2026,Merchant_D,Processor_A,NGN,CARD,SET-0038
TXN109708,5000.0,SUCCESS,REF-00009708,25/07/2026,Merchant_B,Processor_A,NGN,USSD,SET-0030
TXN106256,15000.0,SUCCESS,REF-00006256,19/07/2026,Merchant_D,Processor_A,NGN,BANK_TRANSFER,SET-0033
TXN104789,5000.0,FAILED,REF-00004789,21/07/2026,Merchant_E,Processor_A,NGN,USSD,SET-0017
TXN108124,5000.0,SUCCESS,REF-00008124,08/07/2026,Merchant_D,Processor_A,NGN,CARD,SET-0001
TXN107788,500.0,SUCCESS,REF-00007788,23/07/2026,Merchant_D,Processor_A,NGN,MOBILE_MONEY,SET-0033
TXN107139,1500.0,SUCCESS,REF-00007139,17/07/2026,Merchant_E,Processor_A,NGN,BANK_TRANSFER,SET-0002
TXN106988,1500.0,FAILED,REF-00006988,03/07/2026,Merchant_C,Processor_A,NGN,MOBILE_MONEY,SET-0039
TXN103456,10000.0,SUCCESS,REF-00003456,02/07/2026,Merchant_E,Processor_A,NGN,BANK_TRANSFER,SET-0028
TXN105211,2500.0,SUCCESS,REF-00005211,17/07/2026,Merchant_C,Processor_A,NGN,USSD,SET-0046
TXN101316,10000.0,SUCCESS,REF-00001316,24/07/2026,Merchant_A,Processor_A,NGN,CARD,SET-0002
TXN107481,1500.0,FAILED,REF-00007481,05/07/2026,Merchant_E,Processor_A,NGN,USSD,SET-0031
TXN100736,7500.0,SUCCESS,REF-00000736,25/07/2026,Merchant_B,Processor_A,NGN,USSD,SET-0010
TXN105865,8000.0,SUCCESS,REF-00005865,13/07/2026,Merchant_B,Processor_A,NGN,MOBILE_MONEY,SET-0018
TXN104617,100000.0,SUCCESS,REF-00004617,31/07/2026,Merchant_A,Processor_A,NGN,BANK_TRANSFER,SET-0027
TXN100350,10000.0,SUCCESS,REF-00000350,23/07/2026,Merchant_B,Processor_A,NGN,MOBILE_MONEY,SET-0038
TXN106581,100000.0,SUCCESS,REF-00006581,29/07/2026,Merchant_D,Processor_A,NGN,USSD,SET-0045
TXN102398,15000.0,SUCCESS,REF-00002398,25/07/2026,Merchant_A,Processor_A,NGN,MOBILE_MONEY,SET-0006
TXN106904,2500.0,SUCCESS,REF-00006904,10/07/2026,Merchant_A,Processor_A,NGN,CARD,SET-0004
TXN100526,7500.0,SUCCESS,REF-00000526,04/07/2026,Merchant_D,Processor_A,NGN,BANK_TRANSFER,SET-0018
TXN100892,50000.0,SUCCESS,REF-00000892,25/07/2026,Merchant_E,Processor_A,NGN,USSD,SET-0030
TXN103787,7500.0,SUCCESS,REF-00003787,04/07/2026,Merchant_C,Processor_A,NGN,CARD,SET-0041
TXN100792,10000.0,SUCCESS,REF-00000792,16/07/2026,Merchant_E,Processor_A,NGN,CARD,SET-0038
TXN107141,1500.0,REFUNDED,REF-00007141,19/07/2026,Merchant_D,Processor_A,NGN,CARD,SET-0001
TXN103936,7500.0,SUCCESS,REF-00003936,25/07/2026,Merchant_B,Processor_A,NGN,CARD,SET-0048
TXN108544,7500.0,SUCCESS,REF-00008544,28/07/2026,Merchant_C,Processor_A,NGN,BANK_TRANSFER,SET-0016
TXN106938,10000.0,SUCCESS,REF-00006938,25/07/2026,Merchant_D,Processor_A,NGN,BANK_TRANSFER,SET-0016
TXN102354,25000.0,SUCCESS,REF-00002354,14/07/2026,Merchant_C,Processor_A,NGN,MOBILE_MONEY,SET-0042
TXN109342,50000.0,SUCCESS,REF-00009342,18/07/2026,Merchant_A,Processor_A,NGN,BANK_TRANSFER,SET-0026
TXN102411,1500.0,FAILED,REF-00002411,12/07/2026,Merchant_B,Processor_A,NGN,MOBILE_MONEY,SET-0005
TXN104808,2500.0,SUCCESS,REF-00004808,26/07/2026,Merchant_D,Processor_A,NGN,USSD,SET-0032
TXN106091,25000.0,SUCCESS,REF-00006091,25/07/2026,Merchant_D,Processor_A,NGN,CARD,SET-0047
TXN102873,7500.0,SUCCESS,REF-00002873,01/07/2026,Merchant_B,Processor_A,NGN,CARD,SET-0006
TXN104214,15000.0,SUCCESS,REF-00004214,26/07/2026,Merchant_E,Processor_A,NGN,MOBILE_MONEY,SET-0020
TXN107140,100000.0,SUCCESS,REF-00007140,03/07/2026,Merchant_C,Processor_A,NGN,BANK_TRANSFER,SET-0046
TXN104559,250000.0,SUCCESS,REF-00004559,03/07/2026,Merchant_A,Processor_A,NGN,USSD,SET-0031
TXN109227,100000.0,SUCCESS,REF-00009227,21/07/2026,Merchant_B,Processor_A,NGN,MOBILE_MONEY,SET-0014
TXN107803,5000.0,SUCCESS,REF-00007803,07/07/2026,Merchant_D,Processor_A,NGN,MOBILE_MONEY,SET-0033
TXN105777,1500.0,SUCCESS,REF-00005777,29/07/2026,Merchant_B,Processor_A,NGN,CARD,SET-0003
PROC_ONLY1034,1000.0,SUCCESS,PROC-ONLY-REF-00034,11/07/2026,Merchant_C,Processor_A,NGN,BANK_TRANSFER,SET-0010
TXN104283,1000.0,SUCCESS,REF-00004283-X,07/07/2026,Merchant_E,Processor_A,NGN,USSD,SET-0002
TXN105078,10000.0,SUCCESS,REF-00005078,19/07/2026,Merchant_A,Processor_A,NGN,BANK_TRANSFER,SET-0024
TXN104529,1500.0,SUCCESS,REF-00004529,15/07/2026,Merchant_D,Processor_A,NGN,BANK_TRANSFER,SET-0025
TXN102604,500.0,SUCCESS,REF-00002604,12/07/2026,Merchant_D,Processor_A,NGN,CARD,SET-0024
TXN108107,10000.0,SUCCESS,REF-00008107,13/07/2026,Merchant_E,Processor_A,NGN,USSD,SET-0015
TXN108054,50000.0,SUCCESS,REF-00008054,23/07/2026,Merchant_D,Processor_A,NGN,USSD,SET-0014
TXN101396,7500.0,SUCCESS,REF-00001396,01/07/2026,Merchant_C,Processor_A,NGN,MOBILE_MONEY,SET-0040
TXN107560,25000.0,SUCCESS,REF-00007560,24/07/2026,Merchant_C,Processor_A,NGN,BANK_TRANSFER,SET-0008
TXN103103,7500.0,SUCCESS,REF-00003103,01/07/2026,Merchant_B,Processor_A,NGN,MOBILE_MONEY,SET-0035
TXN107443,15000.0,SUCCESS,REF-00007443,25/07/2026,Merchant_D,Processor_A,NGN,CARD,SET-0043
TXN100513,50000.0,SUCCESS,REF-00000513,29/07/2026,Merchant_D,Processor_A,NGN,MOBILE_MONEY,SET-0046
TXN102461,100000.0,SUCCESS,REF-00002461,08/07/2026,Merchant_A,Processor_A,NGN,MOBILE_MONEY,SET-0047
TXN107667,25000.0,SUCCESS,REF-00007667,11/07/2026,Merchant_C,Processor_A,NGN,CARD,SET-0009
TXN105959,50000.0,SUCCESS,REF-00005959,29/07/2026,Merchant_D,Processor_A,NGN,CARD,SET-0021
TXN102046,1000.0,SUCCESS,REF-00002046,30/07/2026,Merchant_E,Processor_A,NGN,BANK_TRANSFER,SET-0012
TXN106545,1000.0,SUCCESS,REF-00006545,28/07/2026,Merchant_B,Processor_A,NGN,CARD,SET-0016
TXN103351,7500.0,SUCCESS,REF-00003351,07/07/2026,Merchant_B,Processor_A,NGN,MOBILE_MONEY,SET-0042
TXN100739,5000.0,SUCCESS,REF-00000739,25/07/2026,Merchant_A,Processor_A,NGN,CARD,SET-0043
TXN103696,250000.0,FAILED,REF-00003696,05/07/2026,Merchant_A,Processor_A,NGN,BANK_TRANSFER,SET-0022
TXN106413,7500.0,SUCCESS,REF-00006413,11/07/2026,Merchant_A,Processor_A,NGN,USSD,SET-0041
TXN100759,25000.0,SUCCESS,REF-00000759,23/07/2026,Merchant_C,Processor_A,NGN,USSD,SET-0009
TXN100323,5000.0,SUCCESS,REF-00000323,16/07/2026,Merchant_B,Processor_A,NGN,CARD,SET-0028
TXN100973,2500.0,SUCCESS,REF-00000973,03/07/2026,Merchant_A,Processor_A,NGN,MOBILE_MONEY,SET-0036
TXN107856,7500.0,SUCCESS,REF-00007856,10/07/2026,Merchant_E,Processor_A,NGN,BANK_TRANSFER,SET-0024
TXN103762,10000.0,SUCCESS,REF-00003762,19/07/2026,Merchant_C,Processor_A,NGN,MOBILE_MONEY,SET-0018
TXN103226,2500.0,SUCCESS,REF-00003226,22/07/2026,Merchant_D,Processor_A,NGN,CARD,SET-0033
TXN100826,5000.0,SUCCESS,REF-00000826,26/07/2026,Merchant_A,Processor_A,NGN,BANK_TRANSFER,SET-0045
TXN106171,15000.0,SUCCESS,REF-00006171,24/07/2026,Merchant_E,Processor_A,NGN,BANK_TRANSFER,SET-0044
TXN102558,1000.0,FAILED,REF-00002558,26/07/2026,Merchant_C,Processor_A,NGN,BANK_TRANSFER,SET-0034
TXN107750,1500.0,SUCCESS,REF-00007750,16/07/2026,Merchant_A,Processor_A,NGN,CARD,SET-0008
TXN108773,7500.0,SUCCESS,REF-00008773,25/07/2026,Merchant_E,Processor_A,NGN,USSD,SET-0025
TXN105260,2500.0,SUCCESS,REF-00005260,21/07/2026,Merchant_B,Processor_A,NGN,CARD,SET-0016
TXN103312,25000.0,SUCCESS,REF-00003312,23/07/2026,Merchant_D,Processor_A,NGN,CARD,SET-0038
TXN101051,10000.0,SUCCESS,REF-00001051,26/07/2026,Merchant_B,Processor_A,NGN,CARD,SET-0015
TXN106957,15000.0,SUCCESS,REF-00006957,07/07/2026,Merchant_A,Processor_A,NGN,CARD,SET-0043
TXN102299,5000.0,SUCCESS,REF-00002299,04/07/2026,Merchant_A,Processor_A,NGN,USSD,SET-0024
TXN107223,5000.0,SUCCESS,REF-00007223,30/07/2026,Merchant_B,Processor_A,NGN,BANK_TRANSFER,SET-0002
TXN101451,15000.0,SUCCESS,REF-00001451,03/07/2026,Merchant_D,Processor_A,NGN,CARD,SET-0019
TXN106997,100000.0,SUCCESS,REF-00006997,30/07/2026,Merchant_B,Processor_A,NGN,CARD,SET-0039
TXN105023,25000.0,SUCCESS,REF-00005023,13/07/2026,Merchant_E,Processor_A,NGN,BANK_TRANSFER,SET-0028
TXN104195,1500.0,SUCCESS,REF-00004195,02/07/2026,Merchant_A,Processor_A,NGN,USSD,SET-0024
TXN102400,5000.0,SUCCESS,REF-00002400,29/07/2026,Merchant_B,Processor_A,NGN,CARD,SET-0050
TXN108619,1500.0,SUCCESS,REF-00008619,17/07/2026,Merchant_E,Processor_A,NGN,CARD,SET-0050
TXN107024,15000.0,SUCCESS,REF-00007024,01/07/2026,Merchant_D,Processor_A,NGN,USSD,SET-0002
TXN108094,10000.0,SUCCESS,REF-00008094,12/07/2026,Merchant_E,Processor_A,NGN,CARD,SET-0031
TXN109882,5000.0,SUCCESS,REF-00009882,12/07/2026,Merchant_A,Processor_A,NGN,MOBILE_MONEY,SET-0007
TXN106296,5000.0,SUCCESS,REF-00006296,01/07/2026,Merchant_E,Processor_A,NGN,CARD,SET-0025
TXN103477,10000.0,SUCCESS,REF-00003477,25/07/2026,Merchant_C,Processor_A,NGN,CARD,SET-0030
TXN106669,1500.0,SUCCESS,REF-00006669,17/07/2026,Merchant_A,Processor_A,NGN,CARD,SET-0005
TXN109151,10000.0,SUCCESS,REF-00009151,29/07/2026,Merchant_E,Processor_A,NGN,BANK_TRANSFER,SET-0044
TXN108218,5000.0,SUCCESS,REF-00008218,25/07/2026,Merchant_D,Processor_A,NGN,BANK_TRANSFER,SET-0035
TXN104181,15000.0,SUCCESS,REF-00004181,16/07/2026,Merchant_C,Processor_A,NGN,USSD,SET-0011
TXN101892,50000.0,SUCCESS,REF-00001892,13/07/2026,Merchant_B,Processor_A,NGN,CARD,SET-0028
TXN101083,100000.0,SUCCESS,REF-00001083,02/07/2026,Merchant_A,Processor_A,NGN,BANK_TRANSFER,SET-0005
TXN106417,100000.0,SUCCESS,REF-00006417,27/07/2026,Merchant_C,Processor_A,NGN,USSD,SET-0016
TXN107012,5000.0,SUCCESS,REF-00007012,13/07/2026,Merchant_C,Processor_A,NGN,BANK_TRANSFER,SET-0013
TXN103020,5000.0,SUCCESS,REF-00003020,10/07/2026,Merchant_A,Processor_A,NGN,MOBILE_MONEY,SET-0028
TXN108647,1000.0,SUCCESS,REF-00008647,21/07/2026,Merchant_D,Processor_A,NGN,BANK_TRANSFER,SET-0005
TXN104044,7500.0,SUCCESS,REF-00004044,05/07/2026,Merchant_D,Processor_A,NGN,CARD,SET-0026
TXN102804,10000.0,SUCCESS,REF-00002804,30/07/2026,Merchant_A,Processor_A,NGN,BANK_TRANSFER,SET-0026
TXN106969,10000.0,SUCCESS,REF-00006969,03/07/2026,Merchant_A,Processor_A,NGN,USSD,SET-0017
TXN101910,5000.0,FAILED,REF-00001910,07/07/2026,Merchant_A,Processor_A,NGN,BANK_TRANSFER,SET-0049
TXN107346,7500.0,SUCCESS,REF-00007346,26/07/2026,Merchant_A,Processor_A,NGN,USSD,SET-0041
TXN101345,7500.0,REFUNDED,REF-00001345,05/07/2026,Merchant_B,Processor_A,NGN,CARD,SET-0048
TXN101872,10000.0,SUCCESS,REF-00001872,02/07/2026,Merchant_B,Processor_A,NGN,MOBILE_MONEY,SET-0022
TXN104520,50000.0,SUCCESS,REF-00004520,02/07/2026,Merchant_C,Processor_A,NGN,USSD,SET-0050
TXN103934,5000.0,SUCCESS,REF-00003934,21/07/2026,Merchant_E,Processor_A,NGN,CARD,SET-0044
TXN104799,15000.0,SUCCESS,REF-00004799,11/07/2026,Merchant_D,Processor_A,NGN,CARD,SET-0041
TXN105359,10000.0,SUCCESS,REF-00005359,02/07/2026,Merchant_D,Processor_A,NGN,CARD,SET-0026
TXN108559,50000.0,FAILED,REF-00008559,30/07/2026,Merchant_E,Processor_A,NGN,USSD,SET-0045
TXN106943,1000.0,SUCCESS,REF-00006943,17/07/2026,Merchant_E,Processor_A,NGN,MOBILE_MONEY,SET-0025
TXN104642,50000.0,SUCCESS,REF-00004642,20/07/2026,Merchant_D,Processor_A,NGN,MOBILE_MONEY,SET-0036
TXN101103,100000.0,SUCCESS,REF-00001103,10/07/2026,Merchant_A,Processor_A,NGN,USSD,SET-0008
TXN101864,250000.0,SUCCESS,REF-00001864,11/07/2026,Merchant_E,Processor_A,NGN,CARD,SET-0046
TXN106184,500.0,SUCCESS,REF-00006184,14/07/2026,Merchant_E,Processor_A,NGN,CARD,SET-0012
TXN107348,25000.0,SUCCESS,REF-00007348,27/07/2026,Merchant_B,Processor_A,NGN,USSD,SET-0006
TXN106392,25000.0,SUCCESS,REF-00006392,13/07/2026,Merchant_A,Processor_A,NGN,CARD,SET-0042
TXN100212,15000.0,SUCCESS,REF-00000212,13/07/2026,Merchant_D,Processor_A,NGN,USSD,SET-0042
TXN104235,5000.0,REFUNDED,REF-00004235,13/07/2026,Merchant_B,Processor_A,NGN,CARD,SET-0015
TXN104478,15000.0,SUCCESS,REF-00004478,11/07/2026,Merchant_C,Processor_A,NGN,BANK_TRANSFER,SET-0007
TXN107352,10000.0,SUCCESS,REF-00007352,29/07/2026,Merchant_B,Processor_A,NGN,USSD,SET-0038
TXN108393,25000.0,SUCCESS,REF-00008393,26/07/2026,Merchant_B,Processor_A,NGN,BANK_TRANSFER,SET-0025
TXN107160,25000.0,SUCCESS,REF-00007160,02/07/2026,Merchant_E,Processor_A,NGN,BANK_TRANSFER,SET-0019
TXN105541,15000.0,SUCCESS,REF-00005541,02/07/2026,Merchant_A,Processor_A,NGN,MOBILE_MONEY,SET-0023
TXN109412,25000.0,SUCCESS,REF-00009412,14/07/2026,Merchant_C,Processor_A,NGN,BANK_TRANSFER,SET-0009
TXN109794,10000.0,SUCCESS,REF-00009794,20/07/2026,Merchant_C,Processor_A,NGN,BANK_TRANSFER,SET-0025
TXN106398,7500.0,SUCCESS,REF-00006398,10/07/2026,Merchant_D,Processor_A,NGN,USSD,SET-0010
TXN103760,1000.0,SUCCESS,REF-00003760,31/07/2026,Merchant_B,Processor_A,NGN,CARD,SET-0015
TXN101722,5000.0,SUCCESS,REF-00001722,24/07/2026,Merchant_A,Processor_A,NGN,CARD,SET-0022
TXN102169,5000.0,SUCCESS,REF-00002169,29/07/2026,Merchant_A,Processor_A,NGN,CARD,SET-0045
TXN103408,2500.0,SUCCESS,REF-00003408,17/07/2026,Merchant_A,Processor_A,NGN,CARD,SET-0026
TXN101282,10000.0,REFUNDED,REF-00001282,06/07/2026,Merchant_D,Processor_A,NGN,CARD,SET-0047
TXN103365,15000.0,SUCCESS,REF-00003365,30/07/2026,Merchant_C,Processor_A,NGN,CARD,SET-0039
TXN101962,50000.0,SUCCESS,REF-00001962,16/07/2026,Merchant_A,Processor_A,NGN,CARD,SET-0005
TXN106243,25000.0,SUCCESS,REF-00006243,22/07/2026,Merchant_A,Processor_A,NGN,MOBILE_MONEY,SET-0012
TXN104395,50000.0,SUCCESS,REF-00004395,04/07/2026,Merchant_E,Processor_A,NGN,BANK_TRANSFER,SET-0032
TXN103914,250250.0,SUCCESS,REF-00003914,10/07/2026,Merchant_B,Processor_A,NGN,USSD,SET-0044
TXN109127,15000.0,SUCCESS,REF-00009127,17/07/2026,Merchant_E,Processor_A,NGN,CARD,SET-0032
TXN103112,25000.0,SUCCESS,REF-00003112,02/07/2026,Merchant_C,Processor_A,NGN,CARD,SET-0023
TXN101875,10000.0,FAILED,REF-00001875,24/07/2026,Merchant_E,Processor_A,NGN,BANK_TRANSFER,SET-0044
TXN104443,7500.0,SUCCESS,REF-00004443,17/07/2026,Merchant_E,Processor_A,NGN,BANK_TRANSFER,SET-0023
TXN101692,7500.0,SUCCESS,REF-00001692,23/07/2026,Merchant_A,Processor_A,NGN,MOBILE_MONEY,SET-0006
TXN108920,10000.0,SUCCESS,REF-00008920,30/07/2026,Merchant_C,Processor_A,NGN,CARD,SET-0042
TXN105197,1000.0,FAILED,REF-00005197,05/07/2026,Merchant_E,Processor_A,NGN,USSD,SET-0044
TXN103077,1000.0,SUCCESS,REF-00003077,22/07/2026,Merchant_A,Processor_A,NGN,BANK_TRANSFER,SET-0010
TXN106186,25000.0,SUCCESS,REF-00006186,05/07/2026,Merchant_A,Processor_A,NGN,MOBILE_MONEY,SET-0046
TXN106350,500.0,SUCCESS,REF-00006350,19/07/2026,Merchant_B,Processor_A,NGN,USSD,SET-0037
TXN109186,25000.0,SUCCESS,REF-00009186,17/07/2026,Merchant_A,Processor_A,NGN,CARD,SET-0015
PROC_ONLY1000,1000.0,SUCCESS,PROC-ONLY-REF-00000,31/07/2026,Merchant_B,Processor_A,NGN,MOBILE_MONEY,SET-0039
TXN109047,10000.0,SUCCESS,REF-00009047,18/07/2026,Merchant_E,Processor_A,NGN,MOBILE_MONEY,SET-0016
TXN101332,2500.0,FAILED,REF-00001332,22/07/2026,Merchant_C,Processor_A,NGN,MOBILE_MONEY,SET-0004
TXN101530,5000.0,REFUNDED,REF-00001530,08/07/2026,Merchant_B,Processor_A,NGN,USSD,SET-0036
TXN103387,10000.0,SUCCESS,REF-00003387,21/07/2026,Merchant_B,Processor_A,NGN,BANK_TRANSFER,SET-0030
TXN101802,5000.0,SUCCESS,REF-00001802,26/07/2026,Merchant_E,Processor_A,NGN,MOBILE_MONEY,SET-0036
TXN106334,2500.0,SUCCESS,REF-00006334,11/07/2026,Merchant_D,Processor_A,NGN,CARD,SET-0032
TXN101967,5000.0,SUCCESS,REF-00001967,21/07/2026,Merchant_C,Processor_A,NGN,USSD,SET-0029
TXN109182,1000.0,FAILED,REF-00009182,18/07/2026,Merchant_E,Processor_A,NGN,USSD,SET-0034
TXN105557,25000.0,FAILED,REF-00005557,13/07/2026,Merchant_D,Processor_A,NGN,MOBILE_MONEY,SET-0005
TXN104371,5000.0,SUCCESS,REF-00004371,22/07/2026,Merchant_D,Processor_A,NGN,CARD,SET-0046
TXN104431,10000.0,FAILED,REF-00004431,03/07/2026,Merchant_D,Processor_A,NGN,BANK_TRANSFER,SET-0024
TXN107086,15000.0,SUCCESS,REF-00007086,25/07/2026,Merchant_B,Processor_A,NGN,BANK_TRANSFER,SET-0041
TXN101905,2500.0,SUCCESS,REF-00001905,29/07/2026,Merchant_E,Processor_A,NGN,BANK_TRANSFER,SET-0014
TXN104678,15000.0,SUCCESS,REF-00004678,03/07/2026,Merchant_A,Processor_A,NGN,MOBILE_MONEY,SET-0020
TXN101453,10000.0,SUCCESS,REF-00001453,19/07/2026,Merchant_C,Processor_A,NGN,MOBILE_MONEY,SET-0015
TXN106936,5000.0,SUCCESS,REF-00006936,04/07/2026,Merchant_C,Processor_A,NGN,BANK_TRANSFER,SET-0038
TXN108591,500.0,SUCCESS,REF-00008591,22/07/2026,Merchant_B,Processor_A,NGN,USSD,SET-0022
TXN104036,250000.0,SUCCESS,REF-00004036,07/07/2026,Merchant_C,Processor_A,NGN,CARD,SET-0029
TXN108332,50000.0,SUCCESS,REF-00008332,18/07/2026,Merchant_B,Processor_A,NGN,CARD,SET-0030
TXN106525,250000.0,SUCCESS,REF-00006525,27/07/2026,Merchant_C,Processor_A,NGN,MOBILE_MONEY,SET-0029
TXN109239,15000.0,FAILED,REF-00009239,20/07/2026,Merchant_A,Processor_A,NGN,USSD,SET-0004
TXN102639,25000.0,SUCCESS,REF-00002639,26/07/2026,Merchant_E,Processor_A,NGN,BANK_TRANSFER,SET-0011
TXN105033,15000.0,FAILED,REF-00005033,18/07/2026,Merchant_D,Processor_A,NGN,CARD,SET-0041
TXN101605,10000.0,SUCCESS,REF-00001605,17/07/2026,Merchant_C,Processor_A,NGN,USSD,SET-0035
TXN106301,7500.0,SUCCESS,REF-00006301,13/07/2026,Merchant_E,Processor_A,NGN,MOBILE_MONEY,SET-0027
TXN100186,50000.0,SUCCESS,REF-00000186,14/07/2026,Merchant_C,Processor_A,NGN,USSD,SET-0003
TXN102645,5000.0,SUCCESS,REF-00002645,10/07/2026,Merchant_B,Processor_A,NGN,USSD,SET-0024
TXN103302,10000.0,SUCCESS,REF-00003302,18/07/2026,Merchant_E,Processor_A,NGN,USSD,SET-0021
TXN102220,25000.0,SUCCESS,REF-00002220,24/07/2026,Merchant_B,Processor_A,NGN,USSD,SET-0036
TXN109436,25000.0,SUCCESS,REF-00009436,09/07/2026,Merchant_A,Processor_A,NGN,BANK_TRANSFER,SET-0016
TXN104913,2500.0,SUCCESS,REF-00004913,15/07/2026,Merchant_D,Processor_A,NGN,USSD,SET-0050
TXN107535,25000.0,FAILED,REF-00007535,13/07/2026,Merchant_D,Processor_A,NGN,BANK_TRANSFER,SET-0035
TXN105908,2500.0,SUCCESS,REF-00005908,27/07/2026,Merchant_A,Processor_A,NGN,MOBILE_MONEY,SET-0003
TXN105447,15000.0,SUCCESS,REF-00005447,07/07/2026,Merchant_B,Processor_A,NGN,USSD,SET-0038
TXN107131,7500.0,SUCCESS,REF-00007131,18/07/2026,Merchant_C,Processor_A,NGN,BANK_TRANSFER,SET-0032
TXN105852,50000.0,SUCCESS,REF-00005852,18/07/2026,Merchant_E,Processor_A,NGN,BANK_TRANSFER,SET-0046
TXN107464,5000.0,SUCCESS,REF-00007464,16/07/2026,Merchant_A,Processor_A,NGN,CARD,SET-0006
TXN104795,5000.0,SUCCESS,REF-00004795,12/07/2026,Merchant_E,Processor_A,NGN,MOBILE_MONEY,SET-0017
TXN106927,15000.0,SUCCESS,REF-00006927,28/07/2026,Merchant_A,Processor_A,NGN,MOBILE_MONEY,SET-0050
TXN104596,25000.0,FAILED,REF-00004596,22/07/2026,Merchant_D,Processor_A,NGN,BANK_TRANSFER,SET-0032
TXN109753,25000.0,SUCCESS,REF-00009753,17/07/2026,Merchant_E,Processor_A,NGN,USSD,SET-0044
TXN103657,10000.0,SUCCESS,REF-00003657,10/07/2026,Merchant_B,Processor_A,NGN,BANK_TRANSFER,SET-0023
TXN107164,25000.0,FAILED,REF-00007164,19/07/2026,Merchant_C,Processor_A,NGN,USSD,SET-0019
TXN104217,10000.0,SUCCESS,REF-00004217,06/07/2026,Merchant_B,Processor_A,NGN,MOBILE_MONEY,SET-0001
TXN108817,5000.0,SUCCESS,REF-00008817,18/07/2026,Merchant_C,Processor_A,NGN,CARD,SET-0015
TXN105510,1500.0,SUCCESS,REF-00005510,26/07/2026,Merchant_A,Processor_A,NGN,BANK_TRANSFER,SET-0012
TXN100932,250000.0,SUCCESS,REF-00000932,16/07/2026,Merchant_B,Processor_A,NGN,MOBILE_MONEY,SET-0008
TXN108338,7500.0,SUCCESS,REF-00008338,01/07/2026,Merchant_A,Processor_A,NGN,MOBILE_MONEY,SET-0009
TXN104417,500.0,SUCCESS,REF-00004417,29/07/2026,Merchant_C,Processor_A,NGN,CARD,SET-0027
TXN102969,10000.0,SUCCESS,REF-00002969,17/07/2026,Merchant_A,Processor_A,NGN,USSD,SET-0027
TXN104914,1500.0,SUCCESS,REF-00004914,05/07/2026,Merchant_A,Processor_A,NGN,USSD,SET-0030
TXN108594,25000.0,SUCCESS,REF-00008594,24/07/2026,Merchant_D,Processor_A,NGN,MOBILE_MONEY,SET-0049
TXN104014,15000.0,SUCCESS,REF-00004014,14/07/2026,Merchant_B,Processor_A,NGN,USSD,SET-0039
TXN109830,7500.0,SUCCESS,REF-00009830,01/07/2026,Merchant_C,Processor_A,NGN,USSD,SET-0021
TXN101085,7500.0,SUCCESS,REF-00001085,18/07/2026,Merchant_B,Processor_A,NGN,MOBILE_MONEY,SET-0008
TXN109600,500.0,SUCCESS,REF-00009600,14/07/2026,Merchant_B,Processor_A,NGN,MOBILE_MONEY,SET-0021
TXN101944,25000.0,FAILED,REF-00001944,23/07/2026,Merchant_E,Processor_A,NGN,MOBILE_MONEY,SET-0002
TXN103841,500.0,SUCCESS,REF-00003841,07/07/2026,Merchant_B,Processor_A,NGN,BANK_TRANSFER,SET-0005
TXN107934,2500.0,SUCCESS,REF-00007934,27/07/2026,Merchant_C,Processor_A,NGN,USSD,SET-0049
TXN102031,10000.0,SUCCESS,REF-00002031,30/07/2026,Merchant_E,Processor_A,NGN,CARD,SET-0038
TXN106594,25000.0,SUCCESS,REF-00006594,13/07/2026,Merchant_E,Processor_A,NGN,BANK_TRANSFER,SET-0018
TXN108265,500.0,SUCCESS,REF-00008265,29/07/2026,Merchant_B,Processor_A,NGN,CARD,SET-0028
TXN103753,25000.0,SUCCESS,REF-00003753,24/07/2026,Merchant_E,Processor_A,NGN,USSD,SET-0013
TXN106283,25000.0,SUCCESS,REF-00006283,19/07/2026,Merchant_B,Processor_A,NGN,USSD,SET-0008
TXN107605,15000.0,SUCCESS,REF-00007605,15/07/2026,Merchant_C,Processor_A,NGN,BANK_TRANSFER,SET-0037
TXN107959,500.0,REFUNDED,REF-00007959,12/07/2026,Merchant_D,Processor_A,NGN,CARD,SET-0034
TXN105185,100000.0,SUCCESS,REF-00005185,25/07/2026,Merchant_E,Processor_A,NGN,BANK_TRANSFER,SET-0008
TXN105688,1500.0,SUCCESS,REF-00005688,27/07/2026,Merchant_D,Processor_A,NGN,MOBILE_MONEY,SET-0020
TXN102410,15000.0,SUCCESS,REF-00002410,29/07/2026,Merchant_C,Processor_A,NGN,CARD,SET-0024
TXN108997,250000.0,SUCCESS,REF-00008997,03/07/2026,Merchant_A,Processor_A,NGN,MOBILE_MONEY,SET-0045
TXN100463,10000.0,FAILED,REF-00000463,21/07/2026,Merchant_C,Processor_A,NGN,CARD,SET-0023
TXN102415,250000.0,SUCCESS,REF-00002415,26/07/2026,Merchant_D,Processor_A,NGN,BANK_TRANSFER,SET-0028
TXN105713,100000.0,SUCCESS,REF-00005713,04/07/2026,Merchant_D,Processor_A,NGN,MOBILE_MONEY,SET-0031
TXN108936,1000.0,SUCCESS,REF-00008936,17/07/2026,Merchant_D,Processor_A,NGN,BANK_TRANSFER,SET-0005
TXN102197,50000.0,SUCCESS,REF-00002197,16/07/2026,Merchant_A,Processor_A,NGN,CARD,SET-0018
TXN108868,15000.0,SUCCESS,REF-00008868,05/07/2026,Merchant_C,Processor_A,NGN,USSD,SET-0050
TXN105889,7500.0,FAILED,REF-00005889,10/07/2026,Merchant_B,Processor_A,NGN,CARD,SET-0019
TXN105441,2500.0,SUCCESS,REF-00005441,30/07/2026,Merchant_B,Processor_A,NGN,MOBILE_MONEY,SET-0023
TXN104342,50000.0,SUCCESS,REF-00004342,14/07/2026,Merchant_E,Processor_A,NGN,CARD,SET-0039
TXN105335,100000.0,SUCCESS,REF-00005335,06/07/2026,Merchant_D,Processor_A,NGN,CARD,SET-0027
TXN106940,50000.0,SUCCESS,REF-00006940,08/07/2026,Merchant_B,Processor_A,NGN,CARD,SET-0021
TXN101873,50000.0,SUCCESS,REF-00001873,23/07/2026,Merchant_C,Processor_A,NGN,BANK_TRANSFER,SET-0039
TXN101237,10000.0,SUCCESS,REF-00001237,07/07/2026,Merchant_A,Processor_A,NGN,MOBILE_MONEY,SET-0029
TXN104569,50000.0,SUCCESS,REF-00004569,30/07/2026,Merchant_B,Processor_A,NGN,CARD,SET-0021
TXN107479,7500.0,SUCCESS,REF-00007479,26/07/2026,Merchant_E,Processor_A,NGN,MOBILE_MONEY,SET-0025
TXN103927,15000.0,SUCCESS,REF-00003927,26/07/2026,Merchant_C,Processor_A,NGN,BANK_TRANSFER,SET-0039
TXN104207,10000.0,SUCCESS,REF-00004207,01/07/2026,Merchant_E,Processor_A,NGN,CARD,SET-0022
TXN108191,7500.0,SUCCESS,REF-00008191,13/07/2026,Merchant_B,Processor_A,NGN,CARD,SET-0035
TXN101508,15000.0,SUCCESS,REF-00001508,04/07/2026,Merchant_E,Processor_A,NGN,USSD,SET-0017
TXN101057,7500.0,FAILED,REF-00001057,27/07/2026,Merchant_A,Processor_A,NGN,CARD,SET-0014
TXN106546,10000.0,REFUNDED,REF-00006546,08/07/2026,Merchant_E,Processor_A,NGN,BANK_TRANSFER,SET-0026
TXN107579,25000.0,SUCCESS,REF-00007579,22/07/2026,Merchant_D,Processor_A,NGN,MOBILE_MONEY,SET-0023
TXN102399,15000.0,SUCCESS,REF-00002399,17/07/2026,Merchant_D,Processor_A,NGN,CARD,SET-0042
TXN105437,50000.0,SUCCESS,REF-00005437,08/07/2026,Merchant_B,Processor_A,NGN,MOBILE_MONEY,SET-0011
TXN100940,5000.0,SUCCESS,REF-00000940,06/07/2026,Merchant_B,Processor_A,NGN,CARD,SET-0016
TXN108708,1000.0,REFUNDED,REF-00008708,28/07/2026,Merchant_E,Processor_A,NGN,MOBILE_MONEY,SET-0023
TXN107309,500.0,SUCCESS,REF-00007309,03/07/2026,Merchant_B,Processor_A,NGN,MOBILE_MONEY,SET-0041
TXN102019,15000.0,SUCCESS,REF-00002019,18/07/2026,Merchant_D,Processor_A,NGN,USSD,SET-0004
TXN103606,50000.0,SUCCESS,REF-00003606,22/07/2026,Merchant_C,Processor_A,NGN,USSD,SET-0012
TXN106007,1000.0,SUCCESS,REF-00006007,03/07/2026,Merchant_E,Processor_A,NGN,CARD,SET-0026
TXN105414,1000.0,SUCCESS,REF-00005414,19/07/2026,Merchant_A,Processor_A,NGN,USSD,SET-0035
TXN109324,1500.0,SUCCESS,REF-00009324,23/07/2026,Merchant_A,Processor_A,NGN,USSD,SET-0013
TXN105430,15000.0,SUCCESS,REF-00005430,11/07/2026,Merchant_B,Processor_A,NGN,MOBILE_MONEY,SET-0044
TXN100278,25000.0,SUCCESS,REF-00000278,05/07/2026,Merchant_B,Processor_A,NGN,BANK_TRANSFER,SET-0035
TXN107404,5000.0,SUCCESS,REF-00007404,13/07/2026,Merchant_A,Processor_A,NGN,USSD,SET-0044
TXN102916,25000.0,SUCCESS,REF-00002916,15/07/2026,Merchant_C,Processor_A,NGN,BANK_TRANSFER,SET-0035
TXN102973,25000.0,SUCCESS,REF-00002973,25/07/2026,Merchant_C,Processor_A,NGN,BANK_TRANSFER,SET-0037
TXN102593,10000.0,SUCCESS,REF-00002593,17/07/2026,Merchant_A,Processor_A,NGN,MOBILE_MONEY,SET-0038
TXN106151,10000.0,SUCCESS,REF-00006151,05/07/2026,Merchant_B,Processor_A,NGN,CARD,SET-0049
TXN107965,500.0,SUCCESS,REF-00007965,04/07/2026,Merchant_E,Processor_A,NGN,BANK_TRANSFER,SET-0017
TXN105521,10000.0,REFUNDED,REF-00005521,04/07/2026,Merchant_B,Processor_A,NGN,USSD,SET-0022
TXN106262,1500.0,FAILED,REF-00006262,11/07/2026,Merchant_D,Processor_A,NGN,CARD,SET-0032
TXN100921,10000.0,SUCCESS,REF-00000921,15/07/2026,Merchant_D,Processor_A,NGN,BANK_TRANSFER,SET-0020
TXN108398,50000.0,SUCCESS,REF-00008398,26/07/2026,Merchant_A,Processor_A,NGN,CARD,SET-0010
TXN105660,1500.0,SUCCESS,REF-00005660,05/07/2026,Merchant_A,Processor_A,NGN,MOBILE_MONEY,SET-0011
TXN101842,7500.0,FAILED,REF-00001842,13/07/2026,Merchant_E,Processor_A,NGN,MOBILE_MONEY,SET-0032
TXN106870,10000.0,SUCCESS,REF-00006870,06/07/2026,Merchant_D,Processor_A,NGN,MOBILE_MONEY,SET-0039
TXN102814,10000.0,SUCCESS,REF-00002814,27/07/2026,Merchant_A,Processor_A,NGN,CARD,SET-0009
TXN104603,5000.0,SUCCESS,REF-00004603,09/07/2026,Merchant_D,Processor_A,NGN,BANK_TRANSFER,SET-0005
TXN106054,50000.0,SUCCESS,REF-00006054,30/07/2026,Merchant_D,Processor_A,NGN,USSD,SET-0021
TXN103381,7500.0,SUCCESS,REF-00003381,30/07/2026,Merchant_E,Processor_A,NGN,BANK_TRANSFER,SET-0004
TXN103343,1500.0,SUCCESS,REF-00003343,28/07/2026,Merchant_E,Processor_A,NGN,USSD,SET-0026
TXN107050,100000.0,SUCCESS,REF-00007050,23/07/2026,Merchant_D,Processor_A,NGN,CARD,SET-0016
TXN106000,15000.0,SUCCESS,REF-00006000,06/07/2026,Merchant_B,Processor_A,NGN,USSD,SET-0050
TXN102535,50000.0,SUCCESS,REF-00002535,16/07/2026,Merchant_A,Processor_A,NGN,BANK_TRANSFER,SET-0021
TXN108280,5000.0,REFUNDED,REF-00008280,22/07/2026,Merchant_D,Processor_A,NGN,USSD,SET-0033
TXN103099,7500.0,SUCCESS,REF-00003099,04/07/2026,Merchant_B,Processor_A,NGN,BANK_TRANSFER,SET-0027
TXN104999,15000.0,SUCCESS,REF-00004999,17/07/2026,Merchant_E,Processor_A,NGN,MOBILE_MONEY,SET-0031
TXN100065,10000.0,SUCCESS,REF-00000065,28/07/2026,Merchant_A,Processor_A,NGN,MOBILE_MONEY,SET-0047
TXN101494,15000.0,SUCCESS,REF-00001494,15/07/2026,Merchant_B,Processor_A,NGN,USSD,SET-0049
TXN103457,25000.0,SUCCESS,REF-00003457,08/07/2026,Merchant_B,Processor_A,NGN,CARD,SET-0036
TXN104482,10000.0,SUCCESS,REF-00004482,13/07/2026,Merchant_C,Processor_A,NGN,BANK_TRANSFER,SET-0012
TXN106075,500.0,SUCCESS,REF-00006075,10/07/2026,Merchant_B,Processor_A,NGN,USSD,SET-0017
TXN105907,25000.0,SUCCESS,REF-00005907,07/07/2026,Merchant_B,Processor_A,NGN,MOBILE_MONEY,SET-0037
TXN106738,2500.0,SUCCESS,REF-00006738,17/07/2026,Merchant_E,Processor_A,NGN,USSD,SET-0001
TXN105698,250000.0,SUCCESS,REF-00005698,17/07/2026,Merchant_D,Processor_A,NGN,MOBILE_MONEY,SET-0008
TXN108841,50000.0,REFUNDED,REF-00008841,10/07/2026,Merchant_D,Processor_A,NGN,BANK_TRANSFER,SET-0025
TXN105979,10000.0,SUCCESS,REF-00005979,25/07/2026,Merchant_C,Processor_A,NGN,BANK_TRANSFER,SET-0036
TXN109903,10000.0,SUCCESS,REF-00009903,30/07/2026,Merchant_A,Processor_A,NGN,BANK_TRANSFER,SET-0025
TXN109435,5000.0,SUCCESS,REF-00009435,16/07/2026,Merchant_E,Processor_A,NGN,CARD,SET-0002
TXN109178,10000.0,SUCCESS,REF-00009178,30/07/2026,Merchant_A,Processor_A,NGN,MOBILE_MONEY,SET-0002
TXN105094,1000.0,SUCCESS,REF-00005094,25/07/2026,Merchant_B,Processor_A,NGN,CARD,SET-0019
TXN103123,7500.0,SUCCESS,REF-00003123,22/07/2026,Merchant_B,Processor_A,NGN,USSD,SET-0014
TXN108114,7500.0,SUCCESS,REF-00008114,28/07/2026,Merchant_E,Processor_A,NGN,USSD,SET-0025
TXN101115,10000.0,SUCCESS,REF-00001115,20/07/2026,Merchant_A,Processor_A,NGN,MOBILE_MONEY,SET-0001
TXN108567,100000.0,SUCCESS,REF-00008567,15/07/2026,Merchant_A,Processor_A,NGN,USSD,SET-0042
TXN106453,5000.0,SUCCESS,REF-00006453,28/07/2026,Merchant_A,Processor_A,NGN,BANK_TRANSFER,SET-0036
TXN105159,2500.0,SUCCESS,REF-00005159,13/07/2026,Merchant_C,Processor_A,NGN,CARD,SET-0047
TXN104098,2500.0,SUCCESS,REF-00004098,19/07/2026,Merchant_E,Processor_A,NGN,CARD,SET-0016
TXN107328,1500.0,SUCCESS,REF-00007328,13/07/2026,Merchant_B,Processor_A,NGN,MOBILE_MONEY,SET-0024
TXN107237,50000.0,SUCCESS,REF-00007237,27/07/2026,Merchant_B,Processor_A,NGN,MOBILE_MONEY,SET-0003
TXN101060,100000.0,SUCCESS,REF-00001060,01/07/2026,Merchant_E,Processor_A,NGN,CARD,SET-0005
TXN103040,1500.0,SUCCESS,REF-00003040,10/07/2026,Merchant_E,Processor_A,NGN,BANK_TRANSFER,SET-0015
TXN104714,10000.0,SUCCESS,REF-00004714,13/07/2026,Merchant_D,Processor_A,NGN,BANK_TRANSFER,SET-0025
TXN107133,1500.0,SUCCESS,REF-00007133,05/07/2026,Merchant_B,Processor_A,NGN,USSD,SET-0011
TXN109962,10000.0,SUCCESS,REF-00009962,11/07/2026,Merchant_A,Processor_A,NGN,CARD,SET-0045
TXN104209,1000.0,SUCCESS,REF-00004209,23/07/2026,Merchant_D,Processor_A,NGN,BANK_TRANSFER,SET-0006
TXN100381,25000.0,SUCCESS,REF-00000381,24/07/2026,Merchant_D,Processor_A,NGN,USSD,SET-0037
TXN104000,10000.0,SUCCESS,REF-00004000,26/07/2026,Merchant_A,Processor_A,NGN,USSD,SET-0024
TXN103821,5000.0,SUCCESS,REF-00003821,21/07/2026,Merchant_D,Processor_A,NGN,USSD,SET-0037
TXN103512,250000.0,SUCCESS,REF-00003512,15/07/2026,Merchant_C,Processor_A,NGN,CARD,SET-0031
TXN109056,50000.0,SUCCESS,REF-00009056,18/07/2026,Merchant_D,Processor_A,NGN,CARD,SET-0031
TXN103735,10000.0,SUCCESS,REF-00003735,20/07/2026,Merchant_B,Processor_A,NGN,BANK_TRANSFER,SET-0021
TXN103667,1500.0,SUCCESS,REF-00003667,02/07/2026,Merchant_B,Processor_A,NGN,CARD,SET-0025
TXN100285,500.0,SUCCESS,REF-00000285,02/07/2026,Merchant_A,Processor_A,NGN,USSD,SET-0042
TXN108353,10000.0,FAILED,REF-00008353,18/07/2026,Merchant_B,Processor_A,NGN,USSD,SET-0023
TXN102027,250000.0,SUCCESS,REF-00002027,23/07/2026,Merchant_B,Processor_A,NGN,CARD,SET-0006
TXN103138,10000.0,FAILED,REF-00003138,23/07/2026,Merchant_A,Processor_A,NGN,BANK_TRANSFER,SET-0032
TXN100420,50000.0,SUCCESS,REF-00000420,08/07/2026,Merchant_A,Processor_A,NGN,USSD,SET-0034
TXN107945,1500.0,SUCCESS,REF-00007945,20/07/2026,Merchant_E,Processor_A,NGN,BANK_TRANSFER,SET-0026
TXN104274,15000.0,SUCCESS,REF-00004274,14/07/2026,Merchant_D,Processor_A,NGN,USSD,SET-0044
TXN102746,10000.0,SUCCESS,REF-00002746,27/07/2026,Merchant_A,Processor_A,NGN,USSD,SET-0029
TXN107592,25000.0,SUCCESS,REF-00007592,12/07/2026,Merchant_E,Processor_A,NGN,BANK_TRANSFER,SET-0024
TXN100950,15000.0,SUCCESS,REF-00000950,08/07/2026,Merchant_A,Processor_A,NGN,MOBILE_MONEY,SET-0014
TXN101178,25000.0,SUCCESS,REF-00001178,25/07/2026,Merchant_D,Processor_A,NGN,MOBILE_MONEY,SET-0024
TXN100486,1000.0,SUCCESS,REF-00000486,25/07/2026,Merchant_E,Processor_A,NGN,USSD,SET-0044
TXN108493,100000.0,SUCCESS,REF-00008493,24/07/2026,Merchant_C,Processor_A,NGN,BANK_TRANSFER,SET-0019
TXN106585,7500.0,FAILED,REF-00006585,20/07/2026,Merchant_A,Processor_A,NGN,MOBILE_MONEY,SET-0001
TXN101286,1000.0,FAILED,REF-00001286,04/07/2026,Merchant_B,Processor_A,NGN,BANK_TRANSFER,SET-0020
TXN101501,10000.0,FAILED,REF-00001501,12/07/2026,Merchant_D,Processor_A,NGN,BANK_TRANSFER,SET-0037
TXN103704,100000.0,SUCCESS,REF-00003704,24/07/2026,Merchant_A,Processor_A,NGN,USSD,SET-0006
TXN109132,10000.0,SUCCESS,REF-00009132,20/07/2026,Merchant_D,Processor_A,NGN,MOBILE_MONEY,SET-0033
TXN105767,1000.0,SUCCESS,REF-00005767,14/07/2026,Merchant_E,Processor_A,NGN,BANK_TRANSFER,SET-0021
TXN103706,25000.0,SUCCESS,REF-00003706,03/07/2026,Merchant_C,Processor_A,NGN,USSD,SET-0030
TXN108168,7500.0,SUCCESS,REF-00008168,22/07/2026,Merchant_B,Processor_A,NGN,BANK_TRANSFER,SET-0013
TXN109222,10000.0,SUCCESS,REF-00009222,17/07/2026,Merchant_E,Processor_A,NGN,USSD,SET-0008
TXN104127,100000.0,SUCCESS,REF-00004127,25/07/2026,Merchant_B,Processor_A,NGN,CARD,SET-0037
TXN103809,1000.0,SUCCESS,REF-00003809,13/07/2026,Merchant_D,Processor_A,NGN,USSD,SET-0030
TXN109064,10000.0,SUCCESS,REF-00009064,13/07/2026,Merchant_A,Processor_A,NGN,MOBILE_MONEY,SET-0032
TXN104894,5000.0,SUCCESS,REF-00004894,25/07/2026,Merchant_C,Processor_A,NGN,USSD,SET-0022
TXN100865,10000.0,REFUNDED,REF-00000865,22/07/2026,Merchant_E,Processor_A,NGN,USSD,SET-0029
TXN101478,50000.0,SUCCESS,REF-00001478,02/07/2026,Merchant_C,Processor_A,NGN,MOBILE_MONEY,SET-0037
TXN104475,10000.0,SUCCESS,REF-00004475,09/07/2026,Merchant_B,Processor_A,NGN,BANK_TRANSFER,SET-0032
TXN103765,5000.0,SUCCESS,REF-00003765,04/07/2026,Merchant_E,Processor_A,NGN,BANK_TRANSFER,SET-0049
TXN102096,10000.0,SUCCESS,REF-00002096,07/07/2026,Merchant_D,Processor_A,NGN,BANK_TRANSFER,SET-0001
TXN104883,1500.0,SUCCESS,REF-00004883,10/07/2026,Merchant_C,Processor_A,NGN,USSD,SET-0028
TXN105821,7500.0,SUCCESS,REF-00005821,16/07/2026,Merchant_A,Processor_A,NGN,USSD,SET-0003
TXN105294,25000.0,SUCCESS,REF-00005294,26/07/2026,Merchant_C,Processor_A,NGN,USSD,SET-0037
TXN104413,15000.0,SUCCESS,REF-00004413,22/07/2026,Merchant_D,Processor_A,NGN,BANK_TRANSFER,SET-0009
TXN107512,500.0,SUCCESS,REF-00007512,07/07/2026,Merchant_D,Processor_A,NGN,MOBILE_MONEY,SET-0015
TXN106984,50000.0,SUCCESS,REF-00006984,06/07/2026,Merchant_D,Processor_A,NGN,BANK_TRANSFER,SET-0015
TXN103263,500.0,SUCCESS,REF-00003263,25/07/2026,Merchant_C,Processor_A,NGN,BANK_TRANSFER,SET-0036
TXN100396,50000.0,SUCCESS,REF-00000396,16/07/2026,Merchant_A,Processor_A,NGN,MOBILE_MONEY,SET-0030
TXN103170,15000.0,SUCCESS,REF-00003170,23/07/2026,Merchant_C,Processor_A,NGN,USSD,SET-0002
TXN109488,1000.0,SUCCESS,REF-00009488,21/07/2026,Merchant_A,Processor_A,NGN,BANK_TRANSFER,SET-0050
TXN100877,15000.0,SUCCESS,REF-00000877,28/07/2026,Merchant_E,Processor_A,NGN,USSD,SET-0033
TXN105565,500.0,SUCCESS,REF-00005565,05/07/2026,Merchant_A,Processor_A,NGN,BANK_TRANSFER,SET-0050
TXN104103,1500.0,SUCCESS,REF-00004103,23/07/2026,Merchant_E,Processor_A,NGN,USSD,SET-0007
TXN107810,2500.0,SUCCESS,REF-00007810,25/07/2026,Merchant_B,Processor_A,NGN,MOBILE_MONEY,SET-0033
TXN102991,50000.0,SUCCESS,REF-00002991,04/07/2026,Merchant_A,Processor_A,NGN,MOBILE_MONEY,SET-0003
TXN105851,250000.0,SUCCESS,REF-00005851,30/07/2026,Merchant_B,Processor_A,NGN,USSD,SET-0046
TXN106504,1000.0,SUCCESS,REF-00006504,23/07/2026,Merchant_D,Processor_A,NGN,USSD,SET-0002
TXN105429,25000.0,SUCCESS,REF-00005429,17/07/2026,Merchant_E,Processor_A,NGN,BANK_TRANSFER,SET-0048
TXN105894,7500.0,SUCCESS,REF-00005894,05/07/2026,Merchant_A,Processor_A,NGN,MOBILE_MONEY,SET-0039
TXN100506,100000.0,SUCCESS,REF-00000506,08/07/2026,Merchant_E,Processor_A,NGN,MOBILE_MONEY,SET-0011
TXN100941,10000.0,SUCCESS,REF-00000941,12/07/2026,Merchant_D,Processor_A,NGN,CARD,SET-0044
TXN106554,25000.0,FAILED,REF-00006554,03/07/2026,Merchant_A,Processor_A,NGN,MOBILE_MONEY,SET-0024
TXN108551,1000.0,SUCCESS,REF-00008551,03/07/2026,Merchant_E,Processor_A,NGN,BANK_TRANSFER,SET-0019
TXN105089,1000.0,SUCCESS,REF-00005089,26/07/2026,Merchant_D,Processor_A,NGN,BANK_TRANSFER,SET-0005
TXN105625,50000.0,SUCCESS,REF-00005625,29/07/2026,Merchant_D,Processor_A,NGN,CARD,SET-0030
TXN107490,1000.0,FAILED,REF-00007490,28/07/2026,Merchant_E,Processor_A,NGN,BANK_TRANSFER,SET-0019
TXN104064,50000.0,SUCCESS,REF-00004064,14/07/2026,Merchant_B,Processor_A,NGN,MOBILE_MONEY,SET-0024
TXN108304,1000.0,SUCCESS,REF-00008304,28/07/2026,Merchant_B,Processor_A,NGN,BANK_TRANSFER,SET-0039
TXN101763,10000.0,SUCCESS,REF-00001763,20/07/2026,Merchant_B,Processor_A,NGN,MOBILE_MONEY,SET-0043
TXN107623,25000.0,REFUNDED,REF-00007623,14/07/2026,Merchant_C,Processor_A,NGN,BANK_TRANSFER,SET-0044
TXN108610,7500.0,FAILED,REF-00008610,28/07/2026,Merchant_A,Processor_A,NGN,MOBILE_MONEY,SET-0025
TXN108783,15000.0,SUCCESS,REF-00008783,07/07/2026,Merchant_C,Processor_A,NGN,CARD,SET-0049
TXN104041,5000.0,SUCCESS,REF-00004041,18/07/2026,Merchant_A,Processor_A,NGN,MOBILE_MONEY,SET-0004
TXN105267,7500.0,SUCCESS,REF-00005267,09/07/2026,Merchant_E,Processor_A,NGN,BANK_TRANSFER,SET-0041
TXN104912,10000.0,SUCCESS,REF-00004912,01/07/2026,Merchant_D,Processor_A,NGN,MOBILE_MONEY,SET-0007
TXN104382,10000.0,SUCCESS,REF-00004382,08/07/2026,Merchant_A,Processor_A,NGN,USSD,SET-0040
TXN102598,5000.0,FAILED,REF-00002598,29/07/2026,Merchant_C,Processor_A,NGN,CARD,SET-0028
TXN104689,250000.0,SUCCESS,REF-00004689,19/07/2026,Merchant_A,Processor_A,NGN,BANK_TRANSFER,SET-0004
TXN100842,1500.0,SUCCESS,REF-00000842,29/07/2026,Merchant_E,Processor_A,NGN,MOBILE_MONEY,SET-0019
TXN101904,25000.0,SUCCESS,REF-00001904,25/07/2026,Merchant_B,Processor_A,NGN,MOBILE_MONEY,SET-0003
TXN103186,5000.0,SUCCESS,REF-00003186-X,22/07/2026,Merchant_B,Processor_A,NGN,BANK_TRANSFER,SET-0036
TXN100890,25000.0,SUCCESS,REF-00000890,28/07/2026,Merchant_B,Processor_A,NGN,USSD,SET-0018
TXN104145,15100.0,SUCCESS,REF-00004145,12/07/2026,Merchant_A,Processor_A,NGN,MOBILE_MONEY,SET-0033
TXN107393,10000.0,SUCCESS,REF-00007393,15/07/2026,Merchant_C,Processor_A,NGN,USSD,SET-0004
TXN100936,500.0,FAILED,REF-00000936,12/07/2026,Merchant_D,Processor_A,NGN,BANK_TRANSFER,SET-0045
TXN107105,1000.0,SUCCESS,REF-00007105,08/07/2026,Merchant_B,Processor_A,NGN,BANK_TRANSFER,SET-0016
TXN107126,1000.0,SUCCESS,REF-00007126,08/07/2026,Merchant_B,Processor_A,NGN,BANK_TRANSFER,SET-0027
TXN106199,1000.0,SUCCESS,REF-00006199,09/07/2026,Merchant_B,Processor_A,NGN,MOBILE_MONEY,SET-0027
TXN107077,15000.0,SUCCESS,REF-00007077,20/07/2026,Merchant_C,Processor_A,NGN,MOBILE_MONEY,SET-0045
TXN100233,10000.0,SUCCESS,REF-00000233,26/07/2026,Merchant_B,Processor_A,NGN,USSD,SET-0015
TXN107425,5000.0,SUCCESS,REF-00007425,22/07/2026,Merchant_E,Processor_A,NGN,CARD,SET-0040
TXN102745,26000.0,SUCCESS,REF-00002745,21/07/2026,Merchant_B,Processor_A,NGN,MOBILE_MONEY,SET-0037
TXN105551,5000.0,SUCCESS,REF-00005551,21/07/2026,Merchant_E,Processor_A,NGN,MOBILE_MONEY,SET-0041
TXN108713,7500.0,SUCCESS,REF-00008713,18/07/2026,Merchant_B,Processor_A,NGN,CARD,SET-0005
TXN107455,250000.0,SUCCESS,REF-00007455,12/07/2026,Merchant_C,Processor_A,NGN,BANK_TRANSFER,SET-0029
TXN104523,15000.0,SUCCESS,REF-00004523,01/07/2026,Merchant_A,Processor_A,NGN,CARD,SET-0024
TXN100723,25000.0,FAILED,REF-00000723,02/07/2026,Merchant_E,Processor_A,NGN,USSD,SET-0016
TXN101519,100000.0,SUCCESS,REF-00001519,06/07/2026,Merchant_B,Processor_A,NGN,MOBILE_MONEY,SET-0030
TXN108194,5000.0,SUCCESS,REF-00008194,22/07/2026,Merchant_C,Processor_A,NGN,CARD,SET-0006
TXN105077,2500.0,SUCCESS,REF-00005077,13/07/2026,Merchant_D,Processor_A,NGN,CARD,SET-0033
TXN105385,10000.0,SUCCESS,REF-00005385,11/07/2026,Merchant_D,Processor_A,NGN,BANK_TRANSFER,SET-0026
TXN107751,15000.0,SUCCESS,REF-00007751,18/07/2026,Merchant_C,Processor_A,NGN,BANK_TRANSFER,SET-0032
TXN103110,15000.0,SUCCESS,REF-00003110,17/07/2026,Merchant_A,Processor_A,NGN,CARD,SET-0024
TXN102561,25000.0,SUCCESS,REF-00002561,14/07/2026,Merchant_A,Processor_A,NGN,BANK_TRANSFER,SET-0036
TXN105708,15000.0,SUCCESS,REF-00005708,17/07/2026,Merchant_A,Processor_A,NGN,USSD,SET-0035
TXN101159,500.0,SUCCESS,REF-00001159,22/07/2026,Merchant_A,Processor_A,NGN,CARD,SET-0032
TXN109377,7500.0,SUCCESS,REF-00009377,25/07/2026,Merchant_C,Processor_A,NGN,BANK_TRANSFER,SET-0042
TXN107081,25000.0,SUCCESS,REF-00007081,21/07/2026,Merchant_D,Processor_A,NGN,BANK_TRANSFER,SET-0029
TXN107418,1000.0,SUCCESS,REF-00007418,31/07/2026,Merchant_E,Processor_A,NGN,BANK_TRANSFER,SET-0022
TXN102899,500.0,SUCCESS,REF-00002899,03/07/2026,Merchant_E,Processor_A,NGN,USSD,SET-0023
TXN104123,100000.0,SUCCESS,REF-00004123,25/07/2026,Merchant_C,Processor_A,NGN,BANK_TRANSFER,SET-0004
TXN106968,15000.0,SUCCESS,REF-00006968,30/07/2026,Merchant_A,Processor_A,NGN,USSD,SET-0014
TXN102303,5000.0,SUCCESS,REF-00002303-X,22/07/2026,Merchant_D,Processor_A,NGN,CARD,SET-0050
TXN100319,2500.0,SUCCESS,REF-00000319,09/07/2026,Merchant_E,Processor_A,NGN,USSD,SET-0019
TXN106346,5250.0,SUCCESS,REF-00006346,25/07/2026,Merchant_D,Processor_A,NGN,MOBILE_MONEY,SET-0004
TXN102665,5000.0,SUCCESS,REF-00002665,20/07/2026,Merchant_C,Processor_A,NGN,MOBILE_MONEY,SET-0015
TXN102803,250000.0,SUCCESS,REF-00002803,10/07/2026,Merchant_A,Processor_A,NGN,BANK_TRANSFER,SET-0042
TXN104931,5000.0,SUCCESS,REF-00004931,14/07/2026,Merchant_E,Processor_A,NGN,BANK_TRANSFER,SET-0022
TXN101602,2500.0,FAILED,REF-00001602,27/07/2026,Merchant_A,Processor_A,NGN,MOBILE_MONEY,SET-0005
TXN103894,25000.0,SUCCESS,REF-00003894,11/07/2026,Merchant_E,Processor_A,NGN,MOBILE_MONEY,SET-0042
TXN108088,1000.0,SUCCESS,REF-00008088,01/07/2026,Merchant_C,Processor_A,NGN,USSD,SET-0014
TXN101926,10000.0,SUCCESS,REF-00001926,27/07/2026,Merchant_B,Processor_A,NGN,CARD,SET-0025
TXN103929,1500.0,SUCCESS,REF-00003929,24/07/2026,Merchant_D,Processor_A,NGN,USSD,SET-0014
TXN100594,100000.0,SUCCESS,REF-00000594,23/07/2026,Merchant_A,Processor_A,NGN,USSD,SET-0037
TXN104408,5000.0,SUCCESS,REF-00004408,01/07/2026,Merchant_C,Processor_A,NGN,CARD,SET-0049
TXN105219,1000.0,SUCCESS,REF-00005219,04/07/2026,Merchant_E,Processor_A,NGN,USSD,SET-0028
TXN102874,25000.0,REFUNDED,REF-00002874,12/07/2026,Merchant_B,Processor_A,NGN,USSD,SET-0028
TXN105156,1500.0,SUCCESS,REF-00005156,04/07/2026,Merchant_D,Processor_A,NGN,BANK_TRANSFER,SET-0015
TXN108503,251000.0,SUCCESS,REF-00008503,24/07/2026,Merchant_A,Processor_A,NGN,CARD,SET-0044
TXN107198,100000.0,SUCCESS,REF-00007198,12/07/2026,Merchant_C,Processor_A,NGN,USSD,SET-0011
TXN108056,5000.0,FAILED,REF-00008056,20/07/2026,Merchant_B,Processor_A,NGN,BANK_TRANSFER,SET-0018
TXN103937,1500.0,SUCCESS,REF-00003937,29/07/2026,Merchant_B,Processor_A,NGN,USSD,SET-0018
TXN106951,10000.0,SUCCESS,REF-00006951,26/07/2026,Merchant_C,Processor_A,NGN,CARD,SET-0036
TXN101854,100000.0,SUCCESS,REF-00001854,01/07/2026,Merchant_A,Processor_A,NGN,CARD,SET-0027
TXN105040,25000.0,SUCCESS,REF-00005040,17/07/2026,Merchant_A,Processor_A,NGN,USSD,SET-0018
TXN100493,1500.0,SUCCESS,REF-00000493,14/07/2026,Merchant_D,Processor_A,NGN,BANK_TRANSFER,SET-0004
TXN104798,1500.0,SUCCESS,REF-00004798,22/07/2026,Merchant_D,Processor_A,NGN,MOBILE_MONEY,SET-0035
TXN109731,25000.0,SUCCESS,REF-00009731,17/07/2026,Merchant_D,Processor_A,NGN,USSD,SET-0012
TXN106447,10000.0,SUCCESS,REF-00006447,05/07/2026,Merchant_C,Processor_A,NGN,BANK_TRANSFER,SET-0013
TXN102247,50000.0,SUCCESS,REF-00002247,19/07/2026,Merchant_E,Processor_A,NGN,USSD,SET-0017
TXN108765,50000.0,SUCCESS,REF-00008765,01/07/2026,Merchant_C,Processor_A,NGN,CARD,SET-0040
TXN105882,5000.0,SUCCESS,REF-00005882,10/07/2026,Merchant_E,Processor_A,NGN,USSD,SET-0048
TXN109126,7500.0,FAILED,REF-00009126,06/07/2026,Merchant_C,Processor_A,NGN,CARD,SET-0019
TXN100083,1000.0,SUCCESS,REF-00000083,14/07/2026,Merchant_C,Processor_A,NGN,USSD,SET-0022
TXN108756,2500.0,SUCCESS,REF-00008756,19/07/2026,Merchant_B,Processor_A,NGN,MOBILE_MONEY,SET-0041
TXN100514,1000.0,SUCCESS,REF-00000514,10/07/2026,Merchant_B,Processor_A,NGN,BANK_TRANSFER,SET-0035
TXN102651,5000.0,SUCCESS,REF-00002651,05/07/2026,Merchant_D,Processor_A,NGN,MOBILE_MONEY,SET-0040
TXN105486,2500.0,SUCCESS,REF-00005486,10/07/2026,Merchant_D,Processor_A,NGN,BANK_TRANSFER,SET-0008
TXN102776,1000.0,SUCCESS,REF-00002776,23/07/2026,Merchant_D,Processor_A,NGN,BANK_TRANSFER,SET-0016
TXN105327,1500.0,SUCCESS,REF-00005327,31/07/2026,Merchant_E,Processor_A,NGN,BANK_TRANSFER,SET-0026
TXN103770,10000.0,SUCCESS,REF-00003770,01/07/2026,Merchant_E,Processor_A,NGN,USSD,SET-0003
TXN107554,15000.0,FAILED,REF-00007554,09/07/2026,Merchant_D,Processor_A,NGN,BANK_TRANSFER,SET-0019
TXN101341,7500.0,SUCCESS,REF-00001341,01/07/2026,Merchant_B,Processor_A,NGN,MOBILE_MONEY,SET-0014
TXN109865,500.0,SUCCESS,REF-00009865,15/07/2026,Merchant_B,Processor_A,NGN,BANK_TRANSFER,SET-0023
TXN102314,250000.0,SUCCESS,REF-00002314,14/07/2026,Merchant_C,Processor_A,NGN,MOBILE_MONEY,SET-0007
TXN102850,15000.0,SUCCESS,REF-00002850,29/07/2026,Merchant_E,Processor_A,NGN,BANK_TRANSFER,SET-0014
TXN109964,10000.0,SUCCESS,REF-00009964,20/07/2026,Merchant_A,Processor_A,NGN,MOBILE_MONEY,SET-0044
TXN107071,7500.0,SUCCESS,REF-00007071,17/07/2026,Merchant_E,Processor_A,NGN,BANK_TRANSFER,SET-0004
TXN100961,15000.0,SUCCESS,REF-00000961,31/07/2026,Merchant_D,Processor_A,NGN,USSD,SET-0038
TXN104285,15000.0,SUCCESS,REF-00004285,31/07/2026,Merchant_B,Processor_A,NGN,USSD,SET-0012
TXN101673,50000.0,FAILED,REF-00001673,30/07/2026,Merchant_B,Processor_A,NGN,BANK_TRANSFER,SET-0011
TXN106741,1000.0,FAILED,REF-00006741,04/07/2026,Merchant_C,Processor_A,NGN,BANK_TRANSFER,SET-0015
TXN105415,5000.0,SUCCESS,REF-00005415,23/07/2026,Merchant_A,Processor_A,NGN,MOBILE_MONEY,SET-0017
TXN100944,2500.0,SUCCESS,REF-00000944,21/07/2026,Merchant_E,Processor_A,NGN,BANK_TRANSFER,SET-0004
TXN100891,50000.0,SUCCESS,REF-00000891,30/07/2026,Merchant_D,Processor_A,NGN,BANK_TRANSFER,SET-0045
TXN102108,5000.0,SUCCESS,REF-00002108,04/07/2026,Merchant_D,Processor_A,NGN,MOBILE_MONEY,SET-0019
TXN100951,15000.0,SUCCESS,REF-00000951,26/07/2026,Merchant_D,Processor_A,NGN,CARD,SET-0009
TXN107755,25000.0,SUCCESS,REF-00007755,30/07/2026,Merchant_D,Processor_A,NGN,MOBILE_MONEY,SET-0012
TXN107355,25000.0,SUCCESS,REF-00007355,26/07/2026,Merchant_D,Processor_A,NGN,BANK_TRANSFER,SET-0045
TXN102301,10000.0,SUCCESS,REF-00002301,17/07/2026,Merchant_E,Processor_A,NGN,BANK_TRANSFER,SET-0029
TXN105336,5000.0,SUCCESS,REF-00005336,24/07/2026,Merchant_E,Processor_A,NGN,MOBILE_MONEY,SET-0016
TXN107819,10000.0,SUCCESS,REF-00007819,20/07/2026,Merchant_D,Processor_A,NGN,MOBILE_MONEY,SET-0036
TXN105634,1500.0,SUCCESS,REF-00005634,07/07/2026,Merchant_B,Processor_A,NGN,MOBILE_MONEY,SET-0012
TXN104744,2500.0,SUCCESS,REF-00004744,14/07/2026,Merchant_C,Processor_A,NGN,BANK_TRANSFER,SET-0048
TXN102794,7500.0,SUCCESS,REF-00002794,15/07/2026,Merchant_E,Processor_A,NGN,CARD,SET-0021
TXN100288,5000.0,SUCCESS,REF-00000288,23/07/2026,Merchant_B,Processor_A,NGN,USSD,SET-0045
TXN107973,100000.0,SUCCESS,REF-00007973,25/07/2026,Merchant_C,Processor_A,NGN,USSD,SET-0042
TXN106327,7500.0,SUCCESS,REF-00006327,25/07/2026,Merchant_D,Processor_A,NGN,USSD,SET-0032
TXN108788,1000.0,REFUNDED,REF-00008788,25/07/2026,Merchant_B,Processor_A,NGN,CARD,SET-0033
TXN102993,7500.0,SUCCESS,REF-00002993,04/07/2026,Merchant_C,Processor_A,NGN,USSD,SET-0042
TXN100046,5000.0,SUCCESS,REF-00000046,30/07/2026,Merchant_B,Processor_A,NGN,MOBILE_MONEY,SET-0017
TXN102700,10000.0,SUCCESS,REF-00002700,01/07/2026,Merchant_E,Processor_A,NGN,BANK_TRANSFER,SET-0044
TXN102482,100000.0,SUCCESS,REF-00002482,01/07/2026,Merchant_E,Processor_A,NGN,MOBILE_MONEY,SET-0017
TXN109541,5000.0,SUCCESS,REF-00009541,14/07/2026,Merchant_B,Processor_A,NGN,BANK_TRANSFER,SET-0004
TXN101549,15000.0,REFUNDED,REF-00001549,10/07/2026,Merchant_E,Processor_A,NGN,BANK_TRANSFER,SET-0008
TXN108879,2500.0,SUCCESS,REF-00008879,02/07/2026,Merchant_D,Processor_A,NGN,CARD,SET-0026
TXN101243,50000.0,SUCCESS,REF-00001243,17/07/2026,Merchant_A,Processor_A,NGN,MOBILE_MONEY,SET-0015
TXN108930,7500.0,SUCCESS,REF-00008930,18/07/2026,Merchant_C,Processor_A,NGN,CARD,SET-0032
TXN104162,10000.0,SUCCESS,REF-00004162,16/07/2026,Merchant_C,Processor_A,NGN,BANK_TRANSFER,SET-0011
TXN104386,250000.0,SUCCESS,REF-00004386,20/07/2026,Merchant_E,Processor_A,NGN,BANK_TRANSFER,SET-0004
TXN107565,100000.0,SUCCESS,REF-00007565,11/07/2026,Merchant_A,Processor_A,NGN,MOBILE_MONEY,SET-0010
TXN104861,50000.0,SUCCESS,REF-00004861,08/07/2026,Merchant_D,Processor_A,NGN,MOBILE_MONEY,SET-0022
TXN107217,25000.0,SUCCESS,REF-00007217,25/07/2026,Merchant_A,Processor_A,NGN,USSD,SET-0038
TXN105035,5000.0,SUCCESS,REF-00005035,02/07/2026,Merchant_E,Processor_A,NGN,USSD,SET-0007
TXN109316,50000.0,SUCCESS,REF-00009316,28/07/2026,Merchant_C,Processor_A,NGN,MOBILE_MONEY,SET-0013
TXN101176,25000.0,SUCCESS,REF-00001176,25/07/2026,Merchant_B,Processor_A,NGN,BANK_TRANSFER,SET-0016
TXN107583,1500.0,SUCCESS,REF-00007583,16/07/2026,Merchant_A,Processor_A,NGN,MOBILE_MONEY,SET-0002
TXN107337,2500.0,SUCCESS,REF-00007337,08/07/2026,Merchant_D,Processor_A,NGN,MOBILE_MONEY,SET-0011
TXN104548,15000.0,SUCCESS,REF-00004548-X,11/07/2026,Merchant_A,Processor_A,NGN,USSD,SET-0039
TXN105358,50000.0,SUCCESS,REF-00005358,27/07/2026,Merchant_C,Processor_A,NGN,MOBILE_MONEY,SET-0042
TXN108637,7500.0,SUCCESS,REF-00008637,16/07/2026,Merchant_E,Processor_A,NGN,CARD,SET-0008
TXN106877,2500.0,SUCCESS,REF-00006877,16/07/2026,Merchant_D,Processor_A,NGN,MOBILE_MONEY,SET-0042
TXN105086,25000.0,SUCCESS,REF-00005086,17/07/2026,Merchant_A,Processor_A,NGN,MOBILE_MONEY,SET-0014
TXN104339,2500.0,SUCCESS,REF-00004339,12/07/2026,Merchant_B,Processor_A,NGN,MOBILE_MONEY,SET-0020
TXN101691,10000.0,SUCCESS,REF-00001691,23/07/2026,Merchant_A,Processor_A,NGN,CARD,SET-0023
TXN105771,25000.0,SUCCESS,REF-00005771,02/07/2026,Merchant_D,Processor_A,NGN,CARD,SET-0042
TXN100709,15000.0,SUCCESS,REF-00000709,02/07/2026,Merchant_B,Processor_A,NGN,CARD,SET-0008
TXN109121,7500.0,SUCCESS,REF-00009121,04/07/2026,Merchant_B,Processor_A,NGN,BANK_TRANSFER,SET-0014
TXN103375,25000.0,SUCCESS,REF-00003375,29/07/2026,Merchant_E,Processor_A,NGN,MOBILE_MONEY,SET-0009
TXN109263,15000.0,SUCCESS,REF-00009263,20/07/2026,Merchant_E,Processor_A,NGN,BANK_TRANSFER,SET-0001
TXN100032,1000.0,SUCCESS,REF-00000032,26/07/2026,Merchant_C,Processor_A,NGN,CARD,SET-0003
TXN105496,10000.0,SUCCESS,REF-00005496,25/07/2026,Merchant_C,Processor_A,NGN,CARD,SET-0013
TXN100975,2500.0,SUCCESS,REF-00000975,06/07/2026,Merchant_E,Processor_A,NGN,USSD,SET-0044
TXN104147,7500.0,SUCCESS,REF-00004147,11/07/2026,Merchant_B,Processor_A,NGN,CARD,SET-0046
TXN101294,50000.0,SUCCESS,REF-00001294,23/07/2026,Merchant_D,Processor_A,NGN,USSD,SET-0009
TXN107187,5000.0,REFUNDED,REF-00007187,08/07/2026,Merchant_B,Processor_A,NGN,CARD,SET-0032
TXN100339,1000.0,SUCCESS,REF-00000339,01/07/2026,Merchant_D,Processor_A,NGN,CARD,SET-0043
TXN107381,1500.0,SUCCESS,REF-00007381,22/07/2026,Merchant_B,Processor_A,NGN,CARD,SET-0040
TXN100466,5000.0,SUCCESS,REF-00000466,28/07/2026,Merchant_D,Processor_A,NGN,USSD,SET-0003
TXN100407,500.0,SUCCESS,REF-00000407,03/07/2026,Merchant_A,Processor_A,NGN,USSD,SET-0001
TXN107932,15000.0,SUCCESS,REF-00007932,24/07/2026,Merchant_E,Processor_A,NGN,BANK_TRANSFER,SET-0046
TXN109680,10000.0,SUCCESS,REF-00009680,06/07/2026,Merchant_B,Processor_A,NGN,CARD,SET-0047
TXN103638,5000.0,SUCCESS,REF-00003638,07/07/2026,Merchant_D,Processor_A,NGN,CARD,SET-0032
TXN106654,2500.0,SUCCESS,REF-00006654,11/07/2026,Merchant_D,Processor_A,NGN,BANK_TRANSFER,SET-0050
TXN108698,10000.0,SUCCESS,REF-00008698,13/07/2026,Merchant_A,Processor_A,NGN,USSD,SET-0028
TXN105119,5000.0,SUCCESS,REF-00005119,12/07/2026,Merchant_C,Processor_A,NGN,USSD,SET-0009
TXN100388,25000.0,SUCCESS,REF-00000388-X,17/07/2026,Merchant_A,Processor_A,NGN,MOBILE_MONEY,SET-0017
TXN108578,5000.0,SUCCESS,REF-00008578,13/07/2026,Merchant_A,Processor_A,NGN,MOBILE_MONEY,SET-0047
TXN109995,50000.0,SUCCESS,REF-00009995,13/07/2026,Merchant_E,Processor_A,NGN,BANK_TRANSFER,SET-0017
TXN108928,1500.0,SUCCESS,REF-00008928,19/07/2026,Merchant_D,Processor_A,NGN,MOBILE_MONEY,SET-0038
TXN109346,25000.0,SUCCESS,REF-00009346,12/07/2026,Merchant_E,Processor_A,NGN,USSD,SET-0002
TXN109902,1500.0,SUCCESS,REF-00009902,05/07/2026,Merchant_E,Processor_A,NGN,BANK_TRANSFER,SET-0028
TXN105875,2500.0,FAILED,REF-00005875,29/07/2026,Merchant_E,Processor_A,NGN,MOBILE_MONEY,SET-0007
TXN109996,100000.0,SUCCESS,REF-00009996,13/07/2026,Merchant_B,Processor_A,NGN,BANK_TRANSFER,SET-0028
TXN102039,2500.0,SUCCESS,REF-00002039,07/07/2026,Merchant_C,Processor_A,NGN,CARD,SET-0005
TXN108887,25000.0,SUCCESS,REF-00008887,06/07/2026,Merchant_D,Processor_A,NGN,USSD,SET-0030
TXN106902,500.0,SUCCESS,REF-00006902,17/07/2026,Merchant_C,Processor_A,NGN,CARD,SET-0031
TXN105636,10000.0,SUCCESS,REF-00005636,06/07/2026,Merchant_D,Processor_A,NGN,BANK_TRANSFER,SET-0042
TXN101810,15000.0,REFUNDED,REF-00001810,06/07/2026,Merchant_E,Processor_A,NGN,CARD,SET-0021
TXN109990,7500.0,SUCCESS,REF-00009990,05/07/2026,Merchant_B,Processor_A,NGN,USSD,SET-0009
TXN105210,100000.0,FAILED,REF-00005210,06/07/2026,Merchant_B,Processor_A,NGN,CARD,SET-0013
TXN102740,5000.0,SUCCESS,REF-00002740,01/07/2026,Merchant_B,Processor_A,NGN,MOBILE_MONEY,SET-0006
TXN109925,1000.0,SUCCESS,REF-00009925,19/07/2026,Merchant_D,Processor_A,NGN,USSD,SET-0042
TXN109257,1500.0,SUCCESS,REF-00009257,03/07/2026,Merchant_D,Processor_A,NGN,MOBILE_MONEY,SET-0043
TXN106565,5000.0,FAILED,REF-00006565,14/07/2026,Merchant_E,Processor_A,NGN,BANK_TRANSFER,SET-0024
TXN100688,25000.0,SUCCESS,REF-00000688,03/07/2026,Merchant_E,Processor_A,NGN,USSD,SET-0008
TXN102394,100000.0,FAILED,REF-00002394,27/07/2026,Merchant_C,Processor_A,NGN,BANK_TRANSFER,SET-0031
TXN107206,2500.0,SUCCESS,REF-00007206,27/07/2026,Merchant_B,Processor_A,NGN,BANK_TRANSFER,SET-0028
TXN104492,10000.0,SUCCESS,REF-00004492,08/07/2026,Merchant_C,Processor_A,NGN,CARD,SET-0013
TXN106752,5000.0,SUCCESS,REF-00006752,29/07/2026,Merchant_D,Processor_A,NGN,CARD,SET-0003
TXN102453,5000.0,SUCCESS,REF-00002453,06/07/2026,Merchant_E,Processor_A,NGN,MOBILE_MONEY,SET-0002
TXN108314,7500.0,FAILED,REF-00008314,17/07/2026,Merchant_A,Processor_A,NGN,CARD,SET-0032
TXN105388,10000.0,SUCCESS,REF-00005388,17/07/2026,Merchant_E,Processor_A,NGN,MOBILE_MONEY,SET-0003
TXN105657,50000.0,REFUNDED,REF-00005657,18/07/2026,Merchant_D,Processor_A,NGN,USSD,SET-0034
TXN107638,1000.0,SUCCESS,REF-00007638,11/07/2026,Merchant_D,Processor_A,NGN,BANK_TRANSFER,SET-0038
TXN108917,50000.0,SUCCESS,REF-00008917,06/07/2026,Merchant_C,Processor_A,NGN,CARD,SET-0027
TXN104746,1500.0,SUCCESS,REF-00004746,12/07/2026,Merchant_E,Processor_A,NGN,BANK_TRANSFER,SET-0009
TXN109119,50000.0,SUCCESS,REF-00009119,23/07/2026,Merchant_D,Processor_A,NGN,MOBILE_MONEY,SET-0038
TXN109048,250000.0,SUCCESS,REF-00009048,22/07/2026,Merchant_B,Processor_A,NGN,USSD,SET-0004
TXN104179,5100.0,SUCCESS,REF-00004179,25/07/2026,Merchant_E,Processor_A,NGN,USSD,SET-0024
TXN100859,1000.0,SUCCESS,REF-00000859,06/07/2026,Merchant_A,Processor_A,NGN,MOBILE_MONEY,SET-0037
TXN100248,250000.0,REFUNDED,REF-00000248,03/07/2026,Merchant_C,Processor_A,NGN,BANK_TRANSFER,SET-0048
TXN102221,10000.0,SUCCESS,REF-00002221,19/07/2026,Merchant_D,Processor_A,NGN,MOBILE_MONEY,SET-0033
TXN103342,15000.0,SUCCESS,REF-00003342,16/07/2026,Merchant_A,Processor_A,NGN,MOBILE_MONEY,SET-0026
TXN101202,500.0,SUCCESS,REF-00001202,26/07/2026,Merchant_A,Processor_A,NGN,MOBILE_MONEY,SET-0008
TXN101785,100000.0,SUCCESS,REF-00001785,17/07/2026,Merchant_E,Processor_A,NGN,USSD,SET-0010
TXN108328,50000.0,SUCCESS,REF-00008328,12/07/2026,Merchant_D,Processor_A,NGN,USSD,SET-0029
TXN108731,25000.0,SUCCESS,REF-00008731,24/07/2026,Merchant_B,Processor_A,NGN,CARD,SET-0042
TXN107838,5000.0,SUCCESS,REF-00007838,04/07/2026,Merchant_B,Processor_A,NGN,BANK_TRANSFER,SET-0039
TXN101511,25000.0,SUCCESS,REF-00001511,11/07/2026,Merchant_A,Processor_A,NGN,BANK_TRANSFER,SET-0003
TXN106838,1500.0,SUCCESS,REF-00006838,30/07/2026,Merchant_C,Processor_A,NGN,USSD,SET-0027
TXN107435,100000.0,SUCCESS,REF-00007435,20/07/2026,Merchant_B,Processor_A,NGN,MOBILE_MONEY,SET-0043
TXN109987,5000.0,SUCCESS,REF-00009987,12/07/2026,Merchant_D,Processor_A,NGN,USSD,SET-0043
TXN109170,5000.0,SUCCESS,REF-00009170,01/07/2026,Merchant_D,Processor_A,NGN,MOBILE_MONEY,SET-0039
TXN105473,25000.0,SUCCESS,REF-00005473,23/07/2026,Merchant_A,Processor_A,NGN,CARD,SET-0028
TXN103888,15000.0,SUCCESS,REF-00003888,04/07/2026,Merchant_A,Processor_A,NGN,CARD,SET-0040
TXN107147,2500.0,SUCCESS,REF-00007147,02/07/2026,Merchant_E,Processor_A,NGN,BANK_TRANSFER,SET-0007
TXN106360,1000.0,SUCCESS,REF-00006360,02/07/2026,Merchant_E,Processor_A,NGN,CARD,SET-0044
TXN100668,1500.0,SUCCESS,REF-00000668,26/07/2026,Merchant_B,Processor_A,NGN,USSD,SET-0018
TXN102250,1000.0,SUCCESS,REF-00002250,10/07/2026,Merchant_B,Processor_A,NGN,USSD,SET-0019
TXN107857,2500.0,SUCCESS,REF-00007857,24/07/2026,Merchant_D,Processor_A,NGN,USSD,SET-0009
TXN101588,7500.0,SUCCESS,REF-00001588,25/07/2026,Merchant_E,Processor_A,NGN,BANK_TRANSFER,SET-0010
TXN107728,100000.0,SUCCESS,REF-00007728,03/07/2026,Merchant_B,Processor_A,NGN,CARD,SET-0002
TXN102766,10000.0,SUCCESS,REF-00002766,07/07/2026,Merchant_B,Processor_A,NGN,CARD,SET-0015
TXN101167,10000.0,SUCCESS,REF-00001167,14/07/2026,Merchant_E,Processor_A,NGN,CARD,SET-0037
TXN109528,250000.0,FAILED,REF-00009528,15/07/2026,Merchant_D,Processor_A,NGN,MOBILE_MONEY,SET-0011
TXN108960,2500.0,SUCCESS,REF-00008960,31/07/2026,Merchant_C,Processor_A,NGN,CARD,SET-0047
TXN106706,100000.0,FAILED,REF-00006706,22/07/2026,Merchant_C,Processor_A,NGN,USSD,SET-0045
TXN101184,1000.0,SUCCESS,REF-00001184,31/07/2026,Merchant_B,Processor_A,NGN,CARD,SET-0031
TXN100643,5000.0,FAILED,REF-00000643,30/07/2026,Merchant_E,Processor_A,NGN,BANK_TRANSFER,SET-0021
TXN103239,10000.0,REFUNDED,REF-00003239,30/07/2026,Merchant_B,Processor_A,NGN,CARD,SET-0027
TXN101808,1500.0,SUCCESS,REF-00001808,05/07/2026,Merchant_B,Processor_A,NGN,USSD,SET-0049
TXN101566,15000.0,SUCCESS,REF-00001566,05/07/2026,Merchant_E,Processor_A,NGN,USSD,SET-0029
TXN106810,25000.0,SUCCESS,REF-00006810,12/07/2026,Merchant_E,Processor_A,NGN,MOBILE_MONEY,SET-0009
TXN106875,7500.0,SUCCESS,REF-00006875,03/07/2026,Merchant_D,Processor_A,NGN,USSD,SET-0042
TXN101296,1500.0,SUCCESS,REF-00001296,23/07/2026,Merchant_A,Processor_A,NGN,USSD,SET-0046
TXN103329,15000.0,REFUNDED,REF-00003329,09/07/2026,Merchant_E,Processor_A,NGN,USSD,SET-0022
TXN104950,7500.0,SUCCESS,REF-00004950,06/07/2026,Merchant_C,Processor_A,NGN,CARD,SET-0039
TXN100672,1000.0,SUCCESS,REF-00000672,24/07/2026,Merchant_C,Processor_A,NGN,USSD,SET-0029
TXN101488,5000.0,SUCCESS,REF-00001488,15/07/2026,Merchant_A,Processor_A,NGN,MOBILE_MONEY,SET-0030
TXN109140,7500.0,REFUNDED,REF-00009140,10/07/2026,Merchant_E,Processor_A,NGN,USSD,SET-0025
TXN106086,25000.0,SUCCESS,REF-00006086,17/07/2026,Merchant_D,Processor_A,NGN,BANK_TRANSFER,SET-0017
TXN109862,100000.0,SUCCESS,REF-00009862,21/07/2026,Merchant_B,Processor_A,NGN,USSD,SET-0011
TXN102431,50000.0,SUCCESS,REF-00002431,16/07/2026,Merchant_A,Processor_A,NGN,USSD,SET-0040
TXN108342,1500.0,SUCCESS,REF-00008342,23/07/2026,Merchant_A,Processor_A,NGN,MOBILE_MONEY,SET-0032
TXN103632,7500.0,SUCCESS,REF-00003632,31/07/2026,Merchant_A,Processor_A,NGN,USSD,SET-0035
TXN103629,15000.0,REFUNDED,REF-00003629,01/07/2026,Merchant_A,Processor_A,NGN,MOBILE_MONEY,SET-0005
TXN109940,100000.0,SUCCESS,REF-00009940,13/07/2026,Merchant_C,Processor_A,NGN,USSD,SET-0014
TXN106480,15000.0,SUCCESS,REF-00006480,16/07/2026,Merchant_E,Processor_A,NGN,BANK_TRANSFER,SET-0029
TXN105034,1750.0,SUCCESS,REF-00005034,24/07/2026,Merchant_E,Processor_A,NGN,BANK_TRANSFER,SET-0045
TXN107463,5000.0,SUCCESS,REF-00007463,26/07/2026,Merchant_C,Processor_A,NGN,MOBILE_MONEY,SET-0011
TXN107642,7500.0,SUCCESS,REF-00007642,13/07/2026,Merchant_E,Processor_A,NGN,USSD,SET-0040
TXN104381,1000.0,SUCCESS,REF-00004381,22/07/2026,Merchant_C,Processor_A,NGN,USSD,SET-0002
TXN104579,15000.0,SUCCESS,REF-00004579,23/07/2026,Merchant_E,Processor_A,NGN,MOBILE_MONEY,SET-0040
TXN100274,10000.0,FAILED,REF-00000274,07/07/2026,Merchant_E,Processor_A,NGN,MOBILE_MONEY,SET-0017
TXN109745,15000.0,SUCCESS,REF-00009745,22/07/2026,Merchant_B,Processor_A,NGN,BANK_TRANSFER,SET-0029
TXN107441,1000.0,SUCCESS,REF-00007441,04/07/2026,Merchant_E,Processor_A,NGN,BANK_TRANSFER,SET-0002
TXN100071,2500.0,SUCCESS,REF-00000071,21/07/2026,Merchant_D,Processor_A,NGN,CARD,SET-0014
TXN109108,2500.0,SUCCESS,REF-00009108,22/07/2026,Merchant_D,Processor_A,NGN,BANK_TRANSFER,SET-0035
TXN107841,7500.0,SUCCESS,REF-00007841,15/07/2026,Merchant_D,Processor_A,NGN,CARD,SET-0022
TXN105749,15000.0,SUCCESS,REF-00005749,16/07/2026,Merchant_D,Processor_A,NGN,CARD,SET-0008
TXN104368,1500.0,REFUNDED,REF-00004368,15/07/2026,Merchant_C,Processor_A,NGN,USSD,SET-0021
TXN107704,1000.0,SUCCESS,REF-00007704,21/07/2026,Merchant_B,Processor_A,NGN,MOBILE_MONEY,SET-0013
TXN104853,5000.0,SUCCESS,REF-00004853,09/07/2026,Merchant_C,Processor_A,NGN,BANK_TRANSFER,SET-0003
PROC_ONLY1015,25000.0,SUCCESS,PROC-ONLY-REF-00015,31/07/2026,Merchant_C,Processor_A,NGN,USSD,SET-0029
TXN108995,10000.0,SUCCESS,REF-00008995,03/07/2026,Merchant_E,Processor_A,NGN,CARD,SET-0022
TXN106718,2500.0,SUCCESS,REF-00006718,01/07/2026,Merchant_D,Processor_A,NGN,CARD,SET-0014
TXN102996,1500.0,SUCCESS,REF-00002996,22/07/2026,Merchant_C,Processor_A,NGN,MOBILE_MONEY,SET-0029
TXN109331,25000.0,SUCCESS,REF-00009331,02/07/2026,Merchant_A,Processor_A,NGN,USSD,SET-0039
TXN102723,7500.0,FAILED,REF-00002723,28/07/2026,Merchant_B,Processor_A,NGN,BANK_TRANSFER,SET-0021
TXN103379,25000.0,SUCCESS,REF-00003379,23/07/2026,Merchant_E,Processor_A,NGN,CARD,SET-0023
TXN100511,7500.0,SUCCESS,REF-00000511,16/07/2026,Merchant_A,Processor_A,NGN,BANK_TRANSFER,SET-0027
TXN107616,5000.0,SUCCESS,REF-00007616,16/07/2026,Merchant_C,Processor_A,NGN,USSD,SET-0044
TXN102726,1000.0,SUCCESS,REF-00002726,06/07/2026,Merchant_C,Processor_A,NGN,MOBILE_MONEY,SET-0010
PROC_ONLY1039,10000.0,SUCCESS,PROC-ONLY-REF-00039,18/07/2026,Merchant_A,Processor_A,NGN,MOBILE_MONEY,SET-0044
TXN106073,7500.0,SUCCESS,REF-00006073,14/07/2026,Merchant_B,Processor_A,NGN,CARD,SET-0033
TXN104731,1000.0,SUCCESS,REF-00004731,22/07/2026,Merchant_C,Processor_A,NGN,MOBILE_MONEY,SET-0043
TXN108312,500.0,SUCCESS,REF-00008312,04/07/2026,Merchant_C,Processor_A,NGN,CARD,SET-0001
TXN105572,50000.0,SUCCESS,REF-00005572,15/07/2026,Merchant_A,Processor_A,NGN,CARD,SET-0022
TXN108574,50000.0,SUCCESS,REF-00008574,15/07/2026,Merchant_E,Processor_A,NGN,MOBILE_MONEY,SET-0011
TXN109225,100000.0,SUCCESS,REF-00009225,11/07/2026,Merchant_E,Processor_A,NGN,MOBILE_MONEY,SET-0049
TXN106461,16000.0,SUCCESS,REF-00006461,16/07/2026,Merchant_B,Processor_A,NGN,USSD,SET-0031
TXN104509,100000.0,SUCCESS,REF-00004509,14/07/2026,Merchant_C,Processor_A,NGN,CARD,SET-0007
TXN104705,7500.0,SUCCESS,REF-00004705,03/07/2026,Merchant_D,Processor_A,NGN,USSD,SET-0031
TXN106069,2500.0,SUCCESS,REF-00006069,27/07/2026,Merchant_A,Processor_A,NGN,CARD,SET-0007
TXN108875,1000.0,FAILED,REF-00008875,12/07/2026,Merchant_D,Processor_A,NGN,USSD,SET-0003
TXN101383,2500.0,SUCCESS,REF-00001383,30/07/2026,Merchant_E,Processor_A,NGN,BANK_TRANSFER,SET-0042
TXN106630,7500.0,SUCCESS,REF-00006630,03/07/2026,Merchant_A,Processor_A,NGN,CARD,SET-0029
TXN100265,25000.0,SUCCESS,REF-00000265,09/07/2026,Merchant_B,Processor_A,NGN,USSD,SET-0012
TXN109776,10000.0,SUCCESS,REF-00009776,16/07/2026,Merchant_B,Processor_A,NGN,BANK_TRANSFER,SET-0001
TXN103260,2500.0,SUCCESS,REF-00003260,20/07/2026,Merchant_C,Processor_A,NGN,MOBILE_MONEY,SET-0034
TXN102786,250000.0,SUCCESS,REF-00002786,18/07/2026,Merchant_E,Processor_A,NGN,BANK_TRANSFER,SET-0023
TXN105757,7500.0,SUCCESS,REF-00005757,15/07/2026,Merchant_C,Processor_A,NGN,USSD,SET-0032
TXN107409,15000.0,SUCCESS,REF-00007409,15/07/2026,Merchant_D,Processor_A,NGN,CARD,SET-0004
TXN109002,25000.0,SUCCESS,REF-00009002,27/07/2026,Merchant_A,Processor_A,NGN,USSD,SET-0025
TXN101174,15000.0,FAILED,REF-00001174,09/07/2026,Merchant_B,Processor_A,NGN,USSD,SET-0034
TXN102931,15000.0,SUCCESS,REF-00002931,23/07/2026,Merchant_E,Processor_A,NGN,MOBILE_MONEY,SET-0050
TXN107495,1000.0,SUCCESS,REF-00007495,26/07/2026,Merchant_D,Processor_A,NGN,CARD,SET-0046
TXN106770,1000.0,SUCCESS,REF-00006770,16/07/2026,Merchant_B,Processor_A,NGN,USSD,SET-0016
TXN102198,10000.0,SUCCESS,REF-00002198,13/07/2026,Merchant_D,Processor_A,NGN,BANK_TRANSFER,SET-0017
TXN106743,50000.0,FAILED,REF-00006743,26/07/2026,Merchant_E,Processor_A,NGN,USSD,SET-0039
TXN102084,10000.0,SUCCESS,REF-00002084,25/07/2026,Merchant_D,Processor_A,NGN,USSD,SET-0047
TXN109322,15000.0,SUCCESS,REF-00009322,25/07/2026,Merchant_A,Processor_A,NGN,USSD,SET-0018
TXN104021,2500.0,SUCCESS,REF-00004021,26/07/2026,Merchant_C,Processor_A,NGN,BANK_TRANSFER,SET-0048
TXN100942,15000.0,SUCCESS,REF-00000942,24/07/2026,Merchant_D,Processor_A,NGN,USSD,SET-0008
TXN100678,250000.0,SUCCESS,REF-00000678,16/07/2026,Merchant_E,Processor_A,NGN,MOBILE_MONEY,SET-0024
TXN107392,50000.0,SUCCESS,REF-00007392,30/07/2026,Merchant_E,Processor_A,NGN,USSD,SET-0026
TXN107431,7500.0,REFUNDED,REF-00007431,26/07/2026,Merchant_D,Processor_A,NGN,CARD,SET-0038
TXN109979,15000.0,SUCCESS,REF-00009979,15/07/2026,Merchant_E,Processor_A,NGN,CARD,SET-0040
TXN105701,5000.0,SUCCESS,REF-00005701,20/07/2026,Merchant_E,Processor_A,NGN,USSD,SET-0046
TXN102725,5000.0,FAILED,REF-00002725,15/07/2026,Merchant_E,Processor_A,NGN,MOBILE_MONEY,SET-0024
TXN108932,1500.0,SUCCESS,REF-00008932,16/07/2026,Merchant_E,Processor_A,NGN,USSD,SET-0033
TXN102820,100000.0,SUCCESS,REF-00002820,01/07/2026,Merchant_E,Processor_A,NGN,CARD,SET-0002
TXN106177,1500.0,SUCCESS,REF-00006177,31/07/2026,Merchant_E,Processor_A,NGN,USSD,SET-0041
TXN109459,5000.0,SUCCESS,REF-00009459,01/07/2026,Merchant_E,Processor_A,NGN,USSD,SET-0021
TXN100623,10000.0,FAILED,REF-00000623,05/07/2026,Merchant_C,Processor_A,NGN,BANK_TRANSFER,SET-0004
TXN106388,5000.0,SUCCESS,REF-00006388,13/07/2026,Merchant_E,Processor_A,NGN,USSD,SET-0017
TXN106856,15000.0,SUCCESS,REF-00006856,31/07/2026,Merchant_A,Processor_A,NGN,MOBILE_MONEY,SET-0022
TXN103915,7500.0,SUCCESS,REF-00003915,26/07/2026,Merchant_C,Processor_A,NGN,MOBILE_MONEY,SET-0028
TXN101456,15000.0,SUCCESS,REF-00001456,20/07/2026,Merchant_B,Processor_A,NGN,USSD,SET-0045
TXN102812,15000.0,SUCCESS,REF-00002812,17/07/2026,Merchant_A,Processor_A,NGN,BANK_TRANSFER,SET-0008
TXN108695,15000.0,SUCCESS,REF-00008695,26/07/2026,Merchant_D,Processor_A,NGN,CARD,SET-0050
TXN100871,6000.0,SUCCESS,REF-00000871,07/07/2026,Merchant_E,Processor_A,NGN,MOBILE_MONEY,SET-0043
TXN103054,15000.0,SUCCESS,REF-00003054,22/07/2026,Merchant_E,Processor_A,NGN,CARD,SET-0032
TXN105412,25000.0,FAILED,REF-00005412,25/07/2026,Merchant_A,Processor_A,NGN,BANK_TRANSFER,SET-0048
TXN103847,10000.0,SUCCESS,REF-00003847,25/07/2026,Merchant_E,Processor_A,NGN,USSD,SET-0036
TXN106011,50000.0,SUCCESS,REF-00006011,31/07/2026,Merchant_A,Processor_A,NGN,CARD,SET-0049
TXN101755,50000.0,SUCCESS,REF-00001755,11/07/2026,Merchant_A,Processor_A,NGN,USSD,SET-0038
TXN104455,1000.0,SUCCESS,REF-00004455,21/07/2026,Merchant_C,Processor_A,NGN,MOBILE_MONEY,SET-0008
TXN103066,500.0,SUCCESS,REF-00003066,29/07/2026,Merchant_A,Processor_A,NGN,USSD,SET-0028
TXN108214,5000.0,SUCCESS,REF-00008214,11/07/2026,Merchant_E,Processor_A,NGN,BANK_TRANSFER,SET-0021
TXN105490,1500.0,SUCCESS,REF-00005490,24/07/2026,Merchant_E,Processor_A,NGN,MOBILE_MONEY,SET-0045
TXN101792,10000.0,REFUNDED,REF-00001792,02/07/2026,Merchant_B,Processor_A,NGN,CARD,SET-0018
TXN109874,15000.0,SUCCESS,REF-00009874,22/07/2026,Merchant_E,Processor_A,NGN,MOBILE_MONEY,SET-0034
TXN105784,500.0,SUCCESS,REF-00005784,19/07/2026,Merchant_E,Processor_A,NGN,MOBILE_MONEY,SET-0008
PROC_ONLY1027,1000.0,SUCCESS,PROC-ONLY-REF-00027,14/07/2026,Merchant_C,Processor_A,NGN,USSD,SET-0005
TXN104194,15000.0,SUCCESS,REF-00004194,16/07/2026,Merchant_D,Processor_A,NGN,CARD,SET-0002
TXN103117,500.0,SUCCESS,REF-00003117,21/07/2026,Merchant_C,Processor_A,NGN,BANK_TRANSFER,SET-0036
TXN102041,10000.0,SUCCESS,REF-00002041,20/07/2026,Merchant_D,Processor_A,NGN,CARD,SET-0007
TXN106257,15000.0,SUCCESS,REF-00006257,04/07/2026,Merchant_B,Processor_A,NGN,MOBILE_MONEY,SET-0041
TXN102638,250000.0,SUCCESS,REF-00002638,03/07/2026,Merchant_A,Processor_A,NGN,MOBILE_MONEY,SET-0010
TXN101349,1000.0,SUCCESS,REF-00001349,04/07/2026,Merchant_E,Processor_A,NGN,USSD,SET-0013
TXN109118,100000.0,SUCCESS,REF-00009118,26/07/2026,Merchant_D,Processor_A,NGN,USSD,SET-0040
TXN107294,1750.0,SUCCESS,REF-00007294,17/07/2026,Merchant_E,Processor_A,NGN,BANK_TRANSFER,SET-0020
TXN105951,1500.0,SUCCESS,REF-00005951,16/07/2026,Merchant_C,Processor_A,NGN,CARD,SET-0038
TXN107562,1000.0,SUCCESS,REF-00007562,31/07/2026,Merchant_C,Processor_A,NGN,CARD,SET-0025
TXN108938,5000.0,SUCCESS,REF-00008938,13/07/2026,Merchant_C,Processor_A,NGN,MOBILE_MONEY,SET-0020
TXN107991,2500.0,SUCCESS,REF-00007991,14/07/2026,Merchant_C,Processor_A,NGN,USSD,SET-0048
TXN106321,10000.0,FAILED,REF-00006321,21/07/2026,Merchant_C,Processor_A,NGN,BANK_TRANSFER,SET-0016
TXN108934,15000.0,SUCCESS,REF-00008934,19/07/2026,Merchant_B,Processor_A,NGN,BANK_TRANSFER,SET-0043
TXN108336,100000.0,SUCCESS,REF-00008336,07/07/2026,Merchant_D,Processor_A,NGN,USSD,SET-0001
TXN103857,10000.0,SUCCESS,REF-00003857,31/07/2026,Merchant_E,Processor_A,NGN,BANK_TRANSFER,SET-0010
TXN100929,2500.0,SUCCESS,REF-00000929,22/07/2026,Merchant_D,Processor_A,NGN,BANK_TRANSFER,SET-0011
TXN104818,100000.0,SUCCESS,REF-00004818,20/07/2026,Merchant_D,Processor_A,NGN,CARD,SET-0013
TXN101801,25000.0,SUCCESS,REF-00001801,04/07/2026,Merchant_C,Processor_A,NGN,BANK_TRANSFER,SET-0041
TXN103975,100000.0,SUCCESS,REF-00003975,25/07/2026,Merchant_B,Processor_A,NGN,BANK_TRANSFER,SET-0034
TXN107201,1500.0,SUCCESS,REF-00007201,16/07/2026,Merchant_E,Processor_A,NGN,BANK_TRANSFER,SET-0020
TXN106522,50000.0,SUCCESS,REF-00006522,26/07/2026,Merchant_C,Processor_A,NGN,USSD,SET-0022
TXN107733,50000.0,SUCCESS,REF-00007733,20/07/2026,Merchant_C,Processor_A,NGN,BANK_TRANSFER,SET-0003
TXN107304,1000.0,FAILED,REF-00007304,28/07/2026,Merchant_D,Processor_A,NGN,MOBILE_MONEY,SET-0003
TXN105319,10000.0,SUCCESS,REF-00005319,19/07/2026,Merchant_B,Processor_A,NGN,BANK_TRANSFER,SET-0029
TXN107551,7500.0,SUCCESS,REF-00007551,15/07/2026,Merchant_E,Processor_A,NGN,USSD,SET-0049
TXN104404,250000.0,SUCCESS,REF-00004404,02/07/2026,Merchant_A,Processor_A,NGN,BANK_TRANSFER,SET-0042
TXN101285,10000.0,SUCCESS,REF-00001285,16/07/2026,Merchant_A,Processor_A,NGN,BANK_TRANSFER,SET-0009
TXN101620,7500.0,SUCCESS,REF-00001620,17/07/2026,Merchant_B,Processor_A,NGN,CARD,SET-0027
TXN103258,7500.0,SUCCESS,REF-00003258,18/07/2026,Merchant_B,Processor_A,NGN,MOBILE_MONEY,SET-0046
TXN107575,1500.0,SUCCESS,REF-00007575,22/07/2026,Merchant_D,Processor_A,NGN,USSD,SET-0024
TXN108378,10000.0,SUCCESS,REF-00008378,15/07/2026,Merchant_D,Processor_A,NGN,USSD,SET-0009
TXN105298,7500.0,SUCCESS,REF-00005298,05/07/2026,Merchant_B,Processor_A,NGN,MOBILE_MONEY,SET-0044
TXN100435,25000.0,SUCCESS,REF-00000435,06/07/2026,Merchant_B,Processor_A,NGN,BANK_TRANSFER,SET-0050
TXN100028,15000.0,SUCCESS,REF-00000028,28/07/2026,Merchant_D,Processor_A,NGN,BANK_TRANSFER,SET-0021
TXN108916,10000.0,SUCCESS,REF-00008916,19/07/2026,Merchant_C,Processor_A,NGN,USSD,SET-0045
TXN101271,50000.0,SUCCESS,REF-00001271,27/07/2026,Merchant_D,Processor_A,NGN,CARD,SET-0001
TXN105258,7500.0,SUCCESS,REF-00005258,16/07/2026,Merchant_D,Processor_A,NGN,CARD,SET-0044
TXN108905,15000.0,SUCCESS,REF-00008905,24/07/2026,Merchant_A,Processor_A,NGN,USSD,SET-0012
TXN106862,250000.0,SUCCESS,REF-00006862,02/07/2026,Merchant_B,Processor_A,NGN,BANK_TRANSFER,SET-0026
TXN105789,2500.0,REFUNDED,REF-00005789,16/07/2026,Merchant_C,Processor_A,NGN,BANK_TRANSFER,SET-0037
TXN104265,7500.0,SUCCESS,REF-00004265,24/07/2026,Merchant_B,Processor_A,NGN,CARD,SET-0045
TXN101707,2500.0,REFUNDED,REF-00001707,08/07/2026,Merchant_E,Processor_A,NGN,USSD,SET-0038
TXN108212,500.0,SUCCESS,REF-00008212,18/07/2026,Merchant_B,Processor_A,NGN,BANK_TRANSFER,SET-0003
TXN105533,50000.0,SUCCESS,REF-00005533,11/07/2026,Merchant_B,Processor_A,NGN,BANK_TRANSFER,SET-0026
TXN109944,5000.0,SUCCESS,REF-00009944,02/07/2026,Merchant_E,Processor_A,NGN,BANK_TRANSFER,SET-0028
TXN108948,2500.0,SUCCESS,REF-00008948,18/07/2026,Merchant_E,Processor_A,NGN,MOBILE_MONEY,SET-0026
TXN105641,50000.0,SUCCESS,REF-00005641,19/07/2026,Merchant_A,Processor_A,NGN,MOBILE_MONEY,SET-0003
TXN101754,250000.0,SUCCESS,REF-00001754,20/07/2026,Merchant_D,Processor_A,NGN,BANK_TRANSFER,SET-0043
TXN101102,100000.0,SUCCESS,REF-00001102,23/07/2026,Merchant_A,Processor_A,NGN,USSD,SET-0008
TXN100299,1000.0,SUCCESS,REF-00000299,23/07/2026,Merchant_D,Processor_A,NGN,USSD,SET-0019
TXN107112,7500.0,SUCCESS,REF-00007112,08/07/2026,Merchant_B,Processor_A,NGN,BANK_TRANSFER,SET-0048
TXN108489,1500.0,SUCCESS,REF-00008489,06/07/2026,Merchant_E,Processor_A,NGN,USSD,SET-0045
TXN103596,2500.0,SUCCESS,REF-00003596,08/07/2026,Merchant_B,Processor_A,NGN,USSD,SET-0002
TXN105545,1000.0,SUCCESS,REF-00005545,29/07/2026,Merchant_A,Processor_A,NGN,BANK_TRANSFER,SET-0034
TXN103984,50000.0,REFUNDED,REF-00003984,22/07/2026,Merchant_E,Processor_A,NGN,MOBILE_MONEY,SET-0019
TXN106290,1500.0,SUCCESS,REF-00006290,29/07/2026,Merchant_A,Processor_A,NGN,USSD,SET-0050
TXN105471,5000.0,SUCCESS,REF-00005471,08/07/2026,Merchant_D,Processor_A,NGN,MOBILE_MONEY,SET-0010
TXN105389,50000.0,FAILED,REF-00005389,16/07/2026,Merchant_E,Processor_A,NGN,USSD,SET-0032
TXN104965,2500.0,SUCCESS,REF-00004965,13/07/2026,Merchant_B,Processor_A,NGN,BANK_TRANSFER,SET-0006
TXN105505,1500.0,SUCCESS,REF-00005505,03/07/2026,Merchant_E,Processor_A,NGN,USSD,SET-0037
TXN102130,1500.0,SUCCESS,REF-00002130,05/07/2026,Merchant_A,Processor_A,NGN,USSD,SET-0033
TXN108387,5000.0,SUCCESS,REF-00008387,07/07/2026,Merchant_A,Processor_A,NGN,USSD,SET-0042
TXN101084,100000.0,SUCCESS,REF-00001084,06/07/2026,Merchant_D,Processor_A,NGN,USSD,SET-0024
TXN105751,50000.0,SUCCESS,REF-00005751,13/07/2026,Merchant_E,Processor_A,NGN,USSD,SET-0003
TXN107837,25000.0,SUCCESS,REF-00007837,21/07/2026,Merchant_C,Processor_A,NGN,CARD,SET-0004
TXN108168,7500.0,SUCCESS,REF-00008168,22/07/2026,Merchant_B,Processor_A,NGN,MOBILE_MONEY,SET-0045
TXN107259,7500.0,SUCCESS,REF-00007259,16/07/2026,Merchant_E,Processor_A,NGN,BANK_TRANSFER,SET-0038
TXN103494,15000.0,SUCCESS,REF-00003494,04/07/2026,Merchant_D,Processor_A,NGN,BANK_TRANSFER,SET-0021
TXN106440,2500.0,SUCCESS,REF-00006440,13/07/2026,Merchant_C,Processor_A,NGN,BANK_TRANSFER,SET-0018
TXN107282,1500.0,SUCCESS,REF-00007282,26/07/2026,Merchant_D,Processor_A,NGN,CARD,SET-0030
TXN109472,101000.0,SUCCESS,REF-00009472,14/07/2026,Merchant_B,Processor_A,NGN,CARD,SET-0026
TXN109423,7500.0,SUCCESS,REF-00009423,30/07/2026,Merchant_B,Processor_A,NGN,USSD,SET-0016
TXN105328,7500.0,REFUNDED,REF-00005328-X,28/07/2026,Merchant_E,Processor_A,NGN,BANK_TRANSFER,SET-0018
TXN104169,1000.0,SUCCESS,REF-00004169,21/07/2026,Merchant_C,Processor_A,NGN,USSD,SET-0045
TXN108337,10000.0,SUCCESS,REF-00008337,29/07/2026,Merchant_B,Processor_A,NGN,USSD,SET-0004
TXN101365,1500.0,SUCCESS,REF-00001365,02/07/2026,Merchant_E,Processor_A,NGN,USSD,SET-0007
TXN102810,2500.0,SUCCESS,REF-00002810,15/07/2026,Merchant_B,Processor_A,NGN,USSD,SET-0002
TXN106792,7500.0,REFUNDED,REF-00006792,14/07/2026,Merchant_E,Processor_A,NGN,CARD,SET-0009
TXN103673,1000.0,SUCCESS,REF-00003673,04/07/2026,Merchant_B,Processor_A,NGN,MOBILE_MONEY,SET-0011
TXN103951,50000.0,SUCCESS,REF-00003951,24/07/2026,Merchant_E,Processor_A,NGN,BANK_TRANSFER,SET-0040
TXN106570,10000.0,SUCCESS,REF-00006570,29/07/2026,Merchant_B,Processor_A,NGN,MOBILE_MONEY,SET-0050
TXN100148,1000.0,SUCCESS,REF-00000148,03/07/2026,Merchant_E,Processor_A,NGN,MOBILE_MONEY,SET-0005
TXN102997,5000.0,SUCCESS,REF-00002997,01/07/2026,Merchant_C,Processor_A,NGN,MOBILE_MONEY,SET-0002
TXN109357,1500.0,FAILED,REF-00009357,19/07/2026,Merchant_A,Processor_A,NGN,USSD,SET-0035
TXN103031,7500.0,SUCCESS,REF-00003031,19/07/2026,Merchant_B,Processor_A,NGN,BANK_TRANSFER,SET-0005
TXN103863,2500.0,FAILED,REF-00003863,30/07/2026,Merchant_D,Processor_A,NGN,CARD,SET-0014
TXN106777,7500.0,FAILED,REF-00006777,03/07/2026,Merchant_E,Processor_A,NGN,CARD,SET-0008
TXN104405,15000.0,SUCCESS,REF-00004405,27/07/2026,Merchant_E,Processor_A,NGN,MOBILE_MONEY,SET-0049
TXN103981,50000.0,SUCCESS,REF-00003981,19/07/2026,Merchant_E,Processor_A,NGN,CARD,SET-0016
TXN106092,5000.0,SUCCESS,REF-00006092,07/07/2026,Merchant_B,Processor_A,NGN,CARD,SET-0048
TXN100155,2500.0,SUCCESS,REF-00000155,09/07/2026,Merchant_A,Processor_A,NGN,BANK_TRANSFER,SET-0008
TXN104616,50000.0,SUCCESS,REF-00004616,09/07/2026,Merchant_E,Processor_A,NGN,BANK_TRANSFER,SET-0039
TXN107327,25000.0,SUCCESS,REF-00007327,27/07/2026,Merchant_B,Processor_A,NGN,CARD,SET-0007
TXN100539,1500.0,SUCCESS,REF-00000539,02/07/2026,Merchant_B,Processor_A,NGN,BANK_TRANSFER,SET-0005
TXN104204,1000.0,SUCCESS,REF-00004204,09/07/2026,Merchant_B,Processor_A,NGN,USSD,SET-0010
TXN102261,15000.0,SUCCESS,REF-00002261,13/07/2026,Merchant_D,Processor_A,NGN,USSD,SET-0013
TXN107074,10000.0,SUCCESS,REF-00007074,20/07/2026,Merchant_E,Processor_A,NGN,CARD,SET-0017
TXN109012,1000.0,SUCCESS,REF-00009012,11/07/2026,Merchant_B,Processor_A,NGN,CARD,SET-0008
TXN105206,50000.0,SUCCESS,REF-00005206,03/07/2026,Merchant_A,Processor_A,NGN,USSD,SET-0037
TXN104864,5000.0,SUCCESS,REF-00004864,06/07/2026,Merchant_E,Processor_A,NGN,CARD,SET-0016
TXN108341,10000.0,SUCCESS,REF-00008341,26/07/2026,Merchant_C,Processor_A,NGN,USSD,SET-0045
TXN101917,15000.0,REFUNDED,REF-00001917,19/07/2026,Merchant_D,Processor_A,NGN,CARD,SET-0028
TXN108874,100000.0,FAILED,REF-00008874,20/07/2026,Merchant_D,Processor_A,NGN,USSD,SET-0021
TXN106684,25000.0,SUCCESS,REF-00006684,23/07/2026,Merchant_C,Processor_A,NGN,USSD,SET-0022
TXN105130,10000.0,SUCCESS,REF-00005130,15/07/2026,Merchant_C,Processor_A,NGN,USSD,SET-0003
TXN104006,5000.0,SUCCESS,REF-00004006,15/07/2026,Merchant_E,Processor_A,NGN,CARD,SET-0048
TXN107817,100000.0,SUCCESS,REF-00007817,02/07/2026,Merchant_E,Processor_A,NGN,MOBILE_MONEY,SET-0026
TXN104293,100000.0,SUCCESS,REF-00004293,15/07/2026,Merchant_D,Processor_A,NGN,BANK_TRANSFER,SET-0008
TXN101771,25000.0,SUCCESS,REF-00001771,12/07/2026,Merchant_E,Processor_A,NGN,BANK_TRANSFER,SET-0002
TXN101005,15000.0,FAILED,REF-00001005,17/07/2026,Merchant_D,Processor_A,NGN,MOBILE_MONEY,SET-0022
TXN109230,10000.0,SUCCESS,REF-00009230,09/07/2026,Merchant_D,Processor_A,NGN,MOBILE_MONEY,SET-0029
TXN102755,5000.0,SUCCESS,REF-00002755,21/07/2026,Merchant_A,Processor_A,NGN,USSD,SET-0040
TXN103521,7500.0,SUCCESS,REF-00003521,02/07/2026,Merchant_E,Processor_A,NGN,BANK_TRANSFER,SET-0030
TXN102397,500.0,SUCCESS,REF-00002397,14/07/2026,Merchant_C,Processor_A,NGN,MOBILE_MONEY,SET-0018
TXN106261,50000.0,SUCCESS,REF-00006261,28/07/2026,Merchant_A,Processor_A,NGN,CARD,SET-0004
TXN100517,50000.0,SUCCESS,REF-00000517,03/07/2026,Merchant_E,Processor_A,NGN,BANK_TRANSFER,SET-0040
TXN105723,1500.0,SUCCESS,REF-00005723,06/07/2026,Merchant_A,Processor_A,NGN,CARD,SET-0017
TXN106115,25000.0,FAILED,REF-00006115,28/07/2026,Merchant_D,Processor_A,NGN,BANK_TRANSFER,SET-0023
TXN109211,100000.0,SUCCESS,REF-00009211,24/07/2026,Merchant_A,Processor_A,NGN,CARD,SET-0034
TXN100218,15000.0,SUCCESS,REF-00000218,02/07/2026,Merchant_B,Processor_A,NGN,USSD,SET-0011
TXN102606,1000.0,SUCCESS,REF-00002606,20/07/2026,Merchant_C,Processor_A,NGN,MOBILE_MONEY,SET-0024
TXN108707,10000.0,SUCCESS,REF-00008707,17/07/2026,Merchant_A,Processor_A,NGN,CARD,SET-0011
TXN109703,50000.0,SUCCESS,REF-00009703,17/07/2026,Merchant_C,Processor_A,NGN,MOBILE_MONEY,SET-0001
TXN109023,5000.0,FAILED,REF-00009023,17/07/2026,Merchant_B,Processor_A,NGN,MOBILE_MONEY,SET-0020
TXN104980,250000.0,SUCCESS,REF-00004980,22/07/2026,Merchant_C,Processor_A,NGN,BANK_TRANSFER,SET-0030
TXN105539,7500.0,SUCCESS,REF-00005539,17/07/2026,Merchant_C,Processor_A,NGN,USSD,SET-0049
TXN103217,500.0,SUCCESS,REF-00003217,26/07/2026,Merchant_E,Processor_A,NGN,BANK_TRANSFER,SET-0043
TXN108675,5000.0,SUCCESS,REF-00008675,18/07/2026,Merchant_D,Processor_A,NGN,USSD,SET-0015
TXN104809,50000.0,REFUNDED,REF-00004809,12/07/2026,Merchant_B,Processor_A,NGN,MOBILE_MONEY,SET-0011
TXN106716,1000.0,SUCCESS,REF-00006716,18/07/2026,Merchant_C,Processor_A,NGN,MOBILE_MONEY,SET-0004
TXN105965,100000.0,SUCCESS,REF-00005965,10/07/2026,Merchant_E,Processor_A,NGN,USSD,SET-0032
TXN103299,50000.0,SUCCESS,REF-00003299,31/07/2026,Merchant_E,Processor_A,NGN,CARD,SET-0025
TXN100203,100000.0,SUCCESS,REF-00000203,30/07/2026,Merchant_E,Processor_A,NGN,BANK_TRANSFER,SET-0037
TXN108199,1000.0,SUCCESS,REF-00008199,04/07/2026,Merchant_A,Processor_A,NGN,CARD,SET-0020
TXN100816,15000.0,FAILED,REF-00000816,03/07/2026,Merchant_D,Processor_A,NGN,USSD,SET-0041
TXN101521,100000.0,SUCCESS,REF-00001521,08/07/2026,Merchant_C,Processor_A,NGN,MOBILE_MONEY,SET-0049
TXN102304,100000.0,FAILED,REF-00002304,17/07/2026,Merchant_E,Processor_A,NGN,BANK_TRANSFER,SET-0027
TXN107000,500.0,SUCCESS,REF-00007000,31/07/2026,Merchant_E,Processor_A,NGN,USSD,SET-0022
TXN100699,10000.0,SUCCESS,REF-00000699,01/07/2026,Merchant_C,Processor_A,NGN,MOBILE_MONEY,SET-0048
TXN102541,25000.0,SUCCESS,REF-00002541,31/07/2026,Merchant_E,Processor_A,NGN,USSD,SET-0014
TXN105654,1500.0,SUCCESS,REF-00005654,13/07/2026,Merchant_C,Processor_A,NGN,CARD,SET-0016
PROC_ONLY1036,25000.0,SUCCESS,PROC-ONLY-REF-00036,08/07/2026,Merchant_C,Processor_A,NGN,CARD,SET-0039
TXN107610,5000.0,SUCCESS,REF-00007610,30/07/2026,Merchant_D,Processor_A,NGN,MOBILE_MONEY,SET-0009
TXN104320,10000.0,SUCCESS,REF-00004320,04/07/2026,Merchant_B,Processor_A,NGN,USSD,SET-0010
TXN108371,7500.0,SUCCESS,REF-00008371,12/07/2026,Merchant_A,Processor_A,NGN,CARD,SET-0004
TXN103917,5000.0,SUCCESS,REF-00003917,24/07/2026,Merchant_D,Processor_A,NGN,USSD,SET-0002
TXN108270,5000.0,SUCCESS,REF-00008270,01/07/2026,Merchant_C,Processor_A,NGN,USSD,SET-0049
TXN106310,5000.0,SUCCESS,REF-00006310,17/07/2026,Merchant_E,Processor_A,NGN,MOBILE_MONEY,SET-0009
TXN104991,10000.0,SUCCESS,REF-00004991,21/07/2026,Merchant_E,Processor_A,NGN,CARD,SET-0030
TXN107834,1500.0,SUCCESS,REF-00007834,01/07/2026,Merchant_A,Processor_A,NGN,MOBILE_MONEY,SET-0025
TXN105026,2500.0,SUCCESS,REF-00005026,08/07/2026,Merchant_A,Processor_A,NGN,USSD,SET-0013
TXN106081,250000.0,SUCCESS,REF-00006081,14/07/2026,Merchant_A,Processor_A,NGN,MOBILE_MONEY,SET-0042
TXN102364,10000.0,SUCCESS,REF-00002364,28/07/2026,Merchant_C,Processor_A,NGN,CARD,SET-0043
TXN109364,5000.0,SUCCESS,REF-00009364,26/07/2026,Merchant_D,Processor_A,NGN,CARD,SET-0040
TXN109244,10000.0,REFUNDED,REF-00009244,01/07/2026,Merchant_E,Processor_A,NGN,BANK_TRANSFER,SET-0035
TXN103604,2500.0,SUCCESS,REF-00003604,11/07/2026,Merchant_B,Processor_A,NGN,USSD,SET-0032
TXN109973,1000.0,SUCCESS,REF-00009973,31/07/2026,Merchant_C,Processor_A,NGN,USSD,SET-0045
TXN103335,25000.0,SUCCESS,REF-00003335,09/07/2026,Merchant_B,Processor_A,NGN,MOBILE_MONEY,SET-0011
TXN106328,7500.0,SUCCESS,REF-00006328,27/07/2026,Merchant_E,Processor_A,NGN,BANK_TRANSFER,SET-0010
TXN106893,5000.0,SUCCESS,REF-00006893,09/07/2026,Merchant_E,Processor_A,NGN,CARD,SET-0031
TXN104143,50000.0,SUCCESS,REF-00004143,19/07/2026,Merchant_B,Processor_A,NGN,BANK_TRANSFER,SET-0046
TXN108903,25000.0,SUCCESS,REF-00008903,30/07/2026,Merchant_B,Processor_A,NGN,BANK_TRANSFER,SET-0039
TXN105746,15000.0,SUCCESS,REF-00005746,31/07/2026,Merchant_C,Processor_A,NGN,USSD,SET-0048
TXN107114,10000.0,SUCCESS,REF-00007114,30/07/2026,Merchant_D,Processor_A,NGN,USSD,SET-0031
TXN106097,50000.0,SUCCESS,REF-00006097,22/07/2026,Merchant_B,Processor_A,NGN,CARD,SET-0036
TXN104365,15000.0,SUCCESS,REF-00004365,08/07/2026,Merchant_E,Processor_A,NGN,BANK_TRANSFER,SET-0036
TXN106228,25000.0,SUCCESS,REF-00006228,15/07/2026,Merchant_C,Processor_A,NGN,BANK_TRANSFER,SET-0012
TXN106229,7500.0,SUCCESS,REF-00006229,16/07/2026,Merchant_C,Processor_A,NGN,USSD,SET-0014
TXN109810,1000.0,SUCCESS,REF-00009810,30/07/2026,Merchant_A,Processor_A,NGN,USSD,SET-0002
TXN109901,5000.0,SUCCESS,REF-00009901,18/07/2026,Merchant_D,Processor_A,NGN,MOBILE_MONEY,SET-0022
TXN103569,50000.0,SUCCESS,REF-00003569,20/07/2026,Merchant_E,Processor_A,NGN,USSD,SET-0007
TXN102976,50000.0,SUCCESS,REF-00002976,07/07/2026,Merchant_C,Processor_A,NGN,BANK_TRANSFER,SET-0034
TXN109743,15000.0,SUCCESS,REF-00009743,10/07/2026,Merchant_C,Processor_A,NGN,BANK_TRANSFER,SET-0016
TXN106165,10000.0,SUCCESS,REF-00006165,05/07/2026,Merchant_E,Processor_A,NGN,BANK_TRANSFER,SET-0031
TXN101212,1500.0,SUCCESS,REF-00001212,24/07/2026,Merchant_A,Processor_A,NGN,MOBILE_MONEY,SET-0029
TXN101790,1500.0,SUCCESS,REF-00001790,09/07/2026,Merchant_A,Processor_A,NGN,CARD,SET-0042
TXN102932,1000.0,SUCCESS,REF-00002932,11/07/2026,Merchant_B,Processor_A,NGN,USSD,SET-0034
TXN102153,50000.0,SUCCESS,REF-00002153,13/07/2026,Merchant_E,Processor_A,NGN,MOBILE_MONEY,SET-0029
TXN101300,500.0,SUCCESS,REF-00001300,08/07/2026,Merchant_E,Processor_A,NGN,USSD,SET-0035
TXN105255,10000.0,FAILED,REF-00005255,30/07/2026,Merchant_B,Processor_A,NGN,MOBILE_MONEY,SET-0032
TXN100926,2500.0,SUCCESS,REF-00000926,31/07/2026,Merchant_A,Processor_A,NGN,MOBILE_MONEY,SET-0005
TXN100469,250000.0,SUCCESS,REF-00000469,24/07/2026,Merchant_D,Processor_A,NGN,MOBILE_MONEY,SET-0044
TXN100997,1500.0,SUCCESS,REF-00000997,11/07/2026,Merchant_C,Processor_A,NGN,BANK_TRANSFER,SET-0020
TXN108651,7500.0,SUCCESS,REF-00008651,25/07/2026,Merchant_D,Processor_A,NGN,USSD,SET-0043
TXN107079,25000.0,FAILED,REF-00007079,12/07/2026,Merchant_E,Processor_A,NGN,USSD,SET-0020
TXN103575,5000.0,SUCCESS,REF-00003575,14/07/2026,Merchant_E,Processor_A,NGN,BANK_TRANSFER,SET-0014
TXN104500,15000.0,SUCCESS,REF-00004500,13/07/2026,Merchant_D,Processor_A,NGN,MOBILE_MONEY,SET-0010
TXN100015,1500.0,SUCCESS,REF-00000015,21/07/2026,Merchant_C,Processor_A,NGN,MOBILE_MONEY,SET-0020
TXN105333,5000.0,SUCCESS,REF-00005333,15/07/2026,Merchant_B,Processor_A,NGN,USSD,SET-0032
TXN101764,1500.0,SUCCESS,REF-00001764,05/07/2026,Merchant_B,Processor_A,NGN,USSD,SET-0046
TXN107693,15000.0,SUCCESS,REF-00007693,28/07/2026,Merchant_A,Processor_A,NGN,BANK_TRANSFER,SET-0013
TXN101047,500.0,SUCCESS,REF-00001047,28/07/2026,Merchant_D,Processor_A,NGN,BANK_TRANSFER,SET-0030
TXN104305,1000.0,SUCCESS,REF-00004305,01/07/2026,Merchant_A,Processor_A,NGN,BANK_TRANSFER,SET-0016
TXN105833,7750.0,SUCCESS,REF-00005833,30/07/2026,Merchant_E,Processor_A,NGN,BANK_TRANSFER,SET-0034
TXN102861,5000.0,REFUNDED,REF-00002861,23/07/2026,Merchant_D,Processor_A,NGN,USSD,SET-0048
TXN100834,10000.0,SUCCESS,REF-00000834,08/07/2026,Merchant_D,Processor_A,NGN,MOBILE_MONEY,SET-0048
TXN101166,50000.0,SUCCESS,REF-00001166,26/07/2026,Merchant_A,Processor_A,NGN,CARD,SET-0018
TXN107835,7500.0,SUCCESS,REF-00007835,11/07/2026,Merchant_D,Processor_A,NGN,USSD,SET-0032
TXN105527,1000.0,SUCCESS,REF-00005527,13/07/2026,Merchant_D,Processor_A,NGN,USSD,SET-0016
TXN104544,7500.0,SUCCESS,REF-00004544,09/07/2026,Merchant_B,Processor_A,NGN,BANK_TRANSFER,SET-0037
TXN100847,250000.0,FAILED,REF-00000847,16/07/2026,Merchant_A,Processor_A,NGN,USSD,SET-0017
TXN102117,15000.0,SUCCESS,REF-00002117,13/07/2026,Merchant_D,Processor_A,NGN,MOBILE_MONEY,SET-0033
TXN109977,50000.0,SUCCESS,REF-00009977,03/07/2026,Merchant_C,Processor_A,NGN,CARD,SET-0015
TXN100764,500.0,SUCCESS,REF-00000764,09/07/2026,Merchant_E,Processor_A,NGN,USSD,SET-0018
TXN109397,7500.0,SUCCESS,REF-00009397,02/07/2026,Merchant_B,Processor_A,NGN,USSD,SET-0002
TXN101443,7500.0,SUCCESS,REF-00001443,21/07/2026,Merchant_E,Processor_A,NGN,MOBILE_MONEY,SET-0021
TXN106260,1500.0,SUCCESS,REF-00006260,10/07/2026,Merchant_C,Processor_A,NGN,CARD,SET-0046
TXN109161,15000.0,SUCCESS,REF-00009161,01/07/2026,Merchant_B,Processor_A,NGN,CARD,SET-0024
TXN102503,250000.0,SUCCESS,REF-00002503,02/07/2026,Merchant_B,Processor_A,NGN,MOBILE_MONEY,SET-0004
TXN106208,7500.0,SUCCESS,REF-00006208,05/07/2026,Merchant_D,Processor_A,NGN,BANK_TRANSFER,SET-0046
TXN106268,5000.0,SUCCESS,REF-00006268,31/07/2026,Merchant_C,Processor_A,NGN,USSD,SET-0011
TXN109956,25000.0,SUCCESS,REF-00009956,28/07/2026,Merchant_A,Processor_A,NGN,CARD,SET-0019
TXN109308,1500.0,FAILED,REF-00009308,16/07/2026,Merchant_C,Processor_A,NGN,BANK_TRANSFER,SET-0021
TXN109914,7500.0,SUCCESS,REF-00009914,21/07/2026,Merchant_E,Processor_A,NGN,MOBILE_MONEY,SET-0048
TXN103572,50000.0,FAILED,REF-00003572,21/07/2026,Merchant_B,Processor_A,NGN,USSD,SET-0044
TXN105630,25000.0,SUCCESS,REF-00005630,05/07/2026,Merchant_B,Processor_A,NGN,USSD,SET-0004
TXN107264,50000.0,FAILED,REF-00007264,30/07/2026,Merchant_D,Processor_A,NGN,USSD,SET-0003
TXN100786,10000.0,SUCCESS,REF-00000786,14/07/2026,Merchant_A,Processor_A,NGN,BANK_TRANSFER,SET-0021
TXN101255,7500.0,REFUNDED,REF-00001255,15/07/2026,Merchant_B,Processor_A,NGN,BANK_TRANSFER,SET-0005
TXN101662,100000.0,SUCCESS,REF-00001662,18/07/2026,Merchant_B,Processor_A,NGN,USSD,SET-0028
TXN103646,10000.0,SUCCESS,REF-00003646,26/07/2026,Merchant_C,Processor_A,NGN,CARD,SET-0040
TXN102262,100000.0,SUCCESS,REF-00002262,29/07/2026,Merchant_D,Processor_A,NGN,BANK_TRANSFER,SET-0013
TXN100954,7500.0,SUCCESS,REF-00000954,28/07/2026,Merchant_E,Processor_A,NGN,BANK_TRANSFER,SET-0048
TXN106247,50000.0,SUCCESS,REF-00006247,30/07/2026,Merchant_E,Processor_A,NGN,CARD,SET-0017
TXN102757,100000.0,SUCCESS,REF-00002757,24/07/2026,Merchant_D,Processor_A,NGN,MOBILE_MONEY,SET-0021
TXN103476,250000.0,SUCCESS,REF-00003476,08/07/2026,Merchant_C,Processor_A,NGN,MOBILE_MONEY,SET-0024
TXN104493,50000.0,SUCCESS,REF-00004493,29/07/2026,Merchant_D,Processor_A,NGN,MOBILE_MONEY,SET-0012
TXN109755,2500.0,SUCCESS,REF-00009755,02/07/2026,Merchant_E,Processor_A,NGN,MOBILE_MONEY,SET-0043
TXN100057,2500.0,SUCCESS,REF-00000057,19/07/2026,Merchant_B,Processor_A,NGN,USSD,SET-0022
TXN106747,1000.0,SUCCESS,REF-00006747,08/07/2026,Merchant_E,Processor_A,NGN,CARD,SET-0022
TXN102223,2500.0,SUCCESS,REF-00002223,08/07/2026,Merchant_A,Processor_A,NGN,BANK_TRANSFER,SET-0033
TXN104411,500.0,SUCCESS,REF-00004411,06/07/2026,Merchant_D,Processor_A,NGN,BANK_TRANSFER,SET-0007
TXN108831,7500.0,SUCCESS,REF-00008831,16/07/2026,Merchant_A,Processor_A,NGN,USSD,SET-0011
TXN103024,1000.0,SUCCESS,REF-00003024,17/07/2026,Merchant_E,Processor_A,NGN,MOBILE_MONEY,SET-0023
TXN107073,1000.0,SUCCESS,REF-00007073,19/07/2026,Merchant_E,Processor_A,NGN,USSD,SET-0014
TXN104803,2500.0,SUCCESS,REF-00004803,17/07/2026,Merchant_B,Processor_A,NGN,CARD,SET-0050
TXN108477,15000.0,SUCCESS,REF-00008477,13/07/2026,Merchant_C,Processor_A,NGN,MOBILE_MONEY,SET-0020
TXN104824,10000.0,SUCCESS,REF-00004824,06/07/2026,Merchant_E,Processor_A,NGN,BANK_TRANSFER,SET-0046
TXN108130,25000.0,SUCCESS,REF-00008130,23/07/2026,Merchant_B,Processor_A,NGN,BANK_TRANSFER,SET-0016
TXN101134,15000.0,SUCCESS,REF-00001134,31/07/2026,Merchant_E,Processor_A,NGN,MOBILE_MONEY,SET-0044
TXN103025,5000.0,SUCCESS,REF-00003025,26/07/2026,Merchant_E,Processor_A,NGN,USSD,SET-0013
TXN100583,5000.0,SUCCESS,REF-00000583,18/07/2026,Merchant_D,Processor_A,NGN,MOBILE_MONEY,SET-0027
TXN103033,1000.0,SUCCESS,REF-00003033,28/07/2026,Merchant_A,Processor_A,NGN,CARD,SET-0028
TXN108746,1500.0,SUCCESS,REF-00008746-X,28/07/2026,Merchant_B,Processor_A,NGN,BANK_TRANSFER,SET-0013
TXN103649,250000.0,SUCCESS,REF-00003649,01/07/2026,Merchant_D,Processor_A,NGN,USSD,SET-0047
TXN108969,1000.0,SUCCESS,REF-00008969,14/07/2026,Merchant_A,Processor_A,NGN,MOBILE_MONEY,SET-0010
TXN106993,1000.0,SUCCESS,REF-00006993,31/07/2026,Merchant_D,Processor_A,NGN,BANK_TRANSFER,SET-0029
TXN103446,50000.0,SUCCESS,REF-00003446,01/07/2026,Merchant_D,Processor_A,NGN,MOBILE_MONEY,SET-0049
TXN109336,15000.0,SUCCESS,REF-00009336,14/07/2026,Merchant_A,Processor_A,NGN,CARD,SET-0035
TXN100599,1000.0,SUCCESS,REF-00000599,30/07/2026,Merchant_D,Processor_A,NGN,USSD,SET-0031
TXN101874,25000.0,SUCCESS,REF-00001874,15/07/2026,Merchant_C,Processor_A,NGN,BANK_TRANSFER,SET-0028
TXN105932,2500.0,FAILED,REF-00005932,22/07/2026,Merchant_D,Processor_A,NGN,USSD,SET-0011
TXN103603,5000.0,SUCCESS,REF-00003603,22/07/2026,Merchant_A,Processor_A,NGN,USSD,SET-0001
TXN103624,2500.0,SUCCESS,REF-00003624,13/07/2026,Merchant_B,Processor_A,NGN,MOBILE_MONEY,SET-0031
TXN107988,50000.0,SUCCESS,REF-00007988,21/07/2026,Merchant_E,Processor_A,NGN,USSD,SET-0049
TXN108536,1500.0,SUCCESS,REF-00008536,28/07/2026,Merchant_E,Processor_A,NGN,MOBILE_MONEY,SET-0032
TXN101866,1000.0,SUCCESS,REF-00001866,17/07/2026,Merchant_A,Processor_A,NGN,BANK_TRANSFER,SET-0013
TXN104732,25000.0,SUCCESS,REF-00004732,21/07/2026,Merchant_B,Processor_A,NGN,CARD,SET-0005
TXN104554,7500.0,SUCCESS,REF-00004554,22/07/2026,Merchant_C,Processor_A,NGN,BANK_TRANSFER,SET-0007
TXN101221,1500.0,SUCCESS,REF-00001221,28/07/2026,Merchant_E,Processor_A,NGN,USSD,SET-0050
TXN103067,250000.0,SUCCESS,REF-00003067,25/07/2026,Merchant_D,Processor_A,NGN,CARD,SET-0032
TXN102885,100000.0,SUCCESS,REF-00002885,17/07/2026,Merchant_D,Processor_A,NGN,MOBILE_MONEY,SET-0002
TXN101151,50000.0,SUCCESS,REF-00001151,19/07/2026,Merchant_A,Processor_A,NGN,MOBILE_MONEY,SET-0022
TXN106686,5000.0,SUCCESS,REF-00006686,21/07/2026,Merchant_B,Processor_A,NGN,USSD,SET-0030
TXN107251,100000.0,SUCCESS,REF-00007251,18/07/2026,Merchant_D,Processor_A,NGN,USSD,SET-0034
TXN101814,1000.0,SUCCESS,REF-00001814,04/07/2026,Merchant_A,Processor_A,NGN,MOBILE_MONEY,SET-0046
TXN106675,50000.0,SUCCESS,REF-00006675,11/07/2026,Merchant_C,Processor_A,NGN,CARD,SET-0048
TXN102236,100000.0,SUCCESS,REF-00002236,04/07/2026,Merchant_A,Processor_A,NGN,USSD,SET-0002
TXN102543,15000.0,SUCCESS,REF-00002543,31/07/2026,Merchant_A,Processor_A,NGN,BANK_TRANSFER,SET-0015
TXN108083,1000.0,FAILED,REF-00008083,06/07/2026,Merchant_C,Processor_A,NGN,CARD,SET-0027
TXN106850,2500.0,FAILED,REF-00006850,26/07/2026,Merchant_D,Processor_A,NGN,USSD,SET-0043
TXN102087,15000.0,SUCCESS,REF-00002087,12/07/2026,Merchant_D,Processor_A,NGN,USSD,SET-0007
TXN107410,7500.0,SUCCESS,REF-00007410,08/07/2026,Merchant_E,Processor_A,NGN,BANK_TRANSFER,SET-0049
TXN100452,7500.0,SUCCESS,REF-00000452,16/07/2026,Merchant_C,Processor_A,NGN,MOBILE_MONEY,SET-0033
TXN108392,250000.0,SUCCESS,REF-00008392,05/07/2026,Merchant_D,Processor_A,NGN,CARD,SET-0046
TXN101896,15000.0,SUCCESS,REF-00001896,26/07/2026,Merchant_B,Processor_A,NGN,USSD,SET-0017
TXN101036,5000.0,SUCCESS,REF-00001036,14/07/2026,Merchant_B,Processor_A,NGN,USSD,SET-0012
TXN105631,10000.0,SUCCESS,REF-00005631-X,25/07/2026,Merchant_B,Processor_A,NGN,BANK_TRANSFER,SET-0014
TXN101196,250000.0,SUCCESS,REF-00001196,15/07/2026,Merchant_A,Processor_A,NGN,BANK_TRANSFER,SET-0034
TXN107763,25000.0,SUCCESS,REF-00007763,22/07/2026,Merchant_C,Processor_A,NGN,MOBILE_MONEY,SET-0044
TXN103415,10000.0,SUCCESS,REF-00003415,21/07/2026,Merchant_B,Processor_A,NGN,USSD,SET-0041
TXN108896,5000.0,SUCCESS,REF-00008896,19/07/2026,Merchant_E,Processor_A,NGN,CARD,SET-0024
TXN105652,2500.0,SUCCESS,REF-00005652,09/07/2026,Merchant_B,Processor_A,NGN,CARD,SET-0038
TXN107125,10000.0,SUCCESS,REF-00007125,21/07/2026,Merchant_B,Processor_A,NGN,USSD,SET-0001
TXN109220,1000.0,SUCCESS,REF-00009220,04/07/2026,Merchant_A,Processor_A,NGN,MOBILE_MONEY,SET-0043
TXN102187,25000.0,SUCCESS,REF-00002187,06/07/2026,Merchant_E,Processor_A,NGN,USSD,SET-0009
TXN103202,2500.0,SUCCESS,REF-00003202,18/07/2026,Merchant_D,Processor_A,NGN,USSD,SET-0041
PROC_ONLY1012,2500.0,SUCCESS,PROC-ONLY-REF-00012,08/07/2026,Merchant_B,Processor_A,NGN,USSD,SET-0037
TXN106561,5000.0,SUCCESS,REF-00006561,16/07/2026,Merchant_B,Processor_A,NGN,MOBILE_MONEY,SET-0028
TXN108681,50000.0,SUCCESS,REF-00008681,10/07/2026,Merchant_C,Processor_A,NGN,BANK_TRANSFER,SET-0032
TXN104852,25000.0,SUCCESS,REF-00004852,31/07/2026,Merchant_C,Processor_A,NGN,BANK_TRANSFER,SET-0027
TXN106916,5000.0,SUCCESS,REF-00006916,27/07/2026,Merchant_D,Processor_A,NGN,USSD,SET-0040
TXN109238,10000.0,FAILED,REF-00009238,06/07/2026,Merchant_E,Processor_A,NGN,CARD,SET-0037
TXN106039,50000.0,SUCCESS,REF-00006039,20/07/2026,Merchant_A,Processor_A,NGN,MOBILE_MONEY,SET-0044
TXN104973,25000.0,SUCCESS,REF-00004973,08/07/2026,Merchant_D,Processor_A,NGN,USSD,SET-0034
TXN109523,15000.0,SUCCESS,REF-00009523,15/07/2026,Merchant_B,Processor_A,NGN,MOBILE_MONEY,SET-0005
TXN108435,2500.0,SUCCESS,REF-00008435,05/07/2026,Merchant_D,Processor_A,NGN,CARD,SET-0005
TXN103423,500.0,SUCCESS,REF-00003423,18/07/2026,Merchant_C,Processor_A,NGN,CARD,SET-0028
TXN101404,15000.0,SUCCESS,REF-00001404,05/07/2026,Merchant_C,Processor_A,NGN,BANK_TRANSFER,SET-0026
TXN104849,1000.0,SUCCESS,REF-00004849,13/07/2026,Merchant_E,Processor_A,NGN,CARD,SET-0007
TXN103754,5000.0,SUCCESS,REF-00003754,13/07/2026,Merchant_E,Processor_A,NGN,CARD,SET-0012
TXN106749,7500.0,SUCCESS,REF-00006749,22/07/2026,Merchant_D,Processor_A,NGN,CARD,SET-0030
TXN109955,5000.0,REFUNDED,REF-00009955,30/07/2026,Merchant_D,Processor_A,NGN,CARD,SET-0002
TXN108924,1500.0,SUCCESS,REF-00008924,16/07/2026,Merchant_E,Processor_A,NGN,CARD,SET-0021
TXN104718,7500.0,SUCCESS,REF-00004718,20/07/2026,Merchant_C,Processor_A,NGN,USSD,SET-0038
TXN105464,2500.0,SUCCESS,REF-00005464,10/07/2026,Merchant_D,Processor_A,NGN,USSD,SET-0028
TXN103405,50000.0,SUCCESS,REF-00003405,04/07/2026,Merchant_B,Processor_A,NGN,BANK_TRANSFER,SET-0025
TXN102012,100000.0,FAILED,REF-00002012,24/07/2026,Merchant_D,Processor_A,NGN,MOBILE_MONEY,SET-0002
TXN108970,1000.0,SUCCESS,REF-00008970,19/07/2026,Merchant_A,Processor_A,NGN,BANK_TRANSFER,SET-0020
TXN101046,2500.0,SUCCESS,REF-00001046,02/07/2026,Merchant_B,Processor_A,NGN,USSD,SET-0019
TXN100694,1000.0,FAILED,REF-00000694,11/07/2026,Merchant_E,Processor_A,NGN,USSD,SET-0005
TXN105047,10000.0,SUCCESS,REF-00005047,26/07/2026,Merchant_D,Processor_A,NGN,USSD,SET-0036
TXN104176,10000.0,SUCCESS,REF-00004176,18/07/2026,Merchant_C,Processor_A,NGN,CARD,SET-0024
TXN108407,2500.0,SUCCESS,REF-00008407,24/07/2026,Merchant_C,Processor_A,NGN,MOBILE_MONEY,SET-0029
TXN107860,1000.0,FAILED,REF-00007860,19/07/2026,Merchant_D,Processor_A,NGN,USSD,SET-0002
TXN109367,50000.0,SUCCESS,REF-00009367,15/07/2026,Merchant_A,Processor_A,NGN,CARD,SET-0036
TXN105717,5000.0,SUCCESS,REF-00005717,24/07/2026,Merchant_B,Processor_A,NGN,CARD,SET-0023
TXN104971,100000.0,SUCCESS,REF-00004971,07/07/2026,Merchant_D,Processor_A,NGN,CARD,SET-0041
TXN106534,1000.0,SUCCESS,REF-00006534,04/07/2026,Merchant_C,Processor_A,NGN,USSD,SET-0016
TXN106573,100000.0,SUCCESS,REF-00006573,13/07/2026,Merchant_E,Processor_A,NGN,CARD,SET-0044
TXN108444,1500.0,SUCCESS,REF-00008444,07/07/2026,Merchant_D,Processor_A,NGN,MOBILE_MONEY,SET-0015
TXN102516,500.0,SUCCESS,REF-00002516,09/07/2026,Merchant_E,Processor_A,NGN,USSD,SET-0029
TXN106146,10000.0,SUCCESS,REF-00006146,06/07/2026,Merchant_B,Processor_A,NGN,CARD,SET-0008
TXN103289,2500.0,SUCCESS,REF-00003289,02/07/2026,Merchant_E,Processor_A,NGN,BANK_TRANSFER,SET-0035
TXN106827,2500.0,SUCCESS,REF-00006827,08/07/2026,Merchant_C,Processor_A,NGN,CARD,SET-0007
TXN100860,25000.0,FAILED,REF-00000860,28/07/2026,Merchant_C,Processor_A,NGN,MOBILE_MONEY,SET-0048
TXN107513,1000.0,SUCCESS,REF-00007513,24/07/2026,Merchant_E,Processor_A,NGN,USSD,SET-0038
TXN102664,15000.0,SUCCESS,REF-00002664,25/07/2026,Merchant_D,Processor_A,NGN,CARD,SET-0012
TXN100325,25000.0,SUCCESS,REF-00000325,03/07/2026,Merchant_E,Processor_A,NGN,MOBILE_MONEY,SET-0028
TXN104686,1500.0,SUCCESS,REF-00004686,11/07/2026,Merchant_A,Processor_A,NGN,BANK_TRANSFER,SET-0037
TXN107205,1500.0,SUCCESS,REF-00007205,12/07/2026,Merchant_C,Processor_A,NGN,BANK_TRANSFER,SET-0008
TXN100542,2500.0,SUCCESS,REF-00000542,31/07/2026,Merchant_C,Processor_A,NGN,BANK_TRANSFER,SET-0038
TXN100344,7500.0,FAILED,REF-00000344,01/07/2026,Merchant_D,Processor_A,NGN,MOBILE_MONEY,SET-0012
TXN107068,1500.0,SUCCESS,REF-00007068,21/07/2026,Merchant_A,Processor_A,NGN,MOBILE_MONEY,SET-0044
TXN104758,7500.0,SUCCESS,REF-00004758,03/07/2026,Merchant_B,Processor_A,NGN,MOBILE_MONEY,SET-0047
PROC_ONLY1002,2500.0,SUCCESS,PROC-ONLY-REF-00002,29/07/2026,Merchant_B,Processor_A,NGN,MOBILE_MONEY,SET-0029
TXN105664,15000.0,SUCCESS,REF-00005664,19/07/2026,Merchant_B,Processor_A,NGN,CARD,SET-0018
TXN107376,10000.0,SUCCESS,REF-00007376,01/07/2026,Merchant_A,Processor_A,NGN,USSD,SET-0011
TXN106757,10000.0,FAILED,REF-00006757,20/07/2026,Merchant_B,Processor_A,NGN,BANK_TRANSFER,SET-0003
TXN100165,50000.0,SUCCESS,REF-00000165,23/07/2026,Merchant_D,Processor_A,NGN,USSD,SET-0022
TXN108146,5000.0,SUCCESS,REF-00008146,11/07/2026,Merchant_D,Processor_A,NGN,BANK_TRANSFER,SET-0035
TXN106778,250000.0,SUCCESS,REF-00006778,19/07/2026,Merchant_B,Processor_A,NGN,USSD,SET-0040
TXN108411,250000.0,REFUNDED,REF-00008411,31/07/2026,Merchant_E,Processor_A,NGN,MOBILE_MONEY,SET-0037
TXN107823,25000.0,SUCCESS,REF-00007823,28/07/2026,Merchant_D,Processor_A,NGN,BANK_TRANSFER,SET-0030
TXN108618,500.0,SUCCESS,REF-00008618,30/07/2026,Merchant_A,Processor_A,NGN,USSD,SET-0028
TXN103204,15000.0,SUCCESS,REF-00003204,02/07/2026,Merchant_E,Processor_A,NGN,BANK_TRANSFER,SET-0022
TXN100930,1500.0,SUCCESS,REF-00000930,22/07/2026,Merchant_B,Processor_A,NGN,CARD,SET-0024
TXN102191,100000.0,SUCCESS,REF-00002191,16/07/2026,Merchant_A,Processor_A,NGN,USSD,SET-0030
TXN100256,100000.0,SUCCESS,REF-00000256,01/07/2026,Merchant_C,Processor_A,NGN,BANK_TRANSFER,SET-0039
TXN104765,250000.0,SUCCESS,REF-00004765,29/07/2026,Merchant_E,Processor_A,NGN,USSD,SET-0049
TXN107588,10000.0,SUCCESS,REF-00007588,10/07/2026,Merchant_D,Processor_A,NGN,USSD,SET-0033
TXN109626,15000.0,SUCCESS,REF-00009626,30/07/2026,Merchant_C,Processor_A,NGN,BANK_TRANSFER,SET-0039
TXN109668,25000.0,SUCCESS,REF-00009668,18/07/2026,Merchant_B,Processor_A,NGN,BANK_TRANSFER,SET-0006
TXN101452,50000.0,SUCCESS,REF-00001452,07/07/2026,Merchant_B,Processor_A,NGN,CARD,SET-0010
TXN107421,25000.0,SUCCESS,REF-00007421,03/07/2026,Merchant_D,Processor_A,NGN,CARD,SET-0013
TXN104783,5000.0,SUCCESS,REF-00004783,05/07/2026,Merchant_A,Processor_A,NGN,BANK_TRANSFER,SET-0042
TXN108560,1500.0,SUCCESS,REF-00008560,13/07/2026,Merchant_A,Processor_A,NGN,USSD,SET-0039
TXN105769,100000.0,SUCCESS,REF-00005769,01/07/2026,Merchant_C,Processor_A,NGN,BANK_TRANSFER,SET-0001
TXN104733,100000.0,SUCCESS,REF-00004733,27/07/2026,Merchant_E,Processor_A,NGN,CARD,SET-0022
TXN109938,100000.0,SUCCESS,REF-00009938,28/07/2026,Merchant_A,Processor_A,NGN,CARD,SET-0006
TXN105494,10000.0,SUCCESS,REF-00005494,19/07/2026,Merchant_C,Processor_A,NGN,USSD,SET-0028
TXN104641,5000.0,SUCCESS,REF-00004641,15/07/2026,Merchant_E,Processor_A,NGN,MOBILE_MONEY,SET-0010
TXN103598,5000.0,SUCCESS,REF-00003598,07/07/2026,Merchant_B,Processor_A,NGN,USSD,SET-0046
TXN108226,5000.0,SUCCESS,REF-00008226,03/07/2026,Merchant_A,Processor_A,NGN,MOBILE_MONEY,SET-0040
TXN106524,1000.0,SUCCESS,REF-00006524,13/07/2026,Merchant_C,Processor_A,NGN,CARD,SET-0019
TXN108510,1500.0,SUCCESS,REF-00008510,28/07/2026,Merchant_D,Processor_A,NGN,BANK_TRANSFER,SET-0001
TXN106970,2500.0,SUCCESS,REF-00006970,28/07/2026,Merchant_C,Processor_A,NGN,CARD,SET-0028
TXN107415,10000.0,FAILED,REF-00007415,27/07/2026,Merchant_E,Processor_A,NGN,BANK_TRANSFER,SET-0034
TXN107594,1000.0,SUCCESS,REF-00007594,14/07/2026,Merchant_A,Processor_A,NGN,BANK_TRANSFER,SET-0012
TXN101235,5000.0,SUCCESS,REF-00001235,25/07/2026,Merchant_D,Processor_A,NGN,BANK_TRANSFER,SET-0014
TXN102325,250000.0,SUCCESS,REF-00002325,29/07/2026,Merchant_D,Processor_A,NGN,USSD,SET-0040
TXN106760,5000.0,SUCCESS,REF-00006760,16/07/2026,Merchant_E,Processor_A,NGN,BANK_TRANSFER,SET-0045
TXN107326,2500.0,SUCCESS,REF-00007326,24/07/2026,Merchant_A,Processor_A,NGN,CARD,SET-0024
TXN106591,5000.0,SUCCESS,REF-00006591,29/07/2026,Merchant_E,Processor_A,NGN,CARD,SET-0047
TXN100316,7500.0,SUCCESS,REF-00000316,16/07/2026,Merchant_A,Processor_A,NGN,CARD,SET-0003
TXN104154,2500.0,SUCCESS,REF-00004154,24/07/2026,Merchant_D,Processor_A,NGN,BANK_TRANSFER,SET-0014
TXN107999,1000.0,SUCCESS,REF-00007999,13/07/2026,Merchant_C,Processor_A,NGN,USSD,SET-0027
TXN102278,15000.0,SUCCESS,REF-00002278,03/07/2026,Merchant_B,Processor_A,NGN,CARD,SET-0014
TXN102479,50000.0,SUCCESS,REF-00002479,08/07/2026,Merchant_D,Processor_A,NGN,USSD,SET-0001
TXN109271,10000.0,REFUNDED,REF-00009271,31/07/2026,Merchant_B,Processor_A,NGN,USSD,SET-0038
TXN107574,500.0,SUCCESS,REF-00007574,05/07/2026,Merchant_B,Processor_A,NGN,CARD,SET-0042
TXN108362,2500.0,SUCCESS,REF-00008362,05/07/2026,Merchant_E,Processor_A,NGN,BANK_TRANSFER,SET-0027
TXN104793,5000.0,SUCCESS,REF-00004793,13/07/2026,Merchant_C,Processor_A,NGN,CARD,SET-0011
TXN106887,5000.0,SUCCESS,REF-00006887,25/07/2026,Merchant_C,Processor_A,NGN,USSD,SET-0007
TXN109948,10000.0,SUCCESS,REF-00009948,26/07/2026,Merchant_E,Processor_A,NGN,BANK_TRANSFER,SET-0047
TXN108220,100000.0,SUCCESS,REF-00008220,29/07/2026,Merchant_A,Processor_A,NGN,CARD,SET-0019
TXN100476,1000.0,SUCCESS,REF-00000476,28/07/2026,Merchant_B,Processor_A,NGN,BANK_TRANSFER,SET-0029
TXN100110,5000.0,SUCCESS,REF-00000110,14/07/2026,Merchant_A,Processor_A,NGN,MOBILE_MONEY,SET-0022
TXN106899,7500.0,SUCCESS,REF-00006899,19/07/2026,Merchant_C,Processor_A,NGN,MOBILE_MONEY,SET-0030
TXN107659,15000.0,FAILED,REF-00007659,03/07/2026,Merchant_B,Processor_A,NGN,MOBILE_MONEY,SET-0012
TXN102101,10000.0,SUCCESS,REF-00002101,11/07/2026,Merchant_A,Processor_A,NGN,USSD,SET-0045
TXN104314,250000.0,SUCCESS,REF-00004314,27/07/2026,Merchant_C,Processor_A,NGN,MOBILE_MONEY,SET-0012
TXN105715,5000.0,FAILED,REF-00005715,09/07/2026,Merchant_A,Processor_A,NGN,BANK_TRANSFER,SET-0016
TXN106906,2500.0,SUCCESS,REF-00006906,15/07/2026,Merchant_E,Processor_A,NGN,BANK_TRANSFER,SET-0018
TXN104993,15000.0,SUCCESS,REF-00004993,21/07/2026,Merchant_E,Processor_A,NGN,CARD,SET-0049
TXN102142,25000.0,SUCCESS,REF-00002142,27/07/2026,Merchant_E,Processor_A,NGN,CARD,SET-0034
TXN105325,10000.0,SUCCESS,REF-00005325,04/07/2026,Merchant_A,Processor_A,NGN,BANK_TRANSFER,SET-0032
TXN101367,100000.0,REFUNDED,REF-00001367,01/07/2026,Merchant_D,Processor_A,NGN,CARD,SET-0017
TXN106317,10000.0,SUCCESS,REF-00006317,07/07/2026,Merchant_C,Processor_A,NGN,USSD,SET-0042
TXN107030,15000.0,SUCCESS,REF-00007030,08/07/2026,Merchant_C,Processor_A,NGN,BANK_TRANSFER,SET-0003
TXN101859,25000.0,SUCCESS,REF-00001859,26/07/2026,Merchant_E,Processor_A,NGN,USSD,SET-0019
TXN100536,50000.0,SUCCESS,REF-00000536,23/07/2026,Merchant_B,Processor_A,NGN,MOBILE_MONEY,SET-0006
TXN102246,1000.0,SUCCESS,REF-00002246,25/07/2026,Merchant_E,Processor_A,NGN,CARD,SET-0020
TXN109783,100000.0,SUCCESS,REF-00009783,14/07/2026,Merchant_C,Processor_A,NGN,CARD,SET-0015
TXN106712,25000.0,SUCCESS,REF-00006712,14/07/2026,Merchant_A,Processor_A,NGN,CARD,SET-0003
TXN105084,2500.0,SUCCESS,REF-00005084,19/07/2026,Merchant_E,Processor_A,NGN,USSD,SET-0042
TXN101797,1000.0,SUCCESS,REF-00001797,22/07/2026,Merchant_E,Processor_A,NGN,CARD,SET-0020
TXN104362,25000.0,SUCCESS,REF-00004362-X,02/07/2026,Merchant_E,Processor_A,NGN,USSD,SET-0045
TXN105289,25000.0,REFUNDED,REF-00005289,28/07/2026,Merchant_A,Processor_A,NGN,BANK_TRANSFER,SET-0017
TXN107922,1500.0,SUCCESS,REF-00007922,02/07/2026,Merchant_E,Processor_A,NGN,MOBILE_MONEY,SET-0030
TXN104292,10000.0,SUCCESS,REF-00004292,19/07/2026,Merchant_B,Processor_A,NGN,USSD,SET-0009
TXN107244,5000.0,SUCCESS,REF-00007244,21/07/2026,Merchant_C,Processor_A,NGN,BANK_TRANSFER,SET-0036
TXN107611,1500.0,SUCCESS,REF-00007611,25/07/2026,Merchant_A,Processor_A,NGN,USSD,SET-0044
TXN101333,250000.0,SUCCESS,REF-00001333,04/07/2026,Merchant_A,Processor_A,NGN,USSD,SET-0047
TXN106347,250000.0,SUCCESS,REF-00006347,22/07/2026,Merchant_E,Processor_A,NGN,MOBILE_MONEY,SET-0029
TXN104043,15000.0,SUCCESS,REF-00004043,19/07/2026,Merchant_E,Processor_A,NGN,CARD,SET-0038
TXN108505,25000.0,SUCCESS,REF-00008505,25/07/2026,Merchant_A,Processor_A,NGN,MOBILE_MONEY,SET-0023
TXN104051,15000.0,SUCCESS,REF-00004051,24/07/2026,Merchant_B,Processor_A,NGN,USSD,SET-0035
TXN100735,100000.0,SUCCESS,REF-00000735-X,04/07/2026,Merchant_C,Processor_A,NGN,BANK_TRANSFER,SET-0025
TXN101567,1000.0,SUCCESS,REF-00001567,21/07/2026,Merchant_D,Processor_A,NGN,USSD,SET-0010
TXN102255,10000.0,SUCCESS,REF-00002255,07/07/2026,Merchant_B,Processor_A,NGN,CARD,SET-0008
TXN108891,50000.0,SUCCESS,REF-00008891,18/07/2026,Merchant_C,Processor_A,NGN,MOBILE_MONEY,SET-0005
TXN101811,25000.0,FAILED,REF-00001811,18/07/2026,Merchant_E,Processor_A,NGN,BANK_TRANSFER,SET-0002
TXN104046,5000.0,SUCCESS,REF-00004046,11/07/2026,Merchant_E,Processor_A,NGN,CARD,SET-0014
TXN104316,25000.0,SUCCESS,REF-00004316,30/07/2026,Merchant_B,Processor_A,NGN,CARD,SET-0012
TXN106557,1000.0,SUCCESS,REF-00006557,28/07/2026,Merchant_E,Processor_A,NGN,BANK_TRANSFER,SET-0033
TXN107448,15000.0,SUCCESS,REF-00007448,12/07/2026,Merchant_E,Processor_A,NGN,BANK_TRANSFER,SET-0038
TXN109325,100000.0,FAILED,REF-00009325,07/07/2026,Merchant_B,Processor_A,NGN,USSD,SET-0013
TXN102782,250000.0,SUCCESS,REF-00002782,10/07/2026,Merchant_A,Processor_A,NGN,USSD,SET-0047
TXN108523,7500.0,REFUNDED,REF-00008523,11/07/2026,Merchant_B,Processor_A,NGN,CARD,SET-0017
TXN103969,7500.0,SUCCESS,REF-00003969,10/07/2026,Merchant_C,Processor_A,NGN,MOBILE_MONEY,SET-0018
TXN108059,10000.0,SUCCESS,REF-00008059,11/07/2026,Merchant_E,Processor_A,NGN,CARD,SET-0001
TXN109633,15000.0,SUCCESS,REF-00009633,04/07/2026,Merchant_B,Processor_A,NGN,MOBILE_MONEY,SET-0016
TXN107997,7500.0,SUCCESS,REF-00007997,16/07/2026,Merchant_D,Processor_A,NGN,USSD,SET-0024
TXN108269,25000.0,SUCCESS,REF-00008269,20/07/2026,Merchant_E,Processor_A,NGN,MOBILE_MONEY,SET-0012
TXN107975,1500.0,SUCCESS,REF-00007975,13/07/2026,Merchant_C,Processor_A,NGN,MOBILE_MONEY,SET-0021
TXN102167,1500.0,SUCCESS,REF-00002167,27/07/2026,Merchant_A,Processor_A,NGN,BANK_TRANSFER,SET-0034
TXN108858,10000.0,SUCCESS,REF-00008858,23/07/2026,Merchant_C,Processor_A,NGN,CARD,SET-0034
TXN102281,5000.0,REFUNDED,REF-00002281,19/07/2026,Merchant_A,Processor_A,NGN,BANK_TRANSFER,SET-0022
TXN106012,250000.0,SUCCESS,REF-00006012,25/07/2026,Merchant_E,Processor_A,NGN,CARD,SET-0024
TXN106618,10000.0,SUCCESS,REF-00006618,06/07/2026,Merchant_A,Processor_A,NGN,USSD,SET-0043
TXN101548,1000.0,SUCCESS,REF-00001548,31/07/2026,Merchant_A,Processor_A,NGN,USSD,SET-0007
TXN100270,50000.0,SUCCESS,REF-00000270,26/07/2026,Merchant_C,Processor_A,NGN,MOBILE_MONEY,SET-0038
TXN104083,25000.0,SUCCESS,REF-00004083,01/07/2026,Merchant_D,Processor_A,NGN,CARD,SET-0008
TXN108345,25000.0,SUCCESS,REF-00008345,06/07/2026,Merchant_D,Processor_A,NGN,USSD,SET-0014
TXN102811,15000.0,SUCCESS,REF-00002811,08/07/2026,Merchant_B,Processor_A,NGN,USSD,SET-0040
TXN109250,1000.0,SUCCESS,REF-00009250,07/07/2026,Merchant_D,Processor_A,NGN,MOBILE_MONEY,SET-0026
TXN102384,5000.0,SUCCESS,REF-00002384,29/07/2026,Merchant_B,Processor_A,NGN,CARD,SET-0040
TXN101021,5000.0,SUCCESS,REF-00001021,05/07/2026,Merchant_E,Processor_A,NGN,USSD,SET-0001
TXN106352,500.0,SUCCESS,REF-00006352,19/07/2026,Merchant_E,Processor_A,NGN,USSD,SET-0036
TXN106217,5000.0,SUCCESS,REF-00006217,25/07/2026,Merchant_C,Processor_A,NGN,BANK_TRANSFER,SET-0003
TXN102924,5000.0,SUCCESS,REF-00002924,14/07/2026,Merchant_D,Processor_A,NGN,MOBILE_MONEY,SET-0005
TXN102537,1500.0,SUCCESS,REF-00002537,06/07/2026,Merchant_D,Processor_A,NGN,MOBILE_MONEY,SET-0017
TXN102796,1000.0,SUCCESS,REF-00002796,15/07/2026,Merchant_D,Processor_A,NGN,MOBILE_MONEY,SET-0024
TXN100581,250000.0,REFUNDED,REF-00000581,16/07/2026,Merchant_D,Processor_A,NGN,USSD,SET-0045
TXN100527,5000.0,SUCCESS,REF-00000527,13/07/2026,Merchant_A,Processor_A,NGN,CARD,SET-0007
TXN104763,2500.0,SUCCESS,REF-00004763,04/07/2026,Merchant_B,Processor_A,NGN,MOBILE_MONEY,SET-0004
TXN101362,15000.0,SUCCESS,REF-00001362,02/07/2026,Merchant_A,Processor_A,NGN,MOBILE_MONEY,SET-0024
TXN104094,5000.0,SUCCESS,REF-00004094,30/07/2026,Merchant_A,Processor_A,NGN,USSD,SET-0004
TXN103420,25000.0,FAILED,REF-00003420,20/07/2026,Merchant_E,Processor_A,NGN,USSD,SET-0026
TXN103993,1000.0,SUCCESS,REF-00003993,03/07/2026,Merchant_E,Processor_A,NGN,USSD,SET-0006
TXN101004,50000.0,SUCCESS,REF-00001004,27/07/2026,Merchant_B,Processor_A,NGN,MOBILE_MONEY,SET-0023
TXN105579,7500.0,SUCCESS,REF-00005579,16/07/2026,Merchant_B,Processor_A,NGN,MOBILE_MONEY,SET-0003
TXN108893,10000.0,SUCCESS,REF-00008893,22/07/2026,Merchant_D,Processor_A,NGN,MOBILE_MONEY,SET-0009
TXN106233,1500.0,SUCCESS,REF-00006233,23/07/2026,Merchant_A,Processor_A,NGN,USSD,SET-0031
TXN105742,50000.0,FAILED,REF-00005742,20/07/2026,Merchant_B,Processor_A,NGN,CARD,SET-0031
TXN100962,2500.0,SUCCESS,REF-00000962,17/07/2026,Merchant_C,Processor_A,NGN,BANK_TRANSFER,SET-0044
TXN102553,100000.0,SUCCESS,REF-00002553,12/07/2026,Merchant_A,Processor_A,NGN,USSD,SET-0040
TXN103684,15000.0,SUCCESS,REF-00003684,02/07/2026,Merchant_A,Processor_A,NGN,BANK_TRANSFER,SET-0010
TXN107740,15000.0,SUCCESS,REF-00007740,23/07/2026,Merchant_B,Processor_A,NGN,USSD,SET-0023
TXN107156,10000.0,SUCCESS,REF-00007156,19/07/2026,Merchant_D,Processor_A,NGN,MOBILE_MONEY,SET-0013
TXN108776,250000.0,SUCCESS,REF-00008776,06/07/2026,Merchant_D,Processor_A,NGN,MOBILE_MONEY,SET-0048
TXN104600,2500.0,SUCCESS,REF-00004600,03/07/2026,Merchant_C,Processor_A,NGN,USSD,SET-0030
TXN102393,1500.0,SUCCESS,REF-00002393,16/07/2026,Merchant_E,Processor_A,NGN,MOBILE_MONEY,SET-0031
TXN102451,250000.0,SUCCESS,REF-00002451,15/07/2026,Merchant_D,Processor_A,NGN,BANK_TRANSFER,SET-0033
TXN100205,500.0,SUCCESS,REF-00000205,23/07/2026,Merchant_B,Processor_A,NGN,CARD,SET-0031
TXN105918,5000.0,SUCCESS,REF-00005918,10/07/2026,Merchant_D,Processor_A,NGN,USSD,SET-0026
TXN108644,10000.0,SUCCESS,REF-00008644,23/07/2026,Merchant_C,Processor_A,NGN,BANK_TRANSFER,SET-0017
TXN107221,2500.0,SUCCESS,REF-00007221,26/07/2026,Merchant_B,Processor_A,NGN,BANK_TRANSFER,SET-0006
TXN105290,5000.0,SUCCESS,REF-00005290,23/07/2026,Merchant_A,Processor_A,NGN,USSD,SET-0021
TXN109370,25000.0,SUCCESS,REF-00009370,26/07/2026,Merchant_C,Processor_A,NGN,USSD,SET-0015
TXN103045,25000.0,SUCCESS,REF-00003045,15/07/2026,Merchant_E,Processor_A,NGN,CARD,SET-0024
TXN107215,15000.0,SUCCESS,REF-00007215,14/07/2026,Merchant_D,Processor_A,NGN,BANK_TRANSFER,SET-0038
TXN104341,1000.0,SUCCESS,REF-00004341,11/07/2026,Merchant_E,Processor_A,NGN,CARD,SET-0041
TXN102357,1000.0,SUCCESS,REF-00002357,11/07/2026,Merchant_D,Processor_A,NGN,MOBILE_MONEY,SET-0044
TXN108890,5000.0,SUCCESS,REF-00008890,03/07/2026,Merchant_B,Processor_A,NGN,MOBILE_MONEY,SET-0022
TXN100886,15000.0,SUCCESS,REF-00000886,07/07/2026,Merchant_D,Processor_A,NGN,CARD,SET-0022
TXN108848,7500.0,REFUNDED,REF-00008848,10/07/2026,Merchant_E,Processor_A,NGN,BANK_TRANSFER,SET-0039
TXN101295,2500.0,SUCCESS,REF-00001295,09/07/2026,Merchant_E,Processor_A,NGN,BANK_TRANSFER,SET-0031
TXN106416,5000.0,REFUNDED,REF-00006416,11/07/2026,Merchant_C,Processor_A,NGN,BANK_TRANSFER,SET-0041
TXN102224,500.0,SUCCESS,REF-00002224,28/07/2026,Merchant_C,Processor_A,NGN,BANK_TRANSFER,SET-0018
TXN102946,10000.0,SUCCESS,REF-00002946,13/07/2026,Merchant_C,Processor_A,NGN,USSD,SET-0049
TXN103056,15000.0,SUCCESS,REF-00003056,05/07/2026,Merchant_C,Processor_A,NGN,BANK_TRANSFER,SET-0021
TXN109337,250000.0,SUCCESS,REF-00009337,16/07/2026,Merchant_E,Processor_A,NGN,BANK_TRANSFER,SET-0038
TXN106829,7500.0,SUCCESS,REF-00006829,08/07/2026,Merchant_D,Processor_A,NGN,BANK_TRANSFER,SET-0045
TXN101000,1500.0,SUCCESS,REF-00001000,31/07/2026,Merchant_D,Processor_A,NGN,BANK_TRANSFER,SET-0017
TXN104307,15000.0,SUCCESS,REF-00004307,20/07/2026,Merchant_D,Processor_A,NGN,USSD,SET-0023
TXN105382,2500.0,SUCCESS,REF-00005382,08/07/2026,Merchant_A,Processor_A,NGN,CARD,SET-0002
TXN103340,100000.0,SUCCESS,REF-00003340,07/07/2026,Merchant_C,Processor_A,NGN,MOBILE_MONEY,SET-0037
TXN101052,100000.0,SUCCESS,REF-00001052,26/07/2026,Merchant_D,Processor_A,NGN,BANK_TRANSFER,SET-0039
TXN100473,100000.0,SUCCESS,REF-00000473,21/07/2026,Merchant_E,Processor_A,NGN,USSD,SET-0005
TXN107821,5000.0,SUCCESS,REF-00007821,02/07/2026,Merchant_B,Processor_A,NGN,BANK_TRANSFER,SET-0011
TXN103412,500.0,SUCCESS,REF-00003412,21/07/2026,Merchant_D,Processor_A,NGN,CARD,SET-0029
TXN102605,10000.0,SUCCESS,REF-00002605,30/07/2026,Merchant_D,Processor_A,NGN,CARD,SET-0019
TXN102986,1000.0,FAILED,REF-00002986,17/07/2026,Merchant_C,Processor_A,NGN,BANK_TRANSFER,SET-0030
TXN108266,15000.0,SUCCESS,REF-00008266,18/07/2026,Merchant_D,Processor_A,NGN,USSD,SET-0022
TXN102015,7500.0,SUCCESS,REF-00002015,29/07/2026,Merchant_A,Processor_A,NGN,CARD,SET-0001
TXN103104,2500.0,SUCCESS,REF-00003104,27/07/2026,Merchant_E,Processor_A,NGN,BANK_TRANSFER,SET-0042
TXN108860,10000.0,SUCCESS,REF-00008860,08/07/2026,Merchant_C,Processor_A,NGN,CARD,SET-0008
TXN108414,1500.0,SUCCESS,REF-00008414,25/07/2026,Merchant_C,Processor_A,NGN,CARD,SET-0005
TXN108892,250000.0,SUCCESS,REF-00008892,11/07/2026,Merchant_A,Processor_A,NGN,CARD,SET-0019
TXN105779,2500.0,REFUNDED,REF-00005779,06/07/2026,Merchant_E,Processor_A,NGN,USSD,SET-0026
TXN109413,1000.0,SUCCESS,REF-00009413,20/07/2026,Merchant_C,Processor_A,NGN,BANK_TRANSFER,SET-0035
TXN103687,5000.0,REFUNDED,REF-00003687,20/07/2026,Merchant_A,Processor_A,NGN,USSD,SET-0009
TXN106180,15000.0,SUCCESS,REF-00006180,24/07/2026,Merchant_A,Processor_A,NGN,BANK_TRANSFER,SET-0040
TXN100086,25000.0,SUCCESS,REF-00000086,18/07/2026,Merchant_D,Processor_A,NGN,BANK_TRANSFER,SET-0015
TXN109389,10000.0,SUCCESS,REF-00009389,14/07/2026,Merchant_E,Processor_A,NGN,BANK_TRANSFER,SET-0019
TXN109058,2500.0,SUCCESS,REF-00009058,23/07/2026,Merchant_B,Processor_A,NGN,BANK_TRANSFER,SET-0012
TXN106980,2500.0,SUCCESS,REF-00006980,23/07/2026,Merchant_A,Processor_A,NGN,CARD,SET-0008
TXN107692,2500.0,FAILED,REF-00007692,08/07/2026,Merchant_E,Processor_A,NGN,BANK_TRANSFER,SET-0027
TXN102704,25000.0,SUCCESS,REF-00002704,11/07/2026,Merchant_C,Processor_A,NGN,CARD,SET-0012
TXN109001,10000.0,FAILED,REF-00009001,07/07/2026,Merchant_E,Processor_A,NGN,USSD,SET-0014
TXN102897,5000.0,SUCCESS,REF-00002897,14/07/2026,Merchant_A,Processor_A,NGN,MOBILE_MONEY,SET-0009
TXN108389,1000.0,SUCCESS,REF-00008389,18/07/2026,Merchant_B,Processor_A,NGN,CARD,SET-0050
TXN109966,25000.0,SUCCESS,REF-00009966,09/07/2026,Merchant_D,Processor_A,NGN,CARD,SET-0021
TXN101182,15000.0,SUCCESS,REF-00001182,30/07/2026,Merchant_D,Processor_A,NGN,USSD,SET-0017
TXN107673,10000.0,SUCCESS,REF-00007673,28/07/2026,Merchant_E,Processor_A,NGN,USSD,SET-0018
TXN108391,1000.0,REFUNDED,REF-00008391,06/07/2026,Merchant_A,Processor_A,NGN,USSD,SET-0039
TXN107360,25000.0,SUCCESS,REF-00007360,26/07/2026,Merchant_E,Processor_A,NGN,USSD,SET-0028
TXN107009,2500.0,SUCCESS,REF-00007009,22/07/2026,Merchant_E,Processor_A,NGN,USSD,SET-0020
TXN102892,25000.0,SUCCESS,REF-00002892,08/07/2026,Merchant_D,Processor_A,NGN,BANK_TRANSFER,SET-0034
TXN108631,2500.0,SUCCESS,REF-00008631,23/07/2026,Merchant_E,Processor_A,NGN,MOBILE_MONEY,SET-0031
TXN109819,5000.0,SUCCESS,REF-00009819,10/07/2026,Merchant_C,Processor_A,NGN,BANK_TRANSFER,SET-0004
TXN104153,5000.0,SUCCESS,REF-00004153,21/07/2026,Merchant_B,Processor_A,NGN,BANK_TRANSFER,SET-0032
TXN105988,15000.0,SUCCESS,REF-00005988,09/07/2026,Merchant_E,Processor_A,NGN,USSD,SET-0037
TXN102889,50000.0,SUCCESS,REF-00002889,26/07/2026,Merchant_E,Processor_A,NGN,BANK_TRANSFER,SET-0028
TXN101736,7500.0,SUCCESS,REF-00001736,07/07/2026,Merchant_E,Processor_A,NGN,MOBILE_MONEY,SET-0049
TXN105733,10000.0,SUCCESS,REF-00005733,02/07/2026,Merchant_B,Processor_A,NGN,MOBILE_MONEY,SET-0008
TXN108150,10000.0,SUCCESS,REF-00008150,11/07/2026,Merchant_E,Processor_A,NGN,USSD,SET-0024
TXN105145,100000.0,REFUNDED,REF-00005145,31/07/2026,Merchant_B,Processor_A,NGN,MOBILE_MONEY,SET-0006
TXN107100,500.0,SUCCESS,REF-00007100,01/07/2026,Merchant_E,Processor_A,NGN,MOBILE_MONEY,SET-0009
TXN105584,7500.0,SUCCESS,REF-00005584,28/07/2026,Merchant_B,Processor_A,NGN,USSD,SET-0004
TXN104446,1500.0,FAILED,REF-00004446,30/07/2026,Merchant_E,Processor_A,NGN,CARD,SET-0036
TXN107756,2500.0,SUCCESS,REF-00007756,13/07/2026,Merchant_E,Processor_A,NGN,CARD,SET-0010
TXN103135,15000.0,REFUNDED,REF-00003135,17/07/2026,Merchant_D,Processor_A,NGN,CARD,SET-0042
TXN105961,100000.0,SUCCESS,REF-00005961,01/07/2026,Merchant_D,Processor_A,NGN,CARD,SET-0004
TXN107537,5000.0,SUCCESS,REF-00007537,05/07/2026,Merchant_A,Processor_A,NGN,MOBILE_MONEY,SET-0038
TXN100416,5000.0,SUCCESS,REF-00000416,21/07/2026,Merchant_E,Processor_A,NGN,BANK_TRANSFER,SET-0036
TXN107020,10000.0,SUCCESS,REF-00007020,17/07/2026,Merchant_E,Processor_A,NGN,BANK_TRANSFER,SET-0016
TXN104190,25000.0,SUCCESS,REF-00004190,03/07/2026,Merchant_B,Processor_A,NGN,BANK_TRANSFER,SET-0015
TXN101109,1500.0,SUCCESS,REF-00001109,10/07/2026,Merchant_C,Processor_A,NGN,BANK_TRANSFER,SET-0020
TXN102544,1000.0,SUCCESS,REF-00002544,09/07/2026,Merchant_B,Processor_A,NGN,MOBILE_MONEY,SET-0021
TXN105129,50000.0,SUCCESS,REF-00005129,03/07/2026,Merchant_C,Processor_A,NGN,MOBILE_MONEY,SET-0035
TXN103032,25000.0,SUCCESS,REF-00003032,04/07/2026,Merchant_A,Processor_A,NGN,USSD,SET-0032
TXN106788,50000.0,SUCCESS,REF-00006788,15/07/2026,Merchant_A,Processor_A,NGN,CARD,SET-0002
TXN101128,5000.0,SUCCESS,REF-00001128,19/07/2026,Merchant_B,Processor_A,NGN,USSD,SET-0047
TXN101061,250000.0,SUCCESS,REF-00001061,22/07/2026,Merchant_E,Processor_A,NGN,MOBILE_MONEY,SET-0033
TXN106918,15000.0,REFUNDED,REF-00006918,18/07/2026,Merchant_A,Processor_A,NGN,MOBILE_MONEY,SET-0048
TXN108511,15000.0,SUCCESS,REF-00008511,26/07/2026,Merchant_D,Processor_A,NGN,MOBILE_MONEY,SET-0004
TXN102189,15000.0,SUCCESS,REF-00002189,27/07/2026,Merchant_C,Processor_A,NGN,CARD,SET-0010
TXN109440,1500.0,SUCCESS,REF-00009440,28/07/2026,Merchant_D,Processor_A,NGN,CARD,SET-0001
TXN100034,250000.0,SUCCESS,REF-00000034,29/07/2026,Merchant_B,Processor_A,NGN,CARD,SET-0031
TXN109896,25000.0,SUCCESS,REF-00009896,08/07/2026,Merchant_B,Processor_A,NGN,MOBILE_MONEY,SET-0031
TXN106551,10000.0,SUCCESS,REF-00006551,06/07/2026,Merchant_B,Processor_A,NGN,BANK_TRANSFER,SET-0009
TXN105690,2500.0,SUCCESS,REF-00005690,31/07/2026,Merchant_B,Processor_A,NGN,CARD,SET-0012
TXN102432,250000.0,FAILED,REF-00002432,25/07/2026,Merchant_E,Processor_A,NGN,BANK_TRANSFER,SET-0049
TXN109262,15000.0,SUCCESS,REF-00009262,11/07/2026,Merchant_D,Processor_A,NGN,CARD,SET-0050
TXN100310,7500.0,REFUNDED,REF-00000310,20/07/2026,Merchant_B,Processor_A,NGN,CARD,SET-0050
TXN100426,7500.0,SUCCESS,REF-00000426,12/07/2026,Merchant_C,Processor_A,NGN,BANK_TRANSFER,SET-0012
TXN107494,50000.0,SUCCESS,REF-00007494,13/07/2026,Merchant_B,Processor_A,NGN,MOBILE_MONEY,SET-0010
TXN109749,100000.0,SUCCESS,REF-00009749,05/07/2026,Merchant_C,Processor_A,NGN,USSD,SET-0045
TXN105862,500.0,SUCCESS,REF-00005862,07/07/2026,Merchant_E,Processor_A,NGN,BANK_TRANSFER,SET-0010
TXN108028,10000.0,SUCCESS,REF-00008028,28/07/2026,Merchant_B,Processor_A,NGN,MOBILE_MONEY,SET-0031
TXN105975,250000.0,SUCCESS,REF-00005975,22/07/2026,Merchant_A,Processor_A,NGN,MOBILE_MONEY,SET-0028
TXN107188,10000.0,SUCCESS,REF-00007188,24/07/2026,Merchant_D,Processor_A,NGN,BANK_TRANSFER,SET-0032
TXN105750,2500.0,SUCCESS,REF-00005750,15/07/2026,Merchant_E,Processor_A,NGN,USSD,SET-0013
TXN105176,100000.0,SUCCESS,REF-00005176,22/07/2026,Merchant_C,Processor_A,NGN,BANK_TRANSFER,SET-0037
TXN101557,7500.0,SUCCESS,REF-00001557,29/07/2026,Merchant_B,Processor_A,NGN,BANK_TRANSFER,SET-0022
TXN105741,10000.0,SUCCESS,REF-00005741,20/07/2026,Merchant_D,Processor_A,NGN,USSD,SET-0019
TXN103964,500.0,SUCCESS,REF-00003964,06/07/2026,Merchant_B,Processor_A,NGN,CARD,SET-0001
TXN102941,15000.0,SUCCESS,REF-00002941,11/07/2026,Merchant_B,Processor_A,NGN,MOBILE_MONEY,SET-0045
TXN103444,250000.0,SUCCESS,REF-00003444,16/07/2026,Merchant_E,Processor_A,NGN,MOBILE_MONEY,SET-0022
TXN106830,100000.0,SUCCESS,REF-00006830,12/07/2026,Merchant_D,Processor_A,NGN,CARD,SET-0048
TXN101268,15000.0,FAILED,REF-00001268,20/07/2026,Merchant_C,Processor_A,NGN,CARD,SET-0039
TXN102848,10000.0,SUCCESS,REF-00002848,04/07/2026,Merchant_E,Processor_A,NGN,BANK_TRANSFER,SET-0035
TXN107366,10000.0,SUCCESS,REF-00007366,31/07/2026,Merchant_C,Processor_A,NGN,MOBILE_MONEY,SET-0004
TXN101446,25000.0,FAILED,REF-00001446,19/07/2026,Merchant_B,Processor_A,NGN,MOBILE_MONEY,SET-0011
TXN106305,7500.0,SUCCESS,REF-00006305,29/07/2026,Merchant_B,Processor_A,NGN,CARD,SET-0040
TXN109904,100000.0,SUCCESS,REF-00009904,19/07/2026,Merchant_B,Processor_A,NGN,CARD,SET-0001
TXN105261,50000.0,SUCCESS,REF-00005261,04/07/2026,Merchant_A,Processor_A,NGN,USSD,SET-0036
TXN107397,100000.0,SUCCESS,REF-00007397,26/07/2026,Merchant_A,Processor_A,NGN,MOBILE_MONEY,SET-0041
TXN104568,1500.0,SUCCESS,REF-00004568,16/07/2026,Merchant_A,Processor_A,NGN,BANK_TRANSFER,SET-0037
TXN103686,100000.0,SUCCESS,REF-00003686,25/07/2026,Merchant_B,Processor_A,NGN,USSD,SET-0050
TXN105203,25000.0,SUCCESS,REF-00005203,04/07/2026,Merchant_E,Processor_A,NGN,BANK_TRANSFER,SET-0016
TXN109287,50000.0,SUCCESS,REF-00009287,24/07/2026,Merchant_C,Processor_A,NGN,USSD,SET-0030
TXN106111,5000.0,SUCCESS,REF-00006111,26/07/2026,Merchant_D,Processor_A,NGN,CARD,SET-0028
TXN106679,10000.0,SUCCESS,REF-00006679,27/07/2026,Merchant_B,Processor_A,NGN,USSD,SET-0002
TXN102526,2500.0,SUCCESS,REF-00002526,30/07/2026,Merchant_A,Processor_A,NGN,MOBILE_MONEY,SET-0050
TXN106204,1000.0,REFUNDED,REF-00006204,07/07/2026,Merchant_D,Processor_A,NGN,MOBILE_MONEY,SET-0013
TXN109596,10000.0,REFUNDED,REF-00009596,14/07/2026,Merchant_D,Processor_A,NGN,USSD,SET-0005
TXN103858,7500.0,SUCCESS,REF-00003858,20/07/2026,Merchant_D,Processor_A,NGN,BANK_TRANSFER,SET-0005
TXN107359,100000.0,SUCCESS,REF-00007359,31/07/2026,Merchant_E,Processor_A,NGN,MOBILE_MONEY,SET-0009
TXN109936,10000.0,SUCCESS,REF-00009936,11/07/2026,Merchant_E,Processor_A,NGN,MOBILE_MONEY,SET-0042
TXN106795,5000.0,SUCCESS,REF-00006795,07/07/2026,Merchant_C,Processor_A,NGN,CARD,SET-0027
TXN108751,2500.0,SUCCESS,REF-00008751,16/07/2026,Merchant_A,Processor_A,NGN,CARD,SET-0002
TXN103224,1500.0,SUCCESS,REF-00003224,11/07/2026,Merchant_E,Processor_A,NGN,USSD,SET-0029
TXN105805,1000.0,SUCCESS,REF-00005805,04/07/2026,Merchant_A,Processor_A,NGN,USSD,SET-0040
TXN101869,25000.0,SUCCESS,REF-00001869,08/07/2026,Merchant_A,Processor_A,NGN,USSD,SET-0035
TXN104108,100100.0,SUCCESS,REF-00004108,23/07/2026,Merchant_B,Processor_A,NGN,BANK_TRANSFER,SET-0038
TXN109661,2500.0,SUCCESS,REF-00009661,12/07/2026,Merchant_C,Processor_A,NGN,CARD,SET-0027
TXN106610,50000.0,SUCCESS,REF-00006610,11/07/2026,Merchant_A,Processor_A,NGN,MOBILE_MONEY,SET-0008
TXN108254,7500.0,SUCCESS,REF-00008254,07/07/2026,Merchant_B,Processor_A,NGN,BANK_TRANSFER,SET-0004
TXN105530,10000.0,SUCCESS,REF-00005530,23/07/2026,Merchant_E,Processor_A,NGN,MOBILE_MONEY,SET-0020
TXN109905,7500.0,SUCCESS,REF-00009905,26/07/2026,Merchant_D,Processor_A,NGN,CARD,SET-0032
TXN100434,1000.0,FAILED,REF-00000434,06/07/2026,Merchant_B,Processor_A,NGN,BANK_TRANSFER,SET-0027
TXN100262,1500.0,SUCCESS,REF-00000262,27/07/2026,Merchant_D,Processor_A,NGN,USSD,SET-0030
TXN106348,15000.0,SUCCESS,REF-00006348,16/07/2026,Merchant_A,Processor_A,NGN,CARD,SET-0012
TXN102233,50000.0,SUCCESS,REF-00002233,25/07/2026,Merchant_C,Processor_A,NGN,CARD,SET-0031
TXN104099,500.0,FAILED,REF-00004099,09/07/2026,Merchant_B,Processor_A,NGN,CARD,SET-0011
TXN105728,1500.0,SUCCESS,REF-00005728,07/07/2026,Merchant_A,Processor_A,NGN,MOBILE_MONEY,SET-0024
TXN107683,10000.0,SUCCESS,REF-00007683,15/07/2026,Merchant_E,Processor_A,NGN,MOBILE_MONEY,SET-0047
TXN109473,2500.0,SUCCESS,REF-00009473,24/07/2026,Merchant_E,Processor_A,NGN,USSD,SET-0032
TXN104279,7500.0,SUCCESS,REF-00004279,09/07/2026,Merchant_C,Processor_A,NGN,USSD,SET-0043
TXN105737,2500.0,SUCCESS,REF-00005737,09/07/2026,Merchant_C,Processor_A,NGN,USSD,SET-0023
TXN104118,1500.0,REFUNDED,REF-00004118,31/07/2026,Merchant_C,Processor_A,NGN,BANK_TRANSFER,SET-0024
TXN109617,100000.0,SUCCESS,REF-00009617,30/07/2026,Merchant_B,Processor_A,NGN,MOBILE_MONEY,SET-0022
TXN107272,15000.0,SUCCESS,REF-00007272,22/07/2026,Merchant_E,Processor_A,NGN,MOBILE_MONEY,SET-0011
TXN101160,50000.0,SUCCESS,REF-00001160,21/07/2026,Merchant_C,Processor_A,NGN,BANK_TRANSFER,SET-0026
TXN105883,250000.0,SUCCESS,REF-00005883,09/07/2026,Merchant_C,Processor_A,NGN,USSD,SET-0044
TXN101035,25000.0,FAILED,REF-00001035,09/07/2026,Merchant_A,Processor_A,NGN,USSD,SET-0010
TXN108240,25000.0,SUCCESS,REF-00008240,25/07/2026,Merchant_E,Processor_A,NGN,BANK_TRANSFER,SET-0022
TXN107695,15000.0,SUCCESS,REF-00007695,13/07/2026,Merchant_C,Processor_A,NGN,MOBILE_MONEY,SET-0047
TXN105005,1000.0,SUCCESS,REF-00005005,04/07/2026,Merchant_B,Processor_A,NGN,MOBILE_MONEY,SET-0006
TXN103438,100000.0,SUCCESS,REF-00003438,24/07/2026,Merchant_E,Processor_A,NGN,USSD,SET-0005
TXN109478,5000.0,SUCCESS,REF-00009478,25/07/2026,Merchant_A,Processor_A,NGN,MOBILE_MONEY,SET-0048
TXN106031,5000.0,SUCCESS,REF-00006031,20/07/2026,Merchant_B,Processor_A,NGN,CARD,SET-0008
TXN108827,5000.0,SUCCESS,REF-00008827,31/07/2026,Merchant_E,Processor_A,NGN,MOBILE_MONEY,SET-0001
TXN109629,5000.0,SUCCESS,REF-00009629,26/07/2026,Merchant_B,Processor_A,NGN,CARD,SET-0034
TXN104177,50000.0,SUCCESS,REF-00004177,26/07/2026,Merchant_D,Processor_A,NGN,MOBILE_MONEY,SET-0014
TXN100985,10000.0,SUCCESS,REF-00000985,18/07/2026,Merchant_A,Processor_A,NGN,BANK_TRANSFER,SET-0029
TXN105065,500.0,SUCCESS,REF-00005065,01/07/2026,Merchant_D,Processor_A,NGN,CARD,SET-0048
TXN108213,10000.0,SUCCESS,REF-00008213,28/07/2026,Merchant_E,Processor_A,NGN,BANK_TRANSFER,SET-0018
TXN106362,2500.0,SUCCESS,REF-00006362,13/07/2026,Merchant_E,Processor_A,NGN,CARD,SET-0026
TXN106880,25000.0,SUCCESS,REF-00006880,23/07/2026,Merchant_A,Processor_A,NGN,BANK_TRANSFER,SET-0030
TXN105209,1500.0,SUCCESS,REF-00005209,15/07/2026,Merchant_E,Processor_A,NGN,USSD,SET-0014
TXN106021,50000.0,SUCCESS,REF-00006021,26/07/2026,Merchant_B,Processor_A,NGN,BANK_TRANSFER,SET-0049
TXN100825,100000.0,SUCCESS,REF-00000825,10/07/2026,Merchant_A,Processor_A,NGN,USSD,SET-0032
TXN107855,7500.0,REFUNDED,REF-00007855,02/07/2026,Merchant_B,Processor_A,NGN,BANK_TRANSFER,SET-0026
TXN106313,2500.0,SUCCESS,REF-00006313,05/07/2026,Merchant_E,Processor_A,NGN,MOBILE_MONEY,SET-0007
TXN102095,50000.0,SUCCESS,REF-00002095,06/07/2026,Merchant_A,Processor_A,NGN,BANK_TRANSFER,SET-0031
TXN102773,7500.0,SUCCESS,REF-00002773,12/07/2026,Merchant_D,Processor_A,NGN,CARD,SET-0019
TXN107124,7500.0,FAILED,REF-00007124,21/07/2026,Merchant_E,Processor_A,NGN,USSD,SET-0029
TXN106286,50000.0,REFUNDED,REF-00006286,08/07/2026,Merchant_B,Processor_A,NGN,BANK_TRANSFER,SET-0021
TXN100456,500.0,SUCCESS,REF-00000456,17/07/2026,Merchant_A,Processor_A,NGN,MOBILE_MONEY,SET-0001
TXN105909,1500.0,SUCCESS,REF-00005909,03/07/2026,Merchant_C,Processor_A,NGN,USSD,SET-0024
TXN105669,25000.0,SUCCESS,REF-00005669,27/07/2026,Merchant_A,Processor_A,NGN,CARD,SET-0048
TXN104901,10000.0,SUCCESS,REF-00004901,26/07/2026,Merchant_B,Processor_A,NGN,MOBILE_MONEY,SET-0030
TXN100983,1000.0,SUCCESS,REF-00000983,24/07/2026,Merchant_A,Processor_A,NGN,CARD,SET-0014
TXN101983,10000.0,SUCCESS,REF-00001983,18/07/2026,Merchant_A,Processor_A,NGN,MOBILE_MONEY,SET-0005
TXN106614,1000.0,SUCCESS,REF-00006614,16/07/2026,Merchant_C,Processor_A,NGN,USSD,SET-0034
TXN107758,100000.0,SUCCESS,REF-00007758,23/07/2026,Merchant_C,Processor_A,NGN,BANK_TRANSFER,SET-0014
TXN101711,1000.0,SUCCESS,REF-00001711,05/07/2026,Merchant_B,Processor_A,NGN,MOBILE_MONEY,SET-0006
TXN106787,50000.0,SUCCESS,REF-00006787-X,08/07/2026,Merchant_D,Processor_A,NGN,BANK_TRANSFER,SET-0023
TXN100377,500.0,SUCCESS,REF-00000377,16/07/2026,Merchant_C,Processor_A,NGN,CARD,SET-0025
TXN101610,100000.0,FAILED,REF-00001610,19/07/2026,Merchant_B,Processor_A,NGN,CARD,SET-0011
TXN100711,15000.0,SUCCESS,REF-00000711,19/07/2026,Merchant_D,Processor_A,NGN,BANK_TRANSFER,SET-0007
TXN102228,5000.0,SUCCESS,REF-00002228,16/07/2026,Merchant_A,Processor_A,NGN,MOBILE_MONEY,SET-0005
TXN108161,1500.0,SUCCESS,REF-00008161,28/07/2026,Merchant_D,Processor_A,NGN,MOBILE_MONEY,SET-0046
TXN108607,2500.0,SUCCESS,REF-00008607,23/07/2026,Merchant_A,Processor_A,NGN,CARD,SET-0044
TXN104448,5000.0,SUCCESS,REF-00004448,11/07/2026,Merchant_B,Processor_A,NGN,MOBILE_MONEY,SET-0003
TXN107779,10000.0,SUCCESS,REF-00007779,15/07/2026,Merchant_E,Processor_A,NGN,USSD,SET-0007
TXN108037,50000.0,SUCCESS,REF-00008037,20/07/2026,Merchant_B,Processor_A,NGN,CARD,SET-0018
TXN104527,100000.0,SUCCESS,REF-00004527,05/07/2026,Merchant_A,Processor_A,NGN,BANK_TRANSFER,SET-0023
TXN109022,10000.0,SUCCESS,REF-00009022,31/07/2026,Merchant_B,Processor_A,NGN,CARD,SET-0021
TXN102603,5000.0,SUCCESS,REF-00002603,28/07/2026,Merchant_B,Processor_A,NGN,MOBILE_MONEY,SET-0021
TXN100633,10000.0,SUCCESS,REF-00000633,22/07/2026,Merchant_D,Processor_A,NGN,BANK_TRANSFER,SET-0043
TXN104545,50000.0,SUCCESS,REF-00004545,10/07/2026,Merchant_A,Processor_A,NGN,MOBILE_MONEY,SET-0042
TXN102929,7500.0,SUCCESS,REF-00002929,13/07/2026,Merchant_A,Processor_A,NGN,BANK_TRANSFER,SET-0035
TXN106263,250000.0,SUCCESS,REF-00006263,14/07/2026,Merchant_E,Processor_A,NGN,MOBILE_MONEY,SET-0031
TXN105098,7500.0,SUCCESS,REF-00005098,15/07/2026,Merchant_A,Processor_A,NGN,USSD,SET-0001
TXN100392,5000.0,SUCCESS,REF-00000392,08/07/2026,Merchant_B,Processor_A,NGN,USSD,SET-0012
TXN101953,25000.0,SUCCESS,REF-00001953,12/07/2026,Merchant_B,Processor_A,NGN,MOBILE_MONEY,SET-0042
TXN105764,100000.0,SUCCESS,REF-00005764,20/07/2026,Merchant_E,Processor_A,NGN,CARD,SET-0035
TXN100016,5000.0,SUCCESS,REF-00000016,04/07/2026,Merchant_E,Processor_A,NGN,CARD,SET-0045
TXN100259,1000.0,SUCCESS,REF-00000259,12/07/2026,Merchant_D,Processor_A,NGN,USSD,SET-0022
TXN105479,5000.0,SUCCESS,REF-00005479,27/07/2026,Merchant_E,Processor_A,NGN,CARD,SET-0047
TXN101413,1000.0,SUCCESS,REF-00001413,27/07/2026,Merchant_E,Processor_A,NGN,CARD,SET-0030
TXN100024,7500.0,SUCCESS,REF-00000024,12/07/2026,Merchant_B,Processor_A,NGN,USSD,SET-0015
TXN103848,25000.0,SUCCESS,REF-00003848,04/07/2026,Merchant_C,Processor_A,NGN,CARD,SET-0047
TXN102842,100000.0,SUCCESS,REF-00002842,09/07/2026,Merchant_A,Processor_A,NGN,USSD,SET-0020
TXN100719,25000.0,SUCCESS,REF-00000719,26/07/2026,Merchant_E,Processor_A,NGN,USSD,SET-0047
TXN103279,50000.0,SUCCESS,REF-00003279,03/07/2026,Merchant_A,Processor_A,NGN,USSD,SET-0024
TXN100750,1000.0,SUCCESS,REF-00000750,18/07/2026,Merchant_D,Processor_A,NGN,USSD,SET-0003
TXN107626,100000.0,SUCCESS,REF-00007626,23/07/2026,Merchant_E,Processor_A,NGN,BANK_TRANSFER,SET-0023
TXN103553,10000.0,SUCCESS,REF-00003553,10/07/2026,Merchant_C,Processor_A,NGN,BANK_TRANSFER,SET-0026
TXN108406,500.0,FAILED,REF-00008406,29/07/2026,Merchant_C,Processor_A,NGN,CARD,SET-0040
TXN104769,5000.0,SUCCESS,REF-00004769,18/07/2026,Merchant_B,Processor_A,NGN,USSD,SET-0018
TXN105010,1500.0,SUCCESS,REF-00005010,18/07/2026,Merchant_B,Processor_A,NGN,CARD,SET-0034
TXN109315,1000.0,REFUNDED,REF-00009315,16/07/2026,Merchant_B,Processor_A,NGN,BANK_TRANSFER,SET-0004
TXN109986,5000.0,SUCCESS,REF-00009986,11/07/2026,Merchant_B,Processor_A,NGN,CARD,SET-0024
TXN108264,50000.0,SUCCESS,REF-00008264,16/07/2026,Merchant_D,Processor_A,NGN,CARD,SET-0049
TXN108527,25000.0,SUCCESS,REF-00008527,13/07/2026,Merchant_E,Processor_A,NGN,BANK_TRANSFER,SET-0026
TXN106178,2500.0,SUCCESS,REF-00006178,26/07/2026,Merchant_C,Processor_A,NGN,CARD,SET-0015
TXN107847,10000.0,SUCCESS,REF-00007847,11/07/2026,Merchant_B,Processor_A,NGN,BANK_TRANSFER,SET-0006
TXN107288,100000.0,SUCCESS,REF-00007288,21/07/2026,Merchant_C,Processor_A,NGN,CARD,SET-0043
TXN106129,5000.0,SUCCESS,REF-00006129,22/07/2026,Merchant_A,Processor_A,NGN,CARD,SET-0002
TXN105491,25000.0,SUCCESS,REF-00005491,23/07/2026,Merchant_C,Processor_A,NGN,USSD,SET-0030
TXN104060,5000.0,SUCCESS,REF-00004060,09/07/2026,Merchant_D,Processor_A,NGN,BANK_TRANSFER,SET-0049
TXN104805,10000.0,SUCCESS,REF-00004805,20/07/2026,Merchant_A,Processor_A,NGN,MOBILE_MONEY,SET-0035
TXN101877,10000.0,SUCCESS,REF-00001877,22/07/2026,Merchant_B,Processor_A,NGN,CARD,SET-0011
TXN107895,50000.0,SUCCESS,REF-00007895,22/07/2026,Merchant_A,Processor_A,NGN,CARD,SET-0015
TXN104648,100000.0,SUCCESS,REF-00004648,28/07/2026,Merchant_B,Processor_A,NGN,BANK_TRANSFER,SET-0016
TXN100359,10000.0,SUCCESS,REF-00000359,16/07/2026,Merchant_D,Processor_A,NGN,CARD,SET-0012
TXN107035,50250.0,SUCCESS,REF-00007035,14/07/2026,Merchant_D,Processor_A,NGN,USSD,SET-0024
TXN107577,25000.0,SUCCESS,REF-00007577,06/07/2026,Merchant_C,Processor_A,NGN,BANK_TRANSFER,SET-0026
TXN103593,10000.0,SUCCESS,REF-00003593,30/07/2026,Merchant_D,Processor_A,NGN,MOBILE_MONEY,SET-0043
TXN108255,50000.0,SUCCESS,REF-00008255,22/07/2026,Merchant_B,Processor_A,NGN,MOBILE_MONEY,SET-0003
TXN100728,2500.0,SUCCESS,REF-00000728,26/07/2026,Merchant_C,Processor_A,NGN,BANK_TRANSFER,SET-0044
TXN100234,2500.0,SUCCESS,REF-00000234,23/07/2026,Merchant_A,Processor_A,NGN,CARD,SET-0005
TXN109041,5000.0,SUCCESS,REF-00009041,17/07/2026,Merchant_E,Processor_A,NGN,BANK_TRANSFER,SET-0025
TXN106401,100000.0,SUCCESS,REF-00006401,19/07/2026,Merchant_E,Processor_A,NGN,BANK_TRANSFER,SET-0032
TXN106800,1000.0,SUCCESS,REF-00006800,17/07/2026,Merchant_B,Processor_A,NGN,MOBILE_MONEY,SET-0022
TXN101629,7500.0,SUCCESS,REF-00001629,17/07/2026,Merchant_E,Processor_A,NGN,CARD,SET-0001
TXN100415,7500.0,SUCCESS,REF-00000415,14/07/2026,Merchant_D,Processor_A,NGN,MOBILE_MONEY,SET-0001
TXN106593,50000.0,SUCCESS,REF-00006593,03/07/2026,Merchant_E,Processor_A,NGN,USSD,SET-0040
TXN103871,1500.0,SUCCESS,REF-00003871,03/07/2026,Merchant_D,Processor_A,NGN,BANK_TRANSFER,SET-0040
TXN108327,100000.0,SUCCESS,REF-00008327,02/07/2026,Merchant_E,Processor_A,NGN,BANK_TRANSFER,SET-0022
TXN106134,500.0,SUCCESS,REF-00006134,24/07/2026,Merchant_D,Processor_A,NGN,USSD,SET-0001
TXN108260,1000.0,SUCCESS,REF-00008260,10/07/2026,Merchant_C,Processor_A,NGN,CARD,SET-0049
TXN107771,25000.0,SUCCESS,REF-00007771,09/07/2026,Merchant_C,Processor_A,NGN,BANK_TRANSFER,SET-0004
TXN106408,10000.0,SUCCESS,REF-00006408,30/07/2026,Merchant_B,Processor_A,NGN,MOBILE_MONEY,SET-0037
TXN101459,15000.0,SUCCESS,REF-00001459,29/07/2026,Merchant_C,Processor_A,NGN,BANK_TRANSFER,SET-0045
TXN105160,15000.0,SUCCESS,REF-00005160,13/07/2026,Merchant_C,Processor_A,NGN,CARD,SET-0050
TXN108942,50000.0,SUCCESS,REF-00008942,10/07/2026,Merchant_A,Processor_A,NGN,CARD,SET-0023
TXN107578,100000.0,SUCCESS,REF-00007578,03/07/2026,Merchant_D,Processor_A,NGN,USSD,SET-0031
TXN109494,15000.0,SUCCESS,REF-00009494,11/07/2026,Merchant_A,Processor_A,NGN,CARD,SET-0044
TXN105532,25000.0,FAILED,REF-00005532,27/07/2026,Merchant_C,Processor_A,NGN,BANK_TRANSFER,SET-0042
TXN102830,10000.0,SUCCESS,REF-00002830,30/07/2026,Merchant_E,Processor_A,NGN,MOBILE_MONEY,SET-0014
TXN105146,15000.0,SUCCESS,REF-00005146,02/07/2026,Merchant_B,Processor_A,NGN,MOBILE_MONEY,SET-0029
TXN103174,1000.0,SUCCESS,REF-00003174,22/07/2026,Merchant_A,Processor_A,NGN,CARD,SET-0040
TXN103182,5000.0,SUCCESS,REF-00003182,30/07/2026,Merchant_C,Processor_A,NGN,USSD,SET-0046
TXN102722,25000.0,FAILED,REF-00002722,24/07/2026,Merchant_A,Processor_A,NGN,CARD,SET-0037
TXN104157,50000.0,SUCCESS,REF-00004157,03/07/2026,Merchant_B,Processor_A,NGN,BANK_TRANSFER,SET-0024
TXN107433,2500.0,SUCCESS,REF-00007433,05/07/2026,Merchant_A,Processor_A,NGN,MOBILE_MONEY,SET-0041
TXN101135,1000.0,SUCCESS,REF-00001135,11/07/2026,Merchant_B,Processor_A,NGN,MOBILE_MONEY,SET-0035
TXN106572,1000.0,FAILED,REF-00006572,08/07/2026,Merchant_D,Processor_A,NGN,USSD,SET-0038
TXN100102,5000.0,REFUNDED,REF-00000102,10/07/2026,Merchant_D,Processor_A,NGN,USSD,SET-0028
TXN101425,250000.0,SUCCESS,REF-00001425,07/07/2026,Merchant_D,Processor_A,NGN,USSD,SET-0010
TXN101577,15000.0,FAILED,REF-00001577,23/07/2026,Merchant_E,Processor_A,NGN,BANK_TRANSFER,SET-0038
TXN102235,15000.0,REFUNDED,REF-00002235,10/07/2026,Merchant_C,Processor_A,NGN,USSD,SET-0016
TXN100209,1500.0,SUCCESS,REF-00000209,11/07/2026,Merchant_B,Processor_A,NGN,MOBILE_MONEY,SET-0027
TXN101932,10000.0,SUCCESS,REF-00001932,23/07/2026,Merchant_B,Processor_A,NGN,MOBILE_MONEY,SET-0011
TXN100938,1000.0,SUCCESS,REF-00000938,16/07/2026,Merchant_C,Processor_A,NGN,MOBILE_MONEY,SET-0023
TXN108725,25000.0,SUCCESS,REF-00008725,08/07/2026,Merchant_A,Processor_A,NGN,BANK_TRANSFER,SET-0006
TXN103961,7500.0,SUCCESS,REF-00003961,17/07/2026,Merchant_E,Processor_A,NGN,CARD,SET-0043
TXN108833,10000.0,FAILED,REF-00008833,14/07/2026,Merchant_E,Processor_A,NGN,CARD,SET-0033
TXN101885,7500.0,SUCCESS,REF-00001885,19/07/2026,Merchant_C,Processor_A,NGN,CARD,SET-0037
TXN106356,10000.0,SUCCESS,REF-00006356,14/07/2026,Merchant_C,Processor_A,NGN,CARD,SET-0019
TXN103974,5000.0,SUCCESS,REF-00003974,16/07/2026,Merchant_E,Processor_A,NGN,USSD,SET-0048
TXN103237,250000.0,SUCCESS,REF-00003237,13/07/2026,Merchant_E,Processor_A,NGN,BANK_TRANSFER,SET-0049
TXN101042,5000.0,FAILED,REF-00001042,30/07/2026,Merchant_C,Processor_A,NGN,CARD,SET-0018
TXN100182,100000.0,SUCCESS,REF-00000182,05/07/2026,Merchant_C,Processor_A,NGN,MOBILE_MONEY,SET-0029
TXN100342,1500.0,SUCCESS,REF-00000342,18/07/2026,Merchant_A,Processor_A,NGN,BANK_TRANSFER,SET-0002
TXN107386,1000.0,SUCCESS,REF-00007386,22/07/2026,Merchant_E,Processor_A,NGN,USSD,SET-0009
TXN103325,25000.0,SUCCESS,REF-00003325,29/07/2026,Merchant_A,Processor_A,NGN,BANK_TRANSFER,SET-0045
TXN107076,10000.0,SUCCESS,REF-00007076,09/07/2026,Merchant_D,Processor_A,NGN,BANK_TRANSFER,SET-0044
TXN106995,10000.0,SUCCESS,REF-00006995,31/07/2026,Merchant_E,Processor_A,NGN,MOBILE_MONEY,SET-0003
TXN103523,1000.0,SUCCESS,REF-00003523,18/07/2026,Merchant_E,Processor_A,NGN,BANK_TRANSFER,SET-0021
TXN107992,5000.0,SUCCESS,REF-00007992,07/07/2026,Merchant_D,Processor_A,NGN,USSD,SET-0025
TXN107092,15000.0,REFUNDED,REF-00007092,12/07/2026,Merchant_B,Processor_A,NGN,BANK_TRANSFER,SET-0017
TXN105696,7500.0,SUCCESS,REF-00005696,22/07/2026,Merchant_D,Processor_A,NGN,BANK_TRANSFER,SET-0046
TXN105471,5000.0,SUCCESS,REF-00005471,08/07/2026,Merchant_D,Processor_A,NGN,USSD,SET-0019
TXN103396,50000.0,SUCCESS,REF-00003396,21/07/2026,Merchant_C,Processor_A,NGN,MOBILE_MONEY,SET-0028
TXN106109,100000.0,SUCCESS,REF-00006109,28/07/2026,Merchant_E,Processor_A,NGN,BANK_TRANSFER,SET-0023
TXN109174,5000.0,SUCCESS,REF-00009174,23/07/2026,Merchant_D,Processor_A,NGN,USSD,SET-0013
TXN101574,2500.0,SUCCESS,REF-00001574,01/07/2026,Merchant_E,Processor_A,NGN,USSD,SET-0039
TXN107062,15000.0,FAILED,REF-00007062,30/07/2026,Merchant_D,Processor_A,NGN,BANK_TRANSFER,SET-0029
TXN104443,7500.0,SUCCESS,REF-00004443,17/07/2026,Merchant_E,Processor_A,NGN,USSD,SET-0012
TXN108724,50000.0,SUCCESS,REF-00008724,02/07/2026,Merchant_A,Processor_A,NGN,CARD,SET-0026
TXN101840,5000.0,SUCCESS,REF-00001840,07/07/2026,Merchant_A,Processor_A,NGN,CARD,SET-0042
TXN104630,1500.0,SUCCESS,REF-00004630,07/07/2026,Merchant_E,Processor_A,NGN,CARD,SET-0047
TXN107846,50000.0,SUCCESS,REF-00007846,01/07/2026,Merchant_E,Processor_A,NGN,CARD,SET-0036
TXN100215,2500.0,SUCCESS,REF-00000215,19/07/2026,Merchant_D,Processor_A,NGN,MOBILE_MONEY,SET-0030
TXN109201,7500.0,SUCCESS,REF-00009201,23/07/2026,Merchant_C,Processor_A,NGN,BANK_TRANSFER,SET-0005
TXN102038,2500.0,SUCCESS,REF-00002038,27/07/2026,Merchant_A,Processor_A,NGN,BANK_TRANSFER,SET-0007
TXN100305,250000.0,SUCCESS,REF-00000305,17/07/2026,Merchant_C,Processor_A,NGN,MOBILE_MONEY,SET-0017
TXN102023,1000.0,REFUNDED,REF-00002023,10/07/2026,Merchant_A,Processor_A,NGN,MOBILE_MONEY,SET-0047
TXN105804,5000.0,SUCCESS,REF-00005804,31/07/2026,Merchant_C,Processor_A,NGN,CARD,SET-0036
TXN100874,500.0,FAILED,REF-00000874,13/07/2026,Merchant_B,Processor_A,NGN,BANK_TRANSFER,SET-0011
TXN105353,10000.0,FAILED,REF-00005353,24/07/2026,Merchant_B,Processor_A,NGN,CARD,SET-0010
TXN101114,15000.0,SUCCESS,REF-00001114,28/07/2026,Merchant_B,Processor_A,NGN,BANK_TRANSFER,SET-0018
TXN102769,15000.0,SUCCESS,REF-00002769,15/07/2026,Merchant_C,Processor_A,NGN,MOBILE_MONEY,SET-0041
TXN105998,10000.0,SUCCESS,REF-00005998,06/07/2026,Merchant_C,Processor_A,NGN,MOBILE_MONEY,SET-0044
TXN106193,100000.0,SUCCESS,REF-00006193,07/07/2026,Merchant_E,Processor_A,NGN,CARD,SET-0014
TXN107734,1000.0,SUCCESS,REF-00007734,19/07/2026,Merchant_A,Processor_A,NGN,MOBILE_MONEY,SET-0042
TXN102335,5000.0,SUCCESS,REF-00002335,26/07/2026,Merchant_C,Processor_A,NGN,CARD,SET-0016
TXN106704,7500.0,SUCCESS,REF-00006704,08/07/2026,Merchant_C,Processor_A,NGN,CARD,SET-0003
TXN108782,5000.0,SUCCESS,REF-00008782,11/07/2026,Merchant_D,Processor_A,NGN,MOBILE_MONEY,SET-0024
TXN100166,5000.0,SUCCESS,REF-00000166,30/07/2026,Merchant_C,Processor_A,NGN,MOBILE_MONEY,SET-0044
TXN106748,250000.0,SUCCESS,REF-00006748,11/07/2026,Merchant_C,Processor_A,NGN,MOBILE_MONEY,SET-0028
TXN100655,1500.0,FAILED,REF-00000655,30/07/2026,Merchant_B,Processor_A,NGN,USSD,SET-0044
TXN104570,10000.0,SUCCESS,REF-00004570,08/07/2026,Merchant_E,Processor_A,NGN,CARD,SET-0034
TXN106510,1000.0,FAILED,REF-00006510,25/07/2026,Merchant_A,Processor_A,NGN,USSD,SET-0032
TXN100237,500.0,SUCCESS,REF-00000237,07/07/2026,Merchant_C,Processor_A,NGN,CARD,SET-0001
TXN105772,2500.0,SUCCESS,REF-00005772,29/07/2026,Merchant_B,Processor_A,NGN,CARD,SET-0043
TXN107968,7500.0,SUCCESS,REF-00007968,31/07/2026,Merchant_E,Processor_A,NGN,MOBILE_MONEY,SET-0045
TXN106910,7500.0,REFUNDED,REF-00006910,13/07/2026,Merchant_E,Processor_A,NGN,CARD,SET-0020
TXN100453,100000.0,FAILED,REF-00000453,19/07/2026,Merchant_D,Processor_A,NGN,MOBILE_MONEY,SET-0009
TXN102437,5000.0,SUCCESS,REF-00002437,21/07/2026,Merchant_A,Processor_A,NGN,USSD,SET-0032
TXN106763,5000.0,SUCCESS,REF-00006763,11/07/2026,Merchant_D,Processor_A,NGN,BANK_TRANSFER,SET-0004
TXN106575,25000.0,REFUNDED,REF-00006575,18/07/2026,Merchant_C,Processor_A,NGN,CARD,SET-0002
TXN102329,1000.0,SUCCESS,REF-00002329,15/07/2026,Merchant_B,Processor_A,NGN,BANK_TRANSFER,SET-0035
TXN101645,25000.0,SUCCESS,REF-00001645,13/07/2026,Merchant_D,Processor_A,NGN,BANK_TRANSFER,SET-0040
TXN103158,50000.0,FAILED,REF-00003158,23/07/2026,Merchant_B,Processor_A,NGN,CARD,SET-0032
TXN107656,25000.0,SUCCESS,REF-00007656,17/07/2026,Merchant_E,Processor_A,NGN,USSD,SET-0011
TXN100530,50000.0,SUCCESS,REF-00000530,08/07/2026,Merchant_C,Processor_A,NGN,USSD,SET-0011
TXN100782,2500.0,FAILED,REF-00000782,12/07/2026,Merchant_C,Processor_A,NGN,USSD,SET-0032
TXN104152,25000.0,SUCCESS,REF-00004152,09/07/2026,Merchant_C,Processor_A,NGN,MOBILE_MONEY,SET-0017
TXN106259,2500.0,SUCCESS,REF-00006259,09/07/2026,Merchant_E,Processor_A,NGN,MOBILE_MONEY,SET-0040
TXN101347,5000.0,SUCCESS,REF-00001347,11/07/2026,Merchant_B,Processor_A,NGN,CARD,SET-0027
TXN104210,1000.0,SUCCESS,REF-00004210,23/07/2026,Merchant_A,Processor_A,NGN,CARD,SET-0027
TXN106655,7500.0,SUCCESS,REF-00006655,14/07/2026,Merchant_C,Processor_A,NGN,MOBILE_MONEY,SET-0037
TXN104148,25000.0,SUCCESS,REF-00004148,02/07/2026,Merchant_D,Processor_A,NGN,MOBILE_MONEY,SET-0038
TXN109761,1500.0,REFUNDED,REF-00009761,31/07/2026,Merchant_B,Processor_A,NGN,USSD,SET-0013
TXN106676,15000.0,SUCCESS,REF-00006676,11/07/2026,Merchant_A,Processor_A,NGN,CARD,SET-0050
TXN101315,15000.0,SUCCESS,REF-00001315,30/07/2026,Merchant_C,Processor_A,NGN,MOBILE_MONEY,SET-0044
TXN106566,25000.0,SUCCESS,REF-00006566,27/07/2026,Merchant_C,Processor_A,NGN,MOBILE_MONEY,SET-0043
TXN101765,5000.0,SUCCESS,REF-00001765,05/07/2026,Merchant_E,Processor_A,NGN,BANK_TRANSFER,SET-0016
TXN108008,25000.0,SUCCESS,REF-00008008,09/07/2026,Merchant_D,Processor_A,NGN,CARD,SET-0047
TXN109173,1000.0,SUCCESS,REF-00009173,09/07/2026,Merchant_D,Processor_A,NGN,MOBILE_MONEY,SET-0039
TXN107557,10000.0,SUCCESS,REF-00007557,20/07/2026,Merchant_A,Processor_A,NGN,CARD,SET-0029
TXN105722,50000.0,SUCCESS,REF-00005722,27/07/2026,Merchant_E,Processor_A,NGN,USSD,SET-0032
TXN102341,1000.0,SUCCESS,REF-00002341,17/07/2026,Merchant_C,Processor_A,NGN,BANK_TRANSFER,SET-0020
TXN101190,1000.0,SUCCESS,REF-00001190,01/07/2026,Merchant_E,Processor_A,NGN,USSD,SET-0050
TXN100734,5000.0,SUCCESS,REF-00000734,24/07/2026,Merchant_B,Processor_A,NGN,BANK_TRANSFER,SET-0032
TXN108711,5000.0,SUCCESS,REF-00008711,25/07/2026,Merchant_A,Processor_A,NGN,CARD,SET-0046
TXN106168,1000.0,SUCCESS,REF-00006168,12/07/2026,Merchant_E,Processor_A,NGN,USSD,SET-0006
TXN100837,5000.0,FAILED,REF-00000837,18/07/2026,Merchant_E,Processor_A,NGN,USSD,SET-0030
TXN102360,500.0,SUCCESS,REF-00002360,17/07/2026,Merchant_C,Processor_A,NGN,USSD,SET-0022
TXN106721,1000.0,SUCCESS,REF-00006721,11/07/2026,Merchant_A,Processor_A,NGN,MOBILE_MONEY,SET-0023
TXN101326,1500.0,SUCCESS,REF-00001326,19/07/2026,Merchant_E,Processor_A,NGN,CARD,SET-0014
TXN102040,50000.0,SUCCESS,REF-00002040,14/07/2026,Merchant_B,Processor_A,NGN,USSD,SET-0049
TXN100785,100000.0,SUCCESS,REF-00000785,28/07/2026,Merchant_E,Processor_A,NGN,CARD,SET-0027
TXN106824,2500.0,SUCCESS,REF-00006824,05/07/2026,Merchant_E,Processor_A,NGN,CARD,SET-0026
TXN104905,1500.0,SUCCESS,REF-00004905,30/07/2026,Merchant_D,Processor_A,NGN,USSD,SET-0037
TXN106644,2500.0,SUCCESS,REF-00006644,02/07/2026,Merchant_E,Processor_A,NGN,CARD,SET-0001
TXN106428,2500.0,SUCCESS,REF-00006428,29/07/2026,Merchant_D,Processor_A,NGN,CARD,SET-0020
TXN108767,1500.0,SUCCESS,REF-00008767,16/07/2026,Merchant_E,Processor_A,NGN,BANK_TRANSFER,SET-0040
TXN108602,50000.0,SUCCESS,REF-00008602,24/07/2026,Merchant_B,Processor_A,NGN,BANK_TRANSFER,SET-0009
TXN109162,25000.0,SUCCESS,REF-00009162,24/07/2026,Merchant_C,Processor_A,NGN,BANK_TRANSFER,SET-0041
TXN101350,50000.0,SUCCESS,REF-00001350,13/07/2026,Merchant_E,Processor_A,NGN,BANK_TRANSFER,SET-0020
TXN104562,100000.0,SUCCESS,REF-00004562,27/07/2026,Merchant_E,Processor_A,NGN,MOBILE_MONEY,SET-0045
TXN102212,500.0,REFUNDED,REF-00002212,08/07/2026,Merchant_E,Processor_A,NGN,CARD,SET-0006
TXN108041,2500.0,FAILED,REF-00008041,29/07/2026,Merchant_C,Processor_A,NGN,CARD,SET-0008
TXN108752,2500.0,SUCCESS,REF-00008752,02/07/2026,Merchant_C,Processor_A,NGN,CARD,SET-0014
TXN106342,15000.0,SUCCESS,REF-00006342,24/07/2026,Merchant_E,Processor_A,NGN,MOBILE_MONEY,SET-0032
TXN105864,25000.0,SUCCESS,REF-00005864,01/07/2026,Merchant_B,Processor_A,NGN,CARD,SET-0024
TXN108354,2500.0,SUCCESS,REF-00008354,31/07/2026,Merchant_A,Processor_A,NGN,CARD,SET-0046
TXN103592,10000.0,FAILED,REF-00003592,21/07/2026,Merchant_D,Processor_A,NGN,BANK_TRANSFER,SET-0043
TXN100273,100000.0,SUCCESS,REF-00000273,30/07/2026,Merchant_D,Processor_A,NGN,MOBILE_MONEY,SET-0022
TXN109502,10000.0,SUCCESS,REF-00009502,13/07/2026,Merchant_C,Processor_A,NGN,CARD,SET-0021
TXN104537,15000.0,SUCCESS,REF-00004537,19/07/2026,Merchant_B,Processor_A,NGN,MOBILE_MONEY,SET-0044
TXN105828,5000.0,SUCCESS,REF-00005828,08/07/2026,Merchant_C,Processor_A,NGN,MOBILE_MONEY,SET-0044
TXN105198,5000.0,SUCCESS,REF-00005198,06/07/2026,Merchant_D,Processor_A,NGN,MOBILE_MONEY,SET-0013
TXN106215,50000.0,SUCCESS,REF-00006215,03/07/2026,Merchant_B,Processor_A,NGN,BANK_TRANSFER,SET-0038
TXN101435,500.0,SUCCESS,REF-00001435,01/07/2026,Merchant_B,Processor_A,NGN,MOBILE_MONEY,SET-0028
TXN101563,5000.0,SUCCESS,REF-00001563,23/07/2026,Merchant_E,Processor_A,NGN,BANK_TRANSFER,SET-0030
TXN101225,15000.0,SUCCESS,REF-00001225,06/07/2026,Merchant_E,Processor_A,NGN,CARD,SET-0022
TXN101179,10000.0,SUCCESS,REF-00001179,22/07/2026,Merchant_C,Processor_A,NGN,BANK_TRANSFER,SET-0014
TXN108223,100000.0,SUCCESS,REF-00008223,04/07/2026,Merchant_C,Processor_A,NGN,MOBILE_MONEY,SET-0018
TXN106682,50000.0,SUCCESS,REF-00006682,18/07/2026,Merchant_D,Processor_A,NGN,USSD,SET-0047
TXN105109,250000.0,SUCCESS,REF-00005109,17/07/2026,Merchant_A,Processor_A,NGN,CARD,SET-0033
PROC_ONLY1032,25000.0,SUCCESS,PROC-ONLY-REF-00032,02/07/2026,Merchant_B,Processor_A,NGN,USSD,SET-0004
TXN102089,5000.0,SUCCESS,REF-00002089,26/07/2026,Merchant_D,Processor_A,NGN,MOBILE_MONEY,SET-0045
TXN103810,25000.0,SUCCESS,REF-00003810,11/07/2026,Merchant_E,Processor_A,NGN,MOBILE_MONEY,SET-0023
TXN100221,10000.0,SUCCESS,REF-00000221,30/07/2026,Merchant_B,Processor_A,NGN,MOBILE_MONEY,SET-0041
TXN102624,5000.0,SUCCESS,REF-00002624,10/07/2026,Merchant_A,Processor_A,NGN,CARD,SET-0045
TXN109232,100000.0,SUCCESS,REF-00009232,15/07/2026,Merchant_C,Processor_A,NGN,CARD,SET-0030
TXN108307,5000.0,SUCCESS,REF-00008307,03/07/2026,Merchant_A,Processor_A,NGN,BANK_TRANSFER,SET-0008
TXN103911,5000.0,SUCCESS,REF-00003911,16/07/2026,Merchant_B,Processor_A,NGN,CARD,SET-0017
TXN100709,15000.0,SUCCESS,REF-00000709,02/07/2026,Merchant_B,Processor_A,NGN,CARD,SET-0014
TXN106803,7500.0,SUCCESS,REF-00006803,29/07/2026,Merchant_C,Processor_A,NGN,MOBILE_MONEY,SET-0044
TXN101157,100000.0,SUCCESS,REF-00001157,10/07/2026,Merchant_D,Processor_A,NGN,MOBILE_MONEY,SET-0008
TXN105662,50000.0,SUCCESS,REF-00005662,16/07/2026,Merchant_A,Processor_A,NGN,CARD,SET-0027
TXN108494,1500.0,SUCCESS,REF-00008494,17/07/2026,Merchant_C,Processor_A,NGN,MOBILE_MONEY,SET-0020
TXN109597,5000.0,SUCCESS,REF-00009597,11/07/2026,Merchant_C,Processor_A,NGN,USSD,SET-0032
TXN108691,15000.0,SUCCESS,REF-00008691,13/07/2026,Merchant_E,Processor_A,NGN,USSD,SET-0035
TXN108964,10000.0,SUCCESS,REF-00008964,28/07/2026,Merchant_D,Processor_A,NGN,BANK_TRANSFER,SET-0029
TXN100033,100000.0,FAILED,REF-00000033,22/07/2026,Merchant_C,Processor_A,NGN,MOBILE_MONEY,SET-0031
TXN107696,7500.0,SUCCESS,REF-00007696,30/07/2026,Merchant_D,Processor_A,NGN,USSD,SET-0008
TXN106037,100000.0,SUCCESS,REF-00006037,23/07/2026,Merchant_C,Processor_A,NGN,BANK_TRANSFER,SET-0002
TXN105700,5000.0,SUCCESS,REF-00005700,16/07/2026,Merchant_A,Processor_A,NGN,BANK_TRANSFER,SET-0038
TXN102174,2500.0,SUCCESS,REF-00002174,12/07/2026,Merchant_D,Processor_A,NGN,CARD,SET-0037
TXN100811,50000.0,SUCCESS,REF-00000811,07/07/2026,Merchant_A,Processor_A,NGN,BANK_TRANSFER,SET-0015
TXN105059,5000.0,SUCCESS,REF-00005059,12/07/2026,Merchant_D,Processor_A,NGN,USSD,SET-0012
TXN101192,5000.0,SUCCESS,REF-00001192,17/07/2026,Merchant_E,Processor_A,NGN,MOBILE_MONEY,SET-0044
TXN104928,25000.0,SUCCESS,REF-00004928,23/07/2026,Merchant_D,Processor_A,NGN,CARD,SET-0005
TXN102851,2500.0,SUCCESS,REF-00002851,06/07/2026,Merchant_B,Processor_A,NGN,MOBILE_MONEY,SET-0021
TXN107739,1000.0,SUCCESS,REF-00007739,27/07/2026,Merchant_C,Processor_A,NGN,BANK_TRANSFER,SET-0039
TXN106309,50000.0,SUCCESS,REF-00006309,26/07/2026,Merchant_D,Processor_A,NGN,USSD,SET-0029
TXN108060,15000.0,SUCCESS,REF-00008060,07/07/2026,Merchant_E,Processor_A,NGN,MOBILE_MONEY,SET-0031
TXN103755,2500.0,SUCCESS,REF-00003755,12/07/2026,Merchant_E,Processor_A,NGN,BANK_TRANSFER,SET-0006
TXN107851,25000.0,REFUNDED,REF-00007851,28/07/2026,Merchant_D,Processor_A,NGN,USSD,SET-0017
TXN106045,25000.0,SUCCESS,REF-00006045,05/07/2026,Merchant_B,Processor_A,NGN,USSD,SET-0035
TXN102266,15000.0,SUCCESS,REF-00002266,13/07/2026,Merchant_E,Processor_A,NGN,BANK_TRANSFER,SET-0009
TXN100161,15000.0,SUCCESS,REF-00000161,02/07/2026,Merchant_D,Processor_A,NGN,BANK_TRANSFER,SET-0007
TXN102671,7500.0,SUCCESS,REF-00002671,25/07/2026,Merchant_B,Processor_A,NGN,BANK_TRANSFER,SET-0023
TXN101641,50000.0,SUCCESS,REF-00001641,08/07/2026,Merchant_A,Processor_A,NGN,USSD,SET-0015
TXN108397,7500.0,SUCCESS,REF-00008397,31/07/2026,Merchant_A,Processor_A,NGN,CARD,SET-0047
TXN104277,5000.0,SUCCESS,REF-00004277,10/07/2026,Merchant_B,Processor_A,NGN,USSD,SET-0038
TXN103527,25000.0,SUCCESS,REF-00003527,30/07/2026,Merchant_C,Processor_A,NGN,USSD,SET-0036
TXN103184,10000.0,SUCCESS,REF-00003184,20/07/2026,Merchant_C,Processor_A,NGN,CARD,SET-0043
TXN101155,25000.0,SUCCESS,REF-00001155,18/07/2026,Merchant_A,Processor_A,NGN,MOBILE_MONEY,SET-0048
TXN102024,7500.0,SUCCESS,REF-00002024,12/07/2026,Merchant_A,Processor_A,NGN,BANK_TRANSFER,SET-0030
TXN101111,2500.0,SUCCESS,REF-00001111,17/07/2026,Merchant_E,Processor_A,NGN,USSD,SET-0041
TXN102989,50000.0,SUCCESS,REF-00002989,10/07/2026,Merchant_C,Processor_A,NGN,USSD,SET-0024
TXN104198,7500.0,SUCCESS,REF-00004198,08/07/2026,Merchant_D,Processor_A,NGN,BANK_TRANSFER,SET-0032
TXN103195,10000.0,SUCCESS,REF-00003195,20/07/2026,Merchant_A,Processor_A,NGN,BANK_TRANSFER,SET-0036
TXN101418,7500.0,SUCCESS,REF-00001418,25/07/2026,Merchant_C,Processor_A,NGN,CARD,SET-0043
TXN104344,10000.0,REFUNDED,REF-00004344,21/07/2026,Merchant_C,Processor_A,NGN,BANK_TRANSFER,SET-0007
TXN108775,1500.0,SUCCESS,REF-00008775,13/07/2026,Merchant_C,Processor_A,NGN,CARD,SET-0027
TXN104823,7500.0,SUCCESS,REF-00004823,04/07/2026,Merchant_D,Processor_A,NGN,BANK_TRANSFER,SET-0039
TXN103880,10000.0,SUCCESS,REF-00003880,31/07/2026,Merchant_C,Processor_A,NGN,MOBILE_MONEY,SET-0020
TXN106484,2500.0,SUCCESS,REF-00006484,25/07/2026,Merchant_B,Processor_A,NGN,BANK_TRANSFER,SET-0045
TXN104837,7500.0,SUCCESS,REF-00004837,19/07/2026,Merchant_C,Processor_A,NGN,MOBILE_MONEY,SET-0040
TXN108649,2500.0,SUCCESS,REF-00008649,08/07/2026,Merchant_A,Processor_A,NGN,BANK_TRANSFER,SET-0009
TXN103864,1000.0,SUCCESS,REF-00003864,24/07/2026,Merchant_E,Processor_A,NGN,MOBILE_MONEY,SET-0024
TXN105285,25000.0,SUCCESS,REF-00005285,02/07/2026,Merchant_D,Processor_A,NGN,CARD,SET-0011
TXN103868,15000.0,SUCCESS,REF-00003868,22/07/2026,Merchant_B,Processor_A,NGN,BANK_TRANSFER,SET-0021
TXN109303,10000.0,SUCCESS,REF-00009303,19/07/2026,Merchant_B,Processor_A,NGN,USSD,SET-0013
TXN100266,25000.0,SUCCESS,REF-00000266,20/07/2026,Merchant_D,Processor_A,NGN,BANK_TRANSFER,SET-0002
TXN103599,15000.0,FAILED,REF-00003599,23/07/2026,Merchant_A,Processor_A,NGN,MOBILE_MONEY,SET-0047
TXN102507,7500.0,REFUNDED,REF-00002507,17/07/2026,Merchant_C,Processor_A,NGN,MOBILE_MONEY,SET-0032
TXN105730,50000.0,SUCCESS,REF-00005730,30/07/2026,Merchant_D,Processor_A,NGN,MOBILE_MONEY,SET-0035
TXN106881,2500.0,SUCCESS,REF-00006881,17/07/2026,Merchant_C,Processor_A,NGN,CARD,SET-0017
TXN108816,10000.0,SUCCESS,REF-00008816,15/07/2026,Merchant_A,Processor_A,NGN,CARD,SET-0038
TXN106523,1500.0,SUCCESS,REF-00006523,14/07/2026,Merchant_B,Processor_A,NGN,USSD,SET-0035
TXN100437,50000.0,SUCCESS,REF-00000437,19/07/2026,Merchant_C,Processor_A,NGN,BANK_TRANSFER,SET-0037
TXN103508,50000.0,SUCCESS,REF-00003508,22/07/2026,Merchant_C,Processor_A,NGN,USSD,SET-0040
TXN102882,2500.0,SUCCESS,REF-00002882,25/07/2026,Merchant_B,Processor_A,NGN,USSD,SET-0043
TXN102871,100000.0,FAILED,REF-00002871,21/07/2026,Merchant_B,Processor_A,NGN,BANK_TRANSFER,SET-0050
TXN102539,25000.0,SUCCESS,REF-00002539,22/07/2026,Merchant_E,Processor_A,NGN,CARD,SET-0039
TXN104787,100000.0,SUCCESS,REF-00004787,31/07/2026,Merchant_E,Processor_A,NGN,BANK_TRANSFER,SET-0003
TXN103732,7500.0,REFUNDED,REF-00003732,16/07/2026,Merchant_E,Processor_A,NGN,USSD,SET-0046
TXN101520,1000.0,SUCCESS,REF-00001520,06/07/2026,Merchant_E,Processor_A,NGN,BANK_TRANSFER,SET-0021
TXN109953,2500.0,SUCCESS,REF-00009953,23/07/2026,Merchant_B,Processor_A,NGN,BANK_TRANSFER,SET-0031
TXN107384,15000.0,FAILED,REF-00007384,15/07/2026,Merchant_D,Processor_A,NGN,BANK_TRANSFER,SET-0037
TXN106200,25000.0,SUCCESS,REF-00006200,06/07/2026,Merchant_C,Processor_A,NGN,CARD,SET-0037
TXN107506,7500.0,SUCCESS,REF-00007506,31/07/2026,Merchant_D,Processor_A,NGN,CARD,SET-0019
TXN106088,25000.0,SUCCESS,REF-00006088,29/07/2026,Merchant_B,Processor_A,NGN,BANK_TRANSFER,SET-0048
TXN104310,5000.0,SUCCESS,REF-00004310,11/07/2026,Merchant_A,Processor_A,NGN,CARD,SET-0029
TXN102758,25000.0,SUCCESS,REF-00002758,27/07/2026,Merchant_A,Processor_A,NGN,CARD,SET-0022
TXN102545,10000.0,SUCCESS,REF-00002545,28/07/2026,Merchant_E,Processor_A,NGN,BANK_TRANSFER,SET-0014
TXN109801,2500.0,SUCCESS,REF-00009801,06/07/2026,Merchant_E,Processor_A,NGN,USSD,SET-0031
TXN107774,5000.0,REFUNDED,REF-00007774,19/07/2026,Merchant_E,Processor_A,NGN,CARD,SET-0019
TXN105235,500.0,SUCCESS,REF-00005235,27/07/2026,Merchant_E,Processor_A,NGN,MOBILE_MONEY,SET-0030
TXN108617,1000.0,FAILED,REF-00008617,29/07/2026,Merchant_E,Processor_A,NGN,CARD,SET-0045
TXN108573,2500.0,SUCCESS,REF-00008573,18/07/2026,Merchant_E,Processor_A,NGN,MOBILE_MONEY,SET-0014
TXN108402,10000.0,REFUNDED,REF-00008402,18/07/2026,Merchant_B,Processor_A,NGN,MOBILE_MONEY,SET-0037
TXN101980,1500.0,SUCCESS,REF-00001980,27/07/2026,Merchant_D,Processor_A,NGN,CARD,SET-0028
TXN100547,15000.0,SUCCESS,REF-00000547,31/07/2026,Merchant_B,Processor_A,NGN,MOBILE_MONEY,SET-0002
TXN100153,10000.0,SUCCESS,REF-00000153,07/07/2026,Merchant_B,Processor_A,NGN,MOBILE_MONEY,SET-0007
TXN109552,25000.0,SUCCESS,REF-00009552,12/07/2026,Merchant_E,Processor_A,NGN,BANK_TRANSFER,SET-0037
TXN102193,10000.0,SUCCESS,REF-00002193,18/07/2026,Merchant_A,Processor_A,NGN,BANK_TRANSFER,SET-0043
TXN100296,25000.0,SUCCESS,REF-00000296,12/07/2026,Merchant_D,Processor_A,NGN,BANK_TRANSFER,SET-0050
TXN109919,7500.0,FAILED,REF-00009919,16/07/2026,Merchant_B,Processor_A,NGN,BANK_TRANSFER,SET-0016
TXN103693,2500.0,SUCCESS,REF-00003693,06/07/2026,Merchant_E,Processor_A,NGN,BANK_TRANSFER,SET-0001
TXN109430,50000.0,FAILED,REF-00009430,15/07/2026,Merchant_B,Processor_A,NGN,BANK_TRANSFER,SET-0036
TXN108994,5000.0,SUCCESS,REF-00008994,04/07/2026,Merchant_A,Processor_A,NGN,CARD,SET-0010
TXN105665,25000.0,SUCCESS,REF-00005665,14/07/2026,Merchant_E,Processor_A,NGN,USSD,SET-0047
TXN103546,1000.0,SUCCESS,REF-00003546,13/07/2026,Merchant_E,Processor_A,NGN,CARD,SET-0027
TXN104140,5000.0,SUCCESS,REF-00004140,06/07/2026,Merchant_C,Processor_A,NGN,USSD,SET-0006
TXN100695,15000.0,SUCCESS,REF-00000695,05/07/2026,Merchant_E,Processor_A,NGN,MOBILE_MONEY,SET-0036
TXN101535,1500.0,SUCCESS,REF-00001535,15/07/2026,Merchant_D,Processor_A,NGN,CARD,SET-0021
TXN105228,1500.0,SUCCESS,REF-00005228,16/07/2026,Merchant_D,Processor_A,NGN,BANK_TRANSFER,SET-0047
TXN101510,50000.0,SUCCESS,REF-00001510,26/07/2026,Merchant_A,Processor_A,NGN,BANK_TRANSFER,SET-0018
TXN108313,15000.0,SUCCESS,REF-00008313,05/07/2026,Merchant_A,Processor_A,NGN,USSD,SET-0005
TXN105740,100000.0,SUCCESS,REF-00005740,06/07/2026,Merchant_E,Processor_A,NGN,MOBILE_MONEY,SET-0021
TXN104319,10000.0,SUCCESS,REF-00004319,27/07/2026,Merchant_B,Processor_A,NGN,USSD,SET-0030
TXN104747,500.0,SUCCESS,REF-00004747,21/07/2026,Merchant_E,Processor_A,NGN,BANK_TRANSFER,SET-0049
TXN107363,50000.0,SUCCESS,REF-00007363,15/07/2026,Merchant_B,Processor_A,NGN,USSD,SET-0004
TXN109158,15000.0,SUCCESS,REF-00009158,01/07/2026,Merchant_A,Processor_A,NGN,CARD,SET-0036
TXN106411,5000.0,SUCCESS,REF-00006411,28/07/2026,Merchant_E,Processor_A,NGN,MOBILE_MONEY,SET-0027
TXN104804,50000.0,SUCCESS,REF-00004804,24/07/2026,Merchant_C,Processor_A,NGN,USSD,SET-0006
TXN103737,25000.0,SUCCESS,REF-00003737,24/07/2026,Merchant_B,Processor_A,NGN,MOBILE_MONEY,SET-0039
TXN104403,5000.0,SUCCESS,REF-00004403,24/07/2026,Merchant_C,Processor_A,NGN,USSD,SET-0020
TXN106878,25000.0,SUCCESS,REF-00006878,28/07/2026,Merchant_D,Processor_A,NGN,USSD,SET-0045
TXN108424,1500.0,SUCCESS,REF-00008424,28/07/2026,Merchant_D,Processor_A,NGN,CARD,SET-0033
TXN105217,25000.0,SUCCESS,REF-00005217,11/07/2026,Merchant_B,Processor_A,NGN,BANK_TRANSFER,SET-0012
TXN103664,10000.0,SUCCESS,REF-00003664,07/07/2026,Merchant_B,Processor_A,NGN,BANK_TRANSFER,SET-0008
TXN104806,1000.0,SUCCESS,REF-00004806,09/07/2026,Merchant_A,Processor_A,NGN,BANK_TRANSFER,SET-0006
TXN107829,1000.0,SUCCESS,REF-00007829,07/07/2026,Merchant_E,Processor_A,NGN,BANK_TRANSFER,SET-0029
TXN102949,100000.0,SUCCESS,REF-00002949,02/07/2026,Merchant_D,Processor_A,NGN,BANK_TRANSFER,SET-0014
TXN108171,50000.0,FAILED,REF-00008171,07/07/2026,Merchant_B,Processor_A,NGN,BANK_TRANSFER,SET-0029
TXN102302,10000.0,SUCCESS,REF-00002302,12/07/2026,Merchant_D,Processor_A,NGN,CARD,SET-0013
TXN100731,50000.0,SUCCESS,REF-00000731,13/07/2026,Merchant_E,Processor_A,NGN,BANK_TRANSFER,SET-0025
TXN102248,15000.0,SUCCESS,REF-00002248,31/07/2026,Merchant_D,Processor_A,NGN,MOBILE_MONEY,SET-0025
PROC_ONLY1025,25000.0,FAILED,PROC-ONLY-REF-00025,27/07/2026,Merchant_B,Processor_A,NGN,BANK_TRANSFER,SET-0029
TXN103548,5000.0,SUCCESS,REF-00003548,31/07/2026,Merchant_A,Processor_A,NGN,USSD,SET-0047
TXN108613,1000.0,SUCCESS,REF-00008613,19/07/2026,Merchant_D,Processor_A,NGN,BANK_TRANSFER,SET-0015
TXN107546,25000.0,SUCCESS,REF-00007546,29/07/2026,Merchant_A,Processor_A,NGN,USSD,SET-0030
TXN103713,15000.0,SUCCESS,REF-00003713,07/07/2026,Merchant_E,Processor_A,NGN,MOBILE_MONEY,SET-0034
TXN103283,100000.0,SUCCESS,REF-00003283,25/07/2026,Merchant_A,Processor_A,NGN,BANK_TRANSFER,SET-0017
TXN106690,50000.0,SUCCESS,REF-00006690,09/07/2026,Merchant_A,Processor_A,NGN,CARD,SET-0029
TXN103278,5000.0,SUCCESS,REF-00003278,20/07/2026,Merchant_E,Processor_A,NGN,USSD,SET-0001
TXN108096,1000.0,SUCCESS,REF-00008096,20/07/2026,Merchant_D,Processor_A,NGN,MOBILE_MONEY,SET-0022
TXN103588,1500.0,SUCCESS,REF-00003588,18/07/2026,Merchant_C,Processor_A,NGN,CARD,SET-0026
TXN104646,15000.0,FAILED,REF-00004646,28/07/2026,Merchant_D,Processor_A,NGN,BANK_TRANSFER,SET-0031
TXN108298,500.0,SUCCESS,REF-00008298,11/07/2026,Merchant_A,Processor_A,NGN,CARD,SET-0004
TXN102724,7500.0,SUCCESS,REF-00002724,15/07/2026,Merchant_A,Processor_A,NGN,MOBILE_MONEY,SET-0023
TXN100467,50000.0,SUCCESS,REF-00000467,09/07/2026,Merchant_D,Processor_A,NGN,MOBILE_MONEY,SET-0038
TXN109877,5000.0,FAILED,REF-00009877,30/07/2026,Merchant_E,Processor_A,NGN,MOBILE_MONEY,SET-0002
TXN102611,500.0,SUCCESS,REF-00002611,19/07/2026,Merchant_E,Processor_A,NGN,MOBILE_MONEY,SET-0026
TXN102214,25000.0,SUCCESS,REF-00002214,08/07/2026,Merchant_B,Processor_A,NGN,BANK_TRANSFER,SET-0011
TXN109504,5000.0,SUCCESS,REF-00009504,18/07/2026,Merchant_B,Processor_A,NGN,CARD,SET-0004
TXN107710,500.0,SUCCESS,REF-00007710,28/07/2026,Merchant_D,Processor_A,NGN,MOBILE_MONEY,SET-0007
TXN100832,1500.0,SUCCESS,REF-00000832,14/07/2026,Merchant_A,Processor_A,NGN,USSD,SET-0039
TXN100260,15000.0,SUCCESS,REF-00000260,24/07/2026,Merchant_C,Processor_A,NGN,CARD,SET-0027
TXN107686,25000.0,SUCCESS,REF-00007686,07/07/2026,Merchant_C,Processor_A,NGN,MOBILE_MONEY,SET-0040
TXN101206,15000.0,SUCCESS,REF-00001206,24/07/2026,Merchant_B,Processor_A,NGN,MOBILE_MONEY,SET-0012
TXN108531,500.0,SUCCESS,REF-00008531,18/07/2026,Merchant_E,Processor_A,NGN,MOBILE_MONEY,SET-0014
TXN106888,1500.0,SUCCESS,REF-00006888,23/07/2026,Merchant_A,Processor_A,NGN,MOBILE_MONEY,SET-0004
TXN109350,1000.0,SUCCESS,REF-00009350,20/07/2026,Merchant_D,Processor_A,NGN,MOBILE_MONEY,SET-0020
TXN101208,5000.0,SUCCESS,REF-00001208,13/07/2026,Merchant_D,Processor_A,NGN,BANK_TRANSFER,SET-0035
TXN104241,7500.0,FAILED,REF-00004241,27/07/2026,Merchant_A,Processor_A,NGN,CARD,SET-0001
TXN108366,7500.0,FAILED,REF-00008366,27/07/2026,Merchant_E,Processor_A,NGN,USSD,SET-0025
TXN105866,25000.0,SUCCESS,REF-00005866,20/07/2026,Merchant_A,Processor_A,NGN,BANK_TRANSFER,SET-0033
TXN101820,2500.0,FAILED,REF-00001820,25/07/2026,Merchant_B,Processor_A,NGN,CARD,SET-0023
TXN106532,100000.0,SUCCESS,REF-00006532,15/07/2026,Merchant_A,Processor_A,NGN,CARD,SET-0019
TXN104032,1000.0,FAILED,REF-00004032,10/07/2026,Merchant_B,Processor_A,NGN,USSD,SET-0016
TXN105659,15000.0,SUCCESS,REF-00005659,30/07/2026,Merchant_E,Processor_A,NGN,MOBILE_MONEY,SET-0010
TXN102693,7500.0,SUCCESS,REF-00002693,16/07/2026,Merchant_E,Processor_A,NGN,CARD,SET-0029
TXN109767,25000.0,SUCCESS,REF-00009767,08/07/2026,Merchant_C,Processor_A,NGN,BANK_TRANSFER,SET-0017
TXN107177,25000.0,SUCCESS,REF-00007177,09/07/2026,Merchant_C,Processor_A,NGN,CARD,SET-0035
TXN104821,5000.0,SUCCESS,REF-00004821,23/07/2026,Merchant_A,Processor_A,NGN,CARD,SET-0013
TXN100146,15000.0,SUCCESS,REF-00000146,08/07/2026,Merchant_D,Processor_A,NGN,MOBILE_MONEY,SET-0040
TXN108463,50000.0,SUCCESS,REF-00008463,08/07/2026,Merchant_D,Processor_A,NGN,USSD,SET-0012
TXN106648,15000.0,SUCCESS,REF-00006648,25/07/2026,Merchant_B,Processor_A,NGN,BANK_TRANSFER,SET-0029
TXN109780,5000.0,SUCCESS,REF-00009780,10/07/2026,Merchant_C,Processor_A,NGN,MOBILE_MONEY,SET-0016
TXN103010,10000.0,SUCCESS,REF-00003010,28/07/2026,Merchant_C,Processor_A,NGN,BANK_TRANSFER,SET-0009
TXN104891,1000.0,SUCCESS,REF-00004891,03/07/2026,Merchant_C,Processor_A,NGN,USSD,SET-0050
TXN103451,15000.0,SUCCESS,REF-00003451,08/07/2026,Merchant_E,Processor_A,NGN,CARD,SET-0011
TXN106937,25000.0,SUCCESS,REF-00006937,27/07/2026,Merchant_E,Processor_A,NGN,BANK_TRANSFER,SET-0009
TXN107718,7500.0,SUCCESS,REF-00007718,16/07/2026,Merchant_A,Processor_A,NGN,CARD,SET-0040
TXN105825,5000.0,SUCCESS,REF-00005825,18/07/2026,Merchant_C,Processor_A,NGN,CARD,SET-0040
TXN102044,50000.0,SUCCESS,REF-00002044,17/07/2026,Merchant_E,Processor_A,NGN,USSD,SET-0036
TXN102242,10000.0,SUCCESS,REF-00002242,05/07/2026,Merchant_E,Processor_A,NGN,CARD,SET-0002
TXN101252,1000.0,FAILED,REF-00001252-X,18/07/2026,Merchant_A,Processor_A,NGN,CARD,SET-0036
TXN104740,25000.0,FAILED,REF-00004740,19/07/2026,Merchant_A,Processor_A,NGN,BANK_TRANSFER,SET-0009
TXN105154,15000.0,SUCCESS,REF-00005154,22/07/2026,Merchant_B,Processor_A,NGN,CARD,SET-0036
TXN102542,50000.0,FAILED,REF-00002542,03/07/2026,Merchant_A,Processor_A,NGN,BANK_TRANSFER,SET-0032
TXN101870,50000.0,REFUNDED,REF-00001870,03/07/2026,Merchant_D,Processor_A,NGN,CARD,SET-0002
TXN100384,25000.0,FAILED,REF-00000384,01/07/2026,Merchant_E,Processor_A,NGN,CARD,SET-0031
TXN101261,50000.0,SUCCESS,REF-00001261,17/07/2026,Merchant_D,Processor_A,NGN,CARD,SET-0044
TXN105087,1000.0,SUCCESS,REF-00005087,26/07/2026,Merchant_E,Processor_A,NGN,BANK_TRANSFER,SET-0049
TXN108219,25000.0,SUCCESS,REF-00008219,22/07/2026,Merchant_C,Processor_A,NGN,USSD,SET-0037
TXN109868,100000.0,SUCCESS,REF-00009868,02/07/2026,Merchant_D,Processor_A,NGN,MOBILE_MONEY,SET-0040
TXN100295,10000.0,REFUNDED,REF-00000295,21/07/2026,Merchant_A,Processor_A,NGN,CARD,SET-0029
TXN106432,100000.0,SUCCESS,REF-00006432,25/07/2026,Merchant_B,Processor_A,NGN,CARD,SET-0036
TXN102307,15000.0,REFUNDED,REF-00002307,01/07/2026,Merchant_E,Processor_A,NGN,USSD,SET-0001
TXN107842,1000.0,REFUNDED,REF-00007842,18/07/2026,Merchant_E,Processor_A,NGN,BANK_TRANSFER,SET-0013
TXN105099,500.0,SUCCESS,REF-00005099,23/07/2026,Merchant_B,Processor_A,NGN,CARD,SET-0040
TXN100037,1000.0,SUCCESS,REF-00000037,17/07/2026,Merchant_A,Processor_A,NGN,CARD,SET-0021
TXN107545,1000.0,SUCCESS,REF-00007545,04/07/2026,Merchant_D,Processor_A,NGN,BANK_TRANSFER,SET-0009
TXN100881,15000.0,SUCCESS,REF-00000881,28/07/2026,Merchant_D,Processor_A,NGN,CARD,SET-0040
TXN103285,1100.0,REFUNDED,REF-00003285,21/07/2026,Merchant_D,Processor_A,NGN,BANK_TRANSFER,SET-0034
TXN103643,7500.0,SUCCESS,REF-00003643,15/07/2026,Merchant_D,Processor_A,NGN,BANK_TRANSFER,SET-0021
TXN104474,15000.0,SUCCESS,REF-00004474,23/07/2026,Merchant_A,Processor_A,NGN,USSD,SET-0046
TXN109362,7500.0,SUCCESS,REF-00009362,23/07/2026,Merchant_C,Processor_A,NGN,CARD,SET-0008
TXN109360,10000.0,SUCCESS,REF-00009360,13/07/2026,Merchant_B,Processor_A,NGN,BANK_TRANSFER,SET-0010
TXN109045,500.0,SUCCESS,REF-00009045,23/07/2026,Merchant_D,Processor_A,NGN,USSD,SET-0040
TXN104882,50000.0,SUCCESS,REF-00004882,10/07/2026,Merchant_A,Processor_A,NGN,USSD,SET-0030
TXN107487,250000.0,SUCCESS,REF-00007487,08/07/2026,Merchant_B,Processor_A,NGN,USSD,SET-0021
TXN108625,15000.0,SUCCESS,REF-00008625,03/07/2026,Merchant_D,Processor_A,NGN,USSD,SET-0014
TXN105252,25000.0,SUCCESS,REF-00005252,07/07/2026,Merchant_A,Processor_A,NGN,MOBILE_MONEY,SET-0029
TXN102614,5000.0,FAILED,REF-00002614,26/07/2026,Merchant_C,Processor_A,NGN,USSD,SET-0025
TXN106840,100000.0,FAILED,REF-00006840,28/07/2026,Merchant_C,Processor_A,NGN,CARD,SET-0012
TXN102761,500.0,SUCCESS,REF-00002761,02/07/2026,Merchant_C,Processor_A,NGN,CARD,SET-0035
TXN101503,5000.0,SUCCESS,REF-00001503,02/07/2026,Merchant_D,Processor_A,NGN,CARD,SET-0041
TXN107121,1500.0,SUCCESS,REF-00007121,01/07/2026,Merchant_E,Processor_A,NGN,CARD,SET-0027
TXN105554,50000.0,SUCCESS,REF-00005554,26/07/2026,Merchant_A,Processor_A,NGN,BANK_TRANSFER,SET-0004
TXN101039,5000.0,SUCCESS,REF-00001039,13/07/2026,Merchant_D,Processor_A,NGN,USSD,SET-0022
TXN101554,2500.0,SUCCESS,REF-00001554,09/07/2026,Merchant_C,Processor_A,NGN,BANK_TRANSFER,SET-0022
TXN104191,100000.0,SUCCESS,REF-00004191,01/07/2026,Merchant_C,Processor_A,NGN,BANK_TRANSFER,SET-0042
TXN103142,10000.0,SUCCESS,REF-00003142,22/07/2026,Merchant_B,Processor_A,NGN,CARD,SET-0020
TXN109383,5000.0,SUCCESS,REF-00009383,01/07/2026,Merchant_C,Processor_A,NGN,MOBILE_MONEY,SET-0018
TXN109366,10000.0,REFUNDED,REF-00009366,07/07/2026,Merchant_C,Processor_A,NGN,BANK_TRANSFER,SET-0046
TXN105552,100000.0,SUCCESS,REF-00005552,03/07/2026,Merchant_C,Processor_A,NGN,BANK_TRANSFER,SET-0022
TXN107930,50000.0,SUCCESS,REF-00007930,28/07/2026,Merchant_E,Processor_A,NGN,CARD,SET-0036
TXN105558,5000.0,FAILED,REF-00005558,28/07/2026,Merchant_B,Processor_A,NGN,MOBILE_MONEY,SET-0031
TXN106399,50000.0,REFUNDED,REF-00006399,29/07/2026,Merchant_C,Processor_A,NGN,USSD,SET-0006
TXN101110,50000.0,SUCCESS,REF-00001110,24/07/2026,Merchant_C,Processor_A,NGN,USSD,SET-0029
TXN109532,5000.0,SUCCESS,REF-00009532,05/07/2026,Merchant_B,Processor_A,NGN,USSD,SET-0032
TXN104095,7500.0,SUCCESS,REF-00004095,06/07/2026,Merchant_B,Processor_A,NGN,CARD,SET-0015
TXN105116,7500.0,SUCCESS,REF-00005116,20/07/2026,Merchant_E,Processor_A,NGN,BANK_TRANSFER,SET-0046
TXN101684,1500.0,FAILED,REF-00001684,10/07/2026,Merchant_B,Processor_A,NGN,BANK_TRANSFER,SET-0016
TXN107368,1500.0,SUCCESS,REF-00007368,25/07/2026,Merchant_A,Processor_A,NGN,USSD,SET-0013
TXN107641,5000.0,SUCCESS,REF-00007641,22/07/2026,Merchant_E,Processor_A,NGN,USSD,SET-0002
TXN107766,5000.0,SUCCESS,REF-00007766,22/07/2026,Merchant_B,Processor_A,NGN,BANK_TRANSFER,SET-0020
TXN107007,500.0,SUCCESS,REF-00007007,07/07/2026,Merchant_A,Processor_A,NGN,MOBILE_MONEY,SET-0041
TXN103761,25000.0,SUCCESS,REF-00003761,04/07/2026,Merchant_D,Processor_A,NGN,MOBILE_MONEY,SET-0047
TXN108954,5000.0,SUCCESS,REF-00008954,23/07/2026,Merchant_E,Processor_A,NGN,USSD,SET-0030
TXN102965,25000.0,SUCCESS,REF-00002965,04/07/2026,Merchant_E,Processor_A,NGN,BANK_TRANSFER,SET-0047
TXN105531,1500.0,SUCCESS,REF-00005531,10/07/2026,Merchant_D,Processor_A,NGN,CARD,SET-0010
TXN106631,1500.0,SUCCESS,REF-00006631,16/07/2026,Merchant_E,Processor_A,NGN,USSD,SET-0013
TXN103119,2500.0,SUCCESS,REF-00003119,06/07/2026,Merchant_A,Processor_A,NGN,USSD,SET-0045
TXN103358,50000.0,SUCCESS,REF-00003358,06/07/2026,Merchant_C,Processor_A,NGN,CARD,SET-0015
TXN108937,100000.0,FAILED,REF-00008937,31/07/2026,Merchant_C,Processor_A,NGN,CARD,SET-0044
TXN108493,100000.0,SUCCESS,REF-00008493,24/07/2026,Merchant_C,Processor_A,NGN,MOBILE_MONEY,SET-0035
TXN103071,15000.0,SUCCESS,REF-00003071,03/07/2026,Merchant_E,Processor_A,NGN,CARD,SET-0016
TXN105225,1000.0,SUCCESS,REF-00005225,20/07/2026,Merchant_D,Processor_A,NGN,MOBILE_MONEY,SET-0020
TXN100498,250000.0,SUCCESS,REF-00000498,23/07/2026,Merchant_D,Processor_A,NGN,USSD,SET-0038
TXN109307,25000.0,SUCCESS,REF-00009307,21/07/2026,Merchant_C,Processor_A,NGN,CARD,SET-0038
TXN101781,100000.0,SUCCESS,REF-00001781,24/07/2026,Merchant_A,Processor_A,NGN,BANK_TRANSFER,SET-0005
TXN104567,2500.0,FAILED,REF-00004567,03/07/2026,Merchant_A,Processor_A,NGN,BANK_TRANSFER,SET-0046
TXN102152,25000.0,SUCCESS,REF-00002152,06/07/2026,Merchant_C,Processor_A,NGN,MOBILE_MONEY,SET-0027
TXN103729,15000.0,SUCCESS,REF-00003729,03/07/2026,Merchant_B,Processor_A,NGN,CARD,SET-0006
TXN102762,15000.0,SUCCESS,REF-00002762,25/07/2026,Merchant_E,Processor_A,NGN,BANK_TRANSFER,SET-0046
TXN101471,25000.0,SUCCESS,REF-00001471,05/07/2026,Merchant_D,Processor_A,NGN,USSD,SET-0030
TXN101715,250000.0,SUCCESS,REF-00001715,28/07/2026,Merchant_C,Processor_A,NGN,USSD,SET-0010
TXN103509,1000.0,SUCCESS,REF-00003509,08/07/2026,Merchant_E,Processor_A,NGN,CARD,SET-0010
TXN103442,2500.0,FAILED,REF-00003442,02/07/2026,Merchant_D,Processor_A,NGN,MOBILE_MONEY,SET-0021
TXN101542,10000.0,SUCCESS,REF-00001542,16/07/2026,Merchant_A,Processor_A,NGN,BANK_TRANSFER,SET-0021
TXN101911,100000.0,SUCCESS,REF-00001911,03/07/2026,Merchant_B,Processor_A,NGN,CARD,SET-0036
TXN109526,100000.0,SUCCESS,REF-00009526,09/07/2026,Merchant_D,Processor_A,NGN,BANK_TRANSFER,SET-0003
TXN105193,100000.0,SUCCESS,REF-00005193,21/07/2026,Merchant_C,Processor_A,NGN,MOBILE_MONEY,SET-0042
TXN103134,2500.0,SUCCESS,REF-00003134,06/07/2026,Merchant_B,Processor_A,NGN,BANK_TRANSFER,SET-0048
TXN105972,50000.0,FAILED,REF-00005972,21/07/2026,Merchant_C,Processor_A,NGN,CARD,SET-0044
TXN103537,5000.0,SUCCESS,REF-00003537,18/07/2026,Merchant_A,Processor_A,NGN,MOBILE_MONEY,SET-0026
TXN109369,10000.0,SUCCESS,REF-00009369,27/07/2026,Merchant_E,Processor_A,NGN,CARD,SET-0031
TXN100391,7500.0,SUCCESS,REF-00000391,06/07/2026,Merchant_C,Processor_A,NGN,CARD,SET-0048
TXN102267,25000.0,SUCCESS,REF-00002267,14/07/2026,Merchant_D,Processor_A,NGN,MOBILE_MONEY,SET-0005
TXN109258,25000.0,SUCCESS,REF-00009258,30/07/2026,Merchant_E,Processor_A,NGN,BANK_TRANSFER,SET-0033
TXN106123,250000.0,SUCCESS,REF-00006123,22/07/2026,Merchant_A,Processor_A,NGN,USSD,SET-0047
TXN103327,10000.0,SUCCESS,REF-00003327,24/07/2026,Merchant_A,Processor_A,NGN,USSD,SET-0011
TXN105637,50000.0,SUCCESS,REF-00005637,21/07/2026,Merchant_E,Processor_A,NGN,BANK_TRANSFER,SET-0036
TXN102548,7500.0,SUCCESS,REF-00002548,11/07/2026,Merchant_B,Processor_A,NGN,CARD,SET-0016
TXN100397,7500.0,SUCCESS,REF-00000397,30/07/2026,Merchant_E,Processor_A,NGN,MOBILE_MONEY,SET-0002
TXN101996,250000.0,SUCCESS,REF-00001996,24/07/2026,Merchant_B,Processor_A,NGN,MOBILE_MONEY,SET-0039
TXN109138,10000.0,FAILED,REF-00009138,09/07/2026,Merchant_E,Processor_A,NGN,CARD,SET-0025
TXN109249,5000.0,SUCCESS,REF-00009249,15/07/2026,Merchant_A,Processor_A,NGN,MOBILE_MONEY,SET-0007
TXN109840,50000.0,REFUNDED,REF-00009840,27/07/2026,Merchant_B,Processor_A,NGN,CARD,SET-0036
TXN101922,15000.0,SUCCESS,REF-00001922,19/07/2026,Merchant_D,Processor_A,NGN,MOBILE_MONEY,SET-0028
TXN101146,50000.0,SUCCESS,REF-00001146,27/07/2026,Merchant_E,Processor_A,NGN,USSD,SET-0009
TXN100841,15000.0,SUCCESS,REF-00000841,05/07/2026,Merchant_D,Processor_A,NGN,CARD,SET-0017
TXN108350,50000.0,SUCCESS,REF-00008350,22/07/2026,Merchant_E,Processor_A,NGN,CARD,SET-0026
TXN100181,1000.0,SUCCESS,REF-00000181,01/07/2026,Merchant_D,Processor_A,NGN,BANK_TRANSFER,SET-0032
TXN103061,1000.0,SUCCESS,REF-00003061,11/07/2026,Merchant_D,Processor_A,NGN,CARD,SET-0037
TXN102706,1500.0,SUCCESS,REF-00002706,01/07/2026,Merchant_A,Processor_A,NGN,BANK_TRANSFER,SET-0027
TXN102376,5000.0,SUCCESS,REF-00002376,03/07/2026,Merchant_E,Processor_A,NGN,CARD,SET-0009
TXN103742,25000.0,SUCCESS,REF-00003742,18/07/2026,Merchant_A,Processor_A,NGN,CARD,SET-0005
TXN103461,1500.0,SUCCESS,REF-00003461,17/07/2026,Merchant_E,Processor_A,NGN,BANK_TRANSFER,SET-0017
TXN100018,7500.0,SUCCESS,REF-00000018,24/07/2026,Merchant_C,Processor_A,NGN,MOBILE_MONEY,SET-0017
TXN104974,2500.0,SUCCESS,REF-00004974,23/07/2026,Merchant_A,Processor_A,NGN,MOBILE_MONEY,SET-0023
TXN107134,10000.0,REFUNDED,REF-00007134,13/07/2026,Merchant_B,Processor_A,NGN,BANK_TRANSFER,SET-0035
TXN109608,2500.0,SUCCESS,REF-00009608,03/07/2026,Merchant_E,Processor_A,NGN,MOBILE_MONEY,SET-0041
TXN107684,1000.0,SUCCESS,REF-00007684,31/07/2026,Merchant_A,Processor_A,NGN,MOBILE_MONEY,SET-0018
TXN103319,25000.0,SUCCESS,REF-00003319,10/07/2026,Merchant_D,Processor_A,NGN,MOBILE_MONEY,SET-0048
TXN102572,5000.0,SUCCESS,REF-00002572,06/07/2026,Merchant_A,Processor_A,NGN,USSD,SET-0021
TXN102061,10000.0,SUCCESS,REF-00002061,05/07/2026,Merchant_C,Processor_A,NGN,MOBILE_MONEY,SET-0021
TXN105341,100000.0,SUCCESS,REF-00005341,31/07/2026,Merchant_C,Processor_A,NGN,CARD,SET-0010
TXN107256,1000.0,SUCCESS,REF-00007256,23/07/2026,Merchant_A,Processor_A,NGN,USSD,SET-0030
TXN108106,2500.0,SUCCESS,REF-00008106,27/07/2026,Merchant_D,Processor_A,NGN,MOBILE_MONEY,SET-0020
TXN107287,5000.0,SUCCESS,REF-00007287,25/07/2026,Merchant_D,Processor_A,NGN,USSD,SET-0027
TXN106815,1500.0,SUCCESS,REF-00006815,18/07/2026,Merchant_C,Processor_A,NGN,MOBILE_MONEY,SET-0038
TXN103531,50000.0,SUCCESS,REF-00003531,09/07/2026,Merchant_E,Processor_A,NGN,CARD,SET-0035
TXN101762,1000.0,SUCCESS,REF-00001762,12/07/2026,Merchant_C,Processor_A,NGN,USSD,SET-0043
TXN100190,1000.0,SUCCESS,REF-00000190,15/07/2026,Merchant_E,Processor_A,NGN,BANK_TRANSFER,SET-0005
TXN102631,25000.0,SUCCESS,REF-00002631,03/07/2026,Merchant_D,Processor_A,NGN,BANK_TRANSFER,SET-0044
TXN106160,1500.0,SUCCESS,REF-00006160,15/07/2026,Merchant_C,Processor_A,NGN,MOBILE_MONEY,SET-0037
TXN108590,50000.0,SUCCESS,REF-00008590,14/07/2026,Merchant_C,Processor_A,NGN,USSD,SET-0024
TXN105661,1000.0,SUCCESS,REF-00005661,25/07/2026,Merchant_B,Processor_A,NGN,CARD,SET-0028
TXN102555,250000.0,SUCCESS,REF-00002555,25/07/2026,Merchant_D,Processor_A,NGN,BANK_TRANSFER,SET-0018
TXN103434,25000.0,SUCCESS,REF-00003434,13/07/2026,Merchant_B,Processor_A,NGN,USSD,SET-0002
TXN103583,50000.0,SUCCESS,REF-00003583,07/07/2026,Merchant_C,Processor_A,NGN,MOBILE_MONEY,SET-0013
TXN107759,2500.0,SUCCESS,REF-00007759,02/07/2026,Merchant_C,Processor_A,NGN,BANK_TRANSFER,SET-0027
TXN105876,50000.0,SUCCESS,REF-00005876,24/07/2026,Merchant_E,Processor_A,NGN,MOBILE_MONEY,SET-0045
TXN102994,1500.0,SUCCESS,REF-00002994,22/07/2026,Merchant_D,Processor_A,NGN,USSD,SET-0012
TXN108344,250000.0,SUCCESS,REF-00008344,13/07/2026,Merchant_D,Processor_A,NGN,BANK_TRANSFER,SET-0005
TXN101219,5000.0,SUCCESS,REF-00001219,11/07/2026,Merchant_D,Processor_A,NGN,BANK_TRANSFER,SET-0023
TXN107879,1000.0,SUCCESS,REF-00007879,28/07/2026,Merchant_C,Processor_A,NGN,USSD,SET-0024
TXN107318,7500.0,FAILED,REF-00007318,11/07/2026,Merchant_D,Processor_A,NGN,BANK_TRANSFER,SET-0050
TXN100068,1000.0,SUCCESS,REF-00000068,26/07/2026,Merchant_E,Processor_A,NGN,CARD,SET-0008
TXN102077,7500.0,SUCCESS,REF-00002077,01/07/2026,Merchant_C,Processor_A,NGN,CARD,SET-0037
TXN100144,5000.0,SUCCESS,REF-00000144,19/07/2026,Merchant_C,Processor_A,NGN,USSD,SET-0017
TXN109446,250000.0,FAILED,REF-00009446,02/07/2026,Merchant_C,Processor_A,NGN,CARD,SET-0026
TXN101576,500.0,SUCCESS,REF-00001576,22/07/2026,Merchant_A,Processor_A,NGN,USSD,SET-0034
TXN107572,1500.0,SUCCESS,REF-00007572,09/07/2026,Merchant_A,Processor_A,NGN,CARD,SET-0035
TXN102844,10000.0,SUCCESS,REF-00002844,13/07/2026,Merchant_A,Processor_A,NGN,MOBILE_MONEY,SET-0002
TXN105707,1000.0,SUCCESS,REF-00005707,06/07/2026,Merchant_D,Processor_A,NGN,BANK_TRANSFER,SET-0020
TXN105816,1500.0,SUCCESS,REF-00005816,14/07/2026,Merchant_B,Processor_A,NGN,MOBILE_MONEY,SET-0020
TXN101630,25000.0,FAILED,REF-00001630,07/07/2026,Merchant_B,Processor_A,NGN,BANK_TRANSFER,SET-0026
TXN108674,1000.0,SUCCESS,REF-00008674,12/07/2026,Merchant_A,Processor_A,NGN,USSD,SET-0040
TXN105307,5000.0,FAILED,REF-00005307,17/07/2026,Merchant_B,Processor_A,NGN,CARD,SET-0033
PROC_ONLY1010,50000.0,SUCCESS,PROC-ONLY-REF-00010,22/07/2026,Merchant_A,Processor_A,NGN,USSD,SET-0028
TXN100769,50000.0,SUCCESS,REF-00000769,20/07/2026,Merchant_B,Processor_A,NGN,MOBILE_MONEY,SET-0049
TXN102401,1500.0,SUCCESS,REF-00002401,21/07/2026,Merchant_A,Processor_A,NGN,MOBILE_MONEY,SET-0028
TXN104378,1500.0,SUCCESS,REF-00004378,26/07/2026,Merchant_B,Processor_A,NGN,MOBILE_MONEY,SET-0018
TXN107826,100000.0,SUCCESS,REF-00007826,16/07/2026,Merchant_C,Processor_A,NGN,BANK_TRANSFER,SET-0033
TXN100503,50000.0,SUCCESS,REF-00000503,02/07/2026,Merchant_B,Processor_A,NGN,MOBILE_MONEY,SET-0006
TXN105245,10000.0,SUCCESS,REF-00005245,06/07/2026,Merchant_D,Processor_A,NGN,MOBILE_MONEY,SET-0030
TXN101887,2500.0,SUCCESS,REF-00001887,20/07/2026,Merchant_E,Processor_A,NGN,MOBILE_MONEY,SET-0026
TXN108445,15000.0,SUCCESS,REF-00008445,29/07/2026,Merchant_A,Processor_A,NGN,CARD,SET-0003
TXN109627,100000.0,SUCCESS,REF-00009627,02/07/2026,Merchant_E,Processor_A,NGN,USSD,SET-0039
TXN104187,10000.0,REFUNDED,REF-00004187,30/07/2026,Merchant_A,Processor_A,NGN,BANK_TRANSFER,SET-0044
TXN101748,25000.0,SUCCESS,REF-00001748,28/07/2026,Merchant_A,Processor_A,NGN,USSD,SET-0025
TXN109848,15000.0,SUCCESS,REF-00009848,25/07/2026,Merchant_B,Processor_A,NGN,BANK_TRANSFER,SET-0040
TXN105488,15000.0,SUCCESS,REF-00005488,09/07/2026,Merchant_E,Processor_A,NGN,USSD,SET-0023
TXN105651,15000.0,SUCCESS,REF-00005651,15/07/2026,Merchant_A,Processor_A,NGN,MOBILE_MONEY,SET-0015
TXN106389,10000.0,SUCCESS,REF-00006389,18/07/2026,Merchant_C,Processor_A,NGN,MOBILE_MONEY,SET-0020
TXN100418,15100.0,SUCCESS,REF-00000418,20/07/2026,Merchant_E,Processor_A,NGN,USSD,SET-0003
TXN109981,15000.0,SUCCESS,REF-00009981,04/07/2026,Merchant_A,Processor_A,NGN,USSD,SET-0001
TXN106231,100000.0,SUCCESS,REF-00006231,13/07/2026,Merchant_D,Processor_A,NGN,BANK_TRANSFER,SET-0050
TXN103022,15000.0,REFUNDED,REF-00003022,24/07/2026,Merchant_C,Processor_A,NGN,USSD,SET-0037
TXN109978,250000.0,SUCCESS,REF-00009978,31/07/2026,Merchant_B,Processor_A,NGN,MOBILE_MONEY,SET-0034
TXN100618,50000.0,SUCCESS,REF-00000618,01/07/2026,Merchant_A,Processor_A,NGN,CARD,SET-0041
TXN103505,15000.0,FAILED,REF-00003505,05/07/2026,Merchant_D,Processor_A,NGN,MOBILE_MONEY,SET-0005
TXN103065,2500.0,SUCCESS,REF-00003065,13/07/2026,Merchant_D,Processor_A,NGN,MOBILE_MONEY,SET-0036
TXN102136,1000.0,SUCCESS,REF-00002136,09/07/2026,Merchant_E,Processor_A,NGN,BANK_TRANSFER,SET-0045
TXN101850,5000.0,SUCCESS,REF-00001850,02/07/2026,Merchant_C,Processor_A,NGN,USSD,SET-0049
TXN100577,100000.0,FAILED,REF-00000577,03/07/2026,Merchant_D,Processor_A,NGN,CARD,SET-0028
TXN100937,100000.0,SUCCESS,REF-00000937,10/07/2026,Merchant_B,Processor_A,NGN,MOBILE_MONEY,SET-0002
TXN107839,50000.0,SUCCESS,REF-00007839,07/07/2026,Merchant_E,Processor_A,NGN,USSD,SET-0034
TXN109292,10000.0,SUCCESS,REF-00009292,02/07/2026,Merchant_E,Processor_A,NGN,USSD,SET-0018
TXN103268,15000.0,REFUNDED,REF-00003268,01/07/2026,Merchant_D,Processor_A,NGN,CARD,SET-0019
TXN109421,10000.0,SUCCESS,REF-00009421,04/07/2026,Merchant_E,Processor_A,NGN,USSD,SET-0046
TXN109754,2500.0,REFUNDED,REF-00009754,10/07/2026,Merchant_C,Processor_A,NGN,BANK_TRANSFER,SET-0042
TXN107917,1500.0,SUCCESS,REF-00007917,12/07/2026,Merchant_D,Processor_A,NGN,BANK_TRANSFER,SET-0021
TXN103295,1000.0,SUCCESS,REF-00003295,28/07/2026,Merchant_B,Processor_A,NGN,MOBILE_MONEY,SET-0013
TXN107775,500.0,SUCCESS,REF-00007775,06/07/2026,Merchant_D,Processor_A,NGN,CARD,SET-0029
TXN106833,100000.0,SUCCESS,REF-00006833,08/07/2026,Merchant_D,Processor_A,NGN,USSD,SET-0045
TXN103829,2500.0,SUCCESS,REF-00003829,29/07/2026,Merchant_B,Processor_A,NGN,BANK_TRANSFER,SET-0049
TXN100059,5000.0,SUCCESS,REF-00000059,21/07/2026,Merchant_C,Processor_A,NGN,CARD,SET-0036
TXN109989,50000.0,FAILED,REF-00009989,29/07/2026,Merchant_A,Processor_A,NGN,USSD,SET-0027
TXN101665,50000.0,SUCCESS,REF-00001665,19/07/2026,Merchant_D,Processor_A,NGN,USSD,SET-0025
TXN102001,2500.0,SUCCESS,REF-00002001,02/07/2026,Merchant_E,Processor_A,NGN,USSD,SET-0032
TXN109026,10000.0,SUCCESS,REF-00009026,05/07/2026,Merchant_C,Processor_A,NGN,USSD,SET-0016
TXN109143,10000.0,SUCCESS,REF-00009143,09/07/2026,Merchant_D,Processor_A,NGN,MOBILE_MONEY,SET-0045
TXN104699,250000.0,SUCCESS,REF-00004699,26/07/2026,Merchant_D,Processor_A,NGN,USSD,SET-0029
TXN102970,5000.0,SUCCESS,REF-00002970,13/07/2026,Merchant_A,Processor_A,NGN,USSD,SET-0011
TXN107189,15000.0,SUCCESS,REF-00007189,27/07/2026,Merchant_C,Processor_A,NGN,MOBILE_MONEY,SET-0008
TXN102440,10000.0,SUCCESS,REF-00002440,24/07/2026,Merchant_C,Processor_A,NGN,MOBILE_MONEY,SET-0019
TXN100713,7500.0,SUCCESS,REF-00000713,03/07/2026,Merchant_B,Processor_A,NGN,MOBILE_MONEY,SET-0004
TXN106407,5000.0,SUCCESS,REF-00006407,23/07/2026,Merchant_E,Processor_A,NGN,MOBILE_MONEY,SET-0010
TXN105611,15000.0,SUCCESS,REF-00005611,17/07/2026,Merchant_B,Processor_A,NGN,BANK_TRANSFER,SET-0047
TXN107666,15000.0,SUCCESS,REF-00007666,12/07/2026,Merchant_D,Processor_A,NGN,MOBILE_MONEY,SET-0020
TXN109941,1000.0,SUCCESS,REF-00009941,05/07/2026,Merchant_D,Processor_A,NGN,USSD,SET-0026
TXN107041,7500.0,SUCCESS,REF-00007041,27/07/2026,Merchant_E,Processor_A,NGN,BANK_TRANSFER,SET-0038
TXN106444,15000.0,SUCCESS,REF-00006444,20/07/2026,Merchant_D,Processor_A,NGN,USSD,SET-0008
TXN105263,1000.0,SUCCESS,REF-00005263,07/07/2026,Merchant_E,Processor_A,NGN,USSD,SET-0018
TXN108640,50000.0,SUCCESS,REF-00008640,13/07/2026,Merchant_B,Processor_A,NGN,BANK_TRANSFER,SET-0041
TXN103222,1000.0,SUCCESS,REF-00003222,03/07/2026,Merchant_E,Processor_A,NGN,MOBILE_MONEY,SET-0042
TXN101417,1500.0,SUCCESS,REF-00001417,04/07/2026,Merchant_D,Processor_A,NGN,BANK_TRANSFER,SET-0004
TXN102953,7500.0,SUCCESS,REF-00002953,16/07/2026,Merchant_C,Processor_A,NGN,BANK_TRANSFER,SET-0045
TXN109980,5000.0,FAILED,REF-00009980,16/07/2026,Merchant_C,Processor_A,NGN,BANK_TRANSFER,SET-0003
TXN108451,1000.0,SUCCESS,REF-00008451,28/07/2026,Merchant_A,Processor_A,NGN,CARD,SET-0024
TXN101936,2500.0,SUCCESS,REF-00001936,30/07/2026,Merchant_D,Processor_A,NGN,USSD,SET-0037
TXN109301,10000.0,SUCCESS,REF-00009301,05/07/2026,Merchant_B,Processor_A,NGN,USSD,SET-0042
TXN103738,25000.0,SUCCESS,REF-00003738,30/07/2026,Merchant_C,Processor_A,NGN,BANK_TRANSFER,SET-0023
TXN103550,50000.0,SUCCESS,REF-00003550,28/07/2026,Merchant_E,Processor_A,NGN,USSD,SET-0006
TXN104398,1500.0,SUCCESS,REF-00004398,13/07/2026,Merchant_A,Processor_A,NGN,BANK_TRANSFER,SET-0019
TXN109053,5000.0,FAILED,REF-00009053,06/07/2026,Merchant_B,Processor_A,NGN,MOBILE_MONEY,SET-0048
TXN104771,7500.0,SUCCESS,REF-00004771,22/07/2026,Merchant_E,Processor_A,NGN,BANK_TRANSFER,SET-0042
TXN109802,1500.0,SUCCESS,REF-00009802,06/07/2026,Merchant_B,Processor_A,NGN,USSD,SET-0042
TXN104042,7500.0,SUCCESS,REF-00004042,11/07/2026,Merchant_B,Processor_A,NGN,CARD,SET-0026
TXN109594,2500.0,SUCCESS,REF-00009594,07/07/2026,Merchant_A,Processor_A,NGN,MOBILE_MONEY,SET-0024
TXN108825,5000.0,SUCCESS,REF-00008825,10/07/2026,Merchant_E,Processor_A,NGN,USSD,SET-0040
TXN105003,5000.0,SUCCESS,REF-00005003,10/07/2026,Merchant_E,Processor_A,NGN,MOBILE_MONEY,SET-0019
TXN100519,1500.0,SUCCESS,REF-00000519,25/07/2026,Merchant_C,Processor_A,NGN,CARD,SET-0004
TXN105303,100000.0,SUCCESS,REF-00005303,15/07/2026,Merchant_E,Processor_A,NGN,USSD,SET-0034
TXN102963,250000.0,SUCCESS,REF-00002963,16/07/2026,Merchant_B,Processor_A,NGN,BANK_TRANSFER,SET-0050
TXN108885,15000.0,SUCCESS,REF-00008885,10/07/2026,Merchant_E,Processor_A,NGN,MOBILE_MONEY,SET-0033
TXN109777,250000.0,SUCCESS,REF-00009777,08/07/2026,Merchant_E,Processor_A,NGN,USSD,SET-0008
TXN102707,2500.0,SUCCESS,REF-00002707,25/07/2026,Merchant_D,Processor_A,NGN,MOBILE_MONEY,SET-0004
TXN105916,250000.0,SUCCESS,REF-00005916,28/07/2026,Merchant_C,Processor_A,NGN,CARD,SET-0049
TXN105793,100000.0,SUCCESS,REF-00005793,16/07/2026,Merchant_E,Processor_A,NGN,CARD,SET-0018
TXN106821,10000.0,SUCCESS,REF-00006821,05/07/2026,Merchant_A,Processor_A,NGN,CARD,SET-0047
TXN100317,1500.0,SUCCESS,REF-00000317,16/07/2026,Merchant_C,Processor_A,NGN,CARD,SET-0002
TXN109441,1000.0,SUCCESS,REF-00009441,17/07/2026,Merchant_C,Processor_A,NGN,MOBILE_MONEY,SET-0018
TXN107871,1500.0,REFUNDED,REF-00007871,10/07/2026,Merchant_A,Processor_A,NGN,BANK_TRANSFER,SET-0050
TXN100798,25000.0,SUCCESS,REF-00000798,20/07/2026,Merchant_E,Processor_A,NGN,USSD,SET-0003
TXN100334,1000.0,SUCCESS,REF-00000334,19/07/2026,Merchant_B,Processor_A,NGN,BANK_TRANSFER,SET-0011
TXN104483,10000.0,SUCCESS,REF-00004483,31/07/2026,Merchant_D,Processor_A,NGN,MOBILE_MONEY,SET-0040
TXN104480,1500.0,SUCCESS,REF-00004480,19/07/2026,Merchant_E,Processor_A,NGN,BANK_TRANSFER,SET-0010
TXN105153,25000.0,SUCCESS,REF-00005153,24/07/2026,Merchant_B,Processor_A,NGN,USSD,SET-0009
TXN101795,1000.0,SUCCESS,REF-00001795,07/07/2026,Merchant_A,Processor_A,NGN,USSD,SET-0026
TXN101893,2500.0,SUCCESS,REF-00001893,11/07/2026,Merchant_C,Processor_A,NGN,BANK_TRANSFER,SET-0026
TXN105270,2500.0,SUCCESS,REF-00005270,01/07/2026,Merchant_A,Processor_A,NGN,MOBILE_MONEY,SET-0039
TXN106514,10000.0,SUCCESS,REF-00006514,03/07/2026,Merchant_C,Processor_A,NGN,USSD,SET-0005
TXN106819,25000.0,SUCCESS,REF-00006819,20/07/2026,Merchant_B,Processor_A,NGN,CARD,SET-0035
TXN101223,100000.0,FAILED,REF-00001223,18/07/2026,Merchant_C,Processor_A,NGN,MOBILE_MONEY,SET-0040
TXN103544,50000.0,SUCCESS,REF-00003544,02/07/2026,Merchant_D,Processor_A,NGN,BANK_TRANSFER,SET-0037
TXN106983,50000.0,SUCCESS,REF-00006983,25/07/2026,Merchant_A,Processor_A,NGN,USSD,SET-0014
TXN108865,25000.0,SUCCESS,REF-00008865,14/07/2026,Merchant_E,Processor_A,NGN,BANK_TRANSFER,SET-0005
TXN105234,10000.0,SUCCESS,REF-00005234,12/07/2026,Merchant_C,Processor_A,NGN,CARD,SET-0011
TXN106357,7500.0,SUCCESS,REF-00006357,29/07/2026,Merchant_A,Processor_A,NGN,USSD,SET-0037
TXN109510,10000.0,SUCCESS,REF-00009510,18/07/2026,Merchant_C,Processor_A,NGN,USSD,SET-0041
TXN101364,25000.0,SUCCESS,REF-00001364,08/07/2026,Merchant_E,Processor_A,NGN,USSD,SET-0010
TXN107102,250000.0,SUCCESS,REF-00007102,14/07/2026,Merchant_A,Processor_A,NGN,CARD,SET-0034
TXN104146,1000.0,SUCCESS,REF-00004146,25/07/2026,Merchant_C,Processor_A,NGN,CARD,SET-0032
TXN109098,100000.0,SUCCESS,REF-00009098,05/07/2026,Merchant_C,Processor_A,NGN,CARD,SET-0023
TXN106343,50000.0,SUCCESS,REF-00006343,24/07/2026,Merchant_E,Processor_A,NGN,USSD,SET-0050
TXN102714,500.0,SUCCESS,REF-00002714,15/07/2026,Merchant_E,Processor_A,NGN,MOBILE_MONEY,SET-0049
TXN109786,1000.0,SUCCESS,REF-00009786,18/07/2026,Merchant_E,Processor_A,NGN,MOBILE_MONEY,SET-0019
TXN101880,15000.0,SUCCESS,REF-00001880,01/07/2026,Merchant_A,Processor_A,NGN,USSD,SET-0048
TXN107380,7500.0,SUCCESS,REF-00007380,10/07/2026,Merchant_C,Processor_A,NGN,MOBILE_MONEY,SET-0012
TXN109282,25000.0,SUCCESS,REF-00009282,15/07/2026,Merchant_D,Processor_A,NGN,USSD,SET-0023
TXN105560,5000.0,SUCCESS,REF-00005560,15/07/2026,Merchant_C,Processor_A,NGN,BANK_TRANSFER,SET-0004
TXN100828,25000.0,SUCCESS,REF-00000828,17/07/2026,Merchant_B,Processor_A,NGN,USSD,SET-0035
TXN105113,25000.0,SUCCESS,REF-00005113,30/07/2026,Merchant_B,Processor_A,NGN,USSD,SET-0049
TXN104465,7500.0,SUCCESS,REF-00004465,05/07/2026,Merchant_B,Processor_A,NGN,MOBILE_MONEY,SET-0036
TXN106817,100000.0,SUCCESS,REF-00006817,24/07/2026,Merchant_D,Processor_A,NGN,MOBILE_MONEY,SET-0034
TXN106110,250000.0,SUCCESS,REF-00006110,06/07/2026,Merchant_E,Processor_A,NGN,BANK_TRANSFER,SET-0033
TXN107764,15000.0,SUCCESS,REF-00007764,29/07/2026,Merchant_A,Processor_A,NGN,BANK_TRANSFER,SET-0021
TXN105621,100000.0,SUCCESS,REF-00005621,21/07/2026,Merchant_E,Processor_A,NGN,BANK_TRANSFER,SET-0001
TXN101937,50000.0,SUCCESS,REF-00001937,16/07/2026,Merchant_E,Processor_A,NGN,MOBILE_MONEY,SET-0043
PROC_ONLY1003,5000.0,SUCCESS,PROC-ONLY-REF-00003,06/07/2026,Merchant_C,Processor_A,NGN,MOBILE_MONEY,SET-0045
TXN107361,7500.0,SUCCESS,REF-00007361,21/07/2026,Merchant_E,Processor_A,NGN,BANK_TRANSFER,SET-0019
TXN108047,500.0,SUCCESS,REF-00008047,02/07/2026,Merchant_A,Processor_A,NGN,USSD,SET-0027
TXN109448,5000.0,SUCCESS,REF-00009448,04/07/2026,Merchant_B,Processor_A,NGN,MOBILE_MONEY,SET-0044
TXN106089,500.0,FAILED,REF-00006089,06/07/2026,Merchant_E,Processor_A,NGN,BANK_TRANSFER,SET-0042
TXN109213,7500.0,SUCCESS,REF-00009213,10/07/2026,Merchant_A,Processor_A,NGN,MOBILE_MONEY,SET-0039
TXN101475,15000.0,SUCCESS,REF-00001475,30/07/2026,Merchant_C,Processor_A,NGN,MOBILE_MONEY,SET-0014
TXN105710,1500.0,SUCCESS,REF-00005710,31/07/2026,Merchant_C,Processor_A,NGN,USSD,SET-0039
TXN105404,5000.0,FAILED,REF-00005404,24/07/2026,Merchant_C,Processor_A,NGN,MOBILE_MONEY,SET-0033
TXN108991,2500.0,SUCCESS,REF-00008991,08/07/2026,Merchant_B,Processor_A,NGN,MOBILE_MONEY,SET-0023
TXN100472,1000.0,SUCCESS,REF-00000472,14/07/2026,Merchant_D,Processor_A,NGN,MOBILE_MONEY,SET-0044
TXN104791,250000.0,SUCCESS,REF-00004791,11/07/2026,Merchant_D,Processor_A,NGN,CARD,SET-0012
TXN106173,50000.0,FAILED,REF-00006173,23/07/2026,Merchant_B,Processor_A,NGN,CARD,SET-0024
TXN104271,250000.0,SUCCESS,REF-00004271,16/07/2026,Merchant_B,Processor_A,NGN,MOBILE_MONEY,SET-0043
TXN107559,50000.0,REFUNDED,REF-00007559,16/07/2026,Merchant_B,Processor_A,NGN,BANK_TRANSFER,SET-0028
TXN109860,50000.0,SUCCESS,REF-00009860,08/07/2026,Merchant_E,Processor_A,NGN,CARD,SET-0046
TXN108692,2500.0,SUCCESS,REF-00008692,25/07/2026,Merchant_A,Processor_A,NGN,USSD,SET-0049
TXN102011,1000.0,SUCCESS,REF-00002011,15/07/2026,Merchant_B,Processor_A,NGN,USSD,SET-0029
TXN105596,5000.0,SUCCESS,REF-00005596,24/07/2026,Merchant_C,Processor_A,NGN,USSD,SET-0024
TXN107742,25000.0,SUCCESS,REF-00007742,29/07/2026,Merchant_C,Processor_A,NGN,CARD,SET-0004
TXN100596,15000.0,SUCCESS,REF-00000596,05/07/2026,Merchant_D,Processor_A,NGN,CARD,SET-0024
TXN103529,7500.0,SUCCESS,REF-00003529,14/07/2026,Merchant_D,Processor_A,NGN,CARD,SET-0038
TXN101858,50000.0,SUCCESS,REF-00001858,19/07/2026,Merchant_B,Processor_A,NGN,CARD,SET-0049
TXN106799,10000.0,FAILED,REF-00006799,17/07/2026,Merchant_A,Processor_A,NGN,MOBILE_MONEY,SET-0045
TXN108646,7500.0,SUCCESS,REF-00008646,22/07/2026,Merchant_D,Processor_A,NGN,CARD,SET-0032
TXN105966,100000.0,SUCCESS,REF-00005966,21/07/2026,Merchant_D,Processor_A,NGN,BANK_TRANSFER,SET-0018
TXN100638,2500.0,SUCCESS,REF-00000638,05/07/2026,Merchant_A,Processor_A,NGN,CARD,SET-0037
TXN109044,7500.0,SUCCESS,REF-00009044,20/07/2026,Merchant_A,Processor_A,NGN,MOBILE_MONEY,SET-0010
TXN107180,2500.0,REFUNDED,REF-00007180,28/07/2026,Merchant_E,Processor_A,NGN,USSD,SET-0018
TXN100928,15000.0,SUCCESS,REF-00000928,21/07/2026,Merchant_B,Processor_A,NGN,MOBILE_MONEY,SET-0012
TXN102350,15000.0,SUCCESS,REF-00002350,11/07/2026,Merchant_C,Processor_A,NGN,CARD,SET-0007
TXN101220,250000.0,SUCCESS,REF-00001220,15/07/2026,Merchant_B,Processor_A,NGN,CARD,SET-0033
TXN100410,5000.0,SUCCESS,REF-00000410,09/07/2026,Merchant_A,Processor_A,NGN,BANK_TRANSFER,SET-0034
TXN100651,10000.0,SUCCESS,REF-00000651,21/07/2026,Merchant_C,Processor_A,NGN,CARD,SET-0033
TXN102559,10000.0,SUCCESS,REF-00002559,19/07/2026,Merchant_B,Processor_A,NGN,MOBILE_MONEY,SET-0026
TXN107088,5000.0,SUCCESS,REF-00007088,09/07/2026,Merchant_D,Processor_A,NGN,BANK_TRANSFER,SET-0042
TXN104470,100000.0,FAILED,REF-00004470,21/07/2026,Merchant_D,Processor_A,NGN,BANK_TRANSFER,SET-0048
TXN105398,7500.0,SUCCESS,REF-00005398,09/07/2026,Merchant_A,Processor_A,NGN,CARD,SET-0044
TXN105268,50000.0,SUCCESS,REF-00005268,11/07/2026,Merchant_C,Processor_A,NGN,MOBILE_MONEY,SET-0048
TXN109828,25000.0,FAILED,REF-00009828,07/07/2026,Merchant_B,Processor_A,NGN,CARD,SET-0017
TXN105321,5000.0,SUCCESS,REF-00005321,13/07/2026,Merchant_C,Processor_A,NGN,BANK_TRANSFER,SET-0004
TXN109775,7500.0,SUCCESS,REF-00009775,20/07/2026,Merchant_C,Processor_A,NGN,MOBILE_MONEY,SET-0017
TXN103543,5000.0,FAILED,REF-00003543,08/07/2026,Merchant_A,Processor_A,NGN,MOBILE_MONEY,SET-0036
TXN105183,100000.0,SUCCESS,REF-00005183,03/07/2026,Merchant_A,Processor_A,NGN,CARD,SET-0046
TXN107499,15000.0,FAILED,REF-00007499,31/07/2026,Merchant_E,Processor_A,NGN,USSD,SET-0037
TXN105489,100000.0,SUCCESS,REF-00005489,22/07/2026,Merchant_C,Processor_A,NGN,BANK_TRANSFER,SET-0048
TXN102632,500.0,SUCCESS,REF-00002632,13/07/2026,Merchant_E,Processor_A,NGN,BANK_TRANSFER,SET-0029
TXN104960,10000.0,SUCCESS,REF-00004960,06/07/2026,Merchant_C,Processor_A,NGN,BANK_TRANSFER,SET-0017
TXN107010,2500.0,FAILED,REF-00007010,04/07/2026,Merchant_A,Processor_A,NGN,BANK_TRANSFER,SET-0019
TXN101938,10000.0,SUCCESS,REF-00001938,24/07/2026,Merchant_E,Processor_A,NGN,BANK_TRANSFER,SET-0045
TXN100010,500.0,FAILED,REF-00000010,19/07/2026,Merchant_E,Processor_A,NGN,MOBILE_MONEY,SET-0008
TXN106708,15000.0,SUCCESS,REF-00006708,18/07/2026,Merchant_E,Processor_A,NGN,BANK_TRANSFER,SET-0013
TXN102135,100000.0,SUCCESS,REF-00002135,17/07/2026,Merchant_E,Processor_A,NGN,CARD,SET-0008
TXN109278,500.0,SUCCESS,REF-00009278,06/07/2026,Merchant_E,Processor_A,NGN,BANK_TRANSFER,SET-0038
TXN105117,10000.0,FAILED,REF-00005117,19/07/2026,Merchant_C,Processor_A,NGN,USSD,SET-0017
TXN104009,1000.0,REFUNDED,REF-00004009,21/07/2026,Merchant_B,Processor_A,NGN,MOBILE_MONEY,SET-0016
TXN109538,500.0,SUCCESS,REF-00009538,25/07/2026,Merchant_A,Processor_A,NGN,CARD,SET-0022
TXN107680,100000.0,SUCCESS,REF-00007680,27/07/2026,Merchant_D,Processor_A,NGN,BANK_TRANSFER,SET-0041
TXN104751,7500.0,SUCCESS,REF-00004751,04/07/2026,Merchant_C,Processor_A,NGN,USSD,SET-0012
TXN105731,5000.0,SUCCESS,REF-00005731,25/07/2026,Merchant_C,Processor_A,NGN,CARD,SET-0023
TXN103493,100000.0,SUCCESS,REF-00003493,14/07/2026,Merchant_D,Processor_A,NGN,USSD,SET-0006
TXN109729,1500.0,SUCCESS,REF-00009729,26/07/2026,Merchant_B,Processor_A,NGN,USSD,SET-0003
TXN105104,5000.0,SUCCESS,REF-00005104,05/07/2026,Merchant_C,Processor_A,NGN,USSD,SET-0041
TXN106205,100000.0,SUCCESS,REF-00006205,22/07/2026,Merchant_C,Processor_A,NGN,CARD,SET-0038
TXN102018,500.0,SUCCESS,REF-00002018,13/07/2026,Merchant_D,Processor_A,NGN,USSD,SET-0001
TXN102072,2500.0,SUCCESS,REF-00002072,18/07/2026,Merchant_A,Processor_A,NGN,BANK_TRANSFER,SET-0012
TXN103885,100000.0,FAILED,REF-00003885,12/07/2026,Merchant_B,Processor_A,NGN,CARD,SET-0032
TXN100977,1000.0,SUCCESS,REF-00000977,19/07/2026,Merchant_C,Processor_A,NGN,BANK_TRANSFER,SET-0036
TXN101963,5000.0,SUCCESS,REF-00001963,07/07/2026,Merchant_A,Processor_A,NGN,USSD,SET-0011
TXN104449,25000.0,REFUNDED,REF-00004449,20/07/2026,Merchant_C,Processor_A,NGN,BANK_TRANSFER,SET-0043
TXN104595,15000.0,SUCCESS,REF-00004595,21/07/2026,Merchant_E,Processor_A,NGN,CARD,SET-0008
TXN102184,15000.0,SUCCESS,REF-00002184,24/07/2026,Merchant_A,Processor_A,NGN,CARD,SET-0001
TXN103976,5000.0,SUCCESS,REF-00003976,02/07/2026,Merchant_C,Processor_A,NGN,USSD,SET-0023
TXN105516,50000.0,SUCCESS,REF-00005516,29/07/2026,Merchant_C,Processor_A,NGN,BANK_TRANSFER,SET-0001
TXN102995,50000.0,FAILED,REF-00002995,07/07/2026,Merchant_A,Processor_A,NGN,CARD,SET-0027
TXN108285,50000.0,SUCCESS,REF-00008285,30/07/2026,Merchant_E,Processor_A,NGN,CARD,SET-0047
TXN108297,15000.0,REFUNDED,REF-00008297,27/07/2026,Merchant_C,Processor_A,NGN,MOBILE_MONEY,SET-0034
TXN104062,25000.0,SUCCESS,REF-00004062,15/07/2026,Merchant_D,Processor_A,NGN,USSD,SET-0043
TXN104359,1500.0,SUCCESS,REF-00004359,04/07/2026,Merchant_C,Processor_A,NGN,USSD,SET-0010
TXN104376,5000.0,SUCCESS,REF-00004376,09/07/2026,Merchant_B,Processor_A,NGN,BANK_TRANSFER,SET-0001
TXN106931,1000.0,SUCCESS,REF-00006931,16/07/2026,Merchant_C,Processor_A,NGN,CARD,SET-0023
TXN104656,50000.0,SUCCESS,REF-00004656,17/07/2026,Merchant_E,Processor_A,NGN,MOBILE_MONEY,SET-0036
TXN106311,10000.0,FAILED,REF-00006311,07/07/2026,Merchant_D,Processor_A,NGN,MOBILE_MONEY,SET-0018
TXN104776,500.0,SUCCESS,REF-00004776,05/07/2026,Merchant_D,Processor_A,NGN,CARD,SET-0033
TXN105189,5000.0,SUCCESS,REF-00005189,10/07/2026,Merchant_B,Processor_A,NGN,USSD,SET-0036
TXN104199,15000.0,SUCCESS,REF-00004199,24/07/2026,Merchant_C,Processor_A,NGN,MOBILE_MONEY,SET-0017
TXN109816,15000.0,SUCCESS,REF-00009816,06/07/2026,Merchant_B,Processor_A,NGN,BANK_TRANSFER,SET-0031
TXN109881,10000.0,SUCCESS,REF-00009881,30/07/2026,Merchant_B,Processor_A,NGN,CARD,SET-0018
TXN105139,100000.0,SUCCESS,REF-00005139,09/07/2026,Merchant_C,Processor_A,NGN,USSD,SET-0038
TXN103246,10000.0,SUCCESS,REF-00003246,16/07/2026,Merchant_D,Processor_A,NGN,BANK_TRANSFER,SET-0008
TXN102434,250000.0,SUCCESS,REF-00002434,31/07/2026,Merchant_A,Processor_A,NGN,CARD,SET-0032
TXN108330,25000.0,SUCCESS,REF-00008330,30/07/2026,Merchant_E,Processor_A,NGN,MOBILE_MONEY,SET-0017
TXN109443,5000.0,SUCCESS,REF-00009443,27/07/2026,Merchant_E,Processor_A,NGN,CARD,SET-0041
TXN104981,2500.0,SUCCESS,REF-00004981,29/07/2026,Merchant_A,Processor_A,NGN,MOBILE_MONEY,SET-0013
TXN108071,7500.0,FAILED,REF-00008071,14/07/2026,Merchant_C,Processor_A,NGN,BANK_TRANSFER,SET-0006
TXN108429,1500.0,SUCCESS,REF-00008429,09/07/2026,Merchant_A,Processor_A,NGN,USSD,SET-0027
TXN108141,25000.0,SUCCESS,REF-00008141,12/07/2026,Merchant_D,Processor_A,NGN,MOBILE_MONEY,SET-0021
TXN105655,1500.0,SUCCESS,REF-00005655,23/07/2026,Merchant_C,Processor_A,NGN,USSD,SET-0017
TXN105370,5000.0,SUCCESS,REF-00005370,30/07/2026,Merchant_B,Processor_A,NGN,CARD,SET-0042
TXN103626,500.0,SUCCESS,REF-00003626,11/07/2026,Merchant_C,Processor_A,NGN,MOBILE_MONEY,SET-0012
TXN107939,10000.0,SUCCESS,REF-00007939,02/07/2026,Merchant_E,Processor_A,NGN,CARD,SET-0003
TXN103267,10000.0,SUCCESS,REF-00003267,22/07/2026,Merchant_E,Processor_A,NGN,MOBILE_MONEY,SET-0031
TXN101643,15000.0,SUCCESS,REF-00001643,07/07/2026,Merchant_E,Processor_A,NGN,USSD,SET-0039
TXN105221,10000.0,FAILED,REF-00005221,28/07/2026,Merchant_B,Processor_A,NGN,CARD,SET-0022
TXN108639,15000.0,SUCCESS,REF-00008639,28/07/2026,Merchant_A,Processor_A,NGN,CARD,SET-0013
TXN109690,250000.0,SUCCESS,REF-00009690,11/07/2026,Merchant_B,Processor_A,NGN,MOBILE_MONEY,SET-0031
TXN107814,2500.0,SUCCESS,REF-00007814,19/07/2026,Merchant_B,Processor_A,NGN,USSD,SET-0036
TXN105487,15000.0,SUCCESS,REF-00005487,04/07/2026,Merchant_D,Processor_A,NGN,USSD,SET-0043
TXN105933,250000.0,SUCCESS,REF-00005933,20/07/2026,Merchant_E,Processor_A,NGN,CARD,SET-0041
TXN100312,500.0,REFUNDED,REF-00000312,06/07/2026,Merchant_C,Processor_A,NGN,USSD,SET-0007
TXN103160,7500.0,SUCCESS,REF-00003160,12/07/2026,Merchant_B,Processor_A,NGN,CARD,SET-0004
TXN101731,15000.0,SUCCESS,REF-00001731,14/07/2026,Merchant_B,Processor_A,NGN,MOBILE_MONEY,SET-0028
TXN108626,5000.0,SUCCESS,REF-00008626,08/07/2026,Merchant_A,Processor_A,NGN,USSD,SET-0013
TXN102653,1000.0,SUCCESS,REF-00002653,06/07/2026,Merchant_A,Processor_A,NGN,BANK_TRANSFER,SET-0035
TXN104607,1500.0,SUCCESS,REF-00004607,30/07/2026,Merchant_E,Processor_A,NGN,MOBILE_MONEY,SET-0030
TXN109060,100000.0,SUCCESS,REF-00009060,15/07/2026,Merchant_A,Processor_A,NGN,USSD,SET-0020
TXN105787,50000.0,SUCCESS,REF-00005787,05/07/2026,Merchant_A,Processor_A,NGN,USSD,SET-0047
TXN103201,10000.0,SUCCESS,REF-00003201,23/07/2026,Merchant_E,Processor_A,NGN,MOBILE_MONEY,SET-0038
TXN100670,1500.0,FAILED,REF-00000670,26/07/2026,Merchant_B,Processor_A,NGN,BANK_TRANSFER,SET-0033
TXN101198,25000.0,SUCCESS,REF-00001198,31/07/2026,Merchant_E,Processor_A,NGN,USSD,SET-0038
TXN108804,15000.0,SUCCESS,REF-00008804,26/07/2026,Merchant_C,Processor_A,NGN,BANK_TRANSFER,SET-0045
TXN102684,5000.0,SUCCESS,REF-00002684,13/07/2026,Merchant_A,Processor_A,NGN,BANK_TRANSFER,SET-0038
TXN101211,7500.0,SUCCESS,REF-00001211,27/07/2026,Merchant_B,Processor_A,NGN,CARD,SET-0002
TXN108700,100000.0,SUCCESS,REF-00008700,17/07/2026,Merchant_A,Processor_A,NGN,USSD,SET-0017
TXN109648,10000.0,SUCCESS,REF-00009648,20/07/2026,Merchant_A,Processor_A,NGN,USSD,SET-0004
TXN103180,1000.0,SUCCESS,REF-00003180,01/07/2026,Merchant_E,Processor_A,NGN,CARD,SET-0038
TXN108320,1500.0,SUCCESS,REF-00008320,07/07/2026,Merchant_A,Processor_A,NGN,USSD,SET-0035
TXN104615,5000.0,FAILED,REF-00004615,15/07/2026,Merchant_A,Processor_A,NGN,CARD,SET-0012
TXN108238,15000.0,SUCCESS,REF-00008238,14/07/2026,Merchant_C,Processor_A,NGN,MOBILE_MONEY,SET-0034
TXN102971,1500.0,SUCCESS,REF-00002971,04/07/2026,Merchant_B,Processor_A,NGN,MOBILE_MONEY,SET-0030
TXN104889,25000.0,FAILED,REF-00004889,09/07/2026,Merchant_D,Processor_A,NGN,USSD,SET-0027
TXN108584,7500.0,SUCCESS,REF-00008584,19/07/2026,Merchant_B,Processor_A,NGN,USSD,SET-0040
TXN105848,5000.0,SUCCESS,REF-00005848,24/07/2026,Merchant_A,Processor_A,NGN,USSD,SET-0049
TXN108436,7500.0,SUCCESS,REF-00008436,10/07/2026,Merchant_C,Processor_A,NGN,BANK_TRANSFER,SET-0044
TXN106658,1500.0,SUCCESS,REF-00006658,28/07/2026,Merchant_E,Processor_A,NGN,BANK_TRANSFER,SET-0001
TXN102473,25000.0,SUCCESS,REF-00002473,22/07/2026,Merchant_D,Processor_A,NGN,USSD,SET-0041
TXN105466,25000.0,SUCCESS,REF-00005466,11/07/2026,Merchant_B,Processor_A,NGN,BANK_TRANSFER,SET-0002
TXN107570,5000.0,FAILED,REF-00007570,04/07/2026,Merchant_E,Processor_A,NGN,BANK_TRANSFER,SET-0022
TXN101518,2500.0,SUCCESS,REF-00001518,08/07/2026,Merchant_B,Processor_A,NGN,BANK_TRANSFER,SET-0037
TXN109599,7500.0,SUCCESS,REF-00009599,26/07/2026,Merchant_A,Processor_A,NGN,USSD,SET-0017
TXN109214,500.0,SUCCESS,REF-00009214,07/07/2026,Merchant_C,Processor_A,NGN,MOBILE_MONEY,SET-0005
TXN102395,5000.0,SUCCESS,REF-00002395,08/07/2026,Merchant_C,Processor_A,NGN,CARD,SET-0005
TXN105748,250000.0,SUCCESS,REF-00005748,12/07/2026,Merchant_E,Processor_A,NGN,MOBILE_MONEY,SET-0046
TXN100647,15000.0,SUCCESS,REF-00000647,16/07/2026,Merchant_B,Processor_A,NGN,MOBILE_MONEY,SET-0049
TXN106773,1500.0,SUCCESS,REF-00006773,23/07/2026,Merchant_B,Processor_A,NGN,BANK_TRANSFER,SET-0028
TXN109586,1500.0,SUCCESS,REF-00009586,08/07/2026,Merchant_C,Processor_A,NGN,USSD,SET-0017
TXN106452,7500.0,SUCCESS,REF-00006452,07/07/2026,Merchant_D,Processor_A,NGN,CARD,SET-0010
TXN109462,25000.0,SUCCESS,REF-00009462,25/07/2026,Merchant_A,Processor_A,NGN,MOBILE_MONEY,SET-0035
TXN107049,10000.0,SUCCESS,REF-00007049,16/07/2026,Merchant_B,Processor_A,NGN,CARD,SET-0002
TXN105604,500.0,SUCCESS,REF-00005604,24/07/2026,Merchant_A,Processor_A,NGN,MOBILE_MONEY,SET-0049
TXN101169,5000.0,SUCCESS,REF-00001169,17/07/2026,Merchant_D,Processor_A,NGN,BANK_TRANSFER,SET-0012
TXN107210,7500.0,SUCCESS,REF-00007210,24/07/2026,Merchant_D,Processor_A,NGN,CARD,SET-0021
TXN101266,7500.0,SUCCESS,REF-00001266,05/07/2026,Merchant_A,Processor_A,NGN,BANK_TRANSFER,SET-0020
TXN105280,250000.0,FAILED,REF-00005280,03/07/2026,Merchant_A,Processor_A,NGN,CARD,SET-0019
TXN101197,250000.0,SUCCESS,REF-00001197,15/07/2026,Merchant_A,Processor_A,NGN,BANK_TRANSFER,SET-0038
TXN108187,100000.0,SUCCESS,REF-00008187,21/07/2026,Merchant_B,Processor_A,NGN,BANK_TRANSFER,SET-0024
TXN104760,10000.0,FAILED,REF-00004760,15/07/2026,Merchant_A,Processor_A,NGN,BANK_TRANSFER,SET-0042
TXN103561,50000.0,SUCCESS,REF-00003561,08/07/2026,Merchant_C,Processor_A,NGN,BANK_TRANSFER,SET-0024
TXN109723,26000.0,SUCCESS,REF-00009723,12/07/2026,Merchant_A,Processor_A,NGN,USSD,SET-0047
TXN104655,1500.0,SUCCESS,REF-00004655,11/07/2026,Merchant_C,Processor_A,NGN,USSD,SET-0045
TXN108333,7500.0,SUCCESS,REF-00008333,26/07/2026,Merchant_B,Processor_A,NGN,CARD,SET-0035
TXN106287,7500.0,SUCCESS,REF-00006287,15/07/2026,Merchant_A,Processor_A,NGN,CARD,SET-0033
TXN103541,50000.0,SUCCESS,REF-00003541,12/07/2026,Merchant_A,Processor_A,NGN,USSD,SET-0027
TXN104253,10000.0,SUCCESS,REF-00004253,08/07/2026,Merchant_A,Processor_A,NGN,CARD,SET-0046
TXN107926,50500.0,SUCCESS,REF-00007926,28/07/2026,Merchant_D,Processor_A,NGN,USSD,SET-0023
TXN100232,10000.0,SUCCESS,REF-00000232,11/07/2026,Merchant_B,Processor_A,NGN,USSD,SET-0016
TXN106379,100000.0,FAILED,REF-00006379,15/07/2026,Merchant_C,Processor_A,NGN,CARD,SET-0006
TXN103614,5000.0,SUCCESS,REF-00003614,15/07/2026,Merchant_B,Processor_A,NGN,USSD,SET-0035
TXN109630,1500.0,SUCCESS,REF-00009630,21/07/2026,Merchant_E,Processor_A,NGN,USSD,SET-0014
TXN101490,2500.0,FAILED,REF-00001490,13/07/2026,Merchant_C,Processor_A,NGN,USSD,SET-0027
TXN101170,15000.0,SUCCESS,REF-00001170,14/07/2026,Merchant_D,Processor_A,NGN,USSD,SET-0038
TXN106923,10000.0,SUCCESS,REF-00006923,12/07/2026,Merchant_D,Processor_A,NGN,MOBILE_MONEY,SET-0047
TXN102343,5000.0,SUCCESS,REF-00002343,13/07/2026,Merchant_C,Processor_A,NGN,USSD,SET-0010
TXN107006,10000.0,SUCCESS,REF-00007006,20/07/2026,Merchant_E,Processor_A,NGN,BANK_TRANSFER,SET-0037
TXN102430,15000.0,REFUNDED,REF-00002430,06/07/2026,Merchant_D,Processor_A,NGN,CARD,SET-0004
TXN103315,15000.0,SUCCESS,REF-00003315,19/07/2026,Merchant_C,Processor_A,NGN,MOBILE_MONEY,SET-0001
TXN102712,5000.0,SUCCESS,REF-00002712,11/07/2026,Merchant_C,Processor_A,NGN,USSD,SET-0021
TXN101043,15000.0,SUCCESS,REF-00001043,01/07/2026,Merchant_E,Processor_A,NGN,BANK_TRANSFER,SET-0039
TXN108566,100000.0,SUCCESS,REF-00008566,18/07/2026,Merchant_C,Processor_A,NGN,USSD,SET-0029
TXN107235,10000.0,SUCCESS,REF-00007235,03/07/2026,Merchant_B,Processor_A,NGN,USSD,SET-0009
TXN103144,2500.0,SUCCESS,REF-00003144,26/07/2026,Merchant_B,Processor_A,NGN,MOBILE_MONEY,SET-0017
TXN103952,250000.0,REFUNDED,REF-00003952,29/07/2026,Merchant_E,Processor_A,NGN,USSD,SET-0034
TXN101374,2500.0,FAILED,REF-00001374,15/07/2026,Merchant_D,Processor_A,NGN,BANK_TRANSFER,SET-0022
TXN102512,7500.0,SUCCESS,REF-00002512,27/07/2026,Merchant_D,Processor_A,NGN,USSD,SET-0007
TXN107150,25000.0,SUCCESS,REF-00007150,19/07/2026,Merchant_C,Processor_A,NGN,USSD,SET-0002
TXN103069,15000.0,SUCCESS,REF-00003069,25/07/2026,Merchant_A,Processor_A,NGN,USSD,SET-0023
TXN106157,25000.0,SUCCESS,REF-00006157,07/07/2026,Merchant_A,Processor_A,NGN,CARD,SET-0018
TXN100650,1000.0,FAILED,REF-00000650,16/07/2026,Merchant_C,Processor_A,NGN,CARD,SET-0016
TXN100525,7500.0,SUCCESS,REF-00000525,25/07/2026,Merchant_B,Processor_A,NGN,BANK_TRANSFER,SET-0027
TXN104923,100000.0,SUCCESS,REF-00004923,04/07/2026,Merchant_C,Processor_A,NGN,USSD,SET-0022
TXN108595,10000.0,FAILED,REF-00008595,09/07/2026,Merchant_C,Processor_A,NGN,BANK_TRANSFER,SET-0021
TXN107558,10000.0,SUCCESS,REF-00007558,06/07/2026,Merchant_E,Processor_A,NGN,USSD,SET-0002
TXN102144,10000.0,SUCCESS,REF-00002144,03/07/2026,Merchant_E,Processor_A,NGN,CARD,SET-0040
TXN104679,15000.0,SUCCESS,REF-00004679,11/07/2026,Merchant_D,Processor_A,NGN,MOBILE_MONEY,SET-0034
TXN103470,500.0,SUCCESS,REF-00003470,12/07/2026,Merchant_B,Processor_A,NGN,CARD,SET-0036
TXN108091,7500.0,SUCCESS,REF-00008091,03/07/2026,Merchant_E,Processor_A,NGN,USSD,SET-0007
TXN103161,500.0,SUCCESS,REF-00003161,17/07/2026,Merchant_E,Processor_A,NGN,CARD,SET-0024
TXN109499,2500.0,SUCCESS,REF-00009499,29/07/2026,Merchant_D,Processor_A,NGN,USSD,SET-0044
TXN104943,5000.0,SUCCESS,REF-00004943,13/07/2026,Merchant_D,Processor_A,NGN,MOBILE_MONEY,SET-0037
TXN106077,10000.0,SUCCESS,REF-00006077,01/07/2026,Merchant_A,Processor_A,NGN,BANK_TRANSFER,SET-0008
TXN109771,5000.0,FAILED,REF-00009771,21/07/2026,Merchant_C,Processor_A,NGN,CARD,SET-0012
TXN106979,500.0,SUCCESS,REF-00006979,08/07/2026,Merchant_C,Processor_A,NGN,BANK_TRANSFER,SET-0048
TXN100138,5000.0,SUCCESS,REF-00000138,01/07/2026,Merchant_B,Processor_A,NGN,CARD,SET-0039
TXN102386,5000.0,SUCCESS,REF-00002386,17/07/2026,Merchant_A,Processor_A,NGN,USSD,SET-0010
TXN107867,5000.0,SUCCESS,REF-00007867,13/07/2026,Merchant_C,Processor_A,NGN,USSD,SET-0006
TXN104584,25000.0,SUCCESS,REF-00004584,21/07/2026,Merchant_E,Processor_A,NGN,CARD,SET-0034
TXN109285,25000.0,SUCCESS,REF-00009285,22/07/2026,Merchant_E,Processor_A,NGN,MOBILE_MONEY,SET-0005
TXN104324,50000.0,REFUNDED,REF-00004324,09/07/2026,Merchant_D,Processor_A,NGN,CARD,SET-0014
TXN106619,25000.0,REFUNDED,REF-00006619,31/07/2026,Merchant_B,Processor_A,NGN,CARD,SET-0008
TXN104230,25000.0,SUCCESS,REF-00004230,17/07/2026,Merchant_E,Processor_A,NGN,BANK_TRANSFER,SET-0037
TXN109100,10000.0,FAILED,REF-00009100,25/07/2026,Merchant_B,Processor_A,NGN,USSD,SET-0013
TXN108089,100000.0,SUCCESS,REF-00008089,03/07/2026,Merchant_A,Processor_A,NGN,MOBILE_MONEY,SET-0034
TXN108729,5000.0,SUCCESS,REF-00008729,03/07/2026,Merchant_D,Processor_A,NGN,MOBILE_MONEY,SET-0034
TXN106319,500.0,SUCCESS,REF-00006319,17/07/2026,Merchant_B,Processor_A,NGN,USSD,SET-0021
TXN100746,5000.0,SUCCESS,REF-00000746,17/07/2026,Merchant_D,Processor_A,NGN,BANK_TRANSFER,SET-0046
TXN106371,5000.0,SUCCESS,REF-00006371,18/07/2026,Merchant_B,Processor_A,NGN,MOBILE_MONEY,SET-0045
TXN107292,1000.0,SUCCESS,REF-00007292,05/07/2026,Merchant_B,Processor_A,NGN,CARD,SET-0005
TXN101830,250000.0,SUCCESS,REF-00001830,25/07/2026,Merchant_C,Processor_A,NGN,MOBILE_MONEY,SET-0003
TXN107507,5000.0,SUCCESS,REF-00007507,09/07/2026,Merchant_C,Processor_A,NGN,BANK_TRANSFER,SET-0002
TXN104034,1500.0,SUCCESS,REF-00004034,03/07/2026,Merchant_B,Processor_A,NGN,MOBILE_MONEY,SET-0009
TXN106874,50000.0,SUCCESS,REF-00006874,24/07/2026,Merchant_E,Processor_A,NGN,CARD,SET-0013
TXN108931,2500.0,FAILED,REF-00008931,28/07/2026,Merchant_A,Processor_A,NGN,BANK_TRANSFER,SET-0036
TXN106397,5000.0,REFUNDED,REF-00006397,27/07/2026,Merchant_D,Processor_A,NGN,MOBILE_MONEY,SET-0047
TXN101958,15000.0,SUCCESS,REF-00001958,13/07/2026,Merchant_D,Processor_A,NGN,BANK_TRANSFER,SET-0013
TXN104774,5000.0,SUCCESS,REF-00004774,26/07/2026,Merchant_C,Processor_A,NGN,CARD,SET-0043
TXN108912,100000.0,REFUNDED,REF-00008912,03/07/2026,Merchant_E,Processor_A,NGN,CARD,SET-0048
TXN103923,2500.0,SUCCESS,REF-00003923,18/07/2026,Merchant_A,Processor_A,NGN,CARD,SET-0017
TXN105856,1500.0,SUCCESS,REF-00005856,22/07/2026,Merchant_A,Processor_A,NGN,MOBILE_MONEY,SET-0040
TXN101730,5000.0,SUCCESS,REF-00001730,21/07/2026,Merchant_E,Processor_A,NGN,CARD,SET-0005
TXN109951,15000.0,REFUNDED,REF-00009951,12/07/2026,Merchant_B,Processor_A,NGN,MOBILE_MONEY,SET-0036
TXN108450,15000.0,SUCCESS,REF-00008450,10/07/2026,Merchant_E,Processor_A,NGN,CARD,SET-0001
TXN109289,2500.0,SUCCESS,REF-00009289,19/07/2026,Merchant_B,Processor_A,NGN,CARD,SET-0040
TXN100612,15000.0,SUCCESS,REF-00000612,22/07/2026,Merchant_E,Processor_A,NGN,BANK_TRANSFER,SET-0041
TXN105632,1500.0,REFUNDED,REF-00005632,10/07/2026,Merchant_B,Processor_A,NGN,USSD,SET-0018
TXN103006,100000.0,REFUNDED,REF-00003006,22/07/2026,Merchant_E,Processor_A,NGN,BANK_TRANSFER,SET-0029
TXN108495,250000.0,FAILED,REF-00008495,05/07/2026,Merchant_E,Processor_A,NGN,MOBILE_MONEY,SET-0042
TXN106338,7500.0,SUCCESS,REF-00006338,25/07/2026,Merchant_A,Processor_A,NGN,BANK_TRANSFER,SET-0008
TXN107878,15000.0,SUCCESS,REF-00007878,02/07/2026,Merchant_E,Processor_A,NGN,CARD,SET-0027
TXN103327,10000.0,SUCCESS,REF-00003327,24/07/2026,Merchant_A,Processor_A,NGN,CARD,SET-0016
TXN101433,15000.0,SUCCESS,REF-00001433,31/07/2026,Merchant_A,Processor_A,NGN,MOBILE_MONEY,SET-0044
TXN108968,10000.0,SUCCESS,REF-00008968,29/07/2026,Merchant_C,Processor_A,NGN,USSD,SET-0034
TXN102295,500.0,FAILED,REF-00002295,04/07/2026,Merchant_B,Processor_A,NGN,BANK_TRANSFER,SET-0033
TXN107101,2500.0,SUCCESS,REF-00007101,13/07/2026,Merchant_D,Processor_A,NGN,USSD,SET-0032
TXN100076,25000.0,SUCCESS,REF-00000076,28/07/2026,Merchant_D,Processor_A,NGN,USSD,SET-0038
TXN101388,250000.0,REFUNDED,REF-00001388,21/07/2026,Merchant_D,Processor_A,NGN,CARD,SET-0023
TXN103628,50000.0,FAILED,REF-00003628,29/07/2026,Merchant_B,Processor_A,NGN,USSD,SET-0029
TXN107167,7500.0,REFUNDED,REF-00007167,22/07/2026,Merchant_C,Processor_A,NGN,USSD,SET-0047
TXN102957,50000.0,FAILED,REF-00002957,27/07/2026,Merchant_E,Processor_A,NGN,BANK_TRANSFER,SET-0005
TXN103733,10000.0,SUCCESS,REF-00003733,26/07/2026,Merchant_E,Processor_A,NGN,USSD,SET-0024
TXN107504,10000.0,SUCCESS,REF-00007504,15/07/2026,Merchant_A,Processor_A,NGN,CARD,SET-0012
TXN108835,1000.0,FAILED,REF-00008835,30/07/2026,Merchant_D,Processor_A,NGN,CARD,SET-0048
TXN104738,5000.0,SUCCESS,REF-00004738,02/07/2026,Merchant_D,Processor_A,NGN,BANK_TRANSFER,SET-0016
TXN107378,10000.0,REFUNDED,REF-00007378,25/07/2026,Merchant_A,Processor_A,NGN,MOBILE_MONEY,SET-0002
TXN102359,1500.0,SUCCESS,REF-00002359,03/07/2026,Merchant_A,Processor_A,NGN,MOBILE_MONEY,SET-0046
TXN105241,7500.0,SUCCESS,REF-00005241,30/07/2026,Merchant_B,Processor_A,NGN,CARD,SET-0015
TXN100430,1500.0,SUCCESS,REF-00000430,23/07/2026,Merchant_C,Processor_A,NGN,BANK_TRANSFER,SET-0045
TXN109011,5000.0,SUCCESS,REF-00009011,27/07/2026,Merchant_E,Processor_A,NGN,USSD,SET-0028
TXN109838,25000.0,SUCCESS,REF-00009838,16/07/2026,Merchant_E,Processor_A,NGN,USSD,SET-0022
TXN106605,1000.0,SUCCESS,REF-00006605,11/07/2026,Merchant_A,Processor_A,NGN,BANK_TRANSFER,SET-0047
TXN104602,100000.0,SUCCESS,REF-00004602,23/07/2026,Merchant_E,Processor_A,NGN,BANK_TRANSFER,SET-0029
TXN101022,100000.0,FAILED,REF-00001022,06/07/2026,Merchant_E,Processor_A,NGN,CARD,SET-0012
TXN103803,250000.0,SUCCESS,REF-00003803,25/07/2026,Merchant_A,Processor_A,NGN,USSD,SET-0036
TXN101412,2500.0,SUCCESS,REF-00001412,19/07/2026,Merchant_D,Processor_A,NGN,MOBILE_MONEY,SET-0048
TXN106742,10000.0,SUCCESS,REF-00006742,22/07/2026,Merchant_D,Processor_A,NGN,CARD,SET-0002
TXN105124,100000.0,SUCCESS,REF-00005124,22/07/2026,Merchant_C,Processor_A,NGN,CARD,SET-0031
TXN109549,250000.0,SUCCESS,REF-00009549,10/07/2026,Merchant_C,Processor_A,NGN,BANK_TRANSFER,SET-0003
TXN103372,2500.0,SUCCESS,REF-00003372,14/07/2026,Merchant_A,Processor_A,NGN,BANK_TRANSFER,SET-0011
TXN103471,25000.0,SUCCESS,REF-00003471,01/07/2026,Merchant_E,Processor_A,NGN,CARD,SET-0025
TXN104022,15000.0,SUCCESS,REF-00004022,17/07/2026,Merchant_B,Processor_A,NGN,BANK_TRANSFER,SET-0041
TXN102650,2500.0,SUCCESS,REF-00002650,23/07/2026,Merchant_B,Processor_A,NGN,CARD,SET-0007
TXN109849,10000.0,SUCCESS,REF-00009849,11/07/2026,Merchant_E,Processor_A,NGN,USSD,SET-0016
