Transaction Reference,Value,Status,Merchant Ref,Processed At,merchant,processor,Currency,Channel,Settlement Batch
TXN107314,1000.0,SUCCESS,REF-00007314,2026/07/20,Merchant_A,Processor_C,NGN,USSD,SET-0014
TXN105445,2500.0,SUCCESS,REF-00005445,2026/07/01,Merchant_E,Processor_C,NGN,USSD,SET-0045
TXN100755,50000.0,SUCCESS,REF-00000755,2026/07/30,Merchant_E,Processor_C,NGN,USSD,SET-0001
TXN107736,100000.0,SUCCESS,REF-00007736,2026/07/10,Merchant_C,Processor_C,NGN,BANK_TRANSFER,SET-0031
TXN103041,250000.0,SUCCESS,REF-00003041,2026/07/01,Merchant_C,Processor_C,NGN,USSD,SET-0018
TXN107172,5000.0,SUCCESS,REF-00007172,2026/07/26,Merchant_A,Processor_C,NGN,MOBILE_MONEY,SET-0016
TXN101594,25000.0,SUCCESS,REF-00001594,2026/07/20,Merchant_A,Processor_C,NGN,CARD,SET-0030
TXN105007,50000.0,SUCCESS,REF-00005007,2026/07/22,Merchant_D,Processor_C,NGN,MOBILE_MONEY,SET-0023
PROC_ONLY1016,5000.0,SUCCESS,PROC-ONLY-REF-00016,2026/07/15,Merchant_A,Processor_C,NGN,CARD,SET-0003
TXN109568,10000.0,SUCCESS,REF-00009568,2026/07/22,Merchant_D,Processor_C,NGN,CARD,SET-0028
TXN106751,10000.0,SUCCESS,REF-00006751,2026/07/08,Merchant_C,Processor_C,NGN,BANK_TRANSFER,SET-0043
TXN100996,100000.0,FAILED,REF-00000996,2026/07/17,Merchant_E,Processor_C,NGN,BANK_TRANSFER,SET-0010
TXN107957,50000.0,FAILED,REF-00007957,2026/07/02,Merchant_A,Processor_C,NGN,CARD,SET-0045
TXN102455,1500.0,SUCCESS,REF-00002455,2026/07/13,Merchant_D,Processor_C,NGN,CARD,SET-0011
TXN107280,10000.0,SUCCESS,REF-00007280,2026/07/15,Merchant_A,Processor_C,NGN,MOBILE_MONEY,SET-0039
TXN107135,25000.0,REFUNDED,REF-00007135,2026/07/19,Merchant_E,Processor_C,NGN,CARD,SET-0040
TXN101079,100000.0,SUCCESS,REF-00001079,2026/07/19,Merchant_C,Processor_C,NGN,USSD,SET-0005
TXN102405,15000.0,SUCCESS,REF-00002405,2026/07/14,Merchant_E,Processor_C,NGN,CARD,SET-0017
TXN104536,7500.0,SUCCESS,REF-00004536,2026/07/26,Merchant_D,Processor_C,NGN,CARD,SET-0030
TXN104844,1500.0,SUCCESS,REF-00004844,2026/07/15,Merchant_B,Processor_C,NGN,USSD,SET-0008
TXN100753,5000.0,SUCCESS,REF-00000753,2026/07/24,Merchant_B,Processor_C,NGN,MOBILE_MONEY,SET-0012
TXN104086,1500.0,SUCCESS,REF-00004086,2026/07/23,Merchant_D,Processor_C,NGN,MOBILE_MONEY,SET-0014
TXN107522,10000.0,SUCCESS,REF-00007522,2026/07/30,Merchant_D,Processor_C,NGN,USSD,SET-0004
TXN109217,100000.0,SUCCESS,REF-00009217,2026/07/22,Merchant_A,Processor_C,NGN,BANK_TRANSFER,SET-0021
TXN101394,6000.0,SUCCESS,REF-00001394,2026/07/03,Merchant_C,Processor_C,NGN,USSD,SET-0002
TXN104134,15000.0,SUCCESS,REF-00004134,2026/07/03,Merchant_B,Processor_C,NGN,CARD,SET-0013
TXN100611,50000.0,SUCCESS,REF-00000611,2026/07/30,Merchant_A,Processor_C,NGN,USSD,SET-0045
TXN100584,15000.0,SUCCESS,REF-00000584,2026/07/28,Merchant_E,Processor_C,NGN,USSD,SET-0049
TXN103236,2500.0,SUCCESS,REF-00003236,2026/07/18,Merchant_D,Processor_C,NGN,BANK_TRANSFER,SET-0016
TXN107581,7500.0,SUCCESS,REF-00007581,2026/07/20,Merchant_A,Processor_C,NGN,BANK_TRANSFER,SET-0011
TXN100969,10000.0,SUCCESS,REF-00000969,2026/07/16,Merchant_A,Processor_C,NGN,BANK_TRANSFER,SET-0004
TXN102330,2500.0,SUCCESS,REF-00002330,2026/07/15,Merchant_E,Processor_C,NGN,BANK_TRANSFER,SET-0039
TXN100419,25000.0,SUCCESS,REF-00000419,2026/07/24,Merchant_B,Processor_C,NGN,MOBILE_MONEY,SET-0031
TXN108722,2500.0,REFUNDED,REF-00008722,2026/07/11,Merchant_C,Processor_C,NGN,CARD,SET-0015
TXN101805,25000.0,SUCCESS,REF-00001805,2026/07/13,Merchant_A,Processor_C,NGN,BANK_TRANSFER,SET-0042
TXN100901,500.0,SUCCESS,REF-00000901,2026/07/06,Merchant_E,Processor_C,NGN,CARD,SET-0007
TXN100079,1000.0,REFUNDED,REF-00000079,2026/07/29,Merchant_C,Processor_C,NGN,CARD,SET-0008
TXN104924,1000.0,SUCCESS,REF-00004924,2026/07/03,Merchant_A,Processor_C,NGN,CARD,SET-0031
TXN106842,1500.0,SUCCESS,REF-00006842,2026/07/07,Merchant_C,Processor_C,NGN,MOBILE_MONEY,SET-0042
TXN101848,100000.0,SUCCESS,REF-00001848,2026/07/26,Merchant_D,Processor_C,NGN,USSD,SET-0024
TXN104205,10000.0,SUCCESS,REF-00004205,2026/07/20,Merchant_B,Processor_C,NGN,BANK_TRANSFER,SET-0019
TXN105001,10000.0,SUCCESS,REF-00005001,2026/07/23,Merchant_A,Processor_C,NGN,CARD,SET-0003
TXN108941,7500.0,SUCCESS,REF-00008941,2026/07/27,Merchant_A,Processor_C,NGN,CARD,SET-0041
TXN102265,15000.0,SUCCESS,REF-00002265,2026/07/02,Merchant_E,Processor_C,NGN,BANK_TRANSFER,SET-0013
TXN103645,1500.0,SUCCESS,REF-00003645,2026/07/10,Merchant_B,Processor_C,NGN,MOBILE_MONEY,SET-0022
TXN107146,25000.0,SUCCESS,REF-00007146,2026/07/19,Merchant_C,Processor_C,NGN,MOBILE_MONEY,SET-0038
TXN105168,2500.0,SUCCESS,REF-00005168,2026/07/03,Merchant_C,Processor_C,NGN,USSD,SET-0038
TXN101002,100000.0,SUCCESS,REF-00001002,2026/07/22,Merchant_C,Processor_C,NGN,USSD,SET-0026
TXN104979,500.0,SUCCESS,REF-00004979,2026/07/27,Merchant_C,Processor_C,NGN,CARD,SET-0002
TXN108038,5000.0,SUCCESS,REF-00008038,2026/07/03,Merchant_C,Processor_C,NGN,BANK_TRANSFER,SET-0034
TXN100404,5000.0,REFUNDED,REF-00000404,2026/07/18,Merchant_B,Processor_C,NGN,CARD,SET-0036
TXN105783,1000.0,SUCCESS,REF-00005783,2026/07/08,Merchant_D,Processor_C,NGN,BANK_TRANSFER,SET-0034
TXN107657,15000.0,FAILED,REF-00007657,2026/07/19,Merchant_A,Processor_C,NGN,MOBILE_MONEY,SET-0006
TXN104661,15000.0,SUCCESS,REF-00004661,2026/07/02,Merchant_E,Processor_C,NGN,BANK_TRANSFER,SET-0003
TXN100084,5000.0,SUCCESS,REF-00000084,2026/07/17,Merchant_D,Processor_C,NGN,MOBILE_MONEY,SET-0041
TXN101504,5000.0,SUCCESS,REF-00001504,2026/07/27,Merchant_E,Processor_C,NGN,CARD,SET-0001
TXN108198,10000.0,SUCCESS,REF-00008198,2026/07/22,Merchant_B,Processor_C,NGN,MOBILE_MONEY,SET-0049
TXN102784,50000.0,SUCCESS,REF-00002784,2026/07/23,Merchant_C,Processor_C,NGN,BANK_TRANSFER,SET-0010
TXN104851,5000.0,SUCCESS,REF-00004851,2026/07/16,Merchant_C,Processor_C,NGN,MOBILE_MONEY,SET-0014
TXN100183,100000.0,SUCCESS,REF-00000183,2026/07/26,Merchant_D,Processor_C,NGN,MOBILE_MONEY,SET-0026
TXN107458,2500.0,SUCCESS,REF-00007458,2026/07/03,Merchant_C,Processor_C,NGN,MOBILE_MONEY,SET-0028
TXN106378,250000.0,SUCCESS,REF-00006378,2026/07/12,Merchant_C,Processor_C,NGN,USSD,SET-0037
TXN105074,250000.0,FAILED,REF-00005074,2026/07/18,Merchant_B,Processor_C,NGN,USSD,SET-0043
TXN104438,250000.0,SUCCESS,REF-00004438,2026/07/24,Merchant_C,Processor_C,NGN,BANK_TRANSFER,SET-0049
TXN109339,7500.0,SUCCESS,REF-00009339,2026/07/19,Merchant_E,Processor_C,NGN,BANK_TRANSFER,SET-0007
TXN105202,15000.0,SUCCESS,REF-00005202,2026/07/17,Merchant_D,Processor_C,NGN,USSD,SET-0028
TXN109363,2500.0,SUCCESS,REF-00009363,2026/07/23,Merchant_E,Processor_C,NGN,USSD,SET-0049
TXN109570,7500.0,SUCCESS,REF-00009570,2026/07/14,Merchant_B,Processor_C,NGN,CARD,SET-0045
TXN105832,50000.0,SUCCESS,REF-00005832,2026/07/12,Merchant_C,Processor_C,NGN,USSD,SET-0014
TXN102483,1500.0,SUCCESS,REF-00002483,2026/07/02,Merchant_E,Processor_C,NGN,BANK_TRANSFER,SET-0011
TXN106351,10000.0,SUCCESS,REF-00006351,2026/07/12,Merchant_D,Processor_C,NGN,MOBILE_MONEY,SET-0046
TXN101163,25000.0,SUCCESS,REF-00001163,2026/07/05,Merchant_B,Processor_C,NGN,MOBILE_MONEY,SET-0018
TXN108467,10000.0,SUCCESS,REF-00008467,2026/07/20,Merchant_B,Processor_C,NGN,MOBILE_MONEY,SET-0025
TXN100134,100000.0,SUCCESS,REF-00000134,2026/07/25,Merchant_C,Processor_C,NGN,CARD,SET-0022
TXN103822,50000.0,REFUNDED,REF-00003822,2026/07/19,Merchant_E,Processor_C,NGN,MOBILE_MONEY,SET-0014
TXN108117,2500.0,FAILED,REF-00008117,2026/07/21,Merchant_D,Processor_C,NGN,BANK_TRANSFER,SET-0044
TXN109851,250000.0,SUCCESS,REF-00009851,2026/07/02,Merchant_A,Processor_C,NGN,USSD,SET-0024
TXN100041,10000.0,SUCCESS,REF-00000041,2026/07/10,Merchant_D,Processor_C,NGN,USSD,SET-0017
TXN104505,5000.0,SUCCESS,REF-00004505,2026/07/05,Merchant_C,Processor_C,NGN,CARD,SET-0043
TXN108363,7500.0,SUCCESS,REF-00008363,2026/07/12,Merchant_B,Processor_C,NGN,CARD,SET-0008
TXN101007,50000.0,SUCCESS,REF-00001007,2026/07/01,Merchant_E,Processor_C,NGN,CARD,SET-0018
TXN108154,50000.0,SUCCESS,REF-00008154,2026/07/19,Merchant_A,Processor_C,NGN,BANK_TRANSFER,SET-0012
TXN104370,2500.0,SUCCESS,REF-00004370,2026/07/12,Merchant_C,Processor_C,NGN,USSD,SET-0015
TXN102150,5000.0,SUCCESS,REF-00002150,2026/07/03,Merchant_A,Processor_C,NGN,USSD,SET-0005
TXN107913,1000.0,FAILED,REF-00007913,2026/07/02,Merchant_A,Processor_C,NGN,MOBILE_MONEY,SET-0024
TXN101437,25000.0,FAILED,REF-00001437,2026/07/17,Merchant_A,Processor_C,NGN,BANK_TRANSFER,SET-0045
TXN102419,5000.0,SUCCESS,REF-00002419,2026/07/15,Merchant_E,Processor_C,NGN,CARD,SET-0035
TXN104312,1500.0,SUCCESS,REF-00004312,2026/07/03,Merchant_C,Processor_C,NGN,MOBILE_MONEY,SET-0020
TXN104233,100000.0,FAILED,REF-00004233,2026/07/03,Merchant_C,Processor_C,NGN,BANK_TRANSFER,SET-0032
TXN105361,2500.0,SUCCESS,REF-00005361,2026/07/29,Merchant_D,Processor_C,NGN,BANK_TRANSFER,SET-0028
TXN109942,500.0,REFUNDED,REF-00009942,2026/07/22,Merchant_D,Processor_C,NGN,CARD,SET-0021
TXN101439,15000.0,SUCCESS,REF-00001439,2026/07/15,Merchant_B,Processor_C,NGN,CARD,SET-0012
TXN103985,100000.0,SUCCESS,REF-00003985,2026/07/12,Merchant_C,Processor_C,NGN,MOBILE_MONEY,SET-0050
TXN107070,5000.0,SUCCESS,REF-00007070,2026/07/23,Merchant_E,Processor_C,NGN,USSD,SET-0015
TXN100522,250000.0,SUCCESS,REF-00000522,2026/07/28,Merchant_C,Processor_C,NGN,CARD,SET-0041
TXN100226,250000.0,SUCCESS,REF-00000226,2026/07/28,Merchant_E,Processor_C,NGN,BANK_TRANSFER,SET-0040
TXN107981,2500.0,SUCCESS,REF-00007981,2026/07/23,Merchant_D,Processor_C,NGN,MOBILE_MONEY,SET-0022
TXN101324,250000.0,FAILED,REF-00001324,2026/07/08,Merchant_E,Processor_C,NGN,BANK_TRANSFER,SET-0036
TXN100254,1500.0,FAILED,REF-00000254,2026/07/30,Merchant_B,Processor_C,NGN,USSD,SET-0003
TXN101346,5000.0,FAILED,REF-00001346,2026/07/30,Merchant_C,Processor_C,NGN,USSD,SET-0038
TXN106275,15000.0,SUCCESS,REF-00006275,2026/07/08,Merchant_C,Processor_C,NGN,CARD,SET-0043
TXN106911,250000.0,SUCCESS,REF-00006911,2026/07/17,Merchant_A,Processor_C,NGN,USSD,SET-0048
TXN109619,2500.0,SUCCESS,REF-00009619,2026/07/12,Merchant_E,Processor_C,NGN,CARD,SET-0015
TXN109210,100000.0,SUCCESS,REF-00009210,2026/07/07,Merchant_E,Processor_C,NGN,BANK_TRANSFER,SET-0034
TXN106865,5000.0,SUCCESS,REF-00006865,2026/07/11,Merchant_C,Processor_C,NGN,MOBILE_MONEY,SET-0006
TXN101794,1000.0,SUCCESS,REF-00001794,2026/07/25,Merchant_C,Processor_C,NGN,CARD,SET-0045
TXN100703,1500.0,REFUNDED,REF-00000703,2026/07/12,Merchant_A,Processor_C,NGN,BANK_TRANSFER,SET-0041
TXN105542,50000.0,SUCCESS,REF-00005542,2026/07/24,Merchant_C,Processor_C,NGN,CARD,SET-0036
PROC_ONLY1013,1000.0,SUCCESS,PROC-ONLY-REF-00013,2026/07/13,Merchant_B,Processor_C,NGN,MOBILE_MONEY,SET-0016
TXN108621,1500.0,SUCCESS,REF-00008621,2026/07/26,Merchant_B,Processor_C,NGN,MOBILE_MONEY,SET-0049
TXN107291,1000.0,SUCCESS,REF-00007291,2026/07/26,Merchant_B,Processor_C,NGN,MOBILE_MONEY,SET-0005
TXN104722,2500.0,SUCCESS,REF-00004722,2026/07/22,Merchant_B,Processor_C,NGN,CARD,SET-0011
TXN103062,15000.0,SUCCESS,REF-00003062,2026/07/10,Merchant_A,Processor_C,NGN,BANK_TRANSFER,SET-0013
TXN102058,15000.0,SUCCESS,REF-00002058,2026/07/31,Merchant_A,Processor_C,NGN,BANK_TRANSFER,SET-0041
TXN107171,100000.0,SUCCESS,REF-00007171,2026/07/04,Merchant_D,Processor_C,NGN,BANK_TRANSFER,SET-0031
TXN104884,1000.0,SUCCESS,REF-00004884,2026/07/30,Merchant_B,Processor_C,NGN,CARD,SET-0016
TXN103346,5000.0,SUCCESS,REF-00003346,2026/07/04,Merchant_E,Processor_C,NGN,BANK_TRANSFER,SET-0034
TXN109062,25000.0,FAILED,REF-00009062,2026/07/30,Merchant_D,Processor_C,NGN,CARD,SET-0023
TXN104761,250000.0,FAILED,REF-00004761,2026/07/02,Merchant_C,Processor_C,NGN,BANK_TRANSFER,SET-0040
TXN102571,100000.0,SUCCESS,REF-00002571,2026/07/18,Merchant_E,Processor_C,NGN,USSD,SET-0050
TXN106939,5000.0,SUCCESS,REF-00006939,2026/07/30,Merchant_D,Processor_C,NGN,CARD,SET-0026
TXN104842,5000.0,SUCCESS,REF-00004842,2026/07/28,Merchant_E,Processor_C,NGN,CARD,SET-0047
TXN100910,15000.0,SUCCESS,REF-00000910,2026/07/22,Merchant_A,Processor_C,NGN,BANK_TRANSFER,SET-0003
TXN104050,100000.0,SUCCESS,REF-00004050,2026/07/08,Merchant_D,Processor_C,NGN,USSD,SET-0043
TXN106628,10000.0,SUCCESS,REF-00006628,2026/07/26,Merchant_A,Processor_C,NGN,CARD,SET-0036
TXN102327,500.0,SUCCESS,REF-00002327,2026/07/01,Merchant_A,Processor_C,NGN,USSD,SET-0022
TXN103133,10000.0,SUCCESS,REF-00003133,2026/07/02,Merchant_D,Processor_C,NGN,USSD,SET-0022
TXN106085,7500.0,SUCCESS,REF-00006085,2026/07/10,Merchant_E,Processor_C,NGN,MOBILE_MONEY,SET-0018
TXN106785,100000.0,SUCCESS,REF-00006785,2026/07/23,Merchant_C,Processor_C,NGN,CARD,SET-0014
TXN107969,100000.0,SUCCESS,REF-00007969,2026/07/16,Merchant_C,Processor_C,NGN,MOBILE_MONEY,SET-0041
TXN100556,1500.0,SUCCESS,REF-00000556,2026/07/10,Merchant_A,Processor_C,NGN,USSD,SET-0006
TXN101290,7500.0,SUCCESS,REF-00001290,2026/07/30,Merchant_D,Processor_C,NGN,CARD,SET-0007
TXN108346,50000.0,SUCCESS,REF-00008346,2026/07/06,Merchant_E,Processor_C,NGN,CARD,SET-0005
TXN106118,2500.0,SUCCESS,REF-00006118,2026/07/15,Merchant_C,Processor_C,NGN,MOBILE_MONEY,SET-0031
TXN104854,15000.0,SUCCESS,REF-00004854,2026/07/08,Merchant_C,Processor_C,NGN,BANK_TRANSFER,SET-0030
TXN103070,25000.0,SUCCESS,REF-00003070,2026/07/02,Merchant_D,Processor_C,NGN,MOBILE_MONEY,SET-0025
TXN102601,1000.0,SUCCESS,REF-00002601,2026/07/05,Merchant_B,Processor_C,NGN,USSD,SET-0001
TXN105808,15000.0,FAILED,REF-00005808,2026/07/02,Merchant_A,Processor_C,NGN,CARD,SET-0015
TXN101263,7500.0,SUCCESS,REF-00001263,2026/07/19,Merchant_A,Processor_C,NGN,MOBILE_MONEY,SET-0017
TXN101472,100000.0,SUCCESS,REF-00001472,2026/07/27,Merchant_C,Processor_C,NGN,MOBILE_MONEY,SET-0018
TXN100287,10000.0,SUCCESS,REF-00000287,2026/07/22,Merchant_B,Processor_C,NGN,CARD,SET-0003
TXN105658,250000.0,SUCCESS,REF-00005658,2026/07/30,Merchant_B,Processor_C,NGN,MOBILE_MONEY,SET-0038
TXN109184,25000.0,FAILED,REF-00009184,2026/07/24,Merchant_E,Processor_C,NGN,MOBILE_MONEY,SET-0029
TXN105315,7500.0,SUCCESS,REF-00005315,2026/07/25,Merchant_B,Processor_C,NGN,USSD,SET-0032
TXN101637,1500.0,SUCCESS,REF-00001637,2026/07/22,Merchant_E,Processor_C,NGN,USSD,SET-0007
TXN108829,2500.0,SUCCESS,REF-00008829,2026/07/08,Merchant_E,Processor_C,NGN,CARD,SET-0004
TXN103410,7500.0,SUCCESS,REF-00003410,2026/07/11,Merchant_E,Processor_C,NGN,MOBILE_MONEY,SET-0025
TXN102272,10000.0,FAILED,REF-00002272,2026/07/08,Merchant_D,Processor_C,NGN,MOBILE_MONEY,SET-0004
TXN109455,2500.0,SUCCESS,REF-00009455,2026/07/28,Merchant_D,Processor_C,NGN,USSD,SET-0034
TXN104001,50000.0,SUCCESS,REF-00004001,2026/07/31,Merchant_C,Processor_C,NGN,BANK_TRANSFER,SET-0040
TXN108696,250000.0,SUCCESS,REF-00008696,2026/07/08,Merchant_A,Processor_C,NGN,USSD,SET-0047
TXN103511,1000.0,FAILED,REF-00003511,2026/07/06,Merchant_E,Processor_C,NGN,MOBILE_MONEY,SET-0005
TXN108543,15000.0,SUCCESS,REF-00008543,2026/07/20,Merchant_B,Processor_C,NGN,CARD,SET-0017
TXN100208,500.0,SUCCESS,REF-00000208,2026/07/15,Merchant_C,Processor_C,NGN,CARD,SET-0017
TXN105378,50000.0,SUCCESS,REF-00005378,2026/07/03,Merchant_D,Processor_C,NGN,USSD,SET-0043
TXN102617,5000.0,SUCCESS,REF-00002617,2026/07/04,Merchant_A,Processor_C,NGN,USSD,SET-0045
TXN108886,25000.0,SUCCESS,REF-00008886,2026/07/23,Merchant_E,Processor_C,NGN,MOBILE_MONEY,SET-0022
TXN105716,1500.0,SUCCESS,REF-00005716,2026/07/31,Merchant_C,Processor_C,NGN,CARD,SET-0044
TXN102121,10000.0,SUCCESS,REF-00002121,2026/07/02,Merchant_E,Processor_C,NGN,BANK_TRANSFER,SET-0032
TXN103176,15000.0,SUCCESS,REF-00003176,2026/07/20,Merchant_E,Processor_C,NGN,USSD,SET-0025
TXN102770,1000.0,SUCCESS,REF-00002770,2026/07/11,Merchant_D,Processor_C,NGN,CARD,SET-0007
TXN103051,10000.0,SUCCESS,REF-00003051,2026/07/23,Merchant_E,Processor_C,NGN,BANK_TRANSFER,SET-0029
TXN108043,25000.0,SUCCESS,REF-00008043,2026/07/31,Merchant_B,Processor_C,NGN,MOBILE_MONEY,SET-0013
TXN102378,7500.0,SUCCESS,REF-00002378,2026/07/01,Merchant_D,Processor_C,NGN,CARD,SET-0015
TXN107199,100000.0,SUCCESS,REF-00007199,2026/07/08,Merchant_B,Processor_C,NGN,USSD,SET-0042
TXN100864,7500.0,SUCCESS,REF-00000864,2026/07/12,Merchant_E,Processor_C,NGN,CARD,SET-0022
TXN106465,1000.0,SUCCESS,REF-00006465,2026/07/21,Merchant_D,Processor_C,NGN,MOBILE_MONEY,SET-0006
TXN108025,7500.0,FAILED,REF-00008025,2026/07/31,Merchant_A,Processor_C,NGN,MOBILE_MONEY,SET-0046
TXN104352,7500.0,SUCCESS,REF-00004352,2026/07/12,Merchant_C,Processor_C,NGN,CARD,SET-0040
TXN106015,25000.0,SUCCESS,REF-00006015,2026/07/15,Merchant_C,Processor_C,NGN,BANK_TRANSFER,SET-0001
TXN106485,10000.0,SUCCESS,REF-00006485-X,2026/07/08,Merchant_B,Processor_C,NGN,MOBILE_MONEY,SET-0032
TXN105588,100000.0,SUCCESS,REF-00005588,2026/07/04,Merchant_C,Processor_C,NGN,BANK_TRANSFER,SET-0045
TXN101306,25000.0,REFUNDED,REF-00001306,2026/07/02,Merchant_A,Processor_C,NGN,MOBILE_MONEY,SET-0008
TXN103497,100000.0,SUCCESS,REF-00003497,2026/07/15,Merchant_A,Processor_C,NGN,MOBILE_MONEY,SET-0040
TXN107854,10000.0,SUCCESS,REF-00007854,2026/07/07,Merchant_C,Processor_C,NGN,BANK_TRANSFER,SET-0013
TXN101390,2500.0,SUCCESS,REF-00001390,2026/07/11,Merchant_C,Processor_C,NGN,CARD,SET-0032
TXN106901,2500.0,SUCCESS,REF-00006901,2026/07/08,Merchant_D,Processor_C,NGN,BANK_TRANSFER,SET-0022
TXN106657,5000.0,SUCCESS,REF-00006657,2026/07/23,Merchant_E,Processor_C,NGN,BANK_TRANSFER,SET-0045
TXN104508,10000.0,FAILED,REF-00004508,2026/07/27,Merchant_C,Processor_C,NGN,USSD,SET-0029
TXN101337,15000.0,SUCCESS,REF-00001337,2026/07/20,Merchant_C,Processor_C,NGN,BANK_TRANSFER,SET-0008
TXN105878,7500.0,SUCCESS,REF-00005878,2026/07/29,Merchant_D,Processor_C,NGN,MOBILE_MONEY,SET-0029
TXN103028,15000.0,SUCCESS,REF-00003028,2026/07/04,Merchant_E,Processor_C,NGN,USSD,SET-0003
TXN109283,1000.0,SUCCESS,REF-00009283,2026/07/14,Merchant_C,Processor_C,NGN,BANK_TRANSFER,SET-0041
TXN106953,500.0,REFUNDED,REF-00006953,2026/07/31,Merchant_C,Processor_C,NGN,USSD,SET-0006
TXN106414,2500.0,SUCCESS,REF-00006414,2026/07/26,Merchant_A,Processor_C,NGN,CARD,SET-0042
TXN101948,5000.0,SUCCESS,REF-00001948,2026/07/06,Merchant_A,Processor_C,NGN,USSD,SET-0044
TXN103589,2500.0,SUCCESS,REF-00003589,2026/07/21,Merchant_E,Processor_C,NGN,USSD,SET-0006
TXN102215,5000.0,SUCCESS,REF-00002215,2026/07/27,Merchant_D,Processor_C,NGN,USSD,SET-0048
TXN108597,5000.0,SUCCESS,REF-00008597,2026/07/19,Merchant_A,Processor_C,NGN,BANK_TRANSFER,SET-0012
TXN100956,10000.0,SUCCESS,REF-00000956,2026/07/05,Merchant_E,Processor_C,NGN,USSD,SET-0002
TXN107868,5000.0,SUCCESS,REF-00007868,2026/07/03,Merchant_E,Processor_C,NGN,MOBILE_MONEY,SET-0002
TXN100799,100000.0,SUCCESS,REF-00000799,2026/07/27,Merchant_E,Processor_C,NGN,MOBILE_MONEY,SET-0027
TXN100914,10000.0,SUCCESS,REF-00000914,2026/07/05,Merchant_C,Processor_C,NGN,BANK_TRANSFER,SET-0027
TXN101697,1500.0,FAILED,REF-00001697,2026/07/08,Merchant_C,Processor_C,NGN,BANK_TRANSFER,SET-0044
TXN102945,1000.0,SUCCESS,REF-00002945,2026/07/21,Merchant_B,Processor_C,NGN,BANK_TRANSFER,SET-0021
TXN101310,1000.0,SUCCESS,REF-00001310,2026/07/04,Merchant_E,Processor_C,NGN,USSD,SET-0009
TXN100747,10000.0,SUCCESS,REF-00000747,2026/07/03,Merchant_C,Processor_C,NGN,CARD,SET-0048
TXN100561,2500.0,REFUNDED,REF-00000561,2026/07/28,Merchant_A,Processor_C,NGN,CARD,SET-0020
TXN100580,7500.0,SUCCESS,REF-00000580,2026/07/20,Merchant_D,Processor_C,NGN,CARD,SET-0027
TXN103640,2500.0,SUCCESS,REF-00003640,2026/07/15,Merchant_B,Processor_C,NGN,BANK_TRANSFER,SET-0043
TXN106005,250000.0,SUCCESS,REF-00006005,2026/07/22,Merchant_B,Processor_C,NGN,BANK_TRANSFER,SET-0049
TXN109405,7500.0,SUCCESS,REF-00009405,2026/07/31,Merchant_A,Processor_C,NGN,BANK_TRANSFER,SET-0021
TXN100069,250000.0,FAILED,REF-00000069,2026/07/09,Merchant_C,Processor_C,NGN,MOBILE_MONEY,SET-0005
TXN102059,10000.0,SUCCESS,REF-00002059,2026/07/07,Merchant_D,Processor_C,NGN,CARD,SET-0008
TXN105273,25000.0,SUCCESS,REF-00005273,2026/07/24,Merchant_C,Processor_C,NGN,MOBILE_MONEY,SET-0044
TXN107532,2500.0,SUCCESS,REF-00007532,2026/07/02,Merchant_B,Processor_C,NGN,BANK_TRANSFER,SET-0045
TXN100432,15000.0,SUCCESS,REF-00000432,2026/07/14,Merchant_D,Processor_C,NGN,CARD,SET-0007
TXN100462,25000.0,REFUNDED,REF-00000462,2026/07/14,Merchant_E,Processor_C,NGN,CARD,SET-0043
TXN107258,25000.0,SUCCESS,REF-00007258,2026/07/23,Merchant_A,Processor_C,NGN,USSD,SET-0033
TXN104694,7500.0,SUCCESS,REF-00004694,2026/07/15,Merchant_A,Processor_C,NGN,CARD,SET-0011
TXN106056,10000.0,SUCCESS,REF-00006056,2026/07/01,Merchant_C,Processor_C,NGN,USSD,SET-0046
TXN102181,2500.0,FAILED,REF-00002181,2026/07/11,Merchant_B,Processor_C,NGN,MOBILE_MONEY,SET-0004
TXN102682,500.0,SUCCESS,REF-00002682,2026/07/24,Merchant_C,Processor_C,NGN,BANK_TRANSFER,SET-0035
TXN107833,100000.0,SUCCESS,REF-00007833,2026/07/24,Merchant_A,Processor_C,NGN,CARD,SET-0041
TXN101246,1500.0,SUCCESS,REF-00001246,2026/07/25,Merchant_D,Processor_C,NGN,MOBILE_MONEY,SET-0010
TXN107434,500.0,SUCCESS,REF-00007434,2026/07/26,Merchant_C,Processor_C,NGN,USSD,SET-0008
TXN108784,10000.0,FAILED,REF-00008784,2026/07/31,Merchant_A,Processor_C,NGN,USSD,SET-0032
TXN100797,10000.0,SUCCESS,REF-00000797,2026/07/25,Merchant_C,Processor_C,NGN,BANK_TRANSFER,SET-0037
TXN109254,25000.0,SUCCESS,REF-00009254,2026/07/25,Merchant_B,Processor_C,NGN,USSD,SET-0013
TXN107910,100000.0,SUCCESS,REF-00007910,2026/07/02,Merchant_D,Processor_C,NGN,BANK_TRANSFER,SET-0023
TXN108066,10000.0,SUCCESS,REF-00008066,2026/07/22,Merchant_C,Processor_C,NGN,MOBILE_MONEY,SET-0003
TXN103609,250000.0,SUCCESS,REF-00003609,2026/07/13,Merchant_E,Processor_C,NGN,MOBILE_MONEY,SET-0017
TXN106493,2500.0,SUCCESS,REF-00006493,2026/07/12,Merchant_E,Processor_C,NGN,BANK_TRANSFER,SET-0002
TXN103607,5000.0,SUCCESS,REF-00003607,2026/07/28,Merchant_D,Processor_C,NGN,USSD,SET-0036
TXN106130,5000.0,SUCCESS,REF-00006130,2026/07/07,Merchant_A,Processor_C,NGN,USSD,SET-0027
TXN103037,250000.0,SUCCESS,REF-00003037,2026/07/18,Merchant_D,Processor_C,NGN,MOBILE_MONEY,SET-0014
TXN104735,1000.0,SUCCESS,REF-00004735,2026/07/19,Merchant_C,Processor_C,NGN,BANK_TRANSFER,SET-0042
TXN101676,1000.0,SUCCESS,REF-00001676,2026/07/31,Merchant_C,Processor_C,NGN,CARD,SET-0006
TXN107473,10000.0,SUCCESS,REF-00007473,2026/07/18,Merchant_D,Processor_C,NGN,BANK_TRANSFER,SET-0003
TXN107530,1000.0,SUCCESS,REF-00007530,2026/07/07,Merchant_E,Processor_C,NGN,USSD,SET-0034
TXN100546,1000.0,REFUNDED,REF-00000546,2026/07/26,Merchant_A,Processor_C,NGN,CARD,SET-0036
TXN104942,50000.0,SUCCESS,REF-00004942,2026/07/28,Merchant_C,Processor_C,NGN,BANK_TRANSFER,SET-0047
TXN108861,50000.0,SUCCESS,REF-00008861,2026/07/07,Merchant_B,Processor_C,NGN,BANK_TRANSFER,SET-0012
TXN106375,500.0,SUCCESS,REF-00006375,2026/07/08,Merchant_B,Processor_C,NGN,MOBILE_MONEY,SET-0026
TXN107940,5000.0,SUCCESS,REF-00007940,2026/07/29,Merchant_B,Processor_C,NGN,BANK_TRANSFER,SET-0012
TXN104109,10000.0,SUCCESS,REF-00004109,2026/07/21,Merchant_A,Processor_C,NGN,BANK_TRANSFER,SET-0029
TXN106725,1000.0,SUCCESS,REF-00006725,2026/07/22,Merchant_D,Processor_C,NGN,MOBILE_MONEY,SET-0041
TXN109681,500.0,SUCCESS,REF-00009681,2026/07/20,Merchant_C,Processor_C,NGN,CARD,SET-0036
TXN104391,10000.0,SUCCESS,REF-00004391,2026/07/23,Merchant_C,Processor_C,NGN,MOBILE_MONEY,SET-0044
TXN100133,5000.0,SUCCESS,REF-00000133,2026/07/01,Merchant_C,Processor_C,NGN,CARD,SET-0037
TXN102749,15000.0,SUCCESS,REF-00002749,2026/07/17,Merchant_E,Processor_C,NGN,CARD,SET-0029
TXN103959,500.0,SUCCESS,REF-00003959,2026/07/07,Merchant_D,Processor_C,NGN,USSD,SET-0038
TXN106950,25000.0,REFUNDED,REF-00006950,2026/07/28,Merchant_D,Processor_C,NGN,MOBILE_MONEY,SET-0021
TXN100035,50000.0,SUCCESS,REF-00000035,2026/07/12,Merchant_E,Processor_C,NGN,USSD,SET-0035
TXN101775,5000.0,SUCCESS,REF-00001775,2026/07/22,Merchant_C,Processor_C,NGN,USSD,SET-0017
TXN100532,250000.0,REFUNDED,REF-00000532,2026/07/16,Merchant_A,Processor_C,NGN,USSD,SET-0027
TXN107644,1500.0,REFUNDED,REF-00007644,2026/07/23,Merchant_E,Processor_C,NGN,MOBILE_MONEY,SET-0021
TXN108558,25000.0,SUCCESS,REF-00008558,2026/07/07,Merchant_A,Processor_C,NGN,USSD,SET-0050
TXN101309,50000.0,SUCCESS,REF-00001309,2026/07/11,Merchant_A,Processor_C,NGN,BANK_TRANSFER,SET-0038
TXN101492,2500.0,SUCCESS,REF-00001492,2026/07/20,Merchant_E,Processor_C,NGN,USSD,SET-0049
TXN100537,2500.0,SUCCESS,REF-00000537,2026/07/15,Merchant_C,Processor_C,NGN,USSD,SET-0016
TXN102586,1000.0,SUCCESS,REF-00002586,2026/07/29,Merchant_E,Processor_C,NGN,MOBILE_MONEY,SET-0047
TXN100112,100000.0,SUCCESS,REF-00000112,2026/07/28,Merchant_E,Processor_C,NGN,BANK_TRANSFER,SET-0031
TXN105919,10000.0,SUCCESS,REF-00005919,2026/07/06,Merchant_A,Processor_C,NGN,USSD,SET-0017
TXN104303,10000.0,SUCCESS,REF-00004303,2026/07/30,Merchant_E,Processor_C,NGN,BANK_TRANSFER,SET-0030
TXN108491,1500.0,SUCCESS,REF-00008491,2026/07/09,Merchant_E,Processor_C,NGN,USSD,SET-0035
TXN109746,50000.0,FAILED,REF-00009746,2026/07/25,Merchant_C,Processor_C,NGN,BANK_TRANSFER,SET-0028
TXN107031,5000.0,SUCCESS,REF-00007031,2026/07/18,Merchant_A,Processor_C,NGN,MOBILE_MONEY,SET-0029
TXN100917,100000.0,SUCCESS,REF-00000917,2026/07/19,Merchant_A,Processor_C,NGN,CARD,SET-0045
TXN107634,15000.0,SUCCESS,REF-00007634,2026/07/02,Merchant_B,Processor_C,NGN,CARD,SET-0010
TXN102259,7500.0,SUCCESS,REF-00002259,2026/07/02,Merchant_B,Processor_C,NGN,CARD,SET-0030
TXN105538,10000.0,SUCCESS,REF-00005538,2026/07/01,Merchant_A,Processor_C,NGN,BANK_TRANSFER,SET-0048
TXN109129,250000.0,SUCCESS,REF-00009129,2026/07/25,Merchant_C,Processor_C,NGN,USSD,SET-0016
TXN100162,15000.0,SUCCESS,REF-00000162,2026/07/01,Merchant_A,Processor_C,NGN,BANK_TRANSFER,SET-0002
TXN101018,100000.0,SUCCESS,REF-00001018,2026/07/17,Merchant_A,Processor_C,NGN,CARD,SET-0024
TXN108291,25000.0,SUCCESS,REF-00008291,2026/07/29,Merchant_E,Processor_C,NGN,BANK_TRANSFER,SET-0032
TXN106926,7500.0,SUCCESS,REF-00006926,2026/07/19,Merchant_B,Processor_C,NGN,CARD,SET-0046
TXN103431,250000.0,FAILED,REF-00003431,2026/07/10,Merchant_E,Processor_C,NGN,MOBILE_MONEY,SET-0031
TXN102595,25000.0,SUCCESS,REF-00002595,2026/07/21,Merchant_B,Processor_C,NGN,MOBILE_MONEY,SET-0023
TXN100793,15000.0,SUCCESS,REF-00000793,2026/07/21,Merchant_A,Processor_C,NGN,MOBILE_MONEY,SET-0006
TXN106756,50000.0,SUCCESS,REF-00006756,2026/07/17,Merchant_C,Processor_C,NGN,USSD,SET-0036
TXN100896,5000.0,SUCCESS,REF-00000896,2026/07/25,Merchant_C,Processor_C,NGN,USSD,SET-0031
TXN104876,15000.0,SUCCESS,REF-00004876,2026/07/22,Merchant_B,Processor_C,NGN,BANK_TRANSFER,SET-0005
TXN109871,11000.0,SUCCESS,REF-00009871,2026/07/19,Merchant_E,Processor_C,NGN,BANK_TRANSFER,SET-0034
TXN100366,250000.0,SUCCESS,REF-00000366,2026/07/16,Merchant_D,Processor_C,NGN,CARD,SET-0040
TXN104015,2500.0,SUCCESS,REF-00004015,2026/07/27,Merchant_B,Processor_C,NGN,BANK_TRANSFER,SET-0020
TXN100817,7500.0,SUCCESS,REF-00000817,2026/07/23,Merchant_C,Processor_C,NGN,CARD,SET-0017
TXN101545,10000.0,SUCCESS,REF-00001545,2026/07/24,Merchant_C,Processor_C,NGN,MOBILE_MONEY,SET-0049
TXN105970,50000.0,FAILED,REF-00005970,2026/07/19,Merchant_E,Processor_C,NGN,MOBILE_MONEY,SET-0024
TXN104075,10000.0,SUCCESS,REF-00004075,2026/07/03,Merchant_C,Processor_C,NGN,MOBILE_MONEY,SET-0013
TXN102275,15000.0,SUCCESS,REF-00002275,2026/07/28,Merchant_A,Processor_C,NGN,MOBILE_MONEY,SET-0018
TXN101019,500.0,REFUNDED,REF-00001019,2026/07/05,Merchant_C,Processor_C,NGN,BANK_TRANSFER,SET-0019
TXN102406,5000.0,SUCCESS,REF-00002406,2026/07/18,Merchant_E,Processor_C,NGN,CARD,SET-0014
TXN101348,250000.0,SUCCESS,REF-00001348,2026/07/31,Merchant_D,Processor_C,NGN,BANK_TRANSFER,SET-0011
TXN101881,100000.0,SUCCESS,REF-00001881,2026/07/26,Merchant_A,Processor_C,NGN,MOBILE_MONEY,SET-0047
TXN102391,1500.0,FAILED,REF-00002391,2026/07/15,Merchant_E,Processor_C,NGN,BANK_TRANSFER,SET-0027
TXN109710,1500.0,SUCCESS,REF-00009710,2026/07/06,Merchant_B,Processor_C,NGN,BANK_TRANSFER,SET-0012
TXN106683,5000.0,FAILED,REF-00006683,2026/07/24,Merchant_A,Processor_C,NGN,BANK_TRANSFER,SET-0049
TXN104778,2500.0,SUCCESS,REF-00004778,2026/07/21,Merchant_B,Processor_C,NGN,CARD,SET-0043
TXN102642,25000.0,SUCCESS,REF-00002642,2026/07/16,Merchant_E,Processor_C,NGN,USSD,SET-0019
TXN104549,50000.0,SUCCESS,REF-00004549,2026/07/13,Merchant_C,Processor_C,NGN,CARD,SET-0034
TXN100352,15000.0,SUCCESS,REF-00000352,2026/07/30,Merchant_A,Processor_C,NGN,USSD,SET-0033
TXN107477,500.0,FAILED,REF-00007477,2026/07/13,Merchant_C,Processor_C,NGN,BANK_TRANSFER,SET-0023
TXN104323,10000.0,SUCCESS,REF-00004323,2026/07/02,Merchant_C,Processor_C,NGN,USSD,SET-0036
TXN109512,1000.0,REFUNDED,REF-00009512,2026/07/09,Merchant_D,Processor_C,NGN,MOBILE_MONEY,SET-0030
TXN101322,100000.0,SUCCESS,REF-00001322,2026/07/15,Merchant_A,Processor_C,NGN,MOBILE_MONEY,SET-0011
TXN109394,5000.0,REFUNDED,REF-00009394,2026/07/03,Merchant_D,Processor_C,NGN,CARD,SET-0014
TXN106018,10000.0,REFUNDED,REF-00006018,2026/07/27,Merchant_C,Processor_C,NGN,USSD,SET-0032
TXN103026,100000.0,SUCCESS,REF-00003026,2026/07/27,Merchant_C,Processor_C,NGN,MOBILE_MONEY,SET-0042
TXN108382,15000.0,REFUNDED,REF-00008382,2026/07/21,Merchant_E,Processor_C,NGN,CARD,SET-0017
TXN105281,10000.0,SUCCESS,REF-00005281,2026/07/29,Merchant_B,Processor_C,NGN,USSD,SET-0010
TXN100308,50000.0,FAILED,REF-00000308,2026/07/24,Merchant_E,Processor_C,NGN,BANK_TRANSFER,SET-0025
TXN104975,7500.0,SUCCESS,REF-00004975,2026/07/14,Merchant_A,Processor_C,NGN,MOBILE_MONEY,SET-0041
TXN106722,50000.0,SUCCESS,REF-00006722,2026/07/15,Merchant_C,Processor_C,NGN,MOBILE_MONEY,SET-0042
TXN100648,25000.0,REFUNDED,REF-00000648,2026/07/26,Merchant_B,Processor_C,NGN,MOBILE_MONEY,SET-0011
TXN105028,25000.0,SUCCESS,REF-00005028,2026/07/12,Merchant_B,Processor_C,NGN,USSD,SET-0034
TXN106623,10000.0,FAILED,REF-00006623,2026/07/17,Merchant_C,Processor_C,NGN,CARD,SET-0001
TXN109920,5000.0,SUCCESS,REF-00009920,2026/07/05,Merchant_C,Processor_C,NGN,MOBILE_MONEY,SET-0002
TXN109082,5000.0,SUCCESS,REF-00009082,2026/07/02,Merchant_E,Processor_C,NGN,CARD,SET-0040
TXN107209,50000.0,SUCCESS,REF-00007209,2026/07/16,Merchant_C,Processor_C,NGN,MOBILE_MONEY,SET-0018
TXN108966,15000.0,SUCCESS,REF-00008966,2026/07/11,Merchant_A,Processor_C,NGN,USSD,SET-0031
TXN106441,500.0,SUCCESS,REF-00006441,2026/07/30,Merchant_E,Processor_C,NGN,CARD,SET-0033
TXN109516,7500.0,SUCCESS,REF-00009516,2026/07/31,Merchant_D,Processor_C,NGN,MOBILE_MONEY,SET-0004
TXN103085,15000.0,SUCCESS,REF-00003085,2026/07/28,Merchant_D,Processor_C,NGN,CARD,SET-0021
TXN104269,100000.0,SUCCESS,REF-00004269,2026/07/23,Merchant_B,Processor_C,NGN,CARD,SET-0016
TXN102412,10000.0,SUCCESS,REF-00002412,2026/07/21,Merchant_B,Processor_C,NGN,CARD,SET-0027
TXN108989,10000.0,SUCCESS,REF-00008989,2026/07/29,Merchant_D,Processor_C,NGN,MOBILE_MONEY,SET-0030
TXN100113,50000.0,SUCCESS,REF-00000113,2026/07/25,Merchant_B,Processor_C,NGN,USSD,SET-0041
TXN108131,15000.0,SUCCESS,REF-00008131,2026/07/11,Merchant_E,Processor_C,NGN,CARD,SET-0048
TXN100661,250000.0,SUCCESS,REF-00000661,2026/07/22,Merchant_D,Processor_C,NGN,MOBILE_MONEY,SET-0006
TXN104534,10000.0,SUCCESS,REF-00004534,2026/07/01,Merchant_E,Processor_C,NGN,BANK_TRANSFER,SET-0048
TXN103012,5000.0,SUCCESS,REF-00003012,2026/07/26,Merchant_E,Processor_C,NGN,MOBILE_MONEY,SET-0003
TXN109866,7500.0,SUCCESS,REF-00009866,2026/07/01,Merchant_D,Processor_C,NGN,CARD,SET-0038
TXN105363,25000.0,SUCCESS,REF-00005363,2026/07/21,Merchant_B,Processor_C,NGN,CARD,SET-0010
TXN103297,1000.0,SUCCESS,REF-00003297,2026/07/28,Merchant_D,Processor_C,NGN,MOBILE_MONEY,SET-0025
TXN109593,7500.0,SUCCESS,REF-00009593,2026/07/16,Merchant_A,Processor_C,NGN,MOBILE_MONEY,SET-0005
TXN100783,5000.0,SUCCESS,REF-00000783,2026/07/09,Merchant_B,Processor_C,NGN,MOBILE_MONEY,SET-0045
TXN102689,7500.0,SUCCESS,REF-00002689,2026/07/10,Merchant_D,Processor_C,NGN,BANK_TRANSFER,SET-0004
TXN101672,50000.0,FAILED,REF-00001672,2026/07/18,Merchant_E,Processor_C,NGN,MOBILE_MONEY,SET-0037
TXN103320,10000.0,SUCCESS,REF-00003320,2026/07/25,Merchant_A,Processor_C,NGN,USSD,SET-0007
TXN101912,250000.0,SUCCESS,REF-00001912,2026/07/03,Merchant_E,Processor_C,NGN,MOBILE_MONEY,SET-0025
TXN109558,25000.0,SUCCESS,REF-00009558,2026/07/03,Merchant_A,Processor_C,NGN,MOBILE_MONEY,SET-0025
TXN101189,25000.0,SUCCESS,REF-00001189,2026/07/04,Merchant_B,Processor_C,NGN,CARD,SET-0025
TXN101725,1000.0,SUCCESS,REF-00001725,2026/07/16,Merchant_C,Processor_C,NGN,CARD,SET-0001
TXN107869,500.0,SUCCESS,REF-00007869,2026/07/12,Merchant_C,Processor_C,NGN,BANK_TRANSFER,SET-0026
TXN101531,15000.0,SUCCESS,REF-00001531,2026/07/30,Merchant_E,Processor_C,NGN,CARD,SET-0024
TXN102692,500.0,SUCCESS,REF-00002692,2026/07/14,Merchant_E,Processor_C,NGN,USSD,SET-0003
TXN108499,5000.0,SUCCESS,REF-00008499,2026/07/11,Merchant_D,Processor_C,NGN,MOBILE_MONEY,SET-0013
TXN107505,100000.0,SUCCESS,REF-00007505,2026/07/11,Merchant_D,Processor_C,NGN,BANK_TRANSFER,SET-0031
TXN108641,7500.0,SUCCESS,REF-00008641,2026/07/14,Merchant_D,Processor_C,NGN,USSD,SET-0010
TXN105293,500.0,SUCCESS,REF-00005293,2026/07/04,Merchant_A,Processor_C,NGN,CARD,SET-0038
TXN106223,5000.0,SUCCESS,REF-00006223,2026/07/05,Merchant_E,Processor_C,NGN,BANK_TRANSFER,SET-0049
TXN107065,15000.0,SUCCESS,REF-00007065,2026/07/11,Merchant_D,Processor_C,NGN,USSD,SET-0033
TXN103403,5000.0,SUCCESS,REF-00003403,2026/07/05,Merchant_C,Processor_C,NGN,USSD,SET-0011
TXN100001,250000.0,SUCCESS,REF-00000001,2026/07/20,Merchant_D,Processor_C,NGN,BANK_TRANSFER,SET-0043
TXN101834,50000.0,SUCCESS,REF-00001834,2026/07/08,Merchant_A,Processor_C,NGN,CARD,SET-0003
TXN106728,250000.0,SUCCESS,REF-00006728,2026/07/06,Merchant_D,Processor_C,NGN,CARD,SET-0029
TXN109675,10000.0,SUCCESS,REF-00009675,2026/07/19,Merchant_E,Processor_C,NGN,USSD,SET-0028
TXN101373,10000.0,SUCCESS,REF-00001373,2026/07/11,Merchant_C,Processor_C,NGN,USSD,SET-0037
TXN103276,50000.0,SUCCESS,REF-00003276,2026/07/14,Merchant_E,Processor_C,NGN,USSD,SET-0018
TXN101528,50000.0,SUCCESS,REF-00001528,2026/07/26,Merchant_C,Processor_C,NGN,BANK_TRANSFER,SET-0021
TXN106876,3000.0,SUCCESS,REF-00006876,2026/07/12,Merchant_B,Processor_C,NGN,USSD,SET-0017
TXN108585,10000.0,SUCCESS,REF-00008585,2026/07/03,Merchant_A,Processor_C,NGN,BANK_TRANSFER,SET-0045
TXN100639,5000.0,SUCCESS,REF-00000639,2026/07/15,Merchant_D,Processor_C,NGN,USSD,SET-0046
TXN101621,1000.0,FAILED,REF-00001621,2026/07/29,Merchant_E,Processor_C,NGN,BANK_TRANSFER,SET-0004
TXN101063,7500.0,SUCCESS,REF-00001063,2026/07/05,Merchant_C,Processor_C,NGN,USSD,SET-0043
TXN100848,10000.0,FAILED,REF-00000848,2026/07/13,Merchant_D,Processor_C,NGN,MOBILE_MONEY,SET-0002
TXN102705,50000.0,SUCCESS,REF-00002705,2026/07/12,Merchant_B,Processor_C,NGN,USSD,SET-0017
TXN107285,10000.0,SUCCESS,REF-00007285,2026/07/15,Merchant_E,Processor_C,NGN,MOBILE_MONEY,SET-0046
TXN105569,250000.0,SUCCESS,REF-00005569,2026/07/23,Merchant_C,Processor_C,NGN,USSD,SET-0020
TXN101849,15000.0,REFUNDED,REF-00001849,2026/07/14,Merchant_B,Processor_C,NGN,CARD,SET-0010
TXN101975,100000.0,SUCCESS,REF-00001975,2026/07/09,Merchant_D,Processor_C,NGN,USSD,SET-0047
TXN100450,25000.0,SUCCESS,REF-00000450,2026/07/28,Merchant_D,Processor_C,NGN,USSD,SET-0010
TXN103773,25000.0,SUCCESS,REF-00003773,2026/07/20,Merchant_A,Processor_C,NGN,USSD,SET-0012
TXN105840,7500.0,SUCCESS,REF-00005840,2026/07/06,Merchant_A,Processor_C,NGN,CARD,SET-0019
TXN106303,25000.0,SUCCESS,REF-00006303,2026/07/17,Merchant_C,Processor_C,NGN,MOBILE_MONEY,SET-0030
TXN106105,1500.0,SUCCESS,REF-00006105,2026/07/29,Merchant_D,Processor_C,NGN,CARD,SET-0026
TXN107923,1000.0,SUCCESS,REF-00007923,2026/07/16,Merchant_B,Processor_C,NGN,BANK_TRANSFER,SET-0006
TXN103659,100000.0,SUCCESS,REF-00003659,2026/07/11,Merchant_A,Processor_C,NGN,USSD,SET-0029
TXN106333,10000.0,FAILED,REF-00006333,2026/07/21,Merchant_D,Processor_C,NGN,MOBILE_MONEY,SET-0041
TXN100088,100000.0,SUCCESS,REF-00000088,2026/07/04,Merchant_E,Processor_C,NGN,BANK_TRANSFER,SET-0006
TXN100550,10000.0,SUCCESS,REF-00000550,2026/07/22,Merchant_E,Processor_C,NGN,BANK_TRANSFER,SET-0034
TXN104135,500.0,SUCCESS,REF-00004135,2026/07/29,Merchant_A,Processor_C,NGN,CARD,SET-0023
TXN104416,7500.0,SUCCESS,REF-00004416,2026/07/17,Merchant_A,Processor_C,NGN,MOBILE_MONEY,SET-0013
TXN106868,10000.0,SUCCESS,REF-00006868,2026/07/30,Merchant_A,Processor_C,NGN,CARD,SET-0009
TXN102356,100000.0,SUCCESS,REF-00002356,2026/07/22,Merchant_A,Processor_C,NGN,CARD,SET-0018
TXN104007,7500.0,SUCCESS,REF-00004007,2026/07/24,Merchant_A,Processor_C,NGN,BANK_TRANSFER,SET-0021
TXN109454,50000.0,FAILED,REF-00009454,2026/07/23,Merchant_B,Processor_C,NGN,CARD,SET-0004
TXN105246,50000.0,SUCCESS,REF-00005246,2026/07/07,Merchant_A,Processor_C,NGN,CARD,SET-0007
TXN109717,5000.0,SUCCESS,REF-00009717,2026/07/14,Merchant_B,Processor_C,NGN,BANK_TRANSFER,SET-0034
TXN103277,10000.0,SUCCESS,REF-00003277,2026/07/29,Merchant_A,Processor_C,NGN,MOBILE_MONEY,SET-0030
TXN102320,100000.0,SUCCESS,REF-00002320,2026/07/03,Merchant_D,Processor_C,NGN,BANK_TRANSFER,SET-0012
TXN105340,50000.0,SUCCESS,REF-00005340,2026/07/15,Merchant_D,Processor_C,NGN,CARD,SET-0031
TXN101816,5000.0,SUCCESS,REF-00001816,2026/07/06,Merchant_C,Processor_C,NGN,USSD,SET-0006
TXN106288,250000.0,SUCCESS,REF-00006288,2026/07/10,Merchant_E,Processor_C,NGN,USSD,SET-0042
TXN104955,25000.0,SUCCESS,REF-00004955,2026/07/23,Merchant_B,Processor_C,NGN,BANK_TRANSFER,SET-0032
TXN107635,1000.0,SUCCESS,REF-00007635,2026/07/10,Merchant_C,Processor_C,NGN,USSD,SET-0012
TXN109054,10000.0,SUCCESS,REF-00009054,2026/07/27,Merchant_C,Processor_C,NGN,BANK_TRANSFER,SET-0008
TXN102249,1000.0,REFUNDED,REF-00002249,2026/07/23,Merchant_D,Processor_C,NGN,USSD,SET-0032
TXN105274,10000.0,SUCCESS,REF-00005274,2026/07/08,Merchant_A,Processor_C,NGN,USSD,SET-0042
TXN104275,10000.0,SUCCESS,REF-00004275,2026/07/19,Merchant_E,Processor_C,NGN,USSD,SET-0005
TXN109638,7500.0,SUCCESS,REF-00009638,2026/07/23,Merchant_B,Processor_C,NGN,USSD,SET-0039
TXN100572,7750.0,SUCCESS,REF-00000572,2026/07/06,Merchant_B,Processor_C,NGN,MOBILE_MONEY,SET-0011
TXN106071,5000.0,SUCCESS,REF-00006071,2026/07/13,Merchant_D,Processor_C,NGN,USSD,SET-0005
TXN104697,10000.0,SUCCESS,REF-00004697,2026/07/10,Merchant_D,Processor_C,NGN,USSD,SET-0034
TXN107301,7500.0,SUCCESS,REF-00007301,2026/07/27,Merchant_C,Processor_C,NGN,USSD,SET-0026
TXN102175,50000.0,SUCCESS,REF-00002175,2026/07/10,Merchant_A,Processor_C,NGN,USSD,SET-0041
TXN109685,7500.0,SUCCESS,REF-00009685,2026/07/05,Merchant_B,Processor_C,NGN,MOBILE_MONEY,SET-0006
TXN101688,15000.0,SUCCESS,REF-00001688,2026/07/02,Merchant_B,Processor_C,NGN,MOBILE_MONEY,SET-0010
TXN109781,7500.0,SUCCESS,REF-00009781,2026/07/12,Merchant_D,Processor_C,NGN,BANK_TRANSFER,SET-0011
TXN106915,1500.0,SUCCESS,REF-00006915,2026/07/26,Merchant_B,Processor_C,NGN,BANK_TRANSFER,SET-0002
TXN109175,2500.0,SUCCESS,REF-00009175,2026/07/04,Merchant_E,Processor_C,NGN,CARD,SET-0014
TXN101006,25000.0,SUCCESS,REF-00001006,2026/07/13,Merchant_B,Processor_C,NGN,MOBILE_MONEY,SET-0037
TXN101334,250000.0,SUCCESS,REF-00001334,2026/07/19,Merchant_C,Processor_C,NGN,CARD,SET-0019
TXN102134,25000.0,SUCCESS,REF-00002134,2026/07/23,Merchant_D,Processor_C,NGN,BANK_TRANSFER,SET-0019
TXN100768,5000.0,SUCCESS,REF-00000768,2026/07/30,Merchant_C,Processor_C,NGN,MOBILE_MONEY,SET-0033
TXN100154,250000.0,SUCCESS,REF-00000154,2026/07/26,Merchant_A,Processor_C,NGN,USSD,SET-0015
TXN107815,10000.0,SUCCESS,REF-00007815,2026/07/31,Merchant_C,Processor_C,NGN,USSD,SET-0025
TXN103784,50000.0,SUCCESS,REF-00003784,2026/07/01,Merchant_A,Processor_C,NGN,BANK_TRANSFER,SET-0031
TXN106944,10000.0,SUCCESS,REF-00006944,2026/07/17,Merchant_A,Processor_C,NGN,MOBILE_MONEY,SET-0021
TXN103630,25000.0,SUCCESS,REF-00003630,2026/07/24,Merchant_A,Processor_C,NGN,CARD,SET-0045
TXN108701,50000.0,SUCCESS,REF-00008701,2026/07/23,Merchant_B,Processor_C,NGN,MOBILE_MONEY,SET-0038
TXN100478,250000.0,SUCCESS,REF-00000478,2026/07/20,Merchant_B,Processor_C,NGN,BANK_TRANSFER,SET-0035
TXN109607,10000.0,SUCCESS,REF-00009607,2026/07/31,Merchant_B,Processor_C,NGN,USSD,SET-0026
TXN103780,7500.0,REFUNDED,REF-00003780,2026/07/25,Merchant_E,Processor_C,NGN,USSD,SET-0050
TXN108697,10000.0,SUCCESS,REF-00008697,2026/07/16,Merchant_D,Processor_C,NGN,USSD,SET-0027
TXN102853,100000.0,SUCCESS,REF-00002853,2026/07/04,Merchant_D,Processor_C,NGN,MOBILE_MONEY,SET-0021
TXN102051,10000.0,SUCCESS,REF-00002051,2026/07/24,Merchant_E,Processor_C,NGN,CARD,SET-0020
TXN105914,10000.0,SUCCESS,REF-00005914,2026/07/16,Merchant_B,Processor_C,NGN,USSD,SET-0017
TXN103983,2500.0,SUCCESS,REF-00003983,2026/07/07,Merchant_C,Processor_C,NGN,BANK_TRANSFER,SET-0037
TXN101778,2500.0,SUCCESS,REF-00001778,2026/07/17,Merchant_D,Processor_C,NGN,USSD,SET-0046
TXN104604,25000.0,SUCCESS,REF-00004604,2026/07/21,Merchant_A,Processor_C,NGN,CARD,SET-0038
TXN103564,7500.0,SUCCESS,REF-00003564,2026/07/28,Merchant_A,Processor_C,NGN,MOBILE_MONEY,SET-0020
PROC_ONLY1044,25000.0,SUCCESS,PROC-ONLY-REF-00044,2026/07/14,Merchant_B,Processor_C,NGN,MOBILE_MONEY,SET-0024
TXN109185,25000.0,SUCCESS,REF-00009185,2026/07/24,Merchant_D,Processor_C,NGN,MOBILE_MONEY,SET-0024
TXN100852,2500.0,SUCCESS,REF-00000852,2026/07/17,Merchant_D,Processor_C,NGN,MOBILE_MONEY,SET-0009
TXN109450,7500.0,SUCCESS,REF-00009450,2026/07/07,Merchant_C,Processor_C,NGN,CARD,SET-0013
TXN104093,100000.0,REFUNDED,REF-00004093,2026/07/04,Merchant_E,Processor_C,NGN,USSD,SET-0005
TXN105214,7500.0,SUCCESS,REF-00005214,2026/07/20,Merchant_C,Processor_C,NGN,USSD,SET-0019
TXN103213,25000.0,FAILED,REF-00003213,2026/07/03,Merchant_E,Processor_C,NGN,CARD,SET-0026
TXN107462,100000.0,SUCCESS,REF-00007462,2026/07/03,Merchant_C,Processor_C,NGN,USSD,SET-0005
TXN100541,15000.0,SUCCESS,REF-00000541,2026/07/23,Merchant_A,Processor_C,NGN,USSD,SET-0047
TXN107885,50000.0,SUCCESS,REF-00007885,2026/07/25,Merchant_A,Processor_C,NGN,BANK_TRANSFER,SET-0012
TXN102569,100000.0,SUCCESS,REF-00002569,2026/07/19,Merchant_D,Processor_C,NGN,MOBILE_MONEY,SET-0006
TXN102033,250000.0,SUCCESS,REF-00002033,2026/07/23,Merchant_C,Processor_C,NGN,USSD,SET-0019
TXN102790,25000.0,SUCCESS,REF-00002790,2026/07/08,Merchant_D,Processor_C,NGN,CARD,SET-0013
PROC_ONLY1007,10000.0,SUCCESS,PROC-ONLY-REF-00007,2026/07/08,Merchant_A,Processor_C,NGN,USSD,SET-0035
TXN103879,2500.0,REFUNDED,REF-00003879,2026/07/22,Merchant_D,Processor_C,NGN,USSD,SET-0046
TXN101269,5000.0,SUCCESS,REF-00001269,2026/07/26,Merchant_A,Processor_C,NGN,CARD,SET-0005
TXN108576,15000.0,SUCCESS,REF-00008576,2026/07/12,Merchant_A,Processor_C,NGN,USSD,SET-0045
TXN105257,10000.0,SUCCESS,REF-00005257,2026/07/16,Merchant_B,Processor_C,NGN,BANK_TRANSFER,SET-0016
TXN103190,5000.0,SUCCESS,REF-00003190,2026/07/01,Merchant_A,Processor_C,NGN,USSD,SET-0017
TXN102196,7500.0,SUCCESS,REF-00002196,2026/07/28,Merchant_B,Processor_C,NGN,MOBILE_MONEY,SET-0045
TXN108665,10250.0,SUCCESS,REF-00008665,2026/07/23,Merchant_E,Processor_C,NGN,BANK_TRANSFER,SET-0020
TXN107447,2500.0,SUCCESS,REF-00007447,2026/07/07,Merchant_A,Processor_C,NGN,USSD,SET-0019
TXN101468,100000.0,SUCCESS,REF-00001468,2026/07/25,Merchant_D,Processor_C,NGN,MOBILE_MONEY,SET-0004
TXN103764,10000.0,SUCCESS,REF-00003764,2026/07/13,Merchant_D,Processor_C,NGN,MOBILE_MONEY,SET-0040
TXN109177,50000.0,SUCCESS,REF-00009177,2026/07/06,Merchant_C,Processor_C,NGN,BANK_TRANSFER,SET-0023
TXN102807,1500.0,SUCCESS,REF-00002807,2026/07/17,Merchant_A,Processor_C,NGN,USSD,SET-0038
TXN107230,500.0,SUCCESS,REF-00007230,2026/07/10,Merchant_C,Processor_C,NGN,CARD,SET-0011
TXN100970,15000.0,SUCCESS,REF-00000970,2026/07/29,Merchant_D,Processor_C,NGN,CARD,SET-0021
TXN104262,7500.0,SUCCESS,REF-00004262,2026/07/17,Merchant_B,Processor_C,NGN,MOBILE_MONEY,SET-0003
TXN105050,2500.0,SUCCESS,REF-00005050,2026/07/06,Merchant_B,Processor_C,NGN,BANK_TRANSFER,SET-0028
TXN104597,2500.0,REFUNDED,REF-00004597,2026/07/11,Merchant_A,Processor_C,NGN,CARD,SET-0028
TXN108110,10000.0,SUCCESS,REF-00008110,2026/07/13,Merchant_D,Processor_C,NGN,USSD,SET-0045
TXN107129,100000.0,SUCCESS,REF-00007129,2026/07/06,Merchant_D,Processor_C,NGN,BANK_TRANSFER,SET-0002
TXN104445,250000.0,SUCCESS,REF-00004445,2026/07/17,Merchant_C,Processor_C,NGN,BANK_TRANSFER,SET-0043
TXN102903,7500.0,SUCCESS,REF-00002903,2026/07/16,Merchant_E,Processor_C,NGN,BANK_TRANSFER,SET-0030
TXN107084,15000.0,SUCCESS,REF-00007084,2026/07/30,Merchant_B,Processor_C,NGN,MOBILE_MONEY,SET-0025
TXN107017,1000.0,SUCCESS,REF-00007017,2026/07/20,Merchant_E,Processor_C,NGN,CARD,SET-0049
TXN104708,50000.0,SUCCESS,REF-00004708,2026/07/04,Merchant_E,Processor_C,NGN,BANK_TRANSFER,SET-0031
TXN103768,1500.0,SUCCESS,REF-00003768,2026/07/17,Merchant_B,Processor_C,NGN,CARD,SET-0029
TXN102735,25000.0,SUCCESS,REF-00002735,2026/07/31,Merchant_E,Processor_C,NGN,USSD,SET-0004
TXN100911,2500.0,SUCCESS,REF-00000911,2026/07/21,Merchant_A,Processor_C,NGN,BANK_TRANSFER,SET-0002
TXN105519,15000.0,SUCCESS,REF-00005519,2026/07/27,Merchant_E,Processor_C,NGN,MOBILE_MONEY,SET-0021
TXN103092,7500.0,SUCCESS,REF-00003092,2026/07/07,Merchant_A,Processor_C,NGN,BANK_TRANSFER,SET-0033
TXN106848,15000.0,SUCCESS,REF-00006848,2026/07/04,Merchant_A,Processor_C,NGN,MOBILE_MONEY,SET-0037
TXN107723,25000.0,SUCCESS,REF-00007723,2026/07/20,Merchant_C,Processor_C,NGN,CARD,SET-0022
TXN100833,1500.0,SUCCESS,REF-00000833,2026/07/13,Merchant_D,Processor_C,NGN,MOBILE_MONEY,SET-0041
TXN104434,1000.0,FAILED,REF-00004434,2026/07/03,Merchant_E,Processor_C,NGN,CARD,SET-0033
TXN100589,1500.0,SUCCESS,REF-00000589,2026/07/24,Merchant_A,Processor_C,NGN,CARD,SET-0043
TXN101218,15000.0,SUCCESS,REF-00001218,2026/07/14,Merchant_D,Processor_C,NGN,BANK_TRANSFER,SET-0005
TXN103707,5000.0,SUCCESS,REF-00003707,2026/07/26,Merchant_B,Processor_C,NGN,MOBILE_MONEY,SET-0003
TXN108244,5000.0,SUCCESS,REF-00008244,2026/07/27,Merchant_D,Processor_C,NGN,USSD,SET-0009
TXN109705,1500.0,SUCCESS,REF-00009705,2026/07/21,Merchant_C,Processor_C,NGN,CARD,SET-0039
TXN100246,7500.0,SUCCESS,REF-00000246,2026/07/13,Merchant_D,Processor_C,NGN,BANK_TRANSFER,SET-0032
TXN100862,10000.0,SUCCESS,REF-00000862,2026/07/19,Merchant_C,Processor_C,NGN,CARD,SET-0012
TXN103200,10000.0,SUCCESS,REF-00003200,2026/07/01,Merchant_D,Processor_C,NGN,CARD,SET-0050
TXN100505,1500.0,SUCCESS,REF-00000505,2026/07/17,Merchant_A,Processor_C,NGN,CARD,SET-0026
TXN106961,7500.0,SUCCESS,REF-00006961,2026/07/27,Merchant_B,Processor_C,NGN,MOBILE_MONEY,SET-0005
TXN102509,100000.0,SUCCESS,REF-00002509,2026/07/11,Merchant_D,Processor_C,NGN,CARD,SET-0033
TXN103121,2500.0,SUCCESS,REF-00003121,2026/07/18,Merchant_E,Processor_C,NGN,CARD,SET-0023
TXN102620,25000.0,SUCCESS,REF-00002620,2026/07/02,Merchant_A,Processor_C,NGN,MOBILE_MONEY,SET-0016
TXN106059,50000.0,SUCCESS,REF-00006059,2026/07/18,Merchant_A,Processor_C,NGN,USSD,SET-0018
TXN108012,15000.0,SUCCESS,REF-00008012,2026/07/02,Merchant_A,Processor_C,NGN,MOBILE_MONEY,SET-0016
TXN104813,10000.0,SUCCESS,REF-00004813,2026/07/19,Merchant_A,Processor_C,NGN,MOBILE_MONEY,SET-0010
TXN106966,50000.0,SUCCESS,REF-00006966,2026/07/28,Merchant_E,Processor_C,NGN,BANK_TRANSFER,SET-0026
TXN100770,1000.0,SUCCESS,REF-00000770,2026/07/16,Merchant_C,Processor_C,NGN,BANK_TRANSFER,SET-0004
TXN101239,1500.0,SUCCESS,REF-00001239,2026/07/26,Merchant_D,Processor_C,NGN,CARD,SET-0027
TXN108819,5000.0,SUCCESS,REF-00008819,2026/07/02,Merchant_A,Processor_C,NGN,BANK_TRANSFER,SET-0001
TXN103014,15000.0,REFUNDED,REF-00003014,2026/07/15,Merchant_B,Processor_C,NGN,MOBILE_MONEY,SET-0022
TXN101106,7500.0,SUCCESS,REF-00001106,2026/07/05,Merchant_D,Processor_C,NGN,CARD,SET-0014
TXN100067,50000.0,SUCCESS,REF-00000067,2026/07/18,Merchant_D,Processor_C,NGN,BANK_TRANSFER,SET-0025
TXN106665,25000.0,SUCCESS,REF-00006665,2026/07/12,Merchant_C,Processor_C,NGN,BANK_TRANSFER,SET-0024
TXN103323,10000.0,SUCCESS,REF-00003323,2026/07/11,Merchant_E,Processor_C,NGN,MOBILE_MONEY,SET-0049
TXN106304,5000.0,SUCCESS,REF-00006304,2026/07/21,Merchant_A,Processor_C,NGN,USSD,SET-0047
TXN106038,1500.0,SUCCESS,REF-00006038,2026/07/15,Merchant_C,Processor_C,NGN,USSD,SET-0045
TXN107966,5000.0,SUCCESS,REF-00007966,2026/07/22,Merchant_A,Processor_C,NGN,MOBILE_MONEY,SET-0002
TXN101245,15000.0,SUCCESS,REF-00001245,2026/07/20,Merchant_C,Processor_C,NGN,USSD,SET-0018
TXN102806,25000.0,SUCCESS,REF-00002806,2026/07/18,Merchant_D,Processor_C,NGN,USSD,SET-0001
TXN108204,15000.0,SUCCESS,REF-00008204,2026/07/26,Merchant_B,Processor_C,NGN,USSD,SET-0044
TXN103303,5000.0,SUCCESS,REF-00003303,2026/07/29,Merchant_E,Processor_C,NGN,USSD,SET-0025
TXN107721,100000.0,SUCCESS,REF-00007721,2026/07/07,Merchant_D,Processor_C,NGN,CARD,SET-0020
TXN107255,10000.0,SUCCESS,REF-00007255,2026/07/04,Merchant_A,Processor_C,NGN,BANK_TRANSFER,SET-0022
TXN108748,1500.0,SUCCESS,REF-00008748,2026/07/11,Merchant_D,Processor_C,NGN,MOBILE_MONEY,SET-0034
TXN102496,10000.0,SUCCESS,REF-00002496,2026/07/06,Merchant_C,Processor_C,NGN,MOBILE_MONEY,SET-0042
TXN105775,5000.0,SUCCESS,REF-00005775,2026/07/24,Merchant_D,Processor_C,NGN,MOBILE_MONEY,SET-0049
TXN107396,1500.0,SUCCESS,REF-00007396,2026/07/22,Merchant_B,Processor_C,NGN,MOBILE_MONEY,SET-0017
TXN104674,7500.0,SUCCESS,REF-00004674,2026/07/30,Merchant_B,Processor_C,NGN,BANK_TRANSFER,SET-0046
TXN107941,15000.0,SUCCESS,REF-00007941,2026/07/15,Merchant_A,Processor_C,NGN,CARD,SET-0035
TXN102486,10000.0,SUCCESS,REF-00002486,2026/07/09,Merchant_B,Processor_C,NGN,BANK_TRANSFER,SET-0023
TXN100171,500.0,SUCCESS,REF-00000171,2026/07/08,Merchant_A,Processor_C,NGN,MOBILE_MONEY,SET-0040
TXN104533,5000.0,SUCCESS,REF-00004533,2026/07/17,Merchant_A,Processor_C,NGN,CARD,SET-0049
TXN104267,1000.0,SUCCESS,REF-00004267,2026/07/26,Merchant_E,Processor_C,NGN,BANK_TRANSFER,SET-0002
TXN104161,1000.0,SUCCESS,REF-00004161,2026/07/26,Merchant_D,Processor_C,NGN,MOBILE_MONEY,SET-0008
TXN109943,15000.0,SUCCESS,REF-00009943,2026/07/12,Merchant_B,Processor_C,NGN,USSD,SET-0031
TXN100082,5100.0,SUCCESS,REF-00000082,2026/07/03,Merchant_E,Processor_C,NGN,BANK_TRANSFER,SET-0020
TXN107243,10000.0,SUCCESS,REF-00007243,2026/07/09,Merchant_D,Processor_C,NGN,USSD,SET-0040
TXN109330,25000.0,SUCCESS,REF-00009330,2026/07/15,Merchant_B,Processor_C,NGN,BANK_TRANSFER,SET-0049
TXN101055,5000.0,SUCCESS,REF-00001055,2026/07/22,Merchant_D,Processor_C,NGN,CARD,SET-0047
TXN104089,1000.0,SUCCESS,REF-00004089,2026/07/28,Merchant_A,Processor_C,NGN,BANK_TRANSFER,SET-0006
TXN107727,7500.0,SUCCESS,REF-00007727,2026/07/29,Merchant_C,Processor_C,NGN,MOBILE_MONEY,SET-0041
TXN108276,10000.0,SUCCESS,REF-00008276,2026/07/04,Merchant_C,Processor_C,NGN,USSD,SET-0001
TXN107387,250000.0,SUCCESS,REF-00007387,2026/07/06,Merchant_C,Processor_C,NGN,CARD,SET-0045
TXN102092,2500.0,SUCCESS,REF-00002092,2026/07/05,Merchant_A,Processor_C,NGN,USSD,SET-0007
TXN108166,1000.0,REFUNDED,REF-00008166,2026/07/27,Merchant_E,Processor_C,NGN,CARD,SET-0008
TXN108518,7500.0,SUCCESS,REF-00008518,2026/07/23,Merchant_B,Processor_C,NGN,MOBILE_MONEY,SET-0046
TXN104506,25000.0,FAILED,REF-00004506,2026/07/08,Merchant_B,Processor_C,NGN,BANK_TRANSFER,SET-0035
TXN107550,100000.0,SUCCESS,REF-00007550,2026/07/18,Merchant_E,Processor_C,NGN,USSD,SET-0029
TXN108186,2500.0,SUCCESS,REF-00008186,2026/07/14,Merchant_C,Processor_C,NGN,USSD,SET-0027
TXN105682,100000.0,SUCCESS,REF-00005682,2026/07/16,Merchant_B,Processor_C,NGN,BANK_TRANSFER,SET-0030
TXN105947,500.0,SUCCESS,REF-00005947,2026/07/27,Merchant_B,Processor_C,NGN,CARD,SET-0035
TXN101597,1000.0,SUCCESS,REF-00001597,2026/07/11,Merchant_A,Processor_C,NGN,MOBILE_MONEY,SET-0014
TXN100543,15000.0,SUCCESS,REF-00000543,2026/07/22,Merchant_D,Processor_C,NGN,CARD,SET-0016
TXN104881,7500.0,FAILED,REF-00004881,2026/07/22,Merchant_A,Processor_C,NGN,BANK_TRANSFER,SET-0030
TXN109894,25000.0,SUCCESS,REF-00009894,2026/07/15,Merchant_B,Processor_C,NGN,USSD,SET-0049
TXN104213,2500.0,SUCCESS,REF-00004213,2026/07/04,Merchant_B,Processor_C,NGN,CARD,SET-0001
TXN109721,7500.0,SUCCESS,REF-00009721,2026/07/12,Merchant_A,Processor_C,NGN,BANK_TRANSFER,SET-0009
TXN100895,2500.0,SUCCESS,REF-00000895,2026/07/17,Merchant_D,Processor_C,NGN,BANK_TRANSFER,SET-0014
TXN109153,10000.0,SUCCESS,REF-00009153,2026/07/27,Merchant_A,Processor_C,NGN,USSD,SET-0037
TXN108951,50000.0,SUCCESS,REF-00008951,2026/07/29,Merchant_D,Processor_C,NGN,BANK_TRANSFER,SET-0033
TXN100545,5000.0,SUCCESS,REF-00000545,2026/07/25,Merchant_B,Processor_C,NGN,CARD,SET-0046
TXN103694,5000.0,SUCCESS,REF-00003694,2026/07/24,Merchant_A,Processor_C,NGN,CARD,SET-0028
TXN105992,7500.0,REFUNDED,REF-00005992,2026/07/10,Merchant_E,Processor_C,NGN,CARD,SET-0048
TXN108702,5000.0,SUCCESS,REF-00008702,2026/07/20,Merchant_D,Processor_C,NGN,USSD,SET-0025
TXN104183,5000.0,SUCCESS,REF-00004183,2026/07/17,Merchant_B,Processor_C,NGN,USSD,SET-0041
TXN101121,250000.0,SUCCESS,REF-00001121,2026/07/02,Merchant_E,Processor_C,NGN,BANK_TRANSFER,SET-0007
TXN104459,10000.0,SUCCESS,REF-00004459,2026/07/11,Merchant_B,Processor_C,NGN,CARD,SET-0013
TXN109021,100000.0,FAILED,REF-00009021,2026/07/27,Merchant_E,Processor_C,NGN,CARD,SET-0018
TXN105648,15000.0,SUCCESS,REF-00005648,2026/07/19,Merchant_E,Processor_C,NGN,BANK_TRANSFER,SET-0008
TXN108623,50000.0,SUCCESS,REF-00008623,2026/07/02,Merchant_B,Processor_C,NGN,CARD,SET-0021
TXN102055,15000.0,SUCCESS,REF-00002055,2026/07/10,Merchant_B,Processor_C,NGN,BANK_TRANSFER,SET-0042
TXN104121,10000.0,SUCCESS,REF-00004121,2026/07/27,Merchant_D,Processor_C,NGN,CARD,SET-0022
TXN107744,7500.0,SUCCESS,REF-00007744,2026/07/25,Merchant_C,Processor_C,NGN,MOBILE_MONEY,SET-0045
TXN100422,1000.0,SUCCESS,REF-00000422,2026/07/03,Merchant_C,Processor_C,NGN,BANK_TRANSFER,SET-0013
TXN104858,100000.0,SUCCESS,REF-00004858,2026/07/17,Merchant_D,Processor_C,NGN,BANK_TRANSFER,SET-0046
TXN101787,15000.0,SUCCESS,REF-00001787,2026/07/19,Merchant_B,Processor_C,NGN,CARD,SET-0005
TXN104820,5000.0,SUCCESS,REF-00004820,2026/07/31,Merchant_D,Processor_C,NGN,USSD,SET-0006
TXN101419,100000.0,SUCCESS,REF-00001419,2026/07/13,Merchant_B,Processor_C,NGN,USSD,SET-0023
TXN102554,1000.0,SUCCESS,REF-00002554,2026/07/13,Merchant_D,Processor_C,NGN,CARD,SET-0014
TXN103178,50000.0,SUCCESS,REF-00003178,2026/07/24,Merchant_D,Processor_C,NGN,MOBILE_MONEY,SET-0020
TXN105507,5000.0,SUCCESS,REF-00005507,2026/07/17,Merchant_D,Processor_C,NGN,CARD,SET-0020
TXN109719,25000.0,SUCCESS,REF-00009719,2026/07/14,Merchant_E,Processor_C,NGN,BANK_TRANSFER,SET-0018
TXN103582,5000.0,SUCCESS,REF-00003582,2026/07/23,Merchant_B,Processor_C,NGN,CARD,SET-0037
TXN100588,1500.0,SUCCESS,REF-00000588,2026/07/17,Merchant_C,Processor_C,NGN,MOBILE_MONEY,SET-0006
TXN101607,50000.0,SUCCESS,REF-00001607,2026/07/27,Merchant_A,Processor_C,NGN,USSD,SET-0027
TXN104501,10000.0,FAILED,REF-00004501,2026/07/26,Merchant_E,Processor_C,NGN,CARD,SET-0044
TXN106929,15000.0,SUCCESS,REF-00006929,2026/07/25,Merchant_B,Processor_C,NGN,BANK_TRANSFER,SET-0007
TXN102485,250000.0,SUCCESS,REF-00002485,2026/07/01,Merchant_C,Processor_C,NGN,USSD,SET-0030
TXN101674,50000.0,SUCCESS,REF-00001674,2026/07/06,Merchant_B,Processor_C,NGN,MOBILE_MONEY,SET-0034
TXN107568,50000.0,SUCCESS,REF-00007568,2026/07/04,Merchant_C,Processor_C,NGN,CARD,SET-0009
TXN106289,7500.0,SUCCESS,REF-00006289,2026/07/01,Merchant_D,Processor_C,NGN,USSD,SET-0041
TXN102192,15000.0,FAILED,REF-00002192,2026/07/26,Merchant_A,Processor_C,NGN,MOBILE_MONEY,SET-0004
TXN105902,1500.0,SUCCESS,REF-00005902,2026/07/09,Merchant_A,Processor_C,NGN,CARD,SET-0002
TXN105803,50000.0,SUCCESS,REF-00005803,2026/07/20,Merchant_D,Processor_C,NGN,BANK_TRANSFER,SET-0007
TXN100492,5000.0,SUCCESS,REF-00000492,2026/07/08,Merchant_B,Processor_C,NGN,BANK_TRANSFER,SET-0020
TXN102420,1500.0,REFUNDED,REF-00002420,2026/07/25,Merchant_C,Processor_C,NGN,CARD,SET-0004
TXN106662,5000.0,SUCCESS,REF-00006662,2026/07/05,Merchant_D,Processor_C,NGN,USSD,SET-0050
TXN106446,250000.0,SUCCESS,REF-00006446,2026/07/03,Merchant_B,Processor_C,NGN,BANK_TRANSFER,SET-0007
TXN105555,25000.0,SUCCESS,REF-00005555,2026/07/19,Merchant_A,Processor_C,NGN,USSD,SET-0030
TXN101640,10000.0,REFUNDED,REF-00001640,2026/07/29,Merchant_E,Processor_C,NGN,CARD,SET-0012
TXN109081,7500.0,SUCCESS,REF-00009081,2026/07/29,Merchant_B,Processor_C,NGN,BANK_TRANSFER,SET-0046
TXN101699,10000.0,SUCCESS,REF-00001699,2026/07/25,Merchant_C,Processor_C,NGN,BANK_TRANSFER,SET-0019
TXN109229,25000.0,SUCCESS,REF-00009229,2026/07/14,Merchant_D,Processor_C,NGN,MOBILE_MONEY,SET-0037
TXN103247,7500.0,SUCCESS,REF-00003247,2026/07/07,Merchant_D,Processor_C,NGN,USSD,SET-0045
TXN106467,1000.0,SUCCESS,REF-00006467,2026/07/04,Merchant_A,Processor_C,NGN,BANK_TRANSFER,SET-0014
TXN104136,25000.0,SUCCESS,REF-00004136,2026/07/28,Merchant_A,Processor_C,NGN,MOBILE_MONEY,SET-0035
TXN105306,10000.0,SUCCESS,REF-00005306,2026/07/09,Merchant_A,Processor_C,NGN,USSD,SET-0041
TXN106952,7500.0,SUCCESS,REF-00006952,2026/07/14,Merchant_B,Processor_C,NGN,MOBILE_MONEY,SET-0041
TXN101738,5000.0,SUCCESS,REF-00001738,2026/07/07,Merchant_E,Processor_C,NGN,BANK_TRANSFER,SET-0032
TXN107266,2500.0,SUCCESS,REF-00007266,2026/07/26,Merchant_C,Processor_C,NGN,CARD,SET-0029
TXN108598,10000.0,SUCCESS,REF-00008598,2026/07/11,Merchant_E,Processor_C,NGN,BANK_TRANSFER,SET-0021
TXN100204,15000.0,SUCCESS,REF-00000204,2026/07/05,Merchant_A,Processor_C,NGN,MOBILE_MONEY,SET-0009
TXN100117,1500.0,SUCCESS,REF-00000117,2026/07/16,Merchant_B,Processor_C,NGN,USSD,SET-0010
TXN104812,500.0,SUCCESS,REF-00004812,2026/07/19,Merchant_B,Processor_C,NGN,BANK_TRANSFER,SET-0036
TXN109577,25000.0,SUCCESS,REF-00009577,2026/07/30,Merchant_A,Processor_C,NGN,MOBILE_MONEY,SET-0046
TXN102094,5000.0,SUCCESS,REF-00002094,2026/07/28,Merchant_A,Processor_C,NGN,USSD,SET-0027
TXN108987,100000.0,SUCCESS,REF-00008987,2026/07/13,Merchant_D,Processor_C,NGN,CARD,SET-0001
TXN105272,5000.0,SUCCESS,REF-00005272,2026/07/25,Merchant_D,Processor_C,NGN,BANK_TRANSFER,SET-0018
TXN102466,7500.0,SUCCESS,REF-00002466,2026/07/09,Merchant_B,Processor_C,NGN,MOBILE_MONEY,SET-0029
TXN107047,500.0,FAILED,REF-00007047,2026/07/25,Merchant_B,Processor_C,NGN,MOBILE_MONEY,SET-0033
TXN109993,50000.0,SUCCESS,REF-00009993,2026/07/21,Merchant_B,Processor_C,NGN,CARD,SET-0026
TXN106464,50000.0,SUCCESS,REF-00006464,2026/07/03,Merchant_D,Processor_C,NGN,CARD,SET-0023
TXN101712,25000.0,SUCCESS,REF-00001712,2026/07/03,Merchant_C,Processor_C,NGN,CARD,SET-0038
TXN106307,5000.0,SUCCESS,REF-00006307,2026/07/07,Merchant_C,Processor_C,NGN,CARD,SET-0025
TXN109886,100000.0,REFUNDED,REF-00009886,2026/07/20,Merchant_A,Processor_C,NGN,MOBILE_MONEY,SET-0036
TXN105921,250000.0,FAILED,REF-00005921,2026/07/26,Merchant_C,Processor_C,NGN,MOBILE_MONEY,SET-0026
TXN105135,5000.0,SUCCESS,REF-00005135,2026/07/12,Merchant_E,Processor_C,NGN,USSD,SET-0043
TXN106027,1500.0,SUCCESS,REF-00006027,2026/07/25,Merchant_C,Processor_C,NGN,CARD,SET-0028
TXN106339,5000.0,SUCCESS,REF-00006339,2026/07/22,Merchant_C,Processor_C,NGN,CARD,SET-0029
TXN102296,2500.0,SUCCESS,REF-00002296,2026/07/20,Merchant_D,Processor_C,NGN,MOBILE_MONEY,SET-0017
TXN106971,15000.0,SUCCESS,REF-00006971,2026/07/03,Merchant_C,Processor_C,NGN,CARD,SET-0001
TXN103591,1500.0,SUCCESS,REF-00003591,2026/07/30,Merchant_E,Processor_C,NGN,CARD,SET-0021
TXN104074,15000.0,SUCCESS,REF-00004074,2026/07/16,Merchant_D,Processor_C,NGN,USSD,SET-0023
TXN106060,7500.0,SUCCESS,REF-00006060,2026/07/30,Merchant_A,Processor_C,NGN,BANK_TRANSFER,SET-0020
TXN102907,2500.0,SUCCESS,REF-00002907,2026/07/21,Merchant_D,Processor_C,NGN,MOBILE_MONEY,SET-0037
TXN109497,7500.0,FAILED,REF-00009497,2026/07/18,Merchant_B,Processor_C,NGN,USSD,SET-0037
TXN104666,1000.0,SUCCESS,REF-00004666,2026/07/06,Merchant_D,Processor_C,NGN,MOBILE_MONEY,SET-0008
TXN109088,2500.0,SUCCESS,REF-00009088,2026/07/31,Merchant_B,Processor_C,NGN,MOBILE_MONEY,SET-0038
TXN107211,1500.0,SUCCESS,REF-00007211,2026/07/12,Merchant_A,Processor_C,NGN,BANK_TRANSFER,SET-0045
TXN108612,250000.0,SUCCESS,REF-00008612,2026/07/01,Merchant_E,Processor_C,NGN,BANK_TRANSFER,SET-0012
TXN107824,7500.0,SUCCESS,REF-00007824,2026/07/24,Merchant_C,Processor_C,NGN,CARD,SET-0021
TXN103251,1000.0,SUCCESS,REF-00003251,2026/07/15,Merchant_B,Processor_C,NGN,BANK_TRANSFER,SET-0046
TXN104144,100000.0,SUCCESS,REF-00004144,2026/07/28,Merchant_D,Processor_C,NGN,CARD,SET-0023
TXN103895,50000.0,SUCCESS,REF-00003895,2026/07/25,Merchant_D,Processor_C,NGN,BANK_TRANSFER,SET-0045
PROC_ONLY1011,1000.0,SUCCESS,PROC-ONLY-REF-00011,2026/07/03,Merchant_B,Processor_C,NGN,BANK_TRANSFER,SET-0048
TXN106772,15000.0,SUCCESS,REF-00006772,2026/07/21,Merchant_B,Processor_C,NGN,MOBILE_MONEY,SET-0029
TXN109667,2500.0,SUCCESS,REF-00009667,2026/07/22,Merchant_D,Processor_C,NGN,CARD,SET-0022
TXN108745,10000.0,FAILED,REF-00008745,2026/07/17,Merchant_D,Processor_C,NGN,USSD,SET-0015
TXN105753,25000.0,SUCCESS,REF-00005753,2026/07/01,Merchant_E,Processor_C,NGN,BANK_TRANSFER,SET-0031
TXN103538,15000.0,SUCCESS,REF-00003538,2026/07/10,Merchant_A,Processor_C,NGN,BANK_TRANSFER,SET-0042
TXN109805,25000.0,SUCCESS,REF-00009805,2026/07/12,Merchant_C,Processor_C,NGN,CARD,SET-0035
TXN109445,1000.0,SUCCESS,REF-00009445,2026/07/26,Merchant_E,Processor_C,NGN,USSD,SET-0026
TXN108975,10000.0,FAILED,REF-00008975,2026/07/24,Merchant_B,Processor_C,NGN,MOBILE_MONEY,SET-0046
TXN108303,2500.0,SUCCESS,REF-00008303,2026/07/28,Merchant_E,Processor_C,NGN,BANK_TRANSFER,SET-0043
TXN100306,10000.0,FAILED,REF-00000306,2026/07/31,Merchant_D,Processor_C,NGN,MOBILE_MONEY,SET-0007
TXN103141,100000.0,SUCCESS,REF-00003141,2026/07/08,Merchant_D,Processor_C,NGN,CARD,SET-0012
TXN106896,50000.0,SUCCESS,REF-00006896,2026/07/25,Merchant_A,Processor_C,NGN,BANK_TRANSFER,SET-0033
TXN100984,25000.0,SUCCESS,REF-00000984,2026/07/30,Merchant_B,Processor_C,NGN,CARD,SET-0037
TXN102998,5000.0,SUCCESS,REF-00002998,2026/07/12,Merchant_E,Processor_C,NGN,USSD,SET-0012
TXN109824,10000.0,SUCCESS,REF-00009824,2026/07/06,Merchant_B,Processor_C,NGN,USSD,SET-0045
TXN103616,10000.0,SUCCESS,REF-00003616,2026/07/27,Merchant_E,Processor_C,NGN,MOBILE_MONEY,SET-0045
TXN108705,10000.0,SUCCESS,REF-00008705,2026/07/21,Merchant_B,Processor_C,NGN,CARD,SET-0048
TXN109803,15000.0,SUCCESS,REF-00009803,2026/07/22,Merchant_E,Processor_C,NGN,USSD,SET-0039
TXN103846,250000.0,SUCCESS,REF-00003846,2026/07/24,Merchant_E,Processor_C,NGN,BANK_TRANSFER,SET-0020
TXN103875,7500.0,SUCCESS,REF-00003875,2026/07/24,Merchant_D,Processor_C,NGN,USSD,SET-0029
TXN103823,5000.0,SUCCESS,REF-00003823,2026/07/10,Merchant_E,Processor_C,NGN,MOBILE_MONEY,SET-0008
TXN109591,1500.0,SUCCESS,REF-00009591,2026/07/16,Merchant_B,Processor_C,NGN,BANK_TRANSFER,SET-0049
TXN105917,15000.0,SUCCESS,REF-00005917,2026/07/24,Merchant_A,Processor_C,NGN,MOBILE_MONEY,SET-0046
TXN102831,15000.0,SUCCESS,REF-00002831,2026/07/28,Merchant_D,Processor_C,NGN,CARD,SET-0026
TXN102878,15000.0,SUCCESS,REF-00002878,2026/07/21,Merchant_C,Processor_C,NGN,MOBILE_MONEY,SET-0002
TXN104358,10000.0,SUCCESS,REF-00004358,2026/07/09,Merchant_A,Processor_C,NGN,USSD,SET-0029
TXN101739,7500.0,SUCCESS,REF-00001739,2026/07/01,Merchant_A,Processor_C,NGN,BANK_TRANSFER,SET-0028
TXN102372,25000.0,SUCCESS,REF-00002372,2026/07/06,Merchant_D,Processor_C,NGN,MOBILE_MONEY,SET-0003
TXN102312,10000.0,SUCCESS,REF-00002312,2026/07/18,Merchant_D,Processor_C,NGN,CARD,SET-0025
TXN102014,10000.0,SUCCESS,REF-00002014,2026/07/04,Merchant_C,Processor_C,NGN,USSD,SET-0040
TXN100141,2500.0,SUCCESS,REF-00000141,2026/07/24,Merchant_D,Processor_C,NGN,CARD,SET-0016
TXN105968,100000.0,SUCCESS,REF-00005968,2026/07/27,Merchant_D,Processor_C,NGN,BANK_TRANSFER,SET-0031
TXN105413,1000.0,SUCCESS,REF-00005413,2026/07/18,Merchant_B,Processor_C,NGN,CARD,SET-0030
TXN109486,500.0,REFUNDED,REF-00009486,2026/07/17,Merchant_E,Processor_C,NGN,MOBILE_MONEY,SET-0037
TXN104893,2500.0,SUCCESS,REF-00004893,2026/07/30,Merchant_D,Processor_C,NGN,USSD,SET-0006
TXN101409,50000.0,SUCCESS,REF-00001409,2026/07/21,Merchant_C,Processor_C,NGN,CARD,SET-0012
TXN106203,15000.0,REFUNDED,REF-00006203,2026/07/03,Merchant_D,Processor_C,NGN,USSD,SET-0040
TXN104385,10000.0,SUCCESS,REF-00004385,2026/07/06,Merchant_A,Processor_C,NGN,BANK_TRANSFER,SET-0045
TXN101613,5000.0,REFUNDED,REF-00001613,2026/07/25,Merchant_C,Processor_C,NGN,USSD,SET-0029
TXN105162,5000.0,SUCCESS,REF-00005162,2026/07/09,Merchant_A,Processor_C,NGN,BANK_TRANSFER,SET-0040
TXN107500,10000.0,SUCCESS,REF-00007500,2026/07/03,Merchant_A,Processor_C,NGN,BANK_TRANSFER,SET-0027
TXN103265,1000.0,REFUNDED,REF-00003265,2026/07/25,Merchant_B,Processor_C,NGN,BANK_TRANSFER,SET-0027
TXN108514,5000.0,SUCCESS,REF-00008514,2026/07/14,Merchant_D,Processor_C,NGN,MOBILE_MONEY,SET-0025
TXN106967,5000.0,SUCCESS,REF-00006967,2026/07/21,Merchant_B,Processor_C,NGN,CARD,SET-0001
TXN102564,7500.0,SUCCESS,REF-00002564,2026/07/08,Merchant_D,Processor_C,NGN,MOBILE_MONEY,SET-0033
TXN109349,50000.0,REFUNDED,REF-00009349,2026/07/09,Merchant_C,Processor_C,NGN,USSD,SET-0002
TXN100179,1500.0,SUCCESS,REF-00000179,2026/07/14,Merchant_C,Processor_C,NGN,MOBILE_MONEY,SET-0023
TXN109135,10000.0,SUCCESS,REF-00009135,2026/07/09,Merchant_A,Processor_C,NGN,MOBILE_MONEY,SET-0040
TXN108809,1500.0,SUCCESS,REF-00008809,2026/07/03,Merchant_A,Processor_C,NGN,BANK_TRANSFER,SET-0050
TXN105819,10000.0,SUCCESS,REF-00005819,2026/07/03,Merchant_B,Processor_C,NGN,USSD,SET-0016
TXN101318,1000.0,SUCCESS,REF-00001318,2026/07/19,Merchant_B,Processor_C,NGN,USSD,SET-0040
TXN106680,15000.0,FAILED,REF-00006680,2026/07/23,Merchant_D,Processor_C,NGN,CARD,SET-0034
TXN109734,25000.0,SUCCESS,REF-00009734,2026/07/31,Merchant_E,Processor_C,NGN,USSD,SET-0001
TXN104234,500.0,FAILED,REF-00004234,2026/07/28,Merchant_E,Processor_C,NGN,CARD,SET-0001
TXN100626,7500.0,SUCCESS,REF-00000626,2026/07/23,Merchant_A,Processor_C,NGN,MOBILE_MONEY,SET-0046
TXN109553,15000.0,SUCCESS,REF-00009553,2026/07/01,Merchant_A,Processor_C,NGN,MOBILE_MONEY,SET-0048
TXN101689,25000.0,SUCCESS,REF-00001689,2026/07/28,Merchant_D,Processor_C,NGN,CARD,SET-0005
TXN100968,10000.0,SUCCESS,REF-00000968,2026/07/28,Merchant_C,Processor_C,NGN,USSD,SET-0044
TXN101804,5000.0,REFUNDED,REF-00001804,2026/07/29,Merchant_B,Processor_C,NGN,BANK_TRANSFER,SET-0016
TXN100725,50000.0,SUCCESS,REF-00000725,2026/07/09,Merchant_A,Processor_C,NGN,BANK_TRANSFER,SET-0045
TXN102225,7500.0,SUCCESS,REF-00002225,2026/07/01,Merchant_D,Processor_C,NGN,BANK_TRANSFER,SET-0005
TXN108155,1500.0,SUCCESS,REF-00008155,2026/07/06,Merchant_E,Processor_C,NGN,MOBILE_MONEY,SET-0035
TXN104664,50000.0,SUCCESS,REF-00004664,2026/07/24,Merchant_E,Processor_C,NGN,USSD,SET-0013
TXN106949,500.0,SUCCESS,REF-00006949,2026/07/25,Merchant_E,Processor_C,NGN,USSD,SET-0009
TXN100318,1500.0,SUCCESS,REF-00000318,2026/07/01,Merchant_B,Processor_C,NGN,CARD,SET-0008
TXN104211,10000.0,REFUNDED,REF-00004211,2026/07/31,Merchant_C,Processor_C,NGN,USSD,SET-0045
TXN102857,500.0,SUCCESS,REF-00002857,2026/07/02,Merchant_A,Processor_C,NGN,CARD,SET-0014
TXN102245,10000.0,SUCCESS,REF-00002245,2026/07/26,Merchant_C,Processor_C,NGN,CARD,SET-0042
TXN102797,15000.0,SUCCESS,REF-00002797,2026/07/02,Merchant_E,Processor_C,NGN,USSD,SET-0044
TXN107776,5000.0,SUCCESS,REF-00007776,2026/07/06,Merchant_C,Processor_C,NGN,BANK_TRANSFER,SET-0015
TXN101423,1500.0,SUCCESS,REF-00001423,2026/07/08,Merchant_A,Processor_C,NGN,CARD,SET-0019
TXN108556,1000.0,SUCCESS,REF-00008556,2026/07/24,Merchant_C,Processor_C,NGN,BANK_TRANSFER,SET-0024
TXN106811,1000.0,SUCCESS,REF-00006811,2026/07/26,Merchant_E,Processor_C,NGN,CARD,SET-0012
PROC_ONLY1024,2500.0,SUCCESS,PROC-ONLY-REF-00024,2026/07/28,Merchant_A,Processor_C,NGN,USSD,SET-0040
TXN109926,7500.0,REFUNDED,REF-00009926,2026/07/29,Merchant_C,Processor_C,NGN,BANK_TRANSFER,SET-0033
TXN108067,5000.0,SUCCESS,REF-00008067,2026/07/26,Merchant_C,Processor_C,NGN,USSD,SET-0027
TXN106586,10000.0,SUCCESS,REF-00006586,2026/07/12,Merchant_D,Processor_C,NGN,BANK_TRANSFER,SET-0038
TXN108073,15000.0,SUCCESS,REF-00008073,2026/07/01,Merchant_C,Processor_C,NGN,USSD,SET-0030
TXN104598,7500.0,SUCCESS,REF-00004598,2026/07/18,Merchant_E,Processor_C,NGN,MOBILE_MONEY,SET-0022
TXN109741,500.0,SUCCESS,REF-00009741,2026/07/13,Merchant_E,Processor_C,NGN,CARD,SET-0032
TXN101978,100000.0,SUCCESS,REF-00001978,2026/07/08,Merchant_A,Processor_C,NGN,BANK_TRANSFER,SET-0049
TXN104297,1500.0,SUCCESS,REF-00004297,2026/07/06,Merchant_E,Processor_C,NGN,BANK_TRANSFER,SET-0016
TXN101093,10000.0,SUCCESS,REF-00001093,2026/07/02,Merchant_A,Processor_C,NGN,USSD,SET-0015
TXN100405,100000.0,SUCCESS,REF-00000405-X,2026/07/02,Merchant_B,Processor_C,NGN,BANK_TRANSFER,SET-0038
TXN106207,5000.0,SUCCESS,REF-00006207,2026/07/22,Merchant_D,Processor_C,NGN,CARD,SET-0037
TXN107241,100000.0,SUCCESS,REF-00007241,2026/07/03,Merchant_B,Processor_C,NGN,MOBILE_MONEY,SET-0015
TXN109373,100000.0,SUCCESS,REF-00009373,2026/07/04,Merchant_A,Processor_C,NGN,BANK_TRANSFER,SET-0008
TXN107538,7500.0,FAILED,REF-00007538,2026/07/30,Merchant_B,Processor_C,NGN,MOBILE_MONEY,SET-0045
TXN101104,250000.0,SUCCESS,REF-00001104,2026/07/19,Merchant_B,Processor_C,NGN,BANK_TRANSFER,SET-0024
TXN107709,50000.0,SUCCESS,REF-00007709,2026/07/04,Merchant_E,Processor_C,NGN,BANK_TRANSFER,SET-0008
TXN100077,1000.0,SUCCESS,REF-00000077,2026/07/07,Merchant_E,Processor_C,NGN,BANK_TRANSFER,SET-0037
TXN108401,100000.0,SUCCESS,REF-00008401,2026/07/27,Merchant_E,Processor_C,NGN,CARD,SET-0026
TXN100056,1000.0,SUCCESS,REF-00000056,2026/07/05,Merchant_D,Processor_C,NGN,MOBILE_MONEY,SET-0004
TXN109106,1500.0,SUCCESS,REF-00009106,2026/07/29,Merchant_B,Processor_C,NGN,USSD,SET-0026
TXN103249,15000.0,SUCCESS,REF-00003249,2026/07/14,Merchant_E,Processor_C,NGN,MOBILE_MONEY,SET-0026
TXN103098,500.0,SUCCESS,REF-00003098,2026/07/01,Merchant_E,Processor_C,NGN,USSD,SET-0015
TXN103257,2500.0,SUCCESS,REF-00003257,2026/07/03,Merchant_D,Processor_C,NGN,BANK_TRANSFER,SET-0040
TXN102103,25000.0,SUCCESS,REF-00002103,2026/07/13,Merchant_D,Processor_C,NGN,USSD,SET-0006
TXN103370,2500.0,SUCCESS,REF-00003370,2026/07/28,Merchant_A,Processor_C,NGN,BANK_TRANSFER,SET-0006
TXN102112,1500.0,SUCCESS,REF-00002112,2026/07/29,Merchant_E,Processor_C,NGN,BANK_TRANSFER,SET-0015
TXN101281,25000.0,SUCCESS,REF-00001281,2026/07/21,Merchant_C,Processor_C,NGN,BANK_TRANSFER,SET-0037
TXN102063,7500.0,SUCCESS,REF-00002063,2026/07/30,Merchant_D,Processor_C,NGN,BANK_TRANSFER,SET-0011
TXN109709,10000.0,SUCCESS,REF-00009709,2026/07/11,Merchant_E,Processor_C,NGN,USSD,SET-0037
TXN101377,10000.0,SUCCESS,REF-00001377,2026/07/23,Merchant_E,Processor_C,NGN,MOBILE_MONEY,SET-0001
TXN100111,1500.0,SUCCESS,REF-00000111,2026/07/23,Merchant_A,Processor_C,NGN,BANK_TRANSFER,SET-0033
TXN100245,100000.0,REFUNDED,REF-00000245,2026/07/20,Merchant_C,Processor_C,NGN,CARD,SET-0002
TXN103698,100000.0,SUCCESS,REF-00003698,2026/07/04,Merchant_C,Processor_C,NGN,USSD,SET-0026
TXN106050,10000.0,SUCCESS,REF-00006050,2026/07/11,Merchant_A,Processor_C,NGN,MOBILE_MONEY,SET-0030
TXN104695,100000.0,SUCCESS,REF-00004695,2026/07/21,Merchant_E,Processor_C,NGN,BANK_TRANSFER,SET-0003
TXN101683,50000.0,SUCCESS,REF-00001683,2026/07/03,Merchant_A,Processor_C,NGN,BANK_TRANSFER,SET-0001
TXN100876,25000.0,SUCCESS,REF-00000876,2026/07/18,Merchant_C,Processor_C,NGN,MOBILE_MONEY,SET-0015
TXN104227,15000.0,SUCCESS,REF-00004227,2026/07/14,Merchant_D,Processor_C,NGN,BANK_TRANSFER,SET-0004
TXN102408,250000.0,REFUNDED,REF-00002408,2026/07/07,Merchant_A,Processor_C,NGN,MOBILE_MONEY,SET-0002
TXN102958,5000.0,SUCCESS,REF-00002958,2026/07/29,Merchant_B,Processor_C,NGN,BANK_TRANSFER,SET-0013
TXN109556,1000.0,SUCCESS,REF-00009556,2026/07/24,Merchant_D,Processor_C,NGN,BANK_TRANSFER,SET-0023
TXN106080,7500.0,SUCCESS,REF-00006080,2026/07/27,Merchant_D,Processor_C,NGN,USSD,SET-0038
TXN101611,15000.0,SUCCESS,REF-00001611,2026/07/22,Merchant_A,Processor_C,NGN,BANK_TRANSFER,SET-0002
TXN102977,500.0,SUCCESS,REF-00002977,2026/07/31,Merchant_A,Processor_C,NGN,BANK_TRANSFER,SET-0049
TXN108370,1500.0,SUCCESS,REF-00008370,2026/07/21,Merchant_A,Processor_C,NGN,BANK_TRANSFER,SET-0030
TXN104868,15000.0,SUCCESS,REF-00004868,2026/07/13,Merchant_B,Processor_C,NGN,USSD,SET-0021
TXN102826,25000.0,SUCCESS,REF-00002826,2026/07/16,Merchant_E,Processor_C,NGN,MOBILE_MONEY,SET-0006
TXN107911,7500.0,SUCCESS,REF-00007911,2026/07/26,Merchant_D,Processor_C,NGN,BANK_TRANSFER,SET-0013
TXN108006,25000.0,SUCCESS,REF-00008006,2026/07/12,Merchant_E,Processor_C,NGN,BANK_TRANSFER,SET-0015
TXN105083,2500.0,SUCCESS,REF-00005083,2026/07/12,Merchant_A,Processor_C,NGN,BANK_TRANSFER,SET-0020
TXN107044,100000.0,SUCCESS,REF-00007044,2026/07/05,Merchant_E,Processor_C,NGN,MOBILE_MONEY,SET-0035
TXN102987,10000.0,SUCCESS,REF-00002987,2026/07/10,Merchant_E,Processor_C,NGN,USSD,SET-0014
TXN109910,5000.0,SUCCESS,REF-00009910,2026/07/01,Merchant_D,Processor_C,NGN,BANK_TRANSFER,SET-0046
TXN103068,2500.0,FAILED,REF-00003068,2026/07/30,Merchant_B,Processor_C,NGN,CARD,SET-0041
TXN103900,7500.0,SUCCESS,REF-00003900,2026/07/27,Merchant_E,Processor_C,NGN,USSD,SET-0034
TXN105823,25000.0,SUCCESS,REF-00005823,2026/07/19,Merchant_D,Processor_C,NGN,MOBILE_MONEY,SET-0047
TXN101931,10000.0,SUCCESS,REF-00001931,2026/07/25,Merchant_E,Processor_C,NGN,USSD,SET-0025
TXN105703,2500.0,SUCCESS,REF-00005703,2026/07/25,Merchant_B,Processor_C,NGN,CARD,SET-0023
TXN109276,5000.0,FAILED,REF-00009276,2026/07/26,Merchant_D,Processor_C,NGN,CARD,SET-0018
TXN107897,10000.0,SUCCESS,REF-00007897,2026/07/15,Merchant_E,Processor_C,NGN,MOBILE_MONEY,SET-0042
TXN104281,25000.0,SUCCESS,REF-00004281,2026/07/20,Merchant_D,Processor_C,NGN,MOBILE_MONEY,SET-0016
TXN107320,2500.0,SUCCESS,REF-00007320,2026/07/05,Merchant_A,Processor_C,NGN,BANK_TRANSFER,SET-0009
TXN107236,15000.0,SUCCESS,REF-00007236,2026/07/26,Merchant_A,Processor_C,NGN,CARD,SET-0003
TXN104952,7500.0,SUCCESS,REF-00004952,2026/07/02,Merchant_A,Processor_C,NGN,CARD,SET-0031
TXN103454,100000.0,SUCCESS,REF-00003454,2026/07/11,Merchant_C,Processor_C,NGN,CARD,SET-0040
TXN100669,5000.0,SUCCESS,REF-00000669,2026/07/19,Merchant_D,Processor_C,NGN,CARD,SET-0039
TXN101634,100000.0,SUCCESS,REF-00001634,2026/07/17,Merchant_D,Processor_C,NGN,USSD,SET-0026
TXN108351,1000.0,FAILED,REF-00008351,2026/07/19,Merchant_C,Processor_C,NGN,MOBILE_MONEY,SET-0012
TXN107165,1100.0,REFUNDED,REF-00007165,2026/07/20,Merchant_E,Processor_C,NGN,USSD,SET-0025
TXN102074,100000.0,SUCCESS,REF-00002074-X,2026/07/05,Merchant_D,Processor_C,NGN,MOBILE_MONEY,SET-0023
TXN106872,15000.0,SUCCESS,REF-00006872,2026/07/08,Merchant_D,Processor_C,NGN,MOBILE_MONEY,SET-0008
TXN105097,2500.0,SUCCESS,REF-00005097,2026/07/10,Merchant_D,Processor_C,NGN,CARD,SET-0043
TXN106345,1000.0,SUCCESS,REF-00006345,2026/07/29,Merchant_B,Processor_C,NGN,USSD,SET-0042
TXN104031,5000.0,SUCCESS,REF-00004031,2026/07/01,Merchant_A,Processor_C,NGN,USSD,SET-0018
TXN105140,10000.0,SUCCESS,REF-00005140,2026/07/13,Merchant_D,Processor_C,NGN,USSD,SET-0023
TXN108864,500.0,SUCCESS,REF-00008864,2026/07/29,Merchant_C,Processor_C,NGN,USSD,SET-0049
TXN106622,10000.0,SUCCESS,REF-00006622,2026/07/18,Merchant_B,Processor_C,NGN,MOBILE_MONEY,SET-0031
TXN102338,1500.0,SUCCESS,REF-00002338,2026/07/02,Merchant_D,Processor_C,NGN,CARD,SET-0033
TXN106942,15000.0,SUCCESS,REF-00006942,2026/07/13,Merchant_C,Processor_C,NGN,BANK_TRANSFER,SET-0049
TXN107903,50000.0,SUCCESS,REF-00007903,2026/07/25,Merchant_A,Processor_C,NGN,BANK_TRANSFER,SET-0046
TXN109500,10000.0,SUCCESS,REF-00009500,2026/07/24,Merchant_E,Processor_C,NGN,MOBILE_MONEY,SET-0041
TXN100850,1000.0,SUCCESS,REF-00000850,2026/07/22,Merchant_D,Processor_C,NGN,CARD,SET-0019
TXN103889,7500.0,SUCCESS,REF-00003889,2026/07/24,Merchant_C,Processor_C,NGN,CARD,SET-0043
TXN101581,7500.0,SUCCESS,REF-00001581,2026/07/21,Merchant_C,Processor_C,NGN,BANK_TRANSFER,SET-0011
TXN101582,15000.0,FAILED,REF-00001582,2026/07/15,Merchant_C,Processor_C,NGN,BANK_TRANSFER,SET-0008
TXN105616,100000.0,SUCCESS,REF-00005616,2026/07/23,Merchant_D,Processor_C,NGN,CARD,SET-0040
TXN102322,15000.0,SUCCESS,REF-00002322,2026/07/29,Merchant_E,Processor_C,NGN,USSD,SET-0015
TXN108915,10000.0,SUCCESS,REF-00008915,2026/07/17,Merchant_C,Processor_C,NGN,MOBILE_MONEY,SET-0021
TXN101068,5000.0,SUCCESS,REF-00001068,2026/07/17,Merchant_D,Processor_C,NGN,USSD,SET-0049
TXN107390,15000.0,SUCCESS,REF-00007390,2026/07/16,Merchant_D,Processor_C,NGN,MOBILE_MONEY,SET-0025
TXN109321,100000.0,REFUNDED,REF-00009321,2026/07/17,Merchant_A,Processor_C,NGN,MOBILE_MONEY,SET-0006
TXN103874,1000.0,SUCCESS,REF-00003874,2026/07/14,Merchant_E,Processor_C,NGN,BANK_TRANSFER,SET-0009
TXN106112,100000.0,SUCCESS,REF-00006112,2026/07/08,Merchant_C,Processor_C,NGN,BANK_TRANSFER,SET-0015
TXN103168,25000.0,SUCCESS,REF-00003168,2026/07/30,Merchant_C,Processor_C,NGN,CARD,SET-0046
TXN107768,1000.0,SUCCESS,REF-00007768,2026/07/20,Merchant_D,Processor_C,NGN,MOBILE_MONEY,SET-0042
TXN101970,500.0,SUCCESS,REF-00001970,2026/07/07,Merchant_B,Processor_C,NGN,BANK_TRANSFER,SET-0013
TXN108390,15000.0,SUCCESS,REF-00008390,2026/07/12,Merchant_E,Processor_C,NGN,CARD,SET-0022
TXN105999,1500.0,FAILED,REF-00005999,2026/07/16,Merchant_A,Processor_C,NGN,BANK_TRANSFER,SET-0047
TXN103703,50000.0,SUCCESS,REF-00003703,2026/07/10,Merchant_C,Processor_C,NGN,BANK_TRANSFER,SET-0039
TXN109165,50000.0,SUCCESS,REF-00009165,2026/07/29,Merchant_C,Processor_C,NGN,USSD,SET-0030
TXN109334,5000.0,SUCCESS,REF-00009334,2026/07/04,Merchant_B,Processor_C,NGN,USSD,SET-0050
TXN106354,100000.0,SUCCESS,REF-00006354,2026/07/09,Merchant_E,Processor_C,NGN,MOBILE_MONEY,SET-0039
TXN104079,2500.0,SUCCESS,REF-00004079,2026/07/18,Merchant_D,Processor_C,NGN,CARD,SET-0021
TXN105342,1000.0,SUCCESS,REF-00005342,2026/07/09,Merchant_A,Processor_C,NGN,MOBILE_MONEY,SET-0010
TXN104019,2500.0,SUCCESS,REF-00004019,2026/07/26,Merchant_D,Processor_C,NGN,MOBILE_MONEY,SET-0037
TXN100509,25000.0,SUCCESS,REF-00000509,2026/07/11,Merchant_B,Processor_C,NGN,BANK_TRANSFER,SET-0030
TXN109778,7500.0,SUCCESS,REF-00009778,2026/07/04,Merchant_B,Processor_C,NGN,USSD,SET-0011
TXN104935,5000.0,FAILED,REF-00004935,2026/07/31,Merchant_E,Processor_C,NGN,USSD,SET-0048
TXN102968,100000.0,SUCCESS,REF-00002968,2026/07/02,Merchant_B,Processor_C,NGN,MOBILE_MONEY,SET-0025
TXN102373,7500.0,SUCCESS,REF-00002373,2026/07/19,Merchant_B,Processor_C,NGN,MOBILE_MONEY,SET-0043
TXN106170,1000.0,SUCCESS,REF-00006170,2026/07/27,Merchant_B,Processor_C,NGN,CARD,SET-0023
TXN109793,2500.0,SUCCESS,REF-00009793,2026/07/07,Merchant_E,Processor_C,NGN,MOBILE_MONEY,SET-0038
TXN109835,500.0,SUCCESS,REF-00009835,2026/07/25,Merchant_E,Processor_C,NGN,BANK_TRANSFER,SET-0013
TXN105184,25000.0,SUCCESS,REF-00005184,2026/07/13,Merchant_D,Processor_C,NGN,BANK_TRANSFER,SET-0046
TXN107315,250000.0,SUCCESS,REF-00007315,2026/07/17,Merchant_A,Processor_C,NGN,MOBILE_MONEY,SET-0002
TXN103363,2500.0,SUCCESS,REF-00003363,2026/07/20,Merchant_E,Processor_C,NGN,USSD,SET-0040
TXN104553,100000.0,SUCCESS,REF-00004553,2026/07/19,Merchant_D,Processor_C,NGN,CARD,SET-0005
TXN107457,7500.0,SUCCESS,REF-00007457,2026/07/17,Merchant_D,Processor_C,NGN,MOBILE_MONEY,SET-0020
TXN100663,2500.0,SUCCESS,REF-00000663,2026/07/04,Merchant_D,Processor_C,NGN,MOBILE_MONEY,SET-0043
TXN101105,1500.0,SUCCESS,REF-00001105,2026/07/17,Merchant_A,Processor_C,NGN,MOBILE_MONEY,SET-0009
TXN107297,10000.0,SUCCESS,REF-00007297,2026/07/12,Merchant_E,Processor_C,NGN,BANK_TRANSFER,SET-0018
TXN101646,1500.0,SUCCESS,REF-00001646,2026/07/30,Merchant_B,Processor_C,NGN,BANK_TRANSFER,SET-0005
TXN107601,1500.0,SUCCESS,REF-00007601,2026/07/23,Merchant_E,Processor_C,NGN,CARD,SET-0010
TXN107130,5000.0,SUCCESS,REF-00007130,2026/07/22,Merchant_E,Processor_C,NGN,BANK_TRANSFER,SET-0025
TXN104835,1000.0,SUCCESS,REF-00004835,2026/07/18,Merchant_E,Processor_C,NGN,MOBILE_MONEY,SET-0034
TXN101069,5000.0,SUCCESS,REF-00001069,2026/07/16,Merchant_B,Processor_C,NGN,USSD,SET-0023
TXN103620,15000.0,SUCCESS,REF-00003620,2026/07/19,Merchant_E,Processor_C,NGN,CARD,SET-0002
TXN102289,2500.0,SUCCESS,REF-00002289,2026/07/28,Merchant_B,Processor_C,NGN,BANK_TRANSFER,SET-0008
TXN104202,1500.0,SUCCESS,REF-00004202,2026/07/07,Merchant_A,Processor_C,NGN,BANK_TRANSFER,SET-0003
TXN106344,7500.0,SUCCESS,REF-00006344,2026/07/01,Merchant_C,Processor_C,NGN,CARD,SET-0011
TXN101482,10000.0,SUCCESS,REF-00001482,2026/07/10,Merchant_E,Processor_C,NGN,BANK_TRANSFER,SET-0047
TXN109025,5000.0,SUCCESS,REF-00009025,2026/07/16,Merchant_B,Processor_C,NGN,USSD,SET-0042
TXN107953,1000.0,SUCCESS,REF-00007953,2026/07/05,Merchant_B,Processor_C,NGN,MOBILE_MONEY,SET-0004
TXN101498,5000.0,SUCCESS,REF-00001498,2026/07/29,Merchant_C,Processor_C,NGN,MOBILE_MONEY,SET-0014
TXN107818,100000.0,SUCCESS,REF-00007818,2026/07/27,Merchant_D,Processor_C,NGN,BANK_TRANSFER,SET-0002
TXN100629,2500.0,SUCCESS,REF-00000629,2026/07/26,Merchant_E,Processor_C,NGN,BANK_TRANSFER,SET-0036
TXN107046,25000.0,SUCCESS,REF-00007046,2026/07/28,Merchant_D,Processor_C,NGN,MOBILE_MONEY,SET-0011
TXN104515,7500.0,SUCCESS,REF-00004515,2026/07/17,Merchant_D,Processor_C,NGN,BANK_TRANSFER,SET-0036
TXN101969,500.0,SUCCESS,REF-00001969,2026/07/26,Merchant_D,Processor_C,NGN,USSD,SET-0028
TXN100690,5000.0,SUCCESS,REF-00000690,2026/07/01,Merchant_D,Processor_C,NGN,USSD,SET-0042
TXN101101,250000.0,SUCCESS,REF-00001101,2026/07/30,Merchant_E,Processor_C,NGN,BANK_TRANSFER,SET-0011
TXN104995,100000.0,SUCCESS,REF-00004995,2026/07/25,Merchant_A,Processor_C,NGN,CARD,SET-0008
TXN109095,100000.0,SUCCESS,REF-00009095,2026/07/22,Merchant_B,Processor_C,NGN,MOBILE_MONEY,SET-0024
TXN100855,2500.0,SUCCESS,REF-00000855,2026/07/25,Merchant_A,Processor_C,NGN,BANK_TRANSFER,SET-0043
TXN106894,10000.0,SUCCESS,REF-00006894,2026/07/22,Merchant_A,Processor_C,NGN,CARD,SET-0040
TXN105736,15000.0,SUCCESS,REF-00005736,2026/07/29,Merchant_D,Processor_C,NGN,USSD,SET-0049
TXN105323,250000.0,FAILED,REF-00005323,2026/07/08,Merchant_C,Processor_C,NGN,USSD,SET-0033
TXN103513,50000.0,SUCCESS,REF-00003513,2026/07/16,Merchant_D,Processor_C,NGN,BANK_TRANSFER,SET-0006
TXN108156,25000.0,SUCCESS,REF-00008156,2026/07/14,Merchant_E,Processor_C,NGN,USSD,SET-0008
TXN101229,7500.0,SUCCESS,REF-00001229,2026/07/25,Merchant_D,Processor_C,NGN,USSD,SET-0025
TXN107676,25000.0,SUCCESS,REF-00007676,2026/07/07,Merchant_E,Processor_C,NGN,MOBILE_MONEY,SET-0022
TXN103377,1500.0,REFUNDED,REF-00003377,2026/07/05,Merchant_B,Processor_C,NGN,USSD,SET-0028
TXN107844,50000.0,REFUNDED,REF-00007844,2026/07/31,Merchant_D,Processor_C,NGN,MOBILE_MONEY,SET-0002
TXN103692,25000.0,SUCCESS,REF-00003692,2026/07/23,Merchant_E,Processor_C,NGN,CARD,SET-0023
TXN107886,2500.0,SUCCESS,REF-00007886,2026/07/29,Merchant_D,Processor_C,NGN,BANK_TRANSFER,SET-0037
TXN108045,1000.0,SUCCESS,REF-00008045,2026/07/31,Merchant_A,Processor_C,NGN,USSD,SET-0043
TXN102592,10000.0,SUCCESS,REF-00002592,2026/07/12,Merchant_B,Processor_C,NGN,CARD,SET-0037
TXN102502,10000.0,SUCCESS,REF-00002502,2026/07/15,Merchant_C,Processor_C,NGN,MOBILE_MONEY,SET-0029
TXN100014,1500.0,SUCCESS,REF-00000014,2026/07/24,Merchant_C,Processor_C,NGN,CARD,SET-0044
TXN108529,15000.0,SUCCESS,REF-00008529,2026/07/14,Merchant_E,Processor_C,NGN,BANK_TRANSFER,SET-0009
TXN106320,15000.0,FAILED,REF-00006320,2026/07/07,Merchant_D,Processor_C,NGN,USSD,SET-0009
TXN103155,15000.0,SUCCESS,REF-00003155,2026/07/30,Merchant_B,Processor_C,NGN,USSD,SET-0003
TXN101265,1000.0,FAILED,REF-00001265,2026/07/09,Merchant_A,Processor_C,NGN,CARD,SET-0049
TXN107985,25000.0,SUCCESS,REF-00007985,2026/07/27,Merchant_E,Processor_C,NGN,MOBILE_MONEY,SET-0013
TXN102980,7500.0,SUCCESS,REF-00002980,2026/07/07,Merchant_A,Processor_C,NGN,USSD,SET-0002
TXN105986,10000.0,REFUNDED,REF-00005986,2026/07/07,Merchant_D,Processor_C,NGN,USSD,SET-0047
TXN108058,10000.0,SUCCESS,REF-00008058,2026/07/23,Merchant_D,Processor_C,NGN,MOBILE_MONEY,SET-0038
TXN109390,100000.0,FAILED,REF-00009390,2026/07/29,Merchant_E,Processor_C,NGN,BANK_TRANSFER,SET-0008
TXN109885,15000.0,SUCCESS,REF-00009885,2026/07/23,Merchant_D,Processor_C,NGN,BANK_TRANSFER,SET-0003
TXN100602,1500.0,SUCCESS,REF-00000602,2026/07/09,Merchant_C,Processor_C,NGN,MOBILE_MONEY,SET-0022
TXN103580,10000.0,SUCCESS,REF-00003580,2026/07/26,Merchant_A,Processor_C,NGN,CARD,SET-0021
TXN106886,2500.0,REFUNDED,REF-00006886,2026/07/10,Merchant_A,Processor_C,NGN,MOBILE_MONEY,SET-0024
TXN102368,5000.0,SUCCESS,REF-00002368,2026/07/16,Merchant_D,Processor_C,NGN,CARD,SET-0040
TXN105879,10000.0,SUCCESS,REF-00005879-X,2026/07/24,Merchant_D,Processor_C,NGN,USSD,SET-0019
TXN103676,1500.0,SUCCESS,REF-00003676,2026/07/26,Merchant_C,Processor_C,NGN,USSD,SET-0023
TXN100882,500.0,SUCCESS,REF-00000882,2026/07/08,Merchant_C,Processor_C,NGN,USSD,SET-0042
TXN103669,7500.0,SUCCESS,REF-00003669,2026/07/16,Merchant_B,Processor_C,NGN,CARD,SET-0005
TXN100712,10000.0,FAILED,REF-00000712,2026/07/18,Merchant_B,Processor_C,NGN,USSD,SET-0049
TXN104637,15000.0,SUCCESS,REF-00004637,2026/07/05,Merchant_B,Processor_C,NGN,BANK_TRANSFER,SET-0009
TXN108883,5000.0,SUCCESS,REF-00008883,2026/07/07,Merchant_C,Processor_C,NGN,MOBILE_MONEY,SET-0049
TXN104286,100000.0,SUCCESS,REF-00004286,2026/07/09,Merchant_D,Processor_C,NGN,MOBILE_MONEY,SET-0045
TXN100271,50000.0,SUCCESS,REF-00000271,2026/07/20,Merchant_A,Processor_C,NGN,CARD,SET-0005
TXN107193,1500.0,SUCCESS,REF-00007193,2026/07/18,Merchant_D,Processor_C,NGN,MOBILE_MONEY,SET-0022
TXN109083,25000.0,SUCCESS,REF-00009083,2026/07/18,Merchant_D,Processor_C,NGN,USSD,SET-0038
TXN105120,5000.0,SUCCESS,REF-00005120,2026/07/05,Merchant_E,Processor_C,NGN,MOBILE_MONEY,SET-0041
TXN108086,250000.0,SUCCESS,REF-00008086,2026/07/16,Merchant_C,Processor_C,NGN,MOBILE_MONEY,SET-0017
TXN103973,25000.0,FAILED,REF-00003973,2026/07/22,Merchant_C,Processor_C,NGN,BANK_TRANSFER,SET-0010
TXN104125,15000.0,SUCCESS,REF-00004125,2026/07/01,Merchant_E,Processor_C,NGN,USSD,SET-0049
TXN109598,2500.0,SUCCESS,REF-00009598,2026/07/26,Merchant_C,Processor_C,NGN,MOBILE_MONEY,SET-0012
TXN108684,5000.0,SUCCESS,REF-00008684,2026/07/16,Merchant_E,Processor_C,NGN,USSD,SET-0014
TXN109545,1000.0,SUCCESS,REF-00009545,2026/07/21,Merchant_B,Processor_C,NGN,USSD,SET-0035
TXN105079,7500.0,SUCCESS,REF-00005079,2026/07/17,Merchant_D,Processor_C,NGN,CARD,SET-0044
TXN100293,5000.0,SUCCESS,REF-00000293,2026/07/30,Merchant_E,Processor_C,NGN,USSD,SET-0041
TXN107453,15000.0,SUCCESS,REF-00007453,2026/07/11,Merchant_C,Processor_C,NGN,USSD,SET-0001
TXN106384,7500.0,SUCCESS,REF-00006384,2026/07/28,Merchant_E,Processor_C,NGN,USSD,SET-0003
TXN102672,25000.0,SUCCESS,REF-00002672,2026/07/25,Merchant_C,Processor_C,NGN,BANK_TRANSFER,SET-0030
TXN103701,15000.0,SUCCESS,REF-00003701,2026/07/04,Merchant_E,Processor_C,NGN,USSD,SET-0012
TXN105247,50000.0,SUCCESS,REF-00005247,2026/07/21,Merchant_C,Processor_C,NGN,CARD,SET-0039
TXN102859,1500.0,SUCCESS,REF-00002859,2026/07/13,Merchant_D,Processor_C,NGN,MOBILE_MONEY,SET-0037
TXN101313,50000.0,REFUNDED,REF-00001313,2026/07/22,Merchant_B,Processor_C,NGN,BANK_TRANSFER,SET-0011
TXN108234,1000.0,SUCCESS,REF-00008234,2026/07/20,Merchant_A,Processor_C,NGN,MOBILE_MONEY,SET-0039
TXN102219,1000.0,SUCCESS,REF-00002219,2026/07/06,Merchant_E,Processor_C,NGN,USSD,SET-0016
TXN100687,5000.0,SUCCESS,REF-00000687,2026/07/18,Merchant_E,Processor_C,NGN,BANK_TRANSFER,SET-0031
TXN103371,15000.0,SUCCESS,REF-00003371,2026/07/22,Merchant_D,Processor_C,NGN,BANK_TRANSFER,SET-0036
TXN103111,2500.0,SUCCESS,REF-00003111,2026/07/28,Merchant_A,Processor_C,NGN,BANK_TRANSFER,SET-0032
TXN106047,10000.0,SUCCESS,REF-00006047,2026/07/16,Merchant_C,Processor_C,NGN,USSD,SET-0009
TXN107706,10000.0,SUCCESS,REF-00007706,2026/07/05,Merchant_B,Processor_C,NGN,CARD,SET-0032
TXN105647,25000.0,SUCCESS,REF-00005647,2026/07/06,Merchant_B,Processor_C,NGN,CARD,SET-0035
TXN105887,100000.0,SUCCESS,REF-00005887,2026/07/30,Merchant_B,Processor_C,NGN,USSD,SET-0005
TXN103356,25000.0,SUCCESS,REF-00003356,2026/07/04,Merchant_C,Processor_C,NGN,BANK_TRANSFER,SET-0040
TXN103097,1000.0,SUCCESS,REF-00003097,2026/07/05,Merchant_D,Processor_C,NGN,BANK_TRANSFER,SET-0001
TXN104270,15000.0,SUCCESS,REF-00004270,2026/07/22,Merchant_C,Processor_C,NGN,BANK_TRANSFER,SET-0017
TXN103758,7500.0,SUCCESS,REF-00003758,2026/07/06,Merchant_A,Processor_C,NGN,MOBILE_MONEY,SET-0038
TXN104331,1500.0,SUCCESS,REF-00004331,2026/07/31,Merchant_A,Processor_C,NGN,MOBILE_MONEY,SET-0021
TXN105842,1000.0,SUCCESS,REF-00005842,2026/07/05,Merchant_A,Processor_C,NGN,USSD,SET-0019
TXN105673,5000.0,SUCCESS,REF-00005673,2026/07/07,Merchant_D,Processor_C,NGN,MOBILE_MONEY,SET-0020
TXN106280,50000.0,SUCCESS,REF-00006280,2026/07/01,Merchant_A,Processor_C,NGN,CARD,SET-0036
TXN104712,2500.0,SUCCESS,REF-00004712,2026/07/17,Merchant_D,Processor_C,NGN,MOBILE_MONEY,SET-0026
TXN108000,25000.0,SUCCESS,REF-00008000,2026/07/23,Merchant_E,Processor_C,NGN,BANK_TRANSFER,SET-0032
TXN105935,25000.0,SUCCESS,REF-00005935,2026/07/19,Merchant_E,Processor_C,NGN,BANK_TRANSFER,SET-0045
TXN101395,50000.0,SUCCESS,REF-00001395,2026/07/03,Merchant_B,Processor_C,NGN,CARD,SET-0003
TXN103079,100000.0,FAILED,REF-00003079-X,2026/07/07,Merchant_E,Processor_C,NGN,BANK_TRANSFER,SET-0041
TXN103292,5000.0,SUCCESS,REF-00003292,2026/07/15,Merchant_D,Processor_C,NGN,USSD,SET-0012
TXN108119,10000.0,SUCCESS,REF-00008119,2026/07/22,Merchant_D,Processor_C,NGN,USSD,SET-0007
TXN104700,2500.0,REFUNDED,REF-00004700,2026/07/29,Merchant_B,Processor_C,NGN,CARD,SET-0026
TXN107023,50000.0,SUCCESS,REF-00007023,2026/07/01,Merchant_D,Processor_C,NGN,BANK_TRANSFER,SET-0020
TXN105376,10000.0,SUCCESS,REF-00005376,2026/07/31,Merchant_E,Processor_C,NGN,CARD,SET-0016
TXN105906,7500.0,FAILED,REF-00005906,2026/07/12,Merchant_A,Processor_C,NGN,CARD,SET-0031
TXN103640,2500.0,SUCCESS,REF-00003640,2026/07/15,Merchant_B,Processor_C,NGN,CARD,SET-0022
TXN100642,2500.0,SUCCESS,REF-00000642,2026/07/14,Merchant_C,Processor_C,NGN,USSD,SET-0042
TXN100029,1000.0,SUCCESS,REF-00000029,2026/07/21,Merchant_A,Processor_C,NGN,USSD,SET-0021
TXN109737,500.0,SUCCESS,REF-00009737,2026/07/12,Merchant_A,Processor_C,NGN,CARD,SET-0042
TXN102675,5000.0,SUCCESS,REF-00002675,2026/07/03,Merchant_B,Processor_C,NGN,USSD,SET-0021
TXN101289,1000.0,SUCCESS,REF-00001289,2026/07/30,Merchant_D,Processor_C,NGN,MOBILE_MONEY,SET-0027
TXN102636,250000.0,SUCCESS,REF-00002636,2026/07/15,Merchant_C,Processor_C,NGN,BANK_TRANSFER,SET-0050
TXN105279,5000.0,REFUNDED,REF-00005279,2026/07/08,Merchant_A,Processor_C,NGN,USSD,SET-0002
TXN106959,250000.0,FAILED,REF-00006959,2026/07/25,Merchant_B,Processor_C,NGN,MOBILE_MONEY,SET-0031
TXN108144,250000.0,SUCCESS,REF-00008144,2026/07/23,Merchant_C,Processor_C,NGN,BANK_TRANSFER,SET-0005
TXN107025,10000.0,SUCCESS,REF-00007025,2026/07/15,Merchant_E,Processor_C,NGN,USSD,SET-0012
TXN107265,1000.0,SUCCESS,REF-00007265,2026/07/03,Merchant_A,Processor_C,NGN,MOBILE_MONEY,SET-0045
TXN102208,5000.0,SUCCESS,REF-00002208,2026/07/19,Merchant_E,Processor_C,NGN,BANK_TRANSFER,SET-0009
TXN108842,2500.0,FAILED,REF-00008842,2026/07/13,Merchant_A,Processor_C,NGN,USSD,SET-0044
TXN107843,7500.0,SUCCESS,REF-00007843,2026/07/12,Merchant_B,Processor_C,NGN,BANK_TRANSFER,SET-0022
TXN106909,10000.0,SUCCESS,REF-00006909,2026/07/07,Merchant_A,Processor_C,NGN,CARD,SET-0027
TXN105403,2500.0,SUCCESS,REF-00005403,2026/07/16,Merchant_A,Processor_C,NGN,USSD,SET-0003
TXN104726,100000.0,SUCCESS,REF-00004726,2026/07/09,Merchant_E,Processor_C,NGN,MOBILE_MONEY,SET-0016
TXN105944,250000.0,SUCCESS,REF-00005944,2026/07/03,Merchant_B,Processor_C,NGN,MOBILE_MONEY,SET-0030
TXN101540,25000.0,SUCCESS,REF-00001540,2026/07/12,Merchant_E,Processor_C,NGN,USSD,SET-0050
TXN101951,2500.0,SUCCESS,REF-00001951,2026/07/18,Merchant_E,Processor_C,NGN,MOBILE_MONEY,SET-0034
TXN101779,50000.0,SUCCESS,REF-00001779,2026/07/10,Merchant_D,Processor_C,NGN,MOBILE_MONEY,SET-0044
TXN108669,50000.0,REFUNDED,REF-00008669,2026/07/25,Merchant_A,Processor_C,NGN,USSD,SET-0023
TXN109787,2500.0,SUCCESS,REF-00009787,2026/07/21,Merchant_E,Processor_C,NGN,MOBILE_MONEY,SET-0012
TXN105271,1500.0,SUCCESS,REF-00005271,2026/07/23,Merchant_A,Processor_C,NGN,MOBILE_MONEY,SET-0011
TXN103030,2500.0,SUCCESS,REF-00003030,2026/07/24,Merchant_D,Processor_C,NGN,USSD,SET-0037
TXN108852,500.0,SUCCESS,REF-00008852,2026/07/20,Merchant_E,Processor_C,NGN,MOBILE_MONEY,SET-0006
TXN101578,15000.0,SUCCESS,REF-00001578,2026/07/19,Merchant_E,Processor_C,NGN,USSD,SET-0005
TXN108483,100000.0,SUCCESS,REF-00008483,2026/07/13,Merchant_D,Processor_C,NGN,BANK_TRANSFER,SET-0048
TXN102282,10000.0,SUCCESS,REF-00002282,2026/07/30,Merchant_D,Processor_C,NGN,MOBILE_MONEY,SET-0014
TXN101713,7500.0,SUCCESS,REF-00001713,2026/07/19,Merchant_E,Processor_C,NGN,USSD,SET-0015
TXN109811,50000.0,REFUNDED,REF-00009811,2026/07/26,Merchant_E,Processor_C,NGN,MOBILE_MONEY,SET-0008
TXN109139,15000.0,FAILED,REF-00009139,2026/07/05,Merchant_D,Processor_C,NGN,CARD,SET-0014
TXN105617,2500.0,SUCCESS,REF-00005617,2026/07/13,Merchant_A,Processor_C,NGN,BANK_TRANSFER,SET-0041
TXN106635,5000.0,SUCCESS,REF-00006635,2026/07/10,Merchant_D,Processor_C,NGN,MOBILE_MONEY,SET-0046
TXN102962,5000.0,SUCCESS,REF-00002962,2026/07/08,Merchant_A,Processor_C,NGN,BANK_TRANSFER,SET-0016
TXN109520,5000.0,FAILED,REF-00009520,2026/07/20,Merchant_C,Processor_C,NGN,CARD,SET-0033
TXN109732,7500.0,SUCCESS,REF-00009732,2026/07/03,Merchant_D,Processor_C,NGN,BANK_TRANSFER,SET-0009
TXN100365,5000.0,SUCCESS,REF-00000365,2026/07/01,Merchant_A,Processor_C,NGN,MOBILE_MONEY,SET-0044
TXN104326,500.0,SUCCESS,REF-00004326,2026/07/14,Merchant_A,Processor_C,NGN,BANK_TRANSFER,SET-0022
TXN103859,50500.0,SUCCESS,REF-00003859,2026/07/24,Merchant_A,Processor_C,NGN,BANK_TRANSFER,SET-0001
TXN100665,1500.0,SUCCESS,REF-00000665,2026/07/20,Merchant_A,Processor_C,NGN,BANK_TRANSFER,SET-0046
TXN102422,25000.0,SUCCESS,REF-00002422,2026/07/14,Merchant_A,Processor_C,NGN,MOBILE_MONEY,SET-0026
TXN109752,10000.0,SUCCESS,REF-00009752,2026/07/12,Merchant_E,Processor_C,NGN,BANK_TRANSFER,SET-0036
TXN101086,15000.0,FAILED,REF-00001086,2026/07/02,Merchant_E,Processor_C,NGN,USSD,SET-0017
TXN100281,5000.0,SUCCESS,REF-00000281,2026/07/17,Merchant_D,Processor_C,NGN,MOBILE_MONEY,SET-0025
TXN108843,100000.0,SUCCESS,REF-00008843,2026/07/04,Merchant_A,Processor_C,NGN,CARD,SET-0034
TXN101652,2500.0,SUCCESS,REF-00001652,2026/07/30,Merchant_A,Processor_C,NGN,MOBILE_MONEY,SET-0041
TXN106162,2500.0,SUCCESS,REF-00006162,2026/07/19,Merchant_B,Processor_C,NGN,MOBILE_MONEY,SET-0033
TXN105645,5000.0,FAILED,REF-00005645,2026/07/28,Merchant_E,Processor_C,NGN,CARD,SET-0042
TXN100803,15000.0,FAILED,REF-00000803,2026/07/23,Merchant_C,Processor_C,NGN,MOBILE_MONEY,SET-0041
TXN109310,2500.0,SUCCESS,REF-00009310,2026/07/27,Merchant_B,Processor_C,NGN,CARD,SET-0012
TXN107672,100000.0,SUCCESS,REF-00007672,2026/07/12,Merchant_E,Processor_C,NGN,MOBILE_MONEY,SET-0049
TXN108802,10000.0,SUCCESS,REF-00008802,2026/07/13,Merchant_E,Processor_C,NGN,BANK_TRANSFER,SET-0036
TXN108007,2500.0,FAILED,REF-00008007,2026/07/17,Merchant_C,Processor_C,NGN,MOBILE_MONEY,SET-0009
TXN103685,10000.0,SUCCESS,REF-00003685,2026/07/21,Merchant_C,Processor_C,NGN,CARD,SET-0034
TXN107058,100000.0,SUCCESS,REF-00007058,2026/07/13,Merchant_D,Processor_C,NGN,BANK_TRANSFER,SET-0029
TXN108462,5000.0,SUCCESS,REF-00008462,2026/07/03,Merchant_E,Processor_C,NGN,USSD,SET-0019
TXN108052,250000.0,SUCCESS,REF-00008052,2026/07/25,Merchant_B,Processor_C,NGN,USSD,SET-0010
TXN105300,25000.0,REFUNDED,REF-00005300,2026/07/20,Merchant_A,Processor_C,NGN,MOBILE_MONEY,SET-0049
TXN105520,50000.0,SUCCESS,REF-00005520,2026/07/18,Merchant_A,Processor_C,NGN,USSD,SET-0027
TXN106606,2000.0,SUCCESS,REF-00006606,2026/07/27,Merchant_D,Processor_C,NGN,MOBILE_MONEY,SET-0038
TXN109107,50000.0,SUCCESS,REF-00009107,2026/07/21,Merchant_E,Processor_C,NGN,MOBILE_MONEY,SET-0030
TXN106383,2500.0,SUCCESS,REF-00006383,2026/07/15,Merchant_B,Processor_C,NGN,CARD,SET-0004
TXN109550,1000.0,SUCCESS,REF-00009550,2026/07/19,Merchant_D,Processor_C,NGN,BANK_TRANSFER,SET-0005
TXN105942,500.0,SUCCESS,REF-00005942,2026/07/02,Merchant_D,Processor_C,NGN,BANK_TRANSFER,SET-0026
TXN101370,250000.0,FAILED,REF-00001370,2026/07/09,Merchant_D,Processor_C,NGN,USSD,SET-0029
TXN101393,10000.0,SUCCESS,REF-00001393,2026/07/12,Merchant_D,Processor_C,NGN,CARD,SET-0024
TXN107432,2500.0,SUCCESS,REF-00007432,2026/07/15,Merchant_C,Processor_C,NGN,CARD,SET-0033
TXN102747,1500.0,SUCCESS,REF-00002747,2026/07/05,Merchant_D,Processor_C,NGN,CARD,SET-0022
TXN104087,15000.0,SUCCESS,REF-00004087,2026/07/08,Merchant_D,Processor_C,NGN,USSD,SET-0036
TXN106141,5000.0,SUCCESS,REF-00006141,2026/07/14,Merchant_E,Processor_C,NGN,CARD,SET-0029
TXN104675,100000.0,SUCCESS,REF-00004675,2026/07/24,Merchant_A,Processor_C,NGN,CARD,SET-0001
TXN101139,15000.0,REFUNDED,REF-00001139,2026/07/04,Merchant_C,Processor_C,NGN,MOBILE_MONEY,SET-0041
TXN109396,500.0,SUCCESS,REF-00009396,2026/07/29,Merchant_A,Processor_C,NGN,BANK_TRANSFER,SET-0035
TXN106372,100000.0,SUCCESS,REF-00006372,2026/07/19,Merchant_D,Processor_C,NGN,CARD,SET-0006
TXN106057,10000.0,REFUNDED,REF-00006057,2026/07/11,Merchant_A,Processor_C,NGN,USSD,SET-0050
TXN102751,15000.0,SUCCESS,REF-00002751,2026/07/14,Merchant_B,Processor_C,NGN,MOBILE_MONEY,SET-0047
TXN106133,1000.0,SUCCESS,REF-00006133,2026/07/22,Merchant_A,Processor_C,NGN,BANK_TRANSFER,SET-0046
TXN103348,5000.0,SUCCESS,REF-00003348,2026/07/08,Merchant_C,Processor_C,NGN,MOBILE_MONEY,SET-0011
TXN105296,7500.0,FAILED,REF-00005296,2026/07/09,Merchant_D,Processor_C,NGN,CARD,SET-0012
TXN105391,10000.0,SUCCESS,REF-00005391,2026/07/13,Merchant_B,Processor_C,NGN,BANK_TRANSFER,SET-0004
TXN102008,1000.0,SUCCESS,REF-00002008,2026/07/23,Merchant_D,Processor_C,NGN,USSD,SET-0007
TXN100156,15000.0,SUCCESS,REF-00000156,2026/07/28,Merchant_A,Processor_C,NGN,BANK_TRANSFER,SET-0041
TXN103091,250000.0,SUCCESS,REF-00003091,2026/07/10,Merchant_C,Processor_C,NGN,BANK_TRANSFER,SET-0004
TXN109116,15000.0,SUCCESS,REF-00009116,2026/07/17,Merchant_A,Processor_C,NGN,MOBILE_MONEY,SET-0009
TXN103727,1000.0,SUCCESS,REF-00003727,2026/07/29,Merchant_A,Processor_C,NGN,BANK_TRANSFER,SET-0026
PROC_ONLY1048,5000.0,SUCCESS,PROC-ONLY-REF-00048,2026/07/19,Merchant_A,Processor_C,NGN,MOBILE_MONEY,SET-0026
TXN105262,10000.0,SUCCESS,REF-00005262,2026/07/13,Merchant_E,Processor_C,NGN,USSD,SET-0044
TXN107915,2500.0,SUCCESS,REF-00007915,2026/07/08,Merchant_D,Processor_C,NGN,USSD,SET-0028
TXN107651,1500.0,SUCCESS,REF-00007651,2026/07/18,Merchant_C,Processor_C,NGN,MOBILE_MONEY,SET-0038
TXN104601,25000.0,SUCCESS,REF-00004601,2026/07/13,Merchant_A,Processor_C,NGN,USSD,SET-0019
TXN106500,2500.0,SUCCESS,REF-00006500,2026/07/18,Merchant_D,Processor_C,NGN,CARD,SET-0029
TXN101991,1500.0,SUCCESS,REF-00001991,2026/07/10,Merchant_E,Processor_C,NGN,USSD,SET-0031
TXN104349,15000.0,SUCCESS,REF-00004349,2026/07/20,Merchant_E,Processor_C,NGN,USSD,SET-0019
TXN102506,50000.0,SUCCESS,REF-00002506,2026/07/12,Merchant_D,Processor_C,NGN,USSD,SET-0045
TXN101632,15000.0,SUCCESS,REF-00001632,2026/07/20,Merchant_A,Processor_C,NGN,CARD,SET-0010
TXN104645,25000.0,SUCCESS,REF-00004645,2026/07/10,Merchant_D,Processor_C,NGN,CARD,SET-0031
TXN106366,5000.0,SUCCESS,REF-00006366,2026/07/21,Merchant_E,Processor_C,NGN,BANK_TRANSFER,SET-0012
TXN106695,25000.0,SUCCESS,REF-00006695,2026/07/22,Merchant_C,Processor_C,NGN,BANK_TRANSFER,SET-0029
TXN105478,25000.0,REFUNDED,REF-00005478,2026/07/05,Merchant_D,Processor_C,NGN,BANK_TRANSFER,SET-0036
TXN109915,100000.0,SUCCESS,REF-00009915,2026/07/25,Merchant_C,Processor_C,NGN,BANK_TRANSFER,SET-0014
TXN104295,5000.0,SUCCESS,REF-00004295,2026/07/14,Merchant_C,Processor_C,NGN,MOBILE_MONEY,SET-0009
TXN106563,10000.0,SUCCESS,REF-00006563,2026/07/25,Merchant_E,Processor_C,NGN,BANK_TRANSFER,SET-0042
TXN107090,1000.0,SUCCESS,REF-00007090,2026/07/15,Merchant_E,Processor_C,NGN,MOBILE_MONEY,SET-0001
TXN107793,15000.0,SUCCESS,REF-00007793,2026/07/26,Merchant_B,Processor_C,NGN,MOBILE_MONEY,SET-0005
TXN108730,1500.0,SUCCESS,REF-00008730,2026/07/01,Merchant_B,Processor_C,NGN,MOBILE_MONEY,SET-0021
TXN103324,25000.0,SUCCESS,REF-00003324,2026/07/18,Merchant_E,Processor_C,NGN,USSD,SET-0039
TXN100745,100000.0,SUCCESS,REF-00000745,2026/07/03,Merchant_B,Processor_C,NGN,MOBILE_MONEY,SET-0040
TXN103081,100000.0,SUCCESS,REF-00003081,2026/07/17,Merchant_C,Processor_C,NGN,BANK_TRANSFER,SET-0009
TXN104389,1000.0,SUCCESS,REF-00004389,2026/07/19,Merchant_B,Processor_C,NGN,USSD,SET-0044
PROC_ONLY1023,25000.0,SUCCESS,PROC-ONLY-REF-00023,2026/07/10,Merchant_B,Processor_C,NGN,USSD,SET-0027
TXN106834,100000.0,SUCCESS,REF-00006834,2026/07/11,Merchant_C,Processor_C,NGN,BANK_TRANSFER,SET-0037
TXN100496,10000.0,SUCCESS,REF-00000496,2026/07/15,Merchant_D,Processor_C,NGN,MOBILE_MONEY,SET-0049
TXN107451,7500.0,SUCCESS,REF-00007451,2026/07/19,Merchant_E,Processor_C,NGN,MOBILE_MONEY,SET-0011
TXN100787,7500.0,SUCCESS,REF-00000787,2026/07/31,Merchant_B,Processor_C,NGN,MOBILE_MONEY,SET-0003
TXN103678,50000.0,SUCCESS,REF-00003678,2026/07/22,Merchant_E,Processor_C,NGN,USSD,SET-0037
TXN105817,10000.0,FAILED,REF-00005817,2026/07/24,Merchant_C,Processor_C,NGN,BANK_TRANSFER,SET-0037
TXN102753,5000.0,SUCCESS,REF-00002753,2026/07/10,Merchant_A,Processor_C,NGN,BANK_TRANSFER,SET-0020
TXN105692,15000.0,SUCCESS,REF-00005692,2026/07/09,Merchant_E,Processor_C,NGN,USSD,SET-0044
TXN105355,7500.0,SUCCESS,REF-00005355,2026/07/01,Merchant_D,Processor_C,NGN,BANK_TRANSFER,SET-0022
TXN109218,50000.0,SUCCESS,REF-00009218,2026/07/26,Merchant_C,Processor_C,NGN,USSD,SET-0024
TXN107955,10000.0,SUCCESS,REF-00007955,2026/07/24,Merchant_E,Processor_C,NGN,CARD,SET-0001
TXN103364,100000.0,SUCCESS,REF-00003364,2026/07/31,Merchant_C,Processor_C,NGN,BANK_TRANSFER,SET-0002
TXN105480,50000.0,SUCCESS,REF-00005480,2026/07/25,Merchant_E,Processor_C,NGN,CARD,SET-0031
TXN109181,7500.0,SUCCESS,REF-00009181,2026/07/23,Merchant_E,Processor_C,NGN,BANK_TRANSFER,SET-0036
TXN108033,1000.0,SUCCESS,REF-00008033,2026/07/23,Merchant_C,Processor_C,NGN,BANK_TRANSFER,SET-0036
TXN106003,15000.0,SUCCESS,REF-00006003,2026/07/18,Merchant_D,Processor_C,NGN,USSD,SET-0004
TXN102053,100000.0,SUCCESS,REF-00002053,2026/07/15,Merchant_C,Processor_C,NGN,MOBILE_MONEY,SET-0044
TXN100106,7500.0,SUCCESS,REF-00000106,2026/07/31,Merchant_C,Processor_C,NGN,BANK_TRANSFER,SET-0039
TXN103355,1000.0,SUCCESS,REF-00003355,2026/07/20,Merchant_B,Processor_C,NGN,USSD,SET-0015
TXN105127,2500.0,SUCCESS,REF-00005127,2026/07/28,Merchant_C,Processor_C,NGN,MOBILE_MONEY,SET-0003
TXN104054,25000.0,SUCCESS,REF-00004054,2026/07/09,Merchant_C,Processor_C,NGN,BANK_TRANSFER,SET-0014
TXN100762,2500.0,SUCCESS,REF-00000762,2026/07/25,Merchant_E,Processor_C,NGN,USSD,SET-0008
TXN108785,10000.0,SUCCESS,REF-00008785,2026/07/10,Merchant_B,Processor_C,NGN,USSD,SET-0028
TXN103820,5000.0,SUCCESS,REF-00003820,2026/07/19,Merchant_A,Processor_C,NGN,USSD,SET-0012
TXN105666,25000.0,SUCCESS,REF-00005666,2026/07/25,Merchant_B,Processor_C,NGN,USSD,SET-0018
TXN100808,7500.0,SUCCESS,REF-00000808,2026/07/21,Merchant_A,Processor_C,NGN,CARD,SET-0005
TXN103287,50000.0,SUCCESS,REF-00003287,2026/07/08,Merchant_B,Processor_C,NGN,USSD,SET-0016
TXN102470,2500.0,SUCCESS,REF-00002470,2026/07/14,Merchant_E,Processor_C,NGN,BANK_TRANSFER,SET-0039
TXN107777,50000.0,SUCCESS,REF-00007777,2026/07/20,Merchant_B,Processor_C,NGN,CARD,SET-0021
TXN109160,100000.0,SUCCESS,REF-00009160,2026/07/01,Merchant_E,Processor_C,NGN,MOBILE_MONEY,SET-0030
TXN105277,5000.0,SUCCESS,REF-00005277,2026/07/27,Merchant_A,Processor_C,NGN,BANK_TRANSFER,SET-0005
TXN103318,50000.0,FAILED,REF-00003318,2026/07/02,Merchant_E,Processor_C,NGN,BANK_TRANSFER,SET-0024
TXN101038,1000.0,FAILED,REF-00001038,2026/07/19,Merchant_D,Processor_C,NGN,CARD,SET-0013
TXN104762,25000.0,SUCCESS,REF-00004762,2026/07/11,Merchant_C,Processor_C,NGN,BANK_TRANSFER,SET-0045
TXN102231,1000.0,REFUNDED,REF-00002231,2026/07/11,Merchant_B,Processor_C,NGN,BANK_TRANSFER,SET-0031
TXN103928,15000.0,SUCCESS,REF-00003928,2026/07/05,Merchant_B,Processor_C,NGN,MOBILE_MONEY,SET-0049
TXN101440,250000.0,SUCCESS,REF-00001440,2026/07/23,Merchant_B,Processor_C,NGN,CARD,SET-0043
TXN103422,25000.0,SUCCESS,REF-00003422,2026/07/28,Merchant_C,Processor_C,NGN,CARD,SET-0002
TXN104976,1500.0,SUCCESS,REF-00004976,2026/07/24,Merchant_C,Processor_C,NGN,MOBILE_MONEY,SET-0026
TXN107183,25000.0,SUCCESS,REF-00007183,2026/07/26,Merchant_A,Processor_C,NGN,CARD,SET-0042
TXN102316,5000.0,SUCCESS,REF-00002316,2026/07/29,Merchant_A,Processor_C,NGN,MOBILE_MONEY,SET-0037
TXN108658,1500.0,SUCCESS,REF-00008658,2026/07/11,Merchant_C,Processor_C,NGN,BANK_TRANSFER,SET-0001
TXN106516,50000.0,SUCCESS,REF-00006516,2026/07/29,Merchant_A,Processor_C,NGN,BANK_TRANSFER,SET-0049
TXN108076,15500.0,SUCCESS,REF-00008076,2026/07/21,Merchant_A,Processor_C,NGN,CARD,SET-0034
TXN109474,100250.0,SUCCESS,REF-00009474,2026/07/01,Merchant_D,Processor_C,NGN,USSD,SET-0025
TXN107329,10000.0,SUCCESS,REF-00007329,2026/07/06,Merchant_C,Processor_C,NGN,CARD,SET-0044
TXN107034,7500.0,SUCCESS,REF-00007034,2026/07/23,Merchant_D,Processor_C,NGN,MOBILE_MONEY,SET-0040
TXN108732,2500.0,SUCCESS,REF-00008732,2026/07/19,Merchant_D,Processor_C,NGN,USSD,SET-0012
TXN107061,10000.0,SUCCESS,REF-00007061,2026/07/14,Merchant_E,Processor_C,NGN,USSD,SET-0008
TXN108235,10000.0,SUCCESS,REF-00008235,2026/07/29,Merchant_A,Processor_C,NGN,CARD,SET-0009
TXN108162,7500.0,SUCCESS,REF-00008162,2026/07/01,Merchant_D,Processor_C,NGN,USSD,SET-0034
TXN101897,1500.0,FAILED,REF-00001897,2026/07/02,Merchant_B,Processor_C,NGN,MOBILE_MONEY,SET-0046
TXN101064,7500.0,SUCCESS,REF-00001064,2026/07/30,Merchant_A,Processor_C,NGN,MOBILE_MONEY,SET-0025
TXN106355,250000.0,REFUNDED,REF-00006355,2026/07/07,Merchant_B,Processor_C,NGN,USSD,SET-0041
TXN109432,25000.0,SUCCESS,REF-00009432,2026/07/19,Merchant_E,Processor_C,NGN,CARD,SET-0028
TXN102908,5000.0,SUCCESS,REF-00002908,2026/07/29,Merchant_B,Processor_C,NGN,MOBILE_MONEY,SET-0047
TXN108688,2500.0,SUCCESS,REF-00008688,2026/07/27,Merchant_C,Processor_C,NGN,CARD,SET-0036
TXN105571,1000.0,SUCCESS,REF-00005571,2026/07/20,Merchant_A,Processor_C,NGN,USSD,SET-0031
TXN102699,25000.0,SUCCESS,REF-00002699,2026/07/09,Merchant_D,Processor_C,NGN,CARD,SET-0019
TXN107576,10000.0,SUCCESS,REF-00007576,2026/07/24,Merchant_A,Processor_C,NGN,USSD,SET-0001
TXN101913,5000.0,FAILED,REF-00001913,2026/07/18,Merchant_C,Processor_C,NGN,CARD,SET-0030
TXN108249,50000.0,SUCCESS,REF-00008249,2026/07/26,Merchant_B,Processor_C,NGN,CARD,SET-0014
TXN101340,2500.0,SUCCESS,REF-00001340,2026/07/15,Merchant_D,Processor_C,NGN,BANK_TRANSFER,SET-0001
TXN101861,15000.0,SUCCESS,REF-00001861,2026/07/21,Merchant_C,Processor_C,NGN,USSD,SET-0045
TXN104517,100000.0,SUCCESS,REF-00004517,2026/07/20,Merchant_C,Processor_C,NGN,BANK_TRANSFER,SET-0009
TXN103956,100000.0,SUCCESS,REF-00003956,2026/07/26,Merchant_D,Processor_C,NGN,BANK_TRANSFER,SET-0007
TXN104756,500.0,SUCCESS,REF-00004756,2026/07/24,Merchant_E,Processor_C,NGN,MOBILE_MONEY,SET-0007
TXN108281,250000.0,SUCCESS,REF-00008281,2026/07/26,Merchant_D,Processor_C,NGN,BANK_TRANSFER,SET-0024
TXN108565,10000.0,FAILED,REF-00008565,2026/07/22,Merchant_E,Processor_C,NGN,CARD,SET-0031
TXN103441,10000.0,SUCCESS,REF-00003441,2026/07/01,Merchant_A,Processor_C,NGN,MOBILE_MONEY,SET-0011
TXN104605,100000.0,SUCCESS,REF-00004605,2026/07/06,Merchant_C,Processor_C,NGN,CARD,SET-0046
TXN101072,1000.0,SUCCESS,REF-00001072,2026/07/23,Merchant_B,Processor_C,NGN,CARD,SET-0029
TXN101851,50000.0,FAILED,REF-00001851,2026/07/28,Merchant_B,Processor_C,NGN,CARD,SET-0025
TXN108755,50000.0,SUCCESS,REF-00008755,2026/07/23,Merchant_B,Processor_C,NGN,USSD,SET-0038
TXN105585,1000.0,SUCCESS,REF-00005585,2026/07/14,Merchant_C,Processor_C,NGN,CARD,SET-0021
TXN109146,5000.0,SUCCESS,REF-00009146,2026/07/22,Merchant_D,Processor_C,NGN,MOBILE_MONEY,SET-0046
TXN100152,1500.0,SUCCESS,REF-00000152,2026/07/10,Merchant_E,Processor_C,NGN,CARD,SET-0002
TXN109482,15000.0,SUCCESS,REF-00009482,2026/07/30,Merchant_E,Processor_C,NGN,MOBILE_MONEY,SET-0015
TXN104477,5000.0,REFUNDED,REF-00004477,2026/07/13,Merchant_D,Processor_C,NGN,CARD,SET-0003
TXN107321,10000.0,SUCCESS,REF-00007321,2026/07/26,Merchant_B,Processor_C,NGN,MOBILE_MONEY,SET-0013
TXN108433,50000.0,SUCCESS,REF-00008433,2026/07/05,Merchant_E,Processor_C,NGN,USSD,SET-0005
TXN108446,10000.0,SUCCESS,REF-00008446,2026/07/27,Merchant_A,Processor_C,NGN,BANK_TRANSFER,SET-0031
TXN105540,1000.0,SUCCESS,REF-00005540,2026/07/22,Merchant_E,Processor_C,NGN,USSD,SET-0033
TXN104574,25000.0,SUCCESS,REF-00004574,2026/07/30,Merchant_C,Processor_C,NGN,CARD,SET-0028
TXN106202,100000.0,SUCCESS,REF-00006202,2026/07/13,Merchant_E,Processor_C,NGN,MOBILE_MONEY,SET-0046
TXN104347,10000.0,SUCCESS,REF-00004347,2026/07/05,Merchant_C,Processor_C,NGN,CARD,SET-0043
TXN103815,10000.0,SUCCESS,REF-00003815,2026/07/13,Merchant_C,Processor_C,NGN,MOBILE_MONEY,SET-0017
TXN101682,15000.0,SUCCESS,REF-00001682,2026/07/07,Merchant_D,Processor_C,NGN,USSD,SET-0042
TXN102124,250000.0,SUCCESS,REF-00002124,2026/07/09,Merchant_E,Processor_C,NGN,BANK_TRANSFER,SET-0025
TXN104128,5000.0,SUCCESS,REF-00004128,2026/07/20,Merchant_D,Processor_C,NGN,MOBILE_MONEY,SET-0006
TXN101292,10000.0,SUCCESS,REF-00001292,2026/07/31,Merchant_A,Processor_C,NGN,USSD,SET-0049
TXN103255,1500.0,SUCCESS,REF-00003255,2026/07/27,Merchant_E,Processor_C,NGN,CARD,SET-0027
TXN101959,25000.0,FAILED,REF-00001959,2026/07/26,Merchant_E,Processor_C,NGN,USSD,SET-0049
TXN100202,1500.0,SUCCESS,REF-00000202,2026/07/04,Merchant_B,Processor_C,NGN,CARD,SET-0015
TXN105249,10000.0,SUCCESS,REF-00005249,2026/07/01,Merchant_E,Processor_C,NGN,USSD,SET-0046
TXN109650,5000.0,SUCCESS,REF-00009650,2026/07/14,Merchant_A,Processor_C,NGN,USSD,SET-0020
TXN105953,15000.0,SUCCESS,REF-00005953,2026/07/09,Merchant_D,Processor_C,NGN,CARD,SET-0044
TXN102979,250000.0,SUCCESS,REF-00002979,2026/07/10,Merchant_A,Processor_C,NGN,USSD,SET-0039
TXN101879,10000.0,SUCCESS,REF-00001879,2026/07/24,Merchant_D,Processor_C,NGN,CARD,SET-0020
TXN104435,5000.0,SUCCESS,REF-00004435,2026/07/16,Merchant_B,Processor_C,NGN,CARD,SET-0025
TXN101663,10000.0,SUCCESS,REF-00001663,2026/07/01,Merchant_B,Processor_C,NGN,MOBILE_MONEY,SET-0002
TXN109464,50000.0,SUCCESS,REF-00009464,2026/07/16,Merchant_B,Processor_C,NGN,BANK_TRANSFER,SET-0016
TXN108943,100000.0,FAILED,REF-00008943,2026/07/02,Merchant_A,Processor_C,NGN,MOBILE_MONEY,SET-0036
TXN105173,500.0,SUCCESS,REF-00005173,2026/07/21,Merchant_E,Processor_C,NGN,USSD,SET-0006
TXN102959,50000.0,REFUNDED,REF-00002959,2026/07/15,Merchant_A,Processor_C,NGN,CARD,SET-0004
TXN108999,100250.0,SUCCESS,REF-00008999,2026/07/13,Merchant_E,Processor_C,NGN,MOBILE_MONEY,SET-0014
TXN106732,100000.0,SUCCESS,REF-00006732,2026/07/26,Merchant_A,Processor_C,NGN,MOBILE_MONEY,SET-0022
TXN109216,10000.0,SUCCESS,REF-00009216,2026/07/06,Merchant_D,Processor_C,NGN,CARD,SET-0033
PROC_ONLY1006,25000.0,SUCCESS,PROC-ONLY-REF-00006,2026/07/31,Merchant_A,Processor_C,NGN,CARD,SET-0009
TXN105474,500.0,SUCCESS,REF-00005474,2026/07/08,Merchant_D,Processor_C,NGN,MOBILE_MONEY,SET-0003
TXN101328,15000.0,SUCCESS,REF-00001328,2026/07/12,Merchant_B,Processor_C,NGN,USSD,SET-0003
TXN101533,5000.0,SUCCESS,REF-00001533,2026/07/25,Merchant_B,Processor_C,NGN,USSD,SET-0040
TXN103270,2500.0,SUCCESS,REF-00003270,2026/07/31,Merchant_E,Processor_C,NGN,MOBILE_MONEY,SET-0015
TXN101759,10000.0,SUCCESS,REF-00001759,2026/07/03,Merchant_E,Processor_C,NGN,USSD,SET-0017
TXN109503,100000.0,SUCCESS,REF-00009503,2026/07/17,Merchant_E,Processor_C,NGN,MOBILE_MONEY,SET-0028
TXN101966,1500.0,SUCCESS,REF-00001966,2026/07/26,Merchant_D,Processor_C,NGN,USSD,SET-0023
TXN106048,50000.0,SUCCESS,REF-00006048,2026/07/02,Merchant_C,Processor_C,NGN,CARD,SET-0037
TXN105567,25000.0,SUCCESS,REF-00005567,2026/07/14,Merchant_C,Processor_C,NGN,MOBILE_MONEY,SET-0041
TXN108247,15000.0,SUCCESS,REF-00008247,2026/07/22,Merchant_D,Processor_C,NGN,MOBILE_MONEY,SET-0011
TXN104423,25000.0,SUCCESS,REF-00004423,2026/07/19,Merchant_C,Processor_C,NGN,USSD,SET-0025
TXN106120,1000.0,SUCCESS,REF-00006120,2026/07/18,Merchant_E,Processor_C,NGN,USSD,SET-0002
TXN101909,1500.0,SUCCESS,REF-00001909,2026/07/25,Merchant_E,Processor_C,NGN,CARD,SET-0041
TXN104640,100000.0,SUCCESS,REF-00004640,2026/07/01,Merchant_D,Processor_C,NGN,BANK_TRANSFER,SET-0024
TXN106643,100000.0,SUCCESS,REF-00006643,2026/07/11,Merchant_B,Processor_C,NGN,MOBILE_MONEY,SET-0015
TXN101460,7500.0,SUCCESS,REF-00001460,2026/07/01,Merchant_E,Processor_C,NGN,BANK_TRANSFER,SET-0011
TXN106832,10000.0,SUCCESS,REF-00006832,2026/07/23,Merchant_B,Processor_C,NGN,CARD,SET-0041
TXN108611,100000.0,SUCCESS,REF-00008611,2026/07/27,Merchant_B,Processor_C,NGN,MOBILE_MONEY,SET-0050
TXN109471,15000.0,REFUNDED,REF-00009471,2026/07/08,Merchant_E,Processor_C,NGN,BANK_TRANSFER,SET-0015
TXN106944,10000.0,SUCCESS,REF-00006944,2026/07/17,Merchant_A,Processor_C,NGN,MOBILE_MONEY,SET-0049
TXN108963,500.0,SUCCESS,REF-00008963,2026/07/02,Merchant_D,Processor_C,NGN,USSD,SET-0037
TXN106511,25000.0,SUCCESS,REF-00006511,2026/07/15,Merchant_D,Processor_C,NGN,MOBILE_MONEY,SET-0042
TXN102551,1000.0,SUCCESS,REF-00002551,2026/07/12,Merchant_B,Processor_C,NGN,MOBILE_MONEY,SET-0037
TXN104850,250000.0,SUCCESS,REF-00004850,2026/07/03,Merchant_D,Processor_C,NGN,MOBILE_MONEY,SET-0017
TXN101604,1000.0,SUCCESS,REF-00001604,2026/07/27,Merchant_E,Processor_C,NGN,MOBILE_MONEY,SET-0010
TXN106653,1500.0,FAILED,REF-00006653,2026/07/24,Merchant_E,Processor_C,NGN,BANK_TRANSFER,SET-0044
TXN100120,50000.0,SUCCESS,REF-00000120,2026/07/15,Merchant_B,Processor_C,NGN,USSD,SET-0011
TXN102556,10000.0,SUCCESS,REF-00002556,2026/07/13,Merchant_B,Processor_C,NGN,USSD,SET-0022
TXN103175,1500.0,SUCCESS,REF-00003175,2026/07/05,Merchant_C,Processor_C,NGN,BANK_TRANSFER,SET-0001
TXN102151,1500.0,SUCCESS,REF-00002151,2026/07/03,Merchant_D,Processor_C,NGN,BANK_TRANSFER,SET-0038
TXN108170,50000.0,SUCCESS,REF-00008170,2026/07/24,Merchant_B,Processor_C,NGN,CARD,SET-0050
TXN104716,15000.0,FAILED,REF-00004716,2026/07/15,Merchant_D,Processor_C,NGN,MOBILE_MONEY,SET-0025
TXN107516,5000.0,SUCCESS,REF-00007516,2026/07/07,Merchant_A,Processor_C,NGN,BANK_TRANSFER,SET-0038
TXN108823,1000.0,FAILED,REF-00008823,2026/07/10,Merchant_A,Processor_C,NGN,USSD,SET-0023
TXN105439,50000.0,SUCCESS,REF-00005439,2026/07/10,Merchant_D,Processor_C,NGN,CARD,SET-0042
TXN107083,10000.0,FAILED,REF-00007083,2026/07/20,Merchant_D,Processor_C,NGN,MOBILE_MONEY,SET-0006
TXN107323,25000.0,SUCCESS,REF-00007323,2026/07/21,Merchant_D,Processor_C,NGN,CARD,SET-0021
TXN107457,7500.0,SUCCESS,REF-00007457,2026/07/17,Merchant_D,Processor_C,NGN,CARD,SET-0020
TXN104754,50000.0,SUCCESS,REF-00004754,2026/07/28,Merchant_B,Processor_C,NGN,CARD,SET-0002
TXN106860,1000.0,SUCCESS,REF-00006860,2026/07/23,Merchant_C,Processor_C,NGN,USSD,SET-0040
TXN107263,500.0,SUCCESS,REF-00007263,2026/07/02,Merchant_E,Processor_C,NGN,CARD,SET-0002
TXN103665,7500.0,SUCCESS,REF-00003665,2026/07/27,Merchant_E,Processor_C,NGN,CARD,SET-0037
TXN103708,5000.0,REFUNDED,REF-00003708,2026/07/05,Merchant_A,Processor_C,NGN,BANK_TRANSFER,SET-0009
TXN107148,7500.0,SUCCESS,REF-00007148,2026/07/31,Merchant_C,Processor_C,NGN,BANK_TRANSFER,SET-0011
TXN104231,10000.0,SUCCESS,REF-00004231,2026/07/07,Merchant_D,Processor_C,NGN,CARD,SET-0046
TXN109950,10000.0,SUCCESS,REF-00009950,2026/07/24,Merchant_A,Processor_C,NGN,USSD,SET-0022
TXN105500,10000.0,REFUNDED,REF-00005500,2026/07/03,Merchant_E,Processor_C,NGN,BANK_TRANSFER,SET-0031
TXN100913,7500.0,SUCCESS,REF-00000913,2026/07/28,Merchant_A,Processor_C,NGN,BANK_TRANSFER,SET-0045
TXN109051,10000.0,SUCCESS,REF-00009051,2026/07/15,Merchant_A,Processor_C,NGN,MOBILE_MONEY,SET-0010
TXN107781,500.0,SUCCESS,REF-00007781,2026/07/20,Merchant_D,Processor_C,NGN,MOBILE_MONEY,SET-0042
TXN102843,250000.0,SUCCESS,REF-00002843,2026/07/21,Merchant_A,Processor_C,NGN,USSD,SET-0028
TXN104375,10000.0,SUCCESS,REF-00004375,2026/07/15,Merchant_C,Processor_C,NGN,CARD,SET-0045
TXN109620,7500.0,SUCCESS,REF-00009620,2026/07/26,Merchant_C,Processor_C,NGN,MOBILE_MONEY,SET-0018
TXN109647,10000.0,SUCCESS,REF-00009647,2026/07/20,Merchant_A,Processor_C,NGN,CARD,SET-0043
TXN108257,250000.0,SUCCESS,REF-00008257,2026/07/18,Merchant_E,Processor_C,NGN,USSD,SET-0020
TXN101066,2500.0,SUCCESS,REF-00001066,2026/07/27,Merchant_A,Processor_C,NGN,USSD,SET-0012
TXN107395,1000.0,REFUNDED,REF-00007395,2026/07/17,Merchant_D,Processor_C,NGN,CARD,SET-0050
TXN101950,1000.0,REFUNDED,REF-00001950,2026/07/25,Merchant_E,Processor_C,NGN,CARD,SET-0035
TXN103865,5000.0,SUCCESS,REF-00003865,2026/07/12,Merchant_D,Processor_C,NGN,USSD,SET-0040
TXN104676,1000.0,SUCCESS,REF-00004676,2026/07/24,Merchant_B,Processor_C,NGN,BANK_TRANSFER,SET-0014
TXN102029,15000.0,SUCCESS,REF-00002029,2026/07/10,Merchant_B,Processor_C,NGN,BANK_TRANSFER,SET-0019
TXN109076,25000.0,FAILED,REF-00009076,2026/07/30,Merchant_C,Processor_C,NGN,BANK_TRANSFER,SET-0024
TXN108261,1500.0,SUCCESS,REF-00008261,2026/07/10,Merchant_E,Processor_C,NGN,CARD,SET-0033
TXN103789,250000.0,SUCCESS,REF-00003789,2026/07/16,Merchant_C,Processor_C,NGN,BANK_TRANSFER,SET-0037
TXN103554,1500.0,SUCCESS,REF-00003554,2026/07/15,Merchant_E,Processor_C,NGN,CARD,SET-0001
TXN106212,7500.0,SUCCESS,REF-00006212,2026/07/12,Merchant_D,Processor_C,NGN,USSD,SET-0005
TXN105232,25000.0,FAILED,REF-00005232,2026/07/28,Merchant_A,Processor_C,NGN,MOBILE_MONEY,SET-0029
TXN109533,50000.0,SUCCESS,REF-00009533,2026/07/23,Merchant_D,Processor_C,NGN,BANK_TRANSFER,SET-0018
TXN105150,5000.0,SUCCESS,REF-00005150,2026/07/06,Merchant_A,Processor_C,NGN,CARD,SET-0009
TXN105720,1000.0,SUCCESS,REF-00005720,2026/07/15,Merchant_A,Processor_C,NGN,USSD,SET-0042
TXN102321,25000.0,REFUNDED,REF-00002321,2026/07/20,Merchant_B,Processor_C,NGN,USSD,SET-0021
TXN109037,50000.0,SUCCESS,REF-00009037,2026/07/29,Merchant_E,Processor_C,NGN,BANK_TRANSFER,SET-0027
TXN100421,25000.0,SUCCESS,REF-00000421,2026/07/07,Merchant_E,Processor_C,NGN,BANK_TRANSFER,SET-0042
TXN102326,50000.0,SUCCESS,REF-00002326,2026/07/11,Merchant_B,Processor_C,NGN,CARD,SET-0012
TXN105766,2500.0,SUCCESS,REF-00005766,2026/07/08,Merchant_E,Processor_C,NGN,CARD,SET-0047
TXN106733,5000.0,SUCCESS,REF-00006733,2026/07/30,Merchant_B,Processor_C,NGN,BANK_TRANSFER,SET-0020
TXN102143,5000.0,SUCCESS,REF-00002143,2026/07/10,Merchant_A,Processor_C,NGN,BANK_TRANSFER,SET-0044
TXN104872,2500.0,SUCCESS,REF-00004872,2026/07/31,Merchant_A,Processor_C,NGN,BANK_TRANSFER,SET-0033
TXN105729,100000.0,SUCCESS,REF-00005729,2026/07/29,Merchant_D,Processor_C,NGN,MOBILE_MONEY,SET-0039
TXN105425,10000.0,SUCCESS,REF-00005425,2026/07/29,Merchant_D,Processor_C,NGN,CARD,SET-0041
TXN108474,100000.0,FAILED,REF-00008474,2026/07/08,Merchant_E,Processor_C,NGN,USSD,SET-0013
TXN105324,1000.0,SUCCESS,REF-00005324,2026/07/08,Merchant_D,Processor_C,NGN,USSD,SET-0028
TXN108790,100000.0,SUCCESS,REF-00008790,2026/07/18,Merchant_E,Processor_C,NGN,CARD,SET-0004
TXN101871,2500.0,SUCCESS,REF-00001871,2026/07/22,Merchant_A,Processor_C,NGN,USSD,SET-0014
TXN101228,250000.0,SUCCESS,REF-00001228,2026/07/15,Merchant_E,Processor_C,NGN,CARD,SET-0008
TXN104276,7500.0,SUCCESS,REF-00004276,2026/07/03,Merchant_D,Processor_C,NGN,USSD,SET-0004
TXN104247,1500.0,SUCCESS,REF-00004247,2026/07/24,Merchant_A,Processor_C,NGN,USSD,SET-0027
TXN103930,100000.0,SUCCESS,REF-00003930,2026/07/17,Merchant_D,Processor_C,NGN,CARD,SET-0003
TXN109480,1000.0,SUCCESS,REF-00009480,2026/07/25,Merchant_B,Processor_C,NGN,CARD,SET-0036
TXN105941,2500.0,SUCCESS,REF-00005941,2026/07/21,Merchant_C,Processor_C,NGN,USSD,SET-0030
TXN101496,15000.0,SUCCESS,REF-00001496,2026/07/08,Merchant_A,Processor_C,NGN,MOBILE_MONEY,SET-0011
TXN101045,15000.0,SUCCESS,REF-00001045,2026/07/08,Merchant_E,Processor_C,NGN,USSD,SET-0022
TXN107852,50000.0,SUCCESS,REF-00007852,2026/07/21,Merchant_D,Processor_C,NGN,USSD,SET-0001
TXN107563,25000.0,SUCCESS,REF-00007563,2026/07/03,Merchant_B,Processor_C,NGN,CARD,SET-0007
TXN102315,1500.0,SUCCESS,REF-00002315,2026/07/15,Merchant_D,Processor_C,NGN,BANK_TRANSFER,SET-0022
TXN106127,5000.0,SUCCESS,REF-00006127,2026/07/13,Merchant_C,Processor_C,NGN,BANK_TRANSFER,SET-0035
TXN100943,50000.0,SUCCESS,REF-00000943,2026/07/28,Merchant_B,Processor_C,NGN,CARD,SET-0021
TXN108237,50000.0,SUCCESS,REF-00008237,2026/07/15,Merchant_B,Processor_C,NGN,CARD,SET-0005
TXN109869,1500.0,SUCCESS,REF-00009869,2026/07/20,Merchant_C,Processor_C,NGN,CARD,SET-0038
TXN102013,1500.0,SUCCESS,REF-00002013,2026/07/17,Merchant_C,Processor_C,NGN,CARD,SET-0022
TXN103533,5000.0,SUCCESS,REF-00003533,2026/07/26,Merchant_A,Processor_C,NGN,MOBILE_MONEY,SET-0009
TXN103741,50000.0,SUCCESS,REF-00003741,2026/07/30,Merchant_E,Processor_C,NGN,CARD,SET-0034
TXN107091,100000.0,SUCCESS,REF-00007091,2026/07/01,Merchant_D,Processor_C,NGN,MOBILE_MONEY,SET-0042
TXN109219,1500.0,SUCCESS,REF-00009219,2026/07/01,Merchant_B,Processor_C,NGN,USSD,SET-0020
TXN107290,25000.0,SUCCESS,REF-00007290,2026/07/25,Merchant_A,Processor_C,NGN,MOBILE_MONEY,SET-0049
TXN108017,15000.0,FAILED,REF-00008017,2026/07/23,Merchant_C,Processor_C,NGN,BANK_TRANSFER,SET-0008
TXN100241,250000.0,SUCCESS,REF-00000241,2026/07/25,Merchant_C,Processor_C,NGN,MOBILE_MONEY,SET-0028
TXN107406,15000.0,SUCCESS,REF-00007406,2026/07/03,Merchant_B,Processor_C,NGN,BANK_TRANSFER,SET-0033
TXN102791,250000.0,SUCCESS,REF-00002791,2026/07/29,Merchant_E,Processor_C,NGN,CARD,SET-0039
TXN102849,5000.0,SUCCESS,REF-00002849,2026/07/02,Merchant_C,Processor_C,NGN,MOBILE_MONEY,SET-0045
TXN102490,5000.0,SUCCESS,REF-00002490,2026/07/13,Merchant_C,Processor_C,NGN,MOBILE_MONEY,SET-0022
TXN109505,7500.0,SUCCESS,REF-00009505,2026/07/10,Merchant_B,Processor_C,NGN,BANK_TRANSFER,SET-0045
TXN107971,15000.0,SUCCESS,REF-00007971,2026/07/04,Merchant_A,Processor_C,NGN,BANK_TRANSFER,SET-0027
TXN104273,10000.0,SUCCESS,REF-00004273-X,2026/07/19,Merchant_C,Processor_C,NGN,BANK_TRANSFER,SET-0012
TXN109937,15000.0,SUCCESS,REF-00009937,2026/07/12,Merchant_A,Processor_C,NGN,USSD,SET-0044
TXN100900,2500.0,SUCCESS,REF-00000900,2026/07/21,Merchant_D,Processor_C,NGN,CARD,SET-0041
TXN106365,10000.0,SUCCESS,REF-00006365,2026/07/11,Merchant_D,Processor_C,NGN,MOBILE_MONEY,SET-0035
TXN108670,100000.0,SUCCESS,REF-00008670,2026/07/07,Merchant_A,Processor_C,NGN,USSD,SET-0007
TXN101815,250000.0,SUCCESS,REF-00001815,2026/07/09,Merchant_E,Processor_C,NGN,USSD,SET-0040
TXN106766,250000.0,SUCCESS,REF-00006766,2026/07/13,Merchant_D,Processor_C,NGN,BANK_TRANSFER,SET-0008
TXN102720,100000.0,SUCCESS,REF-00002720,2026/07/24,Merchant_E,Processor_C,NGN,CARD,SET-0009
TXN108812,50000.0,SUCCESS,REF-00008812,2026/07/05,Merchant_C,Processor_C,NGN,MOBILE_MONEY,SET-0023
TXN106491,5000.0,SUCCESS,REF-00006491,2026/07/12,Merchant_C,Processor_C,NGN,BANK_TRANSFER,SET-0049
TXN103269,15000.0,SUCCESS,REF-00003269,2026/07/04,Merchant_B,Processor_C,NGN,CARD,SET-0039
TXN103245,1500.0,SUCCESS,REF-00003245,2026/07/03,Merchant_B,Processor_C,NGN,CARD,SET-0014
TXN106981,10000.0,SUCCESS,REF-00006981,2026/07/08,Merchant_D,Processor_C,NGN,USSD,SET-0022
TXN104764,10000.0,FAILED,REF-00004764,2026/07/19,Merchant_E,Processor_C,NGN,CARD,SET-0025
TXN102428,5000.0,SUCCESS,REF-00002428,2026/07/04,Merchant_E,Processor_C,NGN,BANK_TRANSFER,SET-0004
TXN108284,10000.0,SUCCESS,REF-00008284,2026/07/07,Merchant_B,Processor_C,NGN,BANK_TRANSFER,SET-0003
TXN102964,50000.0,SUCCESS,REF-00002964,2026/07/10,Merchant_B,Processor_C,NGN,CARD,SET-0012
TXN104957,15000.0,SUCCESS,REF-00004957,2026/07/10,Merchant_E,Processor_C,NGN,USSD,SET-0034
TXN100044,2500.0,SUCCESS,REF-00000044,2026/07/16,Merchant_A,Processor_C,NGN,MOBILE_MONEY,SET-0029
TXN101487,25000.0,SUCCESS,REF-00001487,2026/07/31,Merchant_A,Processor_C,NGN,CARD,SET-0027
TXN103349,2500.0,SUCCESS,REF-00003349,2026/07/17,Merchant_D,Processor_C,NGN,MOBILE_MONEY,SET-0016
TXN104481,10000.0,SUCCESS,REF-00004481,2026/07/11,Merchant_C,Processor_C,NGN,USSD,SET-0039
TXN106121,1000.0,SUCCESS,REF-00006121,2026/07/02,Merchant_C,Processor_C,NGN,USSD,SET-0036
TXN107289,50000.0,SUCCESS,REF-00007289,2026/07/24,Merchant_A,Processor_C,NGN,USSD,SET-0050
TXN104606,50000.0,SUCCESS,REF-00004606,2026/07/26,Merchant_B,Processor_C,NGN,MOBILE_MONEY,SET-0024
TXN108877,5000.0,REFUNDED,REF-00008877,2026/07/17,Merchant_E,Processor_C,NGN,MOBILE_MONEY,SET-0036
TXN108753,1500.0,SUCCESS,REF-00008753,2026/07/29,Merchant_A,Processor_C,NGN,CARD,SET-0034
TXN106023,1000.0,SUCCESS,REF-00006023,2026/07/24,Merchant_E,Processor_C,NGN,BANK_TRANSFER,SET-0016
TXN108140,1500.0,SUCCESS,REF-00008140,2026/07/19,Merchant_A,Processor_C,NGN,MOBILE_MONEY,SET-0015
TXN104073,15000.0,FAILED,REF-00004073,2026/07/07,Merchant_B,Processor_C,NGN,CARD,SET-0038
TXN106696,15000.0,SUCCESS,REF-00006696,2026/07/10,Merchant_C,Processor_C,NGN,MOBILE_MONEY,SET-0043
TXN107646,10000.0,SUCCESS,REF-00007646,2026/07/30,Merchant_A,Processor_C,NGN,BANK_TRANSFER,SET-0006
TXN102985,250000.0,FAILED,REF-00002985,2026/07/24,Merchant_D,Processor_C,NGN,BANK_TRANSFER,SET-0013
TXN108101,250000.0,SUCCESS,REF-00008101,2026/07/04,Merchant_E,Processor_C,NGN,USSD,SET-0015
TXN101090,100000.0,REFUNDED,REF-00001090,2026/07/27,Merchant_D,Processor_C,NGN,MOBILE_MONEY,SET-0002
TXN108587,25000.0,SUCCESS,REF-00008587,2026/07/21,Merchant_E,Processor_C,NGN,CARD,SET-0030
TXN107614,2500.0,SUCCESS,REF-00007614,2026/07/13,Merchant_A,Processor_C,NGN,BANK_TRANSFER,SET-0049
TXN106512,50000.0,SUCCESS,REF-00006512,2026/07/03,Merchant_A,Processor_C,NGN,CARD,SET-0046
TXN104081,2500.0,SUCCESS,REF-00004081,2026/07/08,Merchant_A,Processor_C,NGN,CARD,SET-0042
TXN105934,5000.0,SUCCESS,REF-00005934,2026/07/12,Merchant_B,Processor_C,NGN,MOBILE_MONEY,SET-0040
TXN106746,15000.0,SUCCESS,REF-00006746,2026/07/12,Merchant_E,Processor_C,NGN,MOBILE_MONEY,SET-0004
TXN101056,25000.0,SUCCESS,REF-00001056,2026/07/03,Merchant_D,Processor_C,NGN,BANK_TRANSFER,SET-0029
TXN102922,50000.0,SUCCESS,REF-00002922,2026/07/23,Merchant_E,Processor_C,NGN,BANK_TRANSFER,SET-0036
TXN104665,25000.0,SUCCESS,REF-00004665,2026/07/12,Merchant_D,Processor_C,NGN,BANK_TRANSFER,SET-0021
TXN102216,50000.0,SUCCESS,REF-00002216,2026/07/13,Merchant_D,Processor_C,NGN,MOBILE_MONEY,SET-0032
TXN107511,250000.0,SUCCESS,REF-00007511,2026/07/08,Merchant_C,Processor_C,NGN,CARD,SET-0007
TXN106323,5000.0,SUCCESS,REF-00006323,2026/07/17,Merchant_E,Processor_C,NGN,USSD,SET-0009
TXN100331,25000.0,SUCCESS,REF-00000331,2026/07/26,Merchant_E,Processor_C,NGN,CARD,SET-0033
TXN107645,15000.0,SUCCESS,REF-00007645,2026/07/17,Merchant_C,Processor_C,NGN,BANK_TRANSFER,SET-0027
TXN103725,100000.0,REFUNDED,REF-00003725,2026/07/07,Merchant_D,Processor_C,NGN,BANK_TRANSFER,SET-0028
TXN103394,100000.0,SUCCESS,REF-00003394,2026/07/01,Merchant_C,Processor_C,NGN,BANK_TRANSFER,SET-0018
TXN107052,100000.0,SUCCESS,REF-00007052,2026/07/22,Merchant_E,Processor_C,NGN,USSD,SET-0014
TXN103651,7500.0,SUCCESS,REF-00003651,2026/07/05,Merchant_E,Processor_C,NGN,BANK_TRANSFER,SET-0037
TXN103612,5000.0,SUCCESS,REF-00003612,2026/07/29,Merchant_C,Processor_C,NGN,BANK_TRANSFER,SET-0007
TXN100243,5000.0,SUCCESS,REF-00000243,2026/07/30,Merchant_A,Processor_C,NGN,BANK_TRANSFER,SET-0046
TXN106867,1500.0,SUCCESS,REF-00006867,2026/07/14,Merchant_D,Processor_C,NGN,BANK_TRANSFER,SET-0020
TXN102026,25000.0,SUCCESS,REF-00002026,2026/07/02,Merchant_E,Processor_C,NGN,USSD,SET-0020
TXN103003,15000.0,SUCCESS,REF-00003003,2026/07/27,Merchant_D,Processor_C,NGN,CARD,SET-0021
TXN100375,5000.0,SUCCESS,REF-00000375,2026/07/03,Merchant_A,Processor_C,NGN,CARD,SET-0018
TXN107958,1500.0,SUCCESS,REF-00007958,2026/07/26,Merchant_B,Processor_C,NGN,BANK_TRANSFER,SET-0050
TXN104251,1000.0,SUCCESS,REF-00004251,2026/07/04,Merchant_D,Processor_C,NGN,BANK_TRANSFER,SET-0007
TXN102654,25000.0,SUCCESS,REF-00002654,2026/07/13,Merchant_B,Processor_C,NGN,BANK_TRANSFER,SET-0002
TXN109861,10000.0,FAILED,REF-00009861,2026/07/01,Merchant_A,Processor_C,NGN,USSD,SET-0026
TXN100952,1500.0,SUCCESS,REF-00000952,2026/07/28,Merchant_B,Processor_C,NGN,MOBILE_MONEY,SET-0001
TXN101148,50000.0,SUCCESS,REF-00001148,2026/07/18,Merchant_B,Processor_C,NGN,MOBILE_MONEY,SET-0033
TXN100451,10000.0,REFUNDED,REF-00000451,2026/07/29,Merchant_D,Processor_C,NGN,BANK_TRANSFER,SET-0049
TXN103970,250000.0,SUCCESS,REF-00003970,2026/07/21,Merchant_B,Processor_C,NGN,USSD,SET-0022
TXN104188,25000.0,SUCCESS,REF-00004188,2026/07/15,Merchant_B,Processor_C,NGN,BANK_TRANSFER,SET-0039
TXN106497,500.0,SUCCESS,REF-00006497,2026/07/17,Merchant_C,Processor_C,NGN,BANK_TRANSFER,SET-0039
TXN101301,100000.0,SUCCESS,REF-00001301,2026/07/05,Merchant_B,Processor_C,NGN,BANK_TRANSFER,SET-0049
TXN101491,5000.0,SUCCESS,REF-00001491,2026/07/24,Merchant_B,Processor_C,NGN,MOBILE_MONEY,SET-0030
TXN103631,1500.0,SUCCESS,REF-00003631,2026/07/03,Merchant_D,Processor_C,NGN,BANK_TRANSFER,SET-0039
TXN105179,100000.0,SUCCESS,REF-00005179,2026/07/04,Merchant_E,Processor_C,NGN,MOBILE_MONEY,SET-0037
TXN105850,1500.0,SUCCESS,REF-00005850,2026/07/01,Merchant_E,Processor_C,NGN,USSD,SET-0030
TXN103634,1000.0,SUCCESS,REF-00003634,2026/07/19,Merchant_D,Processor_C,NGN,CARD,SET-0050
TXN107660,500.0,SUCCESS,REF-00007660,2026/07/21,Merchant_E,Processor_C,NGN,BANK_TRANSFER,SET-0034
TXN108149,2500.0,SUCCESS,REF-00008149,2026/07/27,Merchant_B,Processor_C,NGN,MOBILE_MONEY,SET-0015
TXN108063,1500.0,REFUNDED,REF-00008063,2026/07/24,Merchant_A,Processor_C,NGN,USSD,SET-0047
TXN104111,10000.0,SUCCESS,REF-00004111,2026/07/30,Merchant_B,Processor_C,NGN,CARD,SET-0002
TXN103712,25000.0,SUCCESS,REF-00003712,2026/07/08,Merchant_E,Processor_C,NGN,CARD,SET-0015
TXN108815,25000.0,SUCCESS,REF-00008815,2026/07/20,Merchant_E,Processor_C,NGN,USSD,SET-0013
TXN105627,5000.0,SUCCESS,REF-00005627,2026/07/28,Merchant_D,Processor_C,NGN,USSD,SET-0019
TXN100853,100000.0,SUCCESS,REF-00000853,2026/07/31,Merchant_C,Processor_C,NGN,MOBILE_MONEY,SET-0015
TXN101480,50000.0,SUCCESS,REF-00001480,2026/07/05,Merchant_E,Processor_C,NGN,BANK_TRANSFER,SET-0039
TXN104476,7500.0,FAILED,REF-00004476,2026/07/07,Merchant_A,Processor_C,NGN,CARD,SET-0033
TXN103689,500.0,SUCCESS,REF-00003689,2026/07/16,Merchant_C,Processor_C,NGN,USSD,SET-0025
TXN102091,250000.0,SUCCESS,REF-00002091,2026/07/29,Merchant_A,Processor_C,NGN,BANK_TRANSFER,SET-0028
TXN107063,25000.0,SUCCESS,REF-00007063,2026/07/18,Merchant_B,Processor_C,NGN,USSD,SET-0047
TXN105915,1000.0,SUCCESS,REF-00005915,2026/07/02,Merchant_B,Processor_C,NGN,MOBILE_MONEY,SET-0008
TXN104248,10000.0,SUCCESS,REF-00004248,2026/07/14,Merchant_C,Processor_C,NGN,BANK_TRANSFER,SET-0015
TXN104412,15000.0,SUCCESS,REF-00004412,2026/07/06,Merchant_A,Processor_C,NGN,MOBILE_MONEY,SET-0024
TXN107388,5000.0,SUCCESS,REF-00007388,2026/07/03,Merchant_C,Processor_C,NGN,USSD,SET-0038
TXN106925,500.0,FAILED,REF-00006925,2026/07/06,Merchant_A,Processor_C,NGN,CARD,SET-0002
TXN103122,1000.0,SUCCESS,REF-00003122,2026/07/03,Merchant_E,Processor_C,NGN,BANK_TRANSFER,SET-0033
TXN100347,1000.0,FAILED,REF-00000347,2026/07/25,Merchant_D,Processor_C,NGN,MOBILE_MONEY,SET-0013
TXN103029,15000.0,SUCCESS,REF-00003029,2026/07/18,Merchant_D,Processor_C,NGN,MOBILE_MONEY,SET-0031
TXN109130,2500.0,SUCCESS,REF-00009130,2026/07/05,Merchant_B,Processor_C,NGN,USSD,SET-0044
TXN100875,1500.0,SUCCESS,REF-00000875,2026/07/13,Merchant_E,Processor_C,NGN,USSD,SET-0002
TXN109246,10000.0,SUCCESS,REF-00009246,2026/07/17,Merchant_E,Processor_C,NGN,CARD,SET-0005
TXN103968,10000.0,SUCCESS,REF-00003968,2026/07/01,Merchant_E,Processor_C,NGN,MOBILE_MONEY,SET-0025
TXN107848,1000.0,SUCCESS,REF-00007848,2026/07/28,Merchant_B,Processor_C,NGN,CARD,SET-0030
TXN102869,5000.0,SUCCESS,REF-00002869,2026/07/07,Merchant_C,Processor_C,NGN,MOBILE_MONEY,SET-0038
TXN108190,100000.0,SUCCESS,REF-00008190,2026/07/25,Merchant_B,Processor_C,NGN,CARD,SET-0019
TXN104372,1000.0,SUCCESS,REF-00004372,2026/07/12,Merchant_B,Processor_C,NGN,MOBILE_MONEY,SET-0050
TXN105590,5000.0,SUCCESS,REF-00005590,2026/07/15,Merchant_D,Processor_C,NGN,USSD,SET-0039
TXN105969,50000.0,SUCCESS,REF-00005969,2026/07/22,Merchant_D,Processor_C,NGN,BANK_TRANSFER,SET-0027
TXN100477,10000.0,SUCCESS,REF-00000477,2026/07/01,Merchant_A,Processor_C,NGN,BANK_TRANSFER,SET-0022
TXN100946,1500.0,SUCCESS,REF-00000946,2026/07/26,Merchant_A,Processor_C,NGN,CARD,SET-0007
TXN109576,25000.0,SUCCESS,REF-00009576,2026/07/22,Merchant_E,Processor_C,NGN,MOBILE_MONEY,SET-0007
TXN108562,15000.0,SUCCESS,REF-00008562,2026/07/05,Merchant_B,Processor_C,NGN,USSD,SET-0011
TXN105036,15000.0,SUCCESS,REF-00005036,2026/07/31,Merchant_D,Processor_C,NGN,USSD,SET-0036
TXN105616,100000.0,SUCCESS,REF-00005616,2026/07/23,Merchant_D,Processor_C,NGN,MOBILE_MONEY,SET-0036
TXN108553,7500.0,SUCCESS,REF-00008553,2026/07/08,Merchant_B,Processor_C,NGN,USSD,SET-0015
TXN103922,25000.0,SUCCESS,REF-00003922,2026/07/21,Merchant_C,Processor_C,NGN,CARD,SET-0038
TXN108856,2500.0,SUCCESS,REF-00008856,2026/07/24,Merchant_C,Processor_C,NGN,BANK_TRANSFER,SET-0012
TXN101716,1000.0,SUCCESS,REF-00001716,2026/07/15,Merchant_B,Processor_C,NGN,BANK_TRANSFER,SET-0016
TXN106494,250000.0,SUCCESS,REF-00006494,2026/07/11,Merchant_B,Processor_C,NGN,USSD,SET-0030
TXN108645,7500.0,SUCCESS,REF-00008645,2026/07/23,Merchant_B,Processor_C,NGN,BANK_TRANSFER,SET-0035
TXN108792,1500.0,SUCCESS,REF-00008792,2026/07/24,Merchant_D,Processor_C,NGN,CARD,SET-0027
TXN103897,50000.0,SUCCESS,REF-00003897,2026/07/04,Merchant_A,Processor_C,NGN,CARD,SET-0036
TXN105282,1500.0,FAILED,REF-00005282,2026/07/09,Merchant_C,Processor_C,NGN,BANK_TRANSFER,SET-0026
TXN109286,15000.0,SUCCESS,REF-00009286,2026/07/03,Merchant_A,Processor_C,NGN,CARD,SET-0016
TXN104377,50000.0,SUCCESS,REF-00004377,2026/07/19,Merchant_E,Processor_C,NGN,USSD,SET-0031
TXN102498,250000.0,SUCCESS,REF-00002498,2026/07/26,Merchant_B,Processor_C,NGN,USSD,SET-0036
TXN107350,5000.0,SUCCESS,REF-00007350,2026/07/31,Merchant_A,Processor_C,NGN,USSD,SET-0036
TXN100843,250000.0,SUCCESS,REF-00000843,2026/07/05,Merchant_A,Processor_C,NGN,MOBILE_MONEY,SET-0033
TXN101908,5000.0,SUCCESS,REF-00001908,2026/07/10,Merchant_E,Processor_C,NGN,BANK_TRANSFER,SET-0042
TXN103059,250000.0,SUCCESS,REF-00003059,2026/07/28,Merchant_B,Processor_C,NGN,BANK_TRANSFER,SET-0003
TXN100889,2500.0,SUCCESS,REF-00000889,2026/07/13,Merchant_C,Processor_C,NGN,CARD,SET-0022
TXN103991,2500.0,SUCCESS,REF-00003991,2026/07/27,Merchant_D,Processor_C,NGN,MOBILE_MONEY,SET-0042
TXN109808,250000.0,SUCCESS,REF-00009808,2026/07/10,Merchant_C,Processor_C,NGN,CARD,SET-0026
TXN100918,25000.0,SUCCESS,REF-00000918,2026/07/20,Merchant_A,Processor_C,NGN,MOBILE_MONEY,SET-0002
TXN105015,2500.0,SUCCESS,REF-00005015,2026/07/20,Merchant_A,Processor_C,NGN,MOBILE_MONEY,SET-0048
TXN107082,7500.0,SUCCESS,REF-00007082,2026/07/23,Merchant_B,Processor_C,NGN,BANK_TRANSFER,SET-0036
TXN106176,10000.0,SUCCESS,REF-00006176,2026/07/29,Merchant_B,Processor_C,NGN,USSD,SET-0032
TXN104874,5000.0,SUCCESS,REF-00004874,2026/07/16,Merchant_B,Processor_C,NGN,MOBILE_MONEY,SET-0038
TXN100167,1500.0,SUCCESS,REF-00000167,2026/07/24,Merchant_D,Processor_C,NGN,CARD,SET-0006
TXN107424,7500.0,SUCCESS,REF-00007424,2026/07/05,Merchant_D,Processor_C,NGN,USSD,SET-0014
TXN102648,7500.0,SUCCESS,REF-00002648,2026/07/14,Merchant_A,Processor_C,NGN,USSD,SET-0013
TXN105549,1500.0,SUCCESS,REF-00005549,2026/07/24,Merchant_B,Processor_C,NGN,USSD,SET-0023
TXN108738,1000.0,FAILED,REF-00008738,2026/07/13,Merchant_A,Processor_C,NGN,BANK_TRANSFER,SET-0006
TXN108347,500.0,SUCCESS,REF-00008347,2026/07/12,Merchant_E,Processor_C,NGN,USSD,SET-0027
TXN104524,50000.0,SUCCESS,REF-00004524,2026/07/31,Merchant_A,Processor_C,NGN,USSD,SET-0026
TXN100706,5000.0,SUCCESS,REF-00000706,2026/07/12,Merchant_C,Processor_C,NGN,USSD,SET-0050
TXN101522,5000.0,SUCCESS,REF-00001522,2026/07/23,Merchant_B,Processor_C,NGN,CARD,SET-0039
TXN104484,2500.0,SUCCESS,REF-00004484,2026/07/14,Merchant_B,Processor_C,NGN,MOBILE_MONEY,SET-0032
TXN105017,5000.0,SUCCESS,REF-00005017,2026/07/24,Merchant_D,Processor_C,NGN,CARD,SET-0028
TXN105367,5000.0,SUCCESS,REF-00005367,2026/07/06,Merchant_C,Processor_C,NGN,MOBILE_MONEY,SET-0049
TXN109999,2500.0,SUCCESS,REF-00009999,2026/07/07,Merchant_B,Processor_C,NGN,USSD,SET-0047
TXN102978,25000.0,SUCCESS,REF-00002978,2026/07/12,Merchant_E,Processor_C,NGN,USSD,SET-0016
TXN102475,50000.0,SUCCESS,REF-00002475,2026/07/28,Merchant_D,Processor_C,NGN,USSD,SET-0010
TXN106063,10000.0,SUCCESS,REF-00006063,2026/07/10,Merchant_E,Processor_C,NGN,BANK_TRANSFER,SET-0036
TXN101126,1000.0,SUCCESS,REF-00001126,2026/07/16,Merchant_C,Processor_C,NGN,BANK_TRANSFER,SET-0046
TXN107293,10000.0,FAILED,REF-00007293,2026/07/06,Merchant_B,Processor_C,NGN,CARD,SET-0043
TXN107033,10000.0,SUCCESS,REF-00007033,2026/07/13,Merchant_A,Processor_C,NGN,BANK_TRANSFER,SET-0045
TXN108820,1000.0,REFUNDED,REF-00008820,2026/07/29,Merchant_A,Processor_C,NGN,BANK_TRANSFER,SET-0031
TXN102787,2500.0,REFUNDED,REF-00002787,2026/07/21,Merchant_E,Processor_C,NGN,USSD,SET-0012
TXN103978,1000.0,SUCCESS,REF-00003978,2026/07/02,Merchant_A,Processor_C,NGN,MOBILE_MONEY,SET-0036
TXN108609,100000.0,SUCCESS,REF-00008609,2026/07/28,Merchant_C,Processor_C,NGN,MOBILE_MONEY,SET-0026
TXN102237,1500.0,FAILED,REF-00002237,2026/07/31,Merchant_C,Processor_C,NGN,USSD,SET-0003
TXN100280,100000.0,SUCCESS,REF-00000280,2026/07/24,Merchant_C,Processor_C,NGN,MOBILE_MONEY,SET-0013
TXN106264,50000.0,SUCCESS,REF-00006264,2026/07/07,Merchant_C,Processor_C,NGN,MOBILE_MONEY,SET-0038
TXN102582,10000.0,SUCCESS,REF-00002582,2026/07/10,Merchant_B,Processor_C,NGN,MOBILE_MONEY,SET-0016
TXN102698,25000.0,FAILED,REF-00002698,2026/07/30,Merchant_C,Processor_C,NGN,MOBILE_MONEY,SET-0029
TXN104902,1500.0,SUCCESS,REF-00004902,2026/07/17,Merchant_A,Processor_C,NGN,MOBILE_MONEY,SET-0028
TXN101601,5000.0,SUCCESS,REF-00001601,2026/07/18,Merchant_C,Processor_C,NGN,USSD,SET-0009
TXN103778,15000.0,SUCCESS,REF-00003778,2026/07/15,Merchant_A,Processor_C,NGN,BANK_TRANSFER,SET-0015
TXN106076,5000.0,SUCCESS,REF-00006076,2026/07/06,Merchant_B,Processor_C,NGN,BANK_TRANSFER,SET-0028
TXN101930,10000.0,SUCCESS,REF-00001930,2026/07/10,Merchant_D,Processor_C,NGN,MOBILE_MONEY,SET-0002
TXN103816,5000.0,SUCCESS,REF-00003816,2026/07/06,Merchant_E,Processor_C,NGN,USSD,SET-0029
TXN100563,500.0,SUCCESS,REF-00000563,2026/07/01,Merchant_D,Processor_C,NGN,CARD,SET-0009
TXN109029,7500.0,SUCCESS,REF-00009029,2026/07/20,Merchant_E,Processor_C,NGN,MOBILE_MONEY,SET-0036
TXN104406,100000.0,SUCCESS,REF-00004406,2026/07/23,Merchant_D,Processor_C,NGN,CARD,SET-0024
TXN105222,1500.0,REFUNDED,REF-00005222,2026/07/26,Merchant_B,Processor_C,NGN,MOBILE_MONEY,SET-0001
TXN102759,1000.0,SUCCESS,REF-00002759,2026/07/11,Merchant_A,Processor_C,NGN,USSD,SET-0014
TXN105115,15000.0,SUCCESS,REF-00005115,2026/07/21,Merchant_D,Processor_C,NGN,BANK_TRANSFER,SET-0018
TXN107690,1000.0,SUCCESS,REF-00007690,2026/07/14,Merchant_A,Processor_C,NGN,CARD,SET-0009
TXN107540,2500.0,SUCCESS,REF-00007540,2026/07/24,Merchant_D,Processor_C,NGN,USSD,SET-0003
TXN108034,50000.0,SUCCESS,REF-00008034,2026/07/08,Merchant_C,Processor_C,NGN,USSD,SET-0042
TXN103833,5000.0,REFUNDED,REF-00003833,2026/07/21,Merchant_B,Processor_C,NGN,USSD,SET-0041
TXN106895,100000.0,SUCCESS,REF-00006895,2026/07/13,Merchant_D,Processor_C,NGN,BANK_TRANSFER,SET-0023
TXN101829,5000.0,SUCCESS,REF-00001829,2026/07/27,Merchant_E,Processor_C,NGN,BANK_TRANSFER,SET-0020
TXN109237,1000.0,SUCCESS,REF-00009237,2026/07/19,Merchant_A,Processor_C,NGN,BANK_TRANSFER,SET-0034
TXN100461,15000.0,SUCCESS,REF-00000461,2026/07/29,Merchant_C,Processor_C,NGN,BANK_TRANSFER,SET-0044
TXN104755,50000.0,SUCCESS,REF-00004755,2026/07/31,Merchant_B,Processor_C,NGN,MOBILE_MONEY,SET-0029
TXN107185,100000.0,SUCCESS,REF-00007185,2026/07/03,Merchant_E,Processor_C,NGN,BANK_TRANSFER,SET-0018
TXN104917,5000.0,SUCCESS,REF-00004917,2026/07/08,Merchant_B,Processor_C,NGN,BANK_TRANSFER,SET-0015
TXN107422,7500.0,SUCCESS,REF-00007422,2026/07/28,Merchant_D,Processor_C,NGN,BANK_TRANSFER,SET-0021
TXN102183,5000.0,SUCCESS,REF-00002183,2026/07/02,Merchant_A,Processor_C,NGN,BANK_TRANSFER,SET-0018
TXN104966,250000.0,SUCCESS,REF-00004966,2026/07/24,Merchant_E,Processor_C,NGN,USSD,SET-0003
TXN105956,5000.0,SUCCESS,REF-00005956,2026/07/27,Merchant_B,Processor_C,NGN,USSD,SET-0004
TXN109157,15000.0,SUCCESS,REF-00009157,2026/07/07,Merchant_A,Processor_C,NGN,MOBILE_MONEY,SET-0010
TXN100058,1000.0,SUCCESS,REF-00000058,2026/07/07,Merchant_C,Processor_C,NGN,USSD,SET-0049
TXN106155,500.0,SUCCESS,REF-00006155,2026/07/21,Merchant_B,Processor_C,NGN,USSD,SET-0039
TXN100482,7500.0,SUCCESS,REF-00000482,2026/07/23,Merchant_B,Processor_C,NGN,CARD,SET-0019
TXN102568,50000.0,SUCCESS,REF-00002568,2026/07/23,Merchant_C,Processor_C,NGN,BANK_TRANSFER,SET-0027
TXN105468,50000.0,SUCCESS,REF-00005468,2026/07/24,Merchant_D,Processor_C,NGN,CARD,SET-0043
TXN102678,1000.0,FAILED,REF-00002678,2026/07/31,Merchant_C,Processor_C,NGN,MOBILE_MONEY,SET-0026
TXN105316,5000.0,SUCCESS,REF-00005316,2026/07/10,Merchant_D,Processor_C,NGN,BANK_TRANSFER,SET-0042
TXN103690,50000.0,SUCCESS,REF-00003690,2026/07/19,Merchant_B,Processor_C,NGN,CARD,SET-0037
TXN107901,2500.0,SUCCESS,REF-00007901,2026/07/13,Merchant_E,Processor_C,NGN,USSD,SET-0003
TXN101339,500.0,SUCCESS,REF-00001339,2026/07/12,Merchant_B,Processor_C,NGN,USSD,SET-0028
TXN109843,25000.0,SUCCESS,REF-00009843,2026/07/25,Merchant_E,Processor_C,NGN,MOBILE_MONEY,SET-0013
TXN102244,50000.0,SUCCESS,REF-00002244,2026/07/13,Merchant_C,Processor_C,NGN,USSD,SET-0003
TXN102737,10000.0,SUCCESS,REF-00002737,2026/07/20,Merchant_A,Processor_C,NGN,BANK_TRANSFER,SET-0007
TXN109947,2500.0,SUCCESS,REF-00009947,2026/07/07,Merchant_A,Processor_C,NGN,USSD,SET-0003
TXN107011,50000.0,SUCCESS,REF-00007011,2026/07/13,Merchant_C,Processor_C,NGN,BANK_TRANSFER,SET-0005
TXN100963,5000.0,SUCCESS,REF-00000963,2026/07/09,Merchant_B,Processor_C,NGN,BANK_TRANSFER,SET-0044
TXN104129,500.0,SUCCESS,REF-00004129,2026/07/02,Merchant_A,Processor_C,NGN,CARD,SET-0003
TXN101642,10000.0,SUCCESS,REF-00001642,2026/07/17,Merchant_E,Processor_C,NGN,MOBILE_MONEY,SET-0040
TXN106626,50000.0,SUCCESS,REF-00006626,2026/07/15,Merchant_C,Processor_C,NGN,MOBILE_MONEY,SET-0014
TXN105401,250000.0,SUCCESS,REF-00005401,2026/07/03,Merchant_C,Processor_C,NGN,CARD,SET-0027
TXN100949,15000.0,REFUNDED,REF-00000949,2026/07/26,Merchant_D,Processor_C,NGN,MOBILE_MONEY,SET-0045
TXN100894,15000.0,SUCCESS,REF-00000894,2026/07/28,Merchant_D,Processor_C,NGN,CARD,SET-0017
TXN102100,100000.0,SUCCESS,REF-00002100,2026/07/24,Merchant_A,Processor_C,NGN,USSD,SET-0002
TXN100955,5100.0,SUCCESS,REF-00000955,2026/07/28,Merchant_A,Processor_C,NGN,CARD,SET-0009
TXN107784,100000.0,SUCCESS,REF-00007784,2026/07/18,Merchant_B,Processor_C,NGN,MOBILE_MONEY,SET-0031
TXN106336,1500.0,SUCCESS,REF-00006336,2026/07/28,Merchant_A,Processor_C,NGN,BANK_TRANSFER,SET-0031
TXN102232,100000.0,SUCCESS,REF-00002232,2026/07/13,Merchant_A,Processor_C,NGN,MOBILE_MONEY,SET-0025
TXN108958,15000.0,SUCCESS,REF-00008958,2026/07/11,Merchant_A,Processor_C,NGN,MOBILE_MONEY,SET-0002
TXN104888,500.0,FAILED,REF-00004888,2026/07/02,Merchant_D,Processor_C,NGN,CARD,SET-0029
TXN105622,50000.0,SUCCESS,REF-00005622,2026/07/30,Merchant_A,Processor_C,NGN,USSD,SET-0034
TXN104690,5000.0,SUCCESS,REF-00004690,2026/07/18,Merchant_C,Processor_C,NGN,CARD,SET-0045
TXN102696,15000.0,SUCCESS,REF-00002696,2026/07/10,Merchant_D,Processor_C,NGN,USSD,SET-0005
TXN100244,500.0,SUCCESS,REF-00000244,2026/07/25,Merchant_A,Processor_C,NGN,BANK_TRANSFER,SET-0019
TXN107978,25000.0,SUCCESS,REF-00007978,2026/07/18,Merchant_A,Processor_C,NGN,USSD,SET-0005
TXN104782,10000.0,SUCCESS,REF-00004782,2026/07/17,Merchant_E,Processor_C,NGN,CARD,SET-0008
TXN108376,1500.0,SUCCESS,REF-00008376,2026/07/30,Merchant_D,Processor_C,NGN,MOBILE_MONEY,SET-0025
TXN102879,1500.0,SUCCESS,REF-00002879,2026/07/19,Merchant_A,Processor_C,NGN,MOBILE_MONEY,SET-0001
TXN100030,15000.0,SUCCESS,REF-00000030,2026/07/01,Merchant_B,Processor_C,NGN,CARD,SET-0047
TXN102600,15000.0,SUCCESS,REF-00002600,2026/07/20,Merchant_C,Processor_C,NGN,CARD,SET-0013
TXN102396,1500.0,SUCCESS,REF-00002396,2026/07/28,Merchant_A,Processor_C,NGN,MOBILE_MONEY,SET-0048
TXN108662,500.0,SUCCESS,REF-00008662,2026/07/13,Merchant_E,Processor_C,NGN,BANK_TRANSFER,SET-0041
TXN101561,2500.0,SUCCESS,REF-00001561,2026/07/22,Merchant_C,Processor_C,NGN,USSD,SET-0029
TXN108068,8500.0,SUCCESS,REF-00008068,2026/07/16,Merchant_A,Processor_C,NGN,MOBILE_MONEY,SET-0014
TXN101240,50000.0,SUCCESS,REF-00001240,2026/07/30,Merchant_A,Processor_C,NGN,USSD,SET-0011
TXN105063,5000.0,SUCCESS,REF-00005063,2026/07/11,Merchant_E,Processor_C,NGN,BANK_TRANSFER,SET-0015
TXN104017,100000.0,SUCCESS,REF-00004017,2026/07/09,Merchant_B,Processor_C,NGN,USSD,SET-0029
TXN104249,250000.0,REFUNDED,REF-00004249,2026/07/06,Merchant_D,Processor_C,NGN,CARD,SET-0038
TXN107544,1600.0,SUCCESS,REF-00007544,2026/07/12,Merchant_A,Processor_C,NGN,BANK_TRANSFER,SET-0038
TXN104855,2500.0,SUCCESS,REF-00004855,2026/07/20,Merchant_A,Processor_C,NGN,MOBILE_MONEY,SET-0018
TXN104541,10000.0,SUCCESS,REF-00004541,2026/07/02,Merchant_D,Processor_C,NGN,MOBILE_MONEY,SET-0015
TXN104988,25000.0,SUCCESS,REF-00004988,2026/07/30,Merchant_B,Processor_C,NGN,CARD,SET-0025
TXN105283,100000.0,SUCCESS,REF-00005283,2026/07/29,Merchant_C,Processor_C,NGN,BANK_TRANSFER,SET-0024
TXN101143,10000.0,SUCCESS,REF-00001143,2026/07/25,Merchant_E,Processor_C,NGN,CARD,SET-0015
TXN105881,15000.0,SUCCESS,REF-00005881,2026/07/31,Merchant_A,Processor_C,NGN,BANK_TRANSFER,SET-0028
TXN107303,100000.0,SUCCESS,REF-00007303,2026/07/21,Merchant_E,Processor_C,NGN,MOBILE_MONEY,SET-0010
TXN104542,2500.0,SUCCESS,REF-00004542,2026/07/31,Merchant_A,Processor_C,NGN,BANK_TRANSFER,SET-0047
TXN104927,3500.0,SUCCESS,REF-00004927,2026/07/08,Merchant_D,Processor_C,NGN,MOBILE_MONEY,SET-0037
TXN106905,1000.0,REFUNDED,REF-00006905,2026/07/15,Merchant_D,Processor_C,NGN,CARD,SET-0047
TXN106479,1500.0,SUCCESS,REF-00006479,2026/07/22,Merchant_A,Processor_C,NGN,BANK_TRANSFER,SET-0027
TXN105031,10000.0,FAILED,REF-00005031,2026/07/14,Merchant_A,Processor_C,NGN,BANK_TRANSFER,SET-0030
TXN104192,10000.0,SUCCESS,REF-00004192,2026/07/20,Merchant_D,Processor_C,NGN,MOBILE_MONEY,SET-0036
TXN101655,100000.0,SUCCESS,REF-00001655,2026/07/17,Merchant_E,Processor_C,NGN,USSD,SET-0004
TXN105867,2500.0,FAILED,REF-00005867,2026/07/22,Merchant_A,Processor_C,NGN,MOBILE_MONEY,SET-0049
TXN100671,100000.0,SUCCESS,REF-00000671,2026/07/01,Merchant_C,Processor_C,NGN,USSD,SET-0022
TXN105811,250000.0,SUCCESS,REF-00005811,2026/07/19,Merchant_C,Processor_C,NGN,CARD,SET-0025
TXN103264,50000.0,SUCCESS,REF-00003264,2026/07/02,Merchant_B,Processor_C,NGN,CARD,SET-0009
TXN109091,1000.0,SUCCESS,REF-00009091,2026/07/06,Merchant_A,Processor_C,NGN,USSD,SET-0002
TXN100019,5000.0,SUCCESS,REF-00000019,2026/07/03,Merchant_B,Processor_C,NGN,CARD,SET-0042
TXN105498,10000.0,SUCCESS,REF-00005498,2026/07/07,Merchant_B,Processor_C,NGN,CARD,SET-0028
TXN100971,100000.0,FAILED,REF-00000971,2026/07/13,Merchant_B,Processor_C,NGN,CARD,SET-0026
TXN103995,7500.0,SUCCESS,REF-00003995,2026/07/31,Merchant_E,Processor_C,NGN,MOBILE_MONEY,SET-0046
TXN101302,1000.0,SUCCESS,REF-00001302,2026/07/04,Merchant_E,Processor_C,NGN,MOBILE_MONEY,SET-0039
TXN108410,7500.0,SUCCESS,REF-00008410,2026/07/12,Merchant_C,Processor_C,NGN,CARD,SET-0042
TXN100297,2500.0,SUCCESS,REF-00000297,2026/07/26,Merchant_D,Processor_C,NGN,MOBILE_MONEY,SET-0039
TXN108836,10000.0,SUCCESS,REF-00008836,2026/07/21,Merchant_D,Processor_C,NGN,USSD,SET-0048
TXN100424,1000.0,SUCCESS,REF-00000424,2026/07/01,Merchant_E,Processor_C,NGN,MOBILE_MONEY,SET-0050
TXN100360,5000.0,FAILED,REF-00000360,2026/07/25,Merchant_D,Processor_C,NGN,MOBILE_MONEY,SET-0023
TXN107954,100000.0,FAILED,REF-00007954,2026/07/18,Merchant_E,Processor_C,NGN,BANK_TRANSFER,SET-0022
TXN109603,1000.0,SUCCESS,REF-00009603,2026/07/26,Merchant_C,Processor_C,NGN,USSD,SET-0003
TXN103586,7500.0,FAILED,REF-00003586,2026/07/09,Merchant_C,Processor_C,NGN,USSD,SET-0012
TXN106552,10000.0,SUCCESS,REF-00006552,2026/07/29,Merchant_E,Processor_C,NGN,USSD,SET-0030
TXN108720,5000.0,FAILED,REF-00008720,2026/07/06,Merchant_B,Processor_C,NGN,BANK_TRANSFER,SET-0030
TXN109922,15000.0,SUCCESS,REF-00009922,2026/07/30,Merchant_E,Processor_C,NGN,BANK_TRANSFER,SET-0022
TXN100337,25000.0,SUCCESS,REF-00000337,2026/07/20,Merchant_E,Processor_C,NGN,MOBILE_MONEY,SET-0010
TXN105231,7500.0,SUCCESS,REF-00005231,2026/07/08,Merchant_E,Processor_C,NGN,MOBILE_MONEY,SET-0032
TXN104983,50000.0,SUCCESS,REF-00004983,2026/07/21,Merchant_D,Processor_C,NGN,BANK_TRANSFER,SET-0019
TXN107168,2500.0,SUCCESS,REF-00007168,2026/07/26,Merchant_B,Processor_C,NGN,MOBILE_MONEY,SET-0010
PROC_ONLY1035,5000.0,SUCCESS,PROC-ONLY-REF-00035,2026/07/07,Merchant_B,Processor_C,NGN,BANK_TRANSFER,SET-0039
TXN109880,7500.0,FAILED,REF-00009880,2026/07/29,Merchant_C,Processor_C,NGN,CARD,SET-0019
TXN105949,50000.0,SUCCESS,REF-00005949,2026/07/09,Merchant_B,Processor_C,NGN,BANK_TRANSFER,SET-0002
TXN107370,15000.0,SUCCESS,REF-00007370,2026/07/01,Merchant_E,Processor_C,NGN,MOBILE_MONEY,SET-0025
TXN102037,1500.0,SUCCESS,REF-00002037,2026/07/03,Merchant_B,Processor_C,NGN,USSD,SET-0047
TXN105320,5000.0,SUCCESS,REF-00005320,2026/07/11,Merchant_D,Processor_C,NGN,USSD,SET-0025
TXN106044,25000.0,SUCCESS,REF-00006044,2026/07/14,Merchant_C,Processor_C,NGN,BANK_TRANSFER,SET-0013
TXN105626,7500.0,SUCCESS,REF-00005626,2026/07/25,Merchant_C,Processor_C,NGN,MOBILE_MONEY,SET-0021
TXN101766,25000.0,SUCCESS,REF-00001766,2026/07/06,Merchant_D,Processor_C,NGN,BANK_TRANSFER,SET-0008
TXN105460,50000.0,SUCCESS,REF-00005460,2026/07/04,Merchant_B,Processor_C,NGN,USSD,SET-0044
TXN105207,7500.0,SUCCESS,REF-00005207,2026/07/25,Merchant_E,Processor_C,NGN,CARD,SET-0020
TXN102640,5000.0,SUCCESS,REF-00002640,2026/07/08,Merchant_E,Processor_C,NGN,BANK_TRANSFER,SET-0021
TXN106322,10000.0,REFUNDED,REF-00006322,2026/07/01,Merchant_C,Processor_C,NGN,USSD,SET-0040
TXN108373,25000.0,FAILED,REF-00008373,2026/07/29,Merchant_D,Processor_C,NGN,USSD,SET-0009
TXN109400,15000.0,SUCCESS,REF-00009400,2026/07/09,Merchant_C,Processor_C,NGN,BANK_TRANSFER,SET-0018
TXN100646,15000.0,FAILED,REF-00000646,2026/07/12,Merchant_A,Processor_C,NGN,MOBILE_MONEY,SET-0030
TXN102298,1000.0,SUCCESS,REF-00002298,2026/07/18,Merchant_C,Processor_C,NGN,MOBILE_MONEY,SET-0040
TXN107197,25000.0,SUCCESS,REF-00007197,2026/07/31,Merchant_B,Processor_C,NGN,CARD,SET-0012
TXN104350,25000.0,SUCCESS,REF-00004350,2026/07/05,Merchant_A,Processor_C,NGN,USSD,SET-0008
TXN109189,50000.0,SUCCESS,REF-00009189,2026/07/18,Merchant_E,Processor_C,NGN,MOBILE_MONEY,SET-0047
TXN102366,1500.0,SUCCESS,REF-00002366,2026/07/21,Merchant_B,Processor_C,NGN,BANK_TRANSFER,SET-0016
TXN108339,25000.0,SUCCESS,REF-00008339,2026/07/31,Merchant_C,Processor_C,NGN,BANK_TRANSFER,SET-0028
TXN109688,5000.0,SUCCESS,REF-00009688,2026/07/27,Merchant_C,Processor_C,NGN,MOBILE_MONEY,SET-0001
TXN105671,5000.0,SUCCESS,REF-00005671,2026/07/22,Merchant_C,Processor_C,NGN,CARD,SET-0008
TXN107636,5000.0,SUCCESS,REF-00007636,2026/07/03,Merchant_D,Processor_C,NGN,CARD,SET-0038
TXN108933,15000.0,SUCCESS,REF-00008933,2026/07/20,Merchant_A,Processor_C,NGN,CARD,SET-0009
TXN104557,15000.0,SUCCESS,REF-00004557,2026/07/07,Merchant_D,Processor_C,NGN,BANK_TRANSFER,SET-0030
TXN105619,2500.0,SUCCESS,REF-00005619,2026/07/31,Merchant_C,Processor_C,NGN,MOBILE_MONEY,SET-0012
TXN109094,10000.0,SUCCESS,REF-00009094,2026/07/27,Merchant_C,Processor_C,NGN,MOBILE_MONEY,SET-0025
TXN104045,7500.0,SUCCESS,REF-00004045,2026/07/19,Merchant_A,Processor_C,NGN,MOBILE_MONEY,SET-0022
TXN100851,25000.0,SUCCESS,REF-00000851,2026/07/20,Merchant_D,Processor_C,NGN,USSD,SET-0040
TXN100187,10000.0,SUCCESS,REF-00000187,2026/07/07,Merchant_B,Processor_C,NGN,CARD,SET-0031
TXN102154,1000.0,SUCCESS,REF-00002154,2026/07/24,Merchant_C,Processor_C,NGN,USSD,SET-0006
TXN103244,25000.0,SUCCESS,REF-00003244,2026/07/06,Merchant_E,Processor_C,NGN,USSD,SET-0041
TXN101194,1000.0,SUCCESS,REF-00001194,2026/07/29,Merchant_E,Processor_C,NGN,BANK_TRANSFER,SET-0044
TXN101742,25000.0,SUCCESS,REF-00001742,2026/07/19,Merchant_D,Processor_C,NGN,USSD,SET-0006
TXN106640,25000.0,SUCCESS,REF-00006640,2026/07/29,Merchant_E,Processor_C,NGN,BANK_TRANSFER,SET-0041
TXN106685,500.0,SUCCESS,REF-00006685,2026/07/11,Merchant_E,Processor_C,NGN,USSD,SET-0023
TXN106702,5000.0,SUCCESS,REF-00006702,2026/07/01,Merchant_A,Processor_C,NGN,BANK_TRANSFER,SET-0020
TXN101500,10000.0,SUCCESS,REF-00001500,2026/07/04,Merchant_B,Processor_C,NGN,CARD,SET-0036
TXN106744,10000.0,SUCCESS,REF-00006744,2026/07/11,Merchant_D,Processor_C,NGN,USSD,SET-0040
TXN107430,5000.0,FAILED,REF-00007430,2026/07/02,Merchant_D,Processor_C,NGN,CARD,SET-0024
TXN109982,5000.0,SUCCESS,REF-00009982,2026/07/21,Merchant_B,Processor_C,NGN,CARD,SET-0008
TXN109200,100000.0,SUCCESS,REF-00009200,2026/07/18,Merchant_B,Processor_C,NGN,CARD,SET-0041
TXN105465,10000.0,SUCCESS,REF-00005465,2026/07/31,Merchant_B,Processor_C,NGN,USSD,SET-0048
TXN103776,50000.0,SUCCESS,REF-00003776,2026/07/28,Merchant_A,Processor_C,NGN,BANK_TRANSFER,SET-0044
TXN105983,1000.0,SUCCESS,REF-00005983,2026/07/17,Merchant_A,Processor_C,NGN,USSD,SET-0005
TXN106289,7500.0,SUCCESS,REF-00006289,2026/07/01,Merchant_D,Processor_C,NGN,USSD,SET-0045
TXN100615,100000.0,SUCCESS,REF-00000615,2026/07/08,Merchant_A,Processor_C,NGN,CARD,SET-0047
TXN102186,100000.0,SUCCESS,REF-00002186,2026/07/15,Merchant_A,Processor_C,NGN,MOBILE_MONEY,SET-0035
TXN105649,10000.0,SUCCESS,REF-00005649,2026/07/31,Merchant_E,Processor_C,NGN,CARD,SET-0022
TXN101591,250000.0,FAILED,REF-00001591,2026/07/09,Merchant_E,Processor_C,NGN,BANK_TRANSFER,SET-0018
TXN107919,7500.0,FAILED,REF-00007919,2026/07/09,Merchant_D,Processor_C,NGN,CARD,SET-0017
TXN109142,250000.0,SUCCESS,REF-00009142,2026/07/02,Merchant_E,Processor_C,NGN,BANK_TRANSFER,SET-0026
TXN102673,2500.0,SUCCESS,REF-00002673,2026/07/28,Merchant_B,Processor_C,NGN,CARD,SET-0019
TXN101131,10000.0,SUCCESS,REF-00001131,2026/07/23,Merchant_D,Processor_C,NGN,MOBILE_MONEY,SET-0014
TXN104680,5000.0,SUCCESS,REF-00004680,2026/07/13,Merchant_B,Processor_C,NGN,BANK_TRANSFER,SET-0012
TXN106269,15000.0,SUCCESS,REF-00006269,2026/07/19,Merchant_B,Processor_C,NGN,USSD,SET-0003
TXN109102,5000.0,SUCCESS,REF-00009102,2026/07/30,Merchant_A,Processor_C,NGN,USSD,SET-0003
TXN105364,10000.0,SUCCESS,REF-00005364,2026/07/14,Merchant_B,Processor_C,NGN,BANK_TRANSFER,SET-0002
TXN101158,100000.0,SUCCESS,REF-00001158,2026/07/29,Merchant_B,Processor_C,NGN,MOBILE_MONEY,SET-0042
TXN100601,5000.0,SUCCESS,REF-00000601,2026/07/31,Merchant_B,Processor_C,NGN,MOBILE_MONEY,SET-0048
TXN109826,10000.0,SUCCESS,REF-00009826,2026/07/25,Merchant_A,Processor_C,NGN,USSD,SET-0014
TXN103095,15000.0,REFUNDED,REF-00003095,2026/07/04,Merchant_C,Processor_C,NGN,USSD,SET-0016
TXN101761,50000.0,SUCCESS,REF-00001761,2026/07/23,Merchant_E,Processor_C,NGN,BANK_TRANSFER,SET-0044
TXN101579,10000.0,SUCCESS,REF-00001579,2026/07/08,Merchant_B,Processor_C,NGN,MOBILE_MONEY,SET-0020
TXN106715,7500.0,FAILED,REF-00006715,2026/07/20,Merchant_E,Processor_C,NGN,USSD,SET-0037
TXN106769,5000.0,SUCCESS,REF-00006769,2026/07/24,Merchant_A,Processor_C,NGN,MOBILE_MONEY,SET-0023
TXN101305,100000.0,SUCCESS,REF-00001305,2026/07/06,Merchant_E,Processor_C,NGN,USSD,SET-0009
TXN103232,2500.0,SUCCESS,REF-00003232,2026/07/15,Merchant_D,Processor_C,NGN,BANK_TRANSFER,SET-0023
TXN105642,5000.0,FAILED,REF-00005642,2026/07/22,Merchant_D,Processor_C,NGN,USSD,SET-0041
TXN106183,250000.0,SUCCESS,REF-00006183,2026/07/23,Merchant_B,Processor_C,NGN,USSD,SET-0005
TXN100625,5000.0,SUCCESS,REF-00000625,2026/07/29,Merchant_C,Processor_C,NGN,BANK_TRANSFER,SET-0018
TXN101484,5000.0,SUCCESS,REF-00001484,2026/07/22,Merchant_C,Processor_C,NGN,MOBILE_MONEY,SET-0031
TXN104951,1000.0,SUCCESS,REF-00004951,2026/07/16,Merchant_E,Processor_C,NGN,USSD,SET-0004
TXN105224,7500.0,SUCCESS,REF-00005224,2026/07/01,Merchant_C,Processor_C,NGN,USSD,SET-0027
TXN109768,250000.0,SUCCESS,REF-00009768,2026/07/26,Merchant_E,Processor_C,NGN,USSD,SET-0031
TXN102333,15000.0,REFUNDED,REF-00002333,2026/07/26,Merchant_A,Processor_C,NGN,MOBILE_MONEY,SET-0042
TXN108375,5000.0,REFUNDED,REF-00008375,2026/07/11,Merchant_B,Processor_C,NGN,BANK_TRANSFER,SET-0043
TXN103578,25000.0,REFUNDED,REF-00003578,2026/07/21,Merchant_E,Processor_C,NGN,CARD,SET-0040
TXN103576,2500.0,SUCCESS,REF-00003576,2026/07/17,Merchant_C,Processor_C,NGN,MOBILE_MONEY,SET-0039
TXN109240,5000.0,SUCCESS,REF-00009240,2026/07/24,Merchant_C,Processor_C,NGN,CARD,SET-0022
TXN106387,25000.0,SUCCESS,REF-00006387,2026/07/17,Merchant_D,Processor_C,NGN,BANK_TRANSFER,SET-0002
TXN109378,100000.0,SUCCESS,REF-00009378,2026/07/05,Merchant_E,Processor_C,NGN,BANK_TRANSFER,SET-0036
TXN107456,15000.0,FAILED,REF-00007456,2026/07/03,Merchant_D,Processor_C,NGN,MOBILE_MONEY,SET-0016
TXN104593,5000.0,SUCCESS,REF-00004593,2026/07/06,Merchant_C,Processor_C,NGN,CARD,SET-0021
TXN104246,2500.0,SUCCESS,REF-00004246,2026/07/02,Merchant_E,Processor_C,NGN,MOBILE_MONEY,SET-0030
TXN104437,25000.0,SUCCESS,REF-00004437,2026/07/20,Merchant_E,Processor_C,NGN,USSD,SET-0023
TXN100240,100000.0,SUCCESS,REF-00000240,2026/07/01,Merchant_D,Processor_C,NGN,USSD,SET-0048
TXN107950,250000.0,SUCCESS,REF-00007950,2026/07/10,Merchant_A,Processor_C,NGN,MOBILE_MONEY,SET-0011
TXN107442,1500.0,FAILED,REF-00007442,2026/07/17,Merchant_B,Processor_C,NGN,MOBILE_MONEY,SET-0028
TXN100048,10000.0,SUCCESS,REF-00000048,2026/07/15,Merchant_B,Processor_C,NGN,MOBILE_MONEY,SET-0002
TXN109711,50000.0,SUCCESS,REF-00009711,2026/07/08,Merchant_D,Processor_C,NGN,CARD,SET-0029
TXN104890,5000.0,SUCCESS,REF-00004890,2026/07/24,Merchant_A,Processor_C,NGN,MOBILE_MONEY,SET-0028
TXN105679,1500.0,SUCCESS,REF-00005679,2026/07/21,Merchant_D,Processor_C,NGN,USSD,SET-0042
TXN105836,100000.0,FAILED,REF-00005836,2026/07/05,Merchant_E,Processor_C,NGN,CARD,SET-0034
TXN104232,5000.0,SUCCESS,REF-00004232,2026/07/09,Merchant_B,Processor_C,NGN,MOBILE_MONEY,SET-0010
TXN108507,15000.0,SUCCESS,REF-00008507,2026/07/12,Merchant_B,Processor_C,NGN,BANK_TRANSFER,SET-0049
TXN104685,7500.0,SUCCESS,REF-00004685,2026/07/22,Merchant_E,Processor_C,NGN,USSD,SET-0036
PROC_ONLY1014,25000.0,SUCCESS,PROC-ONLY-REF-00014,2026/07/19,Merchant_B,Processor_C,NGN,MOBILE_MONEY,SET-0028
TXN109036,1000.0,SUCCESS,REF-00009036,2026/07/16,Merchant_E,Processor_C,NGN,MOBILE_MONEY,SET-0035
TXN106616,2500.0,SUCCESS,REF-00006616,2026/07/03,Merchant_E,Processor_C,NGN,USSD,SET-0003
TXN102895,100000.0,SUCCESS,REF-00002895,2026/07/10,Merchant_C,Processor_C,NGN,BANK_TRANSFER,SET-0041
TXN109375,2500.0,SUCCESS,REF-00009375,2026/07/23,Merchant_D,Processor_C,NGN,USSD,SET-0039
TXN102623,100000.0,SUCCESS,REF-00002623,2026/07/07,Merchant_B,Processor_C,NGN,BANK_TRANSFER,SET-0044
TXN103266,10000.0,SUCCESS,REF-00003266,2026/07/29,Merchant_B,Processor_C,NGN,CARD,SET-0043
TXN100477,10000.0,SUCCESS,REF-00000477,2026/07/01,Merchant_A,Processor_C,NGN,MOBILE_MONEY,SET-0010
TXN109224,100000.0,SUCCESS,REF-00009224,2026/07/18,Merchant_A,Processor_C,NGN,CARD,SET-0004
TXN102634,25000.0,SUCCESS,REF-00002634,2026/07/08,Merchant_C,Processor_C,NGN,BANK_TRANSFER,SET-0014
PROC_ONLY1046,50000.0,SUCCESS,PROC-ONLY-REF-00046,2026/07/30,Merchant_C,Processor_C,NGN,CARD,SET-0022
TXN105940,7500.0,SUCCESS,REF-00005940,2026/07/30,Merchant_D,Processor_C,NGN,MOBILE_MONEY,SET-0024
TXN104543,5000.0,SUCCESS,REF-00004543,2026/07/29,Merchant_E,Processor_C,NGN,USSD,SET-0033
TXN108481,2500.0,REFUNDED,REF-00008481,2026/07/28,Merchant_A,Processor_C,NGN,BANK_TRANSFER,SET-0035
TXN105577,250000.0,SUCCESS,REF-00005577,2026/07/08,Merchant_A,Processor_C,NGN,CARD,SET-0003
TXN108517,100000.0,SUCCESS,REF-00008517,2026/07/25,Merchant_E,Processor_C,NGN,CARD,SET-0022
TXN106431,100000.0,SUCCESS,REF-00006431,2026/07/16,Merchant_E,Processor_C,NGN,MOBILE_MONEY,SET-0002
TXN105469,5000.0,SUCCESS,REF-00005469,2026/07/10,Merchant_E,Processor_C,NGN,BANK_TRANSFER,SET-0045
TXN104364,2500.0,SUCCESS,REF-00004364,2026/07/01,Merchant_B,Processor_C,NGN,CARD,SET-0029
TXN104528,10000.0,SUCCESS,REF-00004528,2026/07/19,Merchant_E,Processor_C,NGN,CARD,SET-0031
TXN106062,10000.0,SUCCESS,REF-00006062,2026/07/23,Merchant_B,Processor_C,NGN,CARD,SET-0048
TXN108880,10000.0,SUCCESS,REF-00008880,2026/07/25,Merchant_C,Processor_C,NGN,BANK_TRANSFER,SET-0025
TXN101375,100000.0,SUCCESS,REF-00001375,2026/07/24,Merchant_B,Processor_C,NGN,MOBILE_MONEY,SET-0002
TXN106528,5000.0,SUCCESS,REF-00006528,2026/07/22,Merchant_A,Processor_C,NGN,USSD,SET-0027
TXN100220,15000.0,SUCCESS,REF-00000220,2026/07/13,Merchant_A,Processor_C,NGN,MOBILE_MONEY,SET-0036
TXN109772,1500.0,SUCCESS,REF-00009772,2026/07/04,Merchant_B,Processor_C,NGN,MOBILE_MONEY,SET-0039
TXN103115,100000.0,SUCCESS,REF-00003115,2026/07/12,Merchant_D,Processor_C,NGN,USSD,SET-0037
TXN102691,15000.0,SUCCESS,REF-00002691,2026/07/22,Merchant_E,Processor_C,NGN,CARD,SET-0021
TXN105846,2500.0,SUCCESS,REF-00005846,2026/07/05,Merchant_A,Processor_C,NGN,CARD,SET-0044
TXN107407,250000.0,SUCCESS,REF-00007407,2026/07/14,Merchant_A,Processor_C,NGN,MOBILE_MONEY,SET-0032
TXN109654,10000.0,SUCCESS,REF-00009654,2026/07/08,Merchant_B,Processor_C,NGN,CARD,SET-0039
TXN101138,10000.0,SUCCESS,REF-00001138,2026/07/08,Merchant_A,Processor_C,NGN,MOBILE_MONEY,SET-0026
TXN102818,500.0,SUCCESS,REF-00002818,2026/07/04,Merchant_D,Processor_C,NGN,MOBILE_MONEY,SET-0019
TXN106240,100000.0,SUCCESS,REF-00006240,2026/07/18,Merchant_B,Processor_C,NGN,BANK_TRANSFER,SET-0030
TXN107876,15000.0,SUCCESS,REF-00007876,2026/07/17,Merchant_B,Processor_C,NGN,BANK_TRANSFER,SET-0029
TXN102146,7500.0,SUCCESS,REF-00002146,2026/07/18,Merchant_A,Processor_C,NGN,MOBILE_MONEY,SET-0012
TXN108132,250000.0,SUCCESS,REF-00008132,2026/07/13,Merchant_B,Processor_C,NGN,CARD,SET-0035
TXN102078,250000.0,SUCCESS,REF-00002078,2026/07/21,Merchant_D,Processor_C,NGN,BANK_TRANSFER,SET-0006
TXN108614,2500.0,SUCCESS,REF-00008614,2026/07/28,Merchant_E,Processor_C,NGN,CARD,SET-0037
TXN103882,250000.0,SUCCESS,REF-00003882,2026/07/25,Merchant_B,Processor_C,NGN,BANK_TRANSFER,SET-0027
TXN100948,100000.0,SUCCESS,REF-00000948,2026/07/04,Merchant_E,Processor_C,NGN,USSD,SET-0025
TXN100628,500.0,SUCCESS,REF-00000628,2026/07/12,Merchant_B,Processor_C,NGN,BANK_TRANSFER,SET-0046
TXN105535,1000.0,FAILED,REF-00005535,2026/07/09,Merchant_A,Processor_C,NGN,MOBILE_MONEY,SET-0012
TXN107426,1000.0,SUCCESS,REF-00007426,2026/07/26,Merchant_C,Processor_C,NGN,CARD,SET-0025
TXN109969,1500.0,SUCCESS,REF-00009969,2026/07/18,Merchant_E,Processor_C,NGN,CARD,SET-0019
TXN105739,7500.0,SUCCESS,REF-00005739,2026/07/06,Merchant_E,Processor_C,NGN,BANK_TRANSFER,SET-0044
TXN102628,10000.0,SUCCESS,REF-00002628,2026/07/22,Merchant_B,Processor_C,NGN,CARD,SET-0025
TXN107729,10000.0,SUCCESS,REF-00007729,2026/07/15,Merchant_E,Processor_C,NGN,CARD,SET-0015
TXN102721,25000.0,SUCCESS,REF-00002721,2026/07/12,Merchant_C,Processor_C,NGN,BANK_TRANSFER,SET-0003
TXN107508,15000.0,SUCCESS,REF-00007508,2026/07/07,Merchant_B,Processor_C,NGN,USSD,SET-0032
TXN106159,50000.0,SUCCESS,REF-00006159,2026/07/13,Merchant_A,Processor_C,NGN,BANK_TRANSFER,SET-0030
TXN100579,2500.0,SUCCESS,REF-00000579,2026/07/08,Merchant_D,Processor_C,NGN,BANK_TRANSFER,SET-0001
TXN106306,5000.0,SUCCESS,REF-00006306,2026/07/29,Merchant_B,Processor_C,NGN,CARD,SET-0037
TXN106761,1500.0,FAILED,REF-00006761,2026/07/14,Merchant_E,Processor_C,NGN,CARD,SET-0023
TXN103793,25000.0,SUCCESS,REF-00003793,2026/07/06,Merchant_D,Processor_C,NGN,MOBILE_MONEY,SET-0032
TXN101462,1000.0,SUCCESS,REF-00001462,2026/07/30,Merchant_E,Processor_C,NGN,USSD,SET-0040
TXN102715,5000.0,SUCCESS,REF-00002715,2026/07/05,Merchant_B,Processor_C,NGN,USSD,SET-0028
TXN108716,10000.0,SUCCESS,REF-00008716,2026/07/11,Merchant_D,Processor_C,NGN,USSD,SET-0028
TXN100857,10000.0,SUCCESS,REF-00000857,2026/07/04,Merchant_E,Processor_C,NGN,BANK_TRANSFER,SET-0024
TXN102925,100000.0,SUCCESS,REF-00002925,2026/07/18,Merchant_E,Processor_C,NGN,BANK_TRANSFER,SET-0046
TXN105394,25000.0,FAILED,REF-00005394,2026/07/31,Merchant_C,Processor_C,NGN,USSD,SET-0012
TXN103743,1000.0,SUCCESS,REF-00003743,2026/07/19,Merchant_E,Processor_C,NGN,BANK_TRANSFER,SET-0020
TXN109434,5000.0,SUCCESS,REF-00009434,2026/07/24,Merchant_A,Processor_C,NGN,USSD,SET-0036
TXN101709,15000.0,SUCCESS,REF-00001709,2026/07/25,Merchant_E,Processor_C,NGN,BANK_TRANSFER,SET-0029
TXN104300,1000.0,SUCCESS,REF-00004300,2026/07/04,Merchant_B,Processor_C,NGN,BANK_TRANSFER,SET-0049
TXN102952,25000.0,SUCCESS,REF-00002952,2026/07/04,Merchant_B,Processor_C,NGN,BANK_TRANSFER,SET-0009
TXN105220,5000.0,SUCCESS,REF-00005220,2026/07/26,Merchant_B,Processor_C,NGN,CARD,SET-0014
TXN105190,5000.0,REFUNDED,REF-00005190,2026/07/21,Merchant_C,Processor_C,NGN,BANK_TRANSFER,SET-0021
TXN101744,7500.0,SUCCESS,REF-00001744,2026/07/29,Merchant_E,Processor_C,NGN,CARD,SET-0040
TXN109854,50000.0,SUCCESS,REF-00009854,2026/07/08,Merchant_C,Processor_C,NGN,MOBILE_MONEY,SET-0035
TXN106419,10000.0,SUCCESS,REF-00006419,2026/07/11,Merchant_B,Processor_C,NGN,BANK_TRANSFER,SET-0009
PROC_ONLY1022,10000.0,SUCCESS,PROC-ONLY-REF-00022,2026/07/26,Merchant_A,Processor_C,NGN,USSD,SET-0013
TXN104072,15000.0,SUCCESS,REF-00004072,2026/07/02,Merchant_D,Processor_C,NGN,BANK_TRANSFER,SET-0016
TXN102981,2500.0,SUCCESS,REF-00002981,2026/07/13,Merchant_B,Processor_C,NGN,USSD,SET-0009
TXN102048,10000.0,SUCCESS,REF-00002048,2026/07/12,Merchant_E,Processor_C,NGN,BANK_TRANSFER,SET-0017
TXN106209,1000.0,SUCCESS,REF-00006209,2026/07/10,Merchant_E,Processor_C,NGN,USSD,SET-0037
TXN102540,15000.0,SUCCESS,REF-00002540,2026/07/26,Merchant_C,Processor_C,NGN,BANK_TRANSFER,SET-0048
TXN101343,25000.0,SUCCESS,REF-00001343,2026/07/14,Merchant_E,Processor_C,NGN,USSD,SET-0030
TXN105284,7500.0,SUCCESS,REF-00005284,2026/07/02,Merchant_C,Processor_C,NGN,USSD,SET-0026
TXN102577,15000.0,SUCCESS,REF-00002577,2026/07/24,Merchant_E,Processor_C,NGN,BANK_TRANSFER,SET-0041
TXN109261,10000.0,REFUNDED,REF-00009261,2026/07/22,Merchant_B,Processor_C,NGN,CARD,SET-0009
TXN108299,50000.0,SUCCESS,REF-00008299,2026/07/27,Merchant_E,Processor_C,NGN,CARD,SET-0049
TXN108981,15000.0,SUCCESS,REF-00008981,2026/07/20,Merchant_D,Processor_C,NGN,CARD,SET-0020
TXN108206,1500.0,SUCCESS,REF-00008206,2026/07/28,Merchant_B,Processor_C,NGN,USSD,SET-0001
TXN107881,7500.0,SUCCESS,REF-00007881,2026/07/30,Merchant_B,Processor_C,NGN,USSD,SET-0022
TXN109646,25000.0,SUCCESS,REF-00009646,2026/07/02,Merchant_D,Processor_C,NGN,USSD,SET-0010
TXN108974,7500.0,SUCCESS,REF-00008974,2026/07/22,Merchant_B,Processor_C,NGN,MOBILE_MONEY,SET-0022
TXN108365,25000.0,SUCCESS,REF-00008365,2026/07/30,Merchant_A,Processor_C,NGN,BANK_TRANSFER,SET-0050
TXN103746,15000.0,REFUNDED,REF-00003746,2026/07/28,Merchant_D,Processor_C,NGN,MOBILE_MONEY,SET-0024
TXN100909,5000.0,SUCCESS,REF-00000909,2026/07/16,Merchant_B,Processor_C,NGN,USSD,SET-0034
TXN104649,1500.0,SUCCESS,REF-00004649,2026/07/03,Merchant_E,Processor_C,NGN,CARD,SET-0029
TXN101753,2500.0,SUCCESS,REF-00001753,2026/07/05,Merchant_A,Processor_C,NGN,CARD,SET-0030
TXN103852,15000.0,REFUNDED,REF-00003852,2026/07/14,Merchant_D,Processor_C,NGN,USSD,SET-0040
TXN107496,1000.0,SUCCESS,REF-00007496,2026/07/28,Merchant_C,Processor_C,NGN,CARD,SET-0048
TXN106535,2500.0,SUCCESS,REF-00006535,2026/07/23,Merchant_A,Processor_C,NGN,USSD,SET-0019
TXN109855,10000.0,SUCCESS,REF-00009855,2026/07/30,Merchant_A,Processor_C,NGN,MOBILE_MONEY,SET-0014
TXN108340,50000.0,SUCCESS,REF-00008340,2026/07/26,Merchant_C,Processor_C,NGN,BANK_TRANSFER,SET-0024
TXN107274,7500.0,SUCCESS,REF-00007274,2026/07/30,Merchant_D,Processor_C,NGN,USSD,SET-0034
TXN108884,50000.0,SUCCESS,REF-00008884,2026/07/28,Merchant_E,Processor_C,NGN,MOBILE_MONEY,SET-0041
TXN107528,15000.0,FAILED,REF-00007528,2026/07/21,Merchant_A,Processor_C,NGN,CARD,SET-0029
TXN104256,250000.0,SUCCESS,REF-00004256,2026/07/19,Merchant_C,Processor_C,NGN,MOBILE_MONEY,SET-0039
TXN101297,1000.0,SUCCESS,REF-00001297,2026/07/03,Merchant_C,Processor_C,NGN,MOBILE_MONEY,SET-0029
TXN101612,10000.0,SUCCESS,REF-00001612,2026/07/24,Merchant_D,Processor_C,NGN,BANK_TRANSFER,SET-0003
TXN103108,10000.0,REFUNDED,REF-00003108,2026/07/04,Merchant_E,Processor_C,NGN,BANK_TRANSFER,SET-0022
TXN107552,15000.0,SUCCESS,REF-00007552,2026/07/08,Merchant_B,Processor_C,NGN,MOBILE_MONEY,SET-0033
TXN108416,25000.0,SUCCESS,REF-00008416,2026/07/25,Merchant_E,Processor_C,NGN,USSD,SET-0028
TXN106383,2500.0,SUCCESS,REF-00006383,2026/07/15,Merchant_B,Processor_C,NGN,CARD,SET-0040
TXN100402,10000.0,SUCCESS,REF-00000402,2026/07/18,Merchant_A,Processor_C,NGN,MOBILE_MONEY,SET-0029
TXN100013,2500.0,SUCCESS,REF-00000013,2026/07/11,Merchant_B,Processor_C,NGN,BANK_TRANSFER,SET-0050
TXN108927,1500.0,SUCCESS,REF-00008927,2026/07/08,Merchant_D,Processor_C,NGN,CARD,SET-0020
TXN101284,5000.0,FAILED,REF-00001284,2026/07/23,Merchant_E,Processor_C,NGN,BANK_TRANSFER,SET-0010
TXN105076,15000.0,SUCCESS,REF-00005076,2026/07/19,Merchant_C,Processor_C,NGN,BANK_TRANSFER,SET-0045
TXN108910,25000.0,SUCCESS,REF-00008910,2026/07/12,Merchant_B,Processor_C,NGN,USSD,SET-0003
TXN109164,250000.0,SUCCESS,REF-00009164,2026/07/04,Merchant_D,Processor_C,NGN,BANK_TRANSFER,SET-0022
TXN105888,50000.0,SUCCESS,REF-00005888,2026/07/29,Merchant_E,Processor_C,NGN,MOBILE_MONEY,SET-0034
TXN105165,250000.0,SUCCESS,REF-00005165,2026/07/07,Merchant_A,Processor_C,NGN,BANK_TRANSFER,SET-0018
TXN104115,5000.0,SUCCESS,REF-00004115,2026/07/28,Merchant_C,Processor_C,NGN,CARD,SET-0034
TXN101675,5000.0,SUCCESS,REF-00001675,2026/07/19,Merchant_B,Processor_C,NGN,USSD,SET-0050
TXN106775,5000.0,SUCCESS,REF-00006775,2026/07/31,Merchant_D,Processor_C,NGN,BANK_TRANSFER,SET-0045
TXN105536,1500.0,SUCCESS,REF-00005536,2026/07/05,Merchant_C,Processor_C,NGN,USSD,SET-0035
TXN109089,15000.0,SUCCESS,REF-00009089,2026/07/29,Merchant_A,Processor_C,NGN,MOBILE_MONEY,SET-0030
TXN108992,5000.0,FAILED,REF-00008992,2026/07/24,Merchant_A,Processor_C,NGN,CARD,SET-0019
TXN107219,100000.0,SUCCESS,REF-00007219,2026/07/02,Merchant_B,Processor_C,NGN,MOBILE_MONEY,SET-0046
TXN101703,10000.0,SUCCESS,REF-00001703,2026/07/23,Merchant_D,Processor_C,NGN,CARD,SET-0034
TXN101071,2500.0,FAILED,REF-00001071,2026/07/15,Merchant_E,Processor_C,NGN,MOBILE_MONEY,SET-0005
TXN100251,5000.0,SUCCESS,REF-00000251,2026/07/08,Merchant_D,Processor_C,NGN,BANK_TRANSFER,SET-0016
TXN107064,1600.0,SUCCESS,REF-00007064,2026/07/13,Merchant_C,Processor_C,NGN,USSD,SET-0045
TXN108516,250000.0,SUCCESS,REF-00008516,2026/07/04,Merchant_D,Processor_C,NGN,BANK_TRANSFER,SET-0040
TXN103495,2500.0,SUCCESS,REF-00003495,2026/07/11,Merchant_D,Processor_C,NGN,MOBILE_MONEY,SET-0024
TXN106812,500.0,FAILED,REF-00006812,2026/07/02,Merchant_A,Processor_C,NGN,CARD,SET-0009
TXN103862,5000.0,SUCCESS,REF-00003862,2026/07/21,Merchant_C,Processor_C,NGN,CARD,SET-0005
TXN106214,25000.0,SUCCESS,REF-00006214,2026/07/16,Merchant_B,Processor_C,NGN,MOBILE_MONEY,SET-0022
TXN106298,25000.0,SUCCESS,REF-00006298,2026/07/29,Merchant_B,Processor_C,NGN,BANK_TRANSFER,SET-0031
TXN105458,250000.0,SUCCESS,REF-00005458,2026/07/05,Merchant_B,Processor_C,NGN,BANK_TRANSFER,SET-0017
TXN105375,50000.0,SUCCESS,REF-00005375,2026/07/13,Merchant_B,Processor_C,NGN,MOBILE_MONEY,SET-0023
TXN104779,2500.0,SUCCESS,REF-00004779,2026/07/08,Merchant_B,Processor_C,NGN,USSD,SET-0034
TXN109529,100250.0,SUCCESS,REF-00009529,2026/07/27,Merchant_D,Processor_C,NGN,MOBILE_MONEY,SET-0047
TXN102105,5000.0,SUCCESS,REF-00002105,2026/07/25,Merchant_E,Processor_C,NGN,MOBILE_MONEY,SET-0029
TXN108418,25000.0,SUCCESS,REF-00008418,2026/07/23,Merchant_A,Processor_C,NGN,USSD,SET-0011
TXN101065,25000.0,SUCCESS,REF-00001065,2026/07/30,Merchant_C,Processor_C,NGN,CARD,SET-0023
TXN105838,15000.0,FAILED,REF-00005838,2026/07/12,Merchant_C,Processor_C,NGN,USSD,SET-0031
TXN107880,1000.0,SUCCESS,REF-00007880,2026/07/22,Merchant_D,Processor_C,NGN,BANK_TRANSFER,SET-0009
TXN108145,500.0,SUCCESS,REF-00008145,2026/07/14,Merchant_E,Processor_C,NGN,CARD,SET-0013
TXN107242,1000.0,SUCCESS,REF-00007242,2026/07/12,Merchant_D,Processor_C,NGN,CARD,SET-0045
TXN103374,50000.0,SUCCESS,REF-00003374,2026/07/05,Merchant_E,Processor_C,NGN,MOBILE_MONEY,SET-0038
TXN106370,15000.0,SUCCESS,REF-00006370,2026/07/08,Merchant_C,Processor_C,NGN,CARD,SET-0045
TXN105387,250000.0,SUCCESS,REF-00005387,2026/07/01,Merchant_D,Processor_C,NGN,BANK_TRANSFER,SET-0025
TXN109515,1500.0,SUCCESS,REF-00009515,2026/07/29,Merchant_C,Processor_C,NGN,BANK_TRANSFER,SET-0007
TXN109468,10000.0,FAILED,REF-00009468,2026/07/09,Merchant_B,Processor_C,NGN,USSD,SET-0023
TXN105142,10000.0,SUCCESS,REF-00005142,2026/07/05,Merchant_C,Processor_C,NGN,BANK_TRANSFER,SET-0023
TXN104020,7500.0,SUCCESS,REF-00004020,2026/07/28,Merchant_B,Processor_C,NGN,CARD,SET-0020
TXN108367,25000.0,SUCCESS,REF-00008367,2026/07/07,Merchant_D,Processor_C,NGN,MOBILE_MONEY,SET-0038
TXN101360,100000.0,FAILED,REF-00001360,2026/07/10,Merchant_B,Processor_C,NGN,CARD,SET-0010
TXN102708,500.0,SUCCESS,REF-00002708,2026/07/22,Merchant_E,Processor_C,NGN,MOBILE_MONEY,SET-0034
TXN106693,50000.0,SUCCESS,REF-00006693,2026/07/25,Merchant_C,Processor_C,NGN,BANK_TRANSFER,SET-0005
TXN103613,50000.0,SUCCESS,REF-00003613,2026/07/21,Merchant_E,Processor_C,NGN,MOBILE_MONEY,SET-0023
TXN103835,5000.0,SUCCESS,REF-00003835,2026/07/05,Merchant_D,Processor_C,NGN,MOBILE_MONEY,SET-0002
TXN106483,500.0,SUCCESS,REF-00006483,2026/07/27,Merchant_A,Processor_C,NGN,USSD,SET-0011
TXN100096,10000.0,SUCCESS,REF-00000096,2026/07/29,Merchant_E,Processor_C,NGN,MOBILE_MONEY,SET-0040
TXN102900,1500.0,FAILED,REF-00002900,2026/07/21,Merchant_A,Processor_C,NGN,MOBILE_MONEY,SET-0025
TXN109309,5000.0,SUCCESS,REF-00009309,2026/07/12,Merchant_C,Processor_C,NGN,BANK_TRANSFER,SET-0018
TXN102917,50000.0,SUCCESS,REF-00002917,2026/07/12,Merchant_B,Processor_C,NGN,MOBILE_MONEY,SET-0003
TXN103750,100000.0,SUCCESS,REF-00003750,2026/07/14,Merchant_B,Processor_C,NGN,BANK_TRANSFER,SET-0004
TXN106666,5000.0,SUCCESS,REF-00006666,2026/07/18,Merchant_B,Processor_C,NGN,MOBILE_MONEY,SET-0043
TXN104258,5000.0,SUCCESS,REF-00004258,2026/07/31,Merchant_C,Processor_C,NGN,BANK_TRANSFER,SET-0034
TXN103861,15000.0,SUCCESS,REF-00003861,2026/07/04,Merchant_E,Processor_C,NGN,USSD,SET-0010
TXN108552,15000.0,SUCCESS,REF-00008552,2026/07/26,Merchant_D,Processor_C,NGN,CARD,SET-0009
TXN100100,500.0,REFUNDED,REF-00000100,2026/07/12,Merchant_B,Processor_C,NGN,MOBILE_MONEY,SET-0045
TXN104473,5000.0,SUCCESS,REF-00004473,2026/07/07,Merchant_D,Processor_C,NGN,MOBILE_MONEY,SET-0024
TXN106364,7500.0,SUCCESS,REF-00006364,2026/07/03,Merchant_D,Processor_C,NGN,USSD,SET-0031
TXN100512,100000.0,SUCCESS,REF-00000512,2026/07/07,Merchant_B,Processor_C,NGN,BANK_TRANSFER,SET-0036
TXN104078,25000.0,SUCCESS,REF-00004078,2026/07/27,Merchant_D,Processor_C,NGN,CARD,SET-0019
TXN102200,250000.0,SUCCESS,REF-00002200,2026/07/05,Merchant_D,Processor_C,NGN,MOBILE_MONEY,SET-0015
TXN105812,50000.0,SUCCESS,REF-00005812,2026/07/25,Merchant_C,Processor_C,NGN,CARD,SET-0048
TXN109061,50000.0,SUCCESS,REF-00009061,2026/07/03,Merchant_E,Processor_C,NGN,BANK_TRANSFER,SET-0028
TXN105019,50000.0,SUCCESS,REF-00005019,2026/07/22,Merchant_C,Processor_C,NGN,CARD,SET-0022
TXN104693,10000.0,SUCCESS,REF-00004693,2026/07/29,Merchant_E,Processor_C,NGN,CARD,SET-0016
TXN106540,1500.0,SUCCESS,REF-00006540,2026/07/26,Merchant_E,Processor_C,NGN,BANK_TRANSFER,SET-0042
TXN101920,25000.0,SUCCESS,REF-00001920,2026/07/02,Merchant_D,Processor_C,NGN,USSD,SET-0040
TXN109006,5000.0,SUCCESS,REF-00009006,2026/07/06,Merchant_A,Processor_C,NGN,BANK_TRANSFER,SET-0005
TXN106587,1000.0,SUCCESS,REF-00006587,2026/07/11,Merchant_E,Processor_C,NGN,BANK_TRANSFER,SET-0029
TXN104922,15000.0,FAILED,REF-00004922,2026/07/01,Merchant_B,Processor_C,NGN,CARD,SET-0032
TXN103876,1500.0,SUCCESS,REF-00003876,2026/07/10,Merchant_A,Processor_C,NGN,MOBILE_MONEY,SET-0031
TXN107853,5000.0,SUCCESS,REF-00007853,2026/07/10,Merchant_A,Processor_C,NGN,BANK_TRANSFER,SET-0046
TXN104141,1500.0,SUCCESS,REF-00004141,2026/07/18,Merchant_D,Processor_C,NGN,MOBILE_MONEY,SET-0009
TXN101726,10000.0,SUCCESS,REF-00001726,2026/07/04,Merchant_B,Processor_C,NGN,CARD,SET-0011
TXN101014,25000.0,SUCCESS,REF-00001014,2026/07/16,Merchant_C,Processor_C,NGN,BANK_TRANSFER,SET-0010
TXN106080,7500.0,SUCCESS,REF-00006080,2026/07/27,Merchant_D,Processor_C,NGN,USSD,SET-0036
TXN102657,50000.0,SUCCESS,REF-00002657,2026/07/22,Merchant_E,Processor_C,NGN,CARD,SET-0036
TXN103397,50000.0,SUCCESS,REF-00003397,2026/07/26,Merchant_B,Processor_C,NGN,CARD,SET-0011
TXN102310,10000.0,SUCCESS,REF-00002310,2026/07/24,Merchant_D,Processor_C,NGN,BANK_TRANSFER,SET-0030
TXN108492,7500.0,SUCCESS,REF-00008492,2026/07/22,Merchant_A,Processor_C,NGN,USSD,SET-0015
TXN100485,100000.0,SUCCESS,REF-00000485,2026/07/18,Merchant_D,Processor_C,NGN,MOBILE_MONEY,SET-0004
TXN105794,10000.0,SUCCESS,REF-00005794,2026/07/30,Merchant_C,Processor_C,NGN,USSD,SET-0025
TXN106131,25000.0,FAILED,REF-00006131,2026/07/29,Merchant_D,Processor_C,NGN,USSD,SET-0003
TXN107794,25000.0,FAILED,REF-00007794,2026/07/04,Merchant_B,Processor_C,NGN,BANK_TRANSFER,SET-0013
TXN100159,25000.0,SUCCESS,REF-00000159,2026/07/08,Merchant_E,Processor_C,NGN,BANK_TRANSFER,SET-0026
TXN102522,5000.0,SUCCESS,REF-00002522,2026/07/08,Merchant_B,Processor_C,NGN,BANK_TRANSFER,SET-0009
TXN107085,500.0,SUCCESS,REF-00007085,2026/07/01,Merchant_C,Processor_C,NGN,USSD,SET-0044
TXN109709,10000.0,SUCCESS,REF-00009709,2026/07/11,Merchant_E,Processor_C,NGN,BANK_TRANSFER,SET-0038
TXN105985,500.0,SUCCESS,REF-00005985,2026/07/04,Merchant_A,Processor_C,NGN,MOBILE_MONEY,SET-0044
TXN104794,5000.0,SUCCESS,REF-00004794,2026/07/15,Merchant_A,Processor_C,NGN,MOBILE_MONEY,SET-0040
TXN105356,1500.0,SUCCESS,REF-00005356,2026/07/18,Merchant_A,Processor_C,NGN,CARD,SET-0045
TXN103082,2500.0,SUCCESS,REF-00003082,2026/07/11,Merchant_C,Processor_C,NGN,USSD,SET-0022
TXN108381,1500.0,SUCCESS,REF-00008381,2026/07/07,Merchant_A,Processor_C,NGN,USSD,SET-0002
TXN104638,25000.0,SUCCESS,REF-00004638,2026/07/24,Merchant_A,Processor_C,NGN,USSD,SET-0021
TXN108976,5000.0,SUCCESS,REF-00008976,2026/07/07,Merchant_E,Processor_C,NGN,CARD,SET-0009
TXN107279,15000.0,SUCCESS,REF-00007279,2026/07/29,Merchant_D,Processor_C,NGN,BANK_TRANSFER,SET-0014
TXN103167,1000.0,SUCCESS,REF-00003167,2026/07/16,Merchant_D,Processor_C,NGN,CARD,SET-0047
TXN100135,5000.0,SUCCESS,REF-00000135,2026/07/07,Merchant_B,Processor_C,NGN,BANK_TRANSFER,SET-0024
TXN109699,50000.0,SUCCESS,REF-00009699,2026/07/15,Merchant_B,Processor_C,NGN,USSD,SET-0025
TXN108185,1500.0,SUCCESS,REF-00008185,2026/07/05,Merchant_A,Processor_C,NGN,CARD,SET-0022
TXN105411,5000.0,SUCCESS,REF-00005411,2026/07/05,Merchant_B,Processor_C,NGN,CARD,SET-0047
TXN100801,1500.0,SUCCESS,REF-00000801,2026/07/04,Merchant_A,Processor_C,NGN,BANK_TRANSFER,SET-0042
TXN101526,5000.0,SUCCESS,REF-00001526,2026/07/11,Merchant_A,Processor_C,NGN,BANK_TRANSFER,SET-0033
TXN102238,1000.0,SUCCESS,REF-00002238,2026/07/27,Merchant_D,Processor_C,NGN,CARD,SET-0021
TXN109756,2500.0,SUCCESS,REF-00009756,2026/07/06,Merchant_C,Processor_C,NGN,CARD,SET-0040
TXN100659,10000.0,SUCCESS,REF-00000659,2026/07/26,Merchant_E,Processor_C,NGN,BANK_TRANSFER,SET-0040
TXN102441,10000.0,SUCCESS,REF-00002441,2026/07/08,Merchant_A,Processor_C,NGN,BANK_TRANSFER,SET-0040
TXN107582,500.0,SUCCESS,REF-00007582,2026/07/22,Merchant_D,Processor_C,NGN,MOBILE_MONEY,SET-0022
PROC_ONLY1045,25000.0,SUCCESS,PROC-ONLY-REF-00045,2026/07/24,Merchant_C,Processor_C,NGN,MOBILE_MONEY,SET-0029
TXN107584,10000.0,SUCCESS,REF-00007584,2026/07/23,Merchant_B,Processor_C,NGN,USSD,SET-0032
TXN104180,7500.0,SUCCESS,REF-00004180,2026/07/23,Merchant_D,Processor_C,NGN,BANK_TRANSFER,SET-0007
TXN108404,7500.0,SUCCESS,REF-00008404,2026/07/17,Merchant_D,Processor_C,NGN,CARD,SET-0013
TXN103796,10000.0,REFUNDED,REF-00003796,2026/07/28,Merchant_A,Processor_C,NGN,BANK_TRANSFER,SET-0022
TXN108274,10000.0,SUCCESS,REF-00008274,2026/07/28,Merchant_D,Processor_C,NGN,USSD,SET-0025
TXN106341,15000.0,SUCCESS,REF-00006341,2026/07/09,Merchant_D,Processor_C,NGN,USSD,SET-0038
TXN104802,100000.0,FAILED,REF-00004802,2026/07/05,Merchant_C,Processor_C,NGN,BANK_TRANSFER,SET-0037
TXN109395,500.0,SUCCESS,REF-00009395,2026/07/23,Merchant_D,Processor_C,NGN,CARD,SET-0020
TXN104841,250000.0,SUCCESS,REF-00004841,2026/07/18,Merchant_C,Processor_C,NGN,BANK_TRANSFER,SET-0031
TXN106072,1500.0,REFUNDED,REF-00006072,2026/07/24,Merchant_B,Processor_C,NGN,MOBILE_MONEY,SET-0034
TXN102288,10000.0,SUCCESS,REF-00002288,2026/07/28,Merchant_C,Processor_C,NGN,CARD,SET-0017
TXN109410,1500.0,SUCCESS,REF-00009410,2026/07/01,Merchant_A,Processor_C,NGN,USSD,SET-0031
TXN109251,15000.0,SUCCESS,REF-00009251,2026/07/19,Merchant_C,Processor_C,NGN,BANK_TRANSFER,SET-0041
TXN103524,1500.0,SUCCESS,REF-00003524,2026/07/03,Merchant_E,Processor_C,NGN,BANK_TRANSFER,SET-0035
TXN109015,1000.0,SUCCESS,REF-00009015,2026/07/01,Merchant_C,Processor_C,NGN,BANK_TRANSFER,SET-0049
TXN105629,1000.0,SUCCESS,REF-00005629,2026/07/06,Merchant_E,Processor_C,NGN,BANK_TRANSFER,SET-0041
TXN103238,15000.0,REFUNDED,REF-00003238,2026/07/03,Merchant_C,Processor_C,NGN,MOBILE_MONEY,SET-0014
TXN106807,7500.0,REFUNDED,REF-00006807,2026/07/02,Merchant_B,Processor_C,NGN,CARD,SET-0017
TXN108386,250000.0,SUCCESS,REF-00008386,2026/07/03,Merchant_D,Processor_C,NGN,MOBILE_MONEY,SET-0007
TXN103989,100000.0,SUCCESS,REF-00003989,2026/07/06,Merchant_D,Processor_C,NGN,MOBILE_MONEY,SET-0042
TXN107060,100000.0,SUCCESS,REF-00007060,2026/07/29,Merchant_D,Processor_C,NGN,USSD,SET-0015
TXN109067,10000.0,SUCCESS,REF-00009067,2026/07/24,Merchant_C,Processor_C,NGN,BANK_TRANSFER,SET-0014
TXN102388,25000.0,REFUNDED,REF-00002388,2026/07/24,Merchant_D,Processor_C,NGN,MOBILE_MONEY,SET-0036
TXN106090,8000.0,SUCCESS,REF-00006090,2026/07/11,Merchant_D,Processor_C,NGN,CARD,SET-0006
TXN104229,1500.0,SUCCESS,REF-00004229,2026/07/12,Merchant_E,Processor_C,NGN,BANK_TRANSFER,SET-0042
TXN106245,15000.0,SUCCESS,REF-00006245,2026/07/30,Merchant_D,Processor_C,NGN,USSD,SET-0038
TXN106190,25500.0,SUCCESS,REF-00006190,2026/07/17,Merchant_B,Processor_C,NGN,BANK_TRANSFER,SET-0043
TXN107123,100000.0,SUCCESS,REF-00007123,2026/07/29,Merchant_C,Processor_C,NGN,USSD,SET-0032
TXN106241,1000.0,SUCCESS,REF-00006241,2026/07/30,Merchant_D,Processor_C,NGN,CARD,SET-0033
TXN103472,15000.0,SUCCESS,REF-00003472,2026/07/23,Merchant_E,Processor_C,NGN,BANK_TRANSFER,SET-0013
TXN102855,10000.0,SUCCESS,REF-00002855,2026/07/19,Merchant_A,Processor_C,NGN,BANK_TRANSFER,SET-0046
TXN109735,15000.0,SUCCESS,REF-00009735,2026/07/19,Merchant_A,Processor_C,NGN,MOBILE_MONEY,SET-0007
TXN106158,1500.0,SUCCESS,REF-00006158,2026/07/03,Merchant_A,Processor_C,NGN,BANK_TRANSFER,SET-0010
TXN101213,50000.0,SUCCESS,REF-00001213,2026/07/19,Merchant_D,Processor_C,NGN,BANK_TRANSFER,SET-0038
TXN101743,500.0,REFUNDED,REF-00001743,2026/07/16,Merchant_E,Processor_C,NGN,MOBILE_MONEY,SET-0007
TXN102825,50000.0,SUCCESS,REF-00002825,2026/07/21,Merchant_E,Processor_C,NGN,CARD,SET-0025
TXN102118,1000.0,SUCCESS,REF-00002118,2026/07/14,Merchant_A,Processor_C,NGN,USSD,SET-0037
TXN101307,50000.0,SUCCESS,REF-00001307,2026/07/20,Merchant_E,Processor_C,NGN,USSD,SET-0014
TXN105073,1000.0,SUCCESS,REF-00005073,2026/07/04,Merchant_A,Processor_C,NGN,USSD,SET-0049
TXN100903,10000.0,SUCCESS,REF-00000903,2026/07/12,Merchant_E,Processor_C,NGN,CARD,SET-0047
TXN100433,1000.0,SUCCESS,REF-00000433,2026/07/30,Merchant_C,Processor_C,NGN,USSD,SET-0040
TXN101003,25000.0,SUCCESS,REF-00001003,2026/07/27,Merchant_E,Processor_C,NGN,BANK_TRANSFER,SET-0010
TXN108690,7500.0,SUCCESS,REF-00008690,2026/07/21,Merchant_C,Processor_C,NGN,USSD,SET-0040
TXN109707,7500.0,SUCCESS,REF-00009707,2026/07/21,Merchant_B,Processor_C,NGN,CARD,SET-0011
TXN103484,10000.0,SUCCESS,REF-00003484,2026/07/03,Merchant_B,Processor_C,NGN,BANK_TRANSFER,SET-0049
TXN104360,1000.0,REFUNDED,REF-00004360,2026/07/03,Merchant_C,Processor_C,NGN,USSD,SET-0018
TXN100003,15000.0,SUCCESS,REF-00000003,2026/07/15,Merchant_E,Processor_C,NGN,USSD,SET-0031
TXN105147,100000.0,SUCCESS,REF-00005147,2026/07/16,Merchant_D,Processor_C,NGN,MOBILE_MONEY,SET-0015
TXN101719,2500.0,SUCCESS,REF-00001719,2026/07/03,Merchant_E,Processor_C,NGN,CARD,SET-0018
TXN109368,50000.0,SUCCESS,REF-00009368,2026/07/12,Merchant_B,Processor_C,NGN,CARD,SET-0038
TXN101037,25000.0,SUCCESS,REF-00001037,2026/07/01,Merchant_A,Processor_C,NGN,USSD,SET-0003
TXN104149,25000.0,SUCCESS,REF-00004149,2026/07/15,Merchant_D,Processor_C,NGN,MOBILE_MONEY,SET-0004
TXN105920,1000.0,FAILED,REF-00005920,2026/07/22,Merchant_B,Processor_C,NGN,MOBILE_MONEY,SET-0038
TXN102744,15000.0,FAILED,REF-00002744,2026/07/05,Merchant_B,Processor_C,NGN,BANK_TRANSFER,SET-0011
TXN100830,2500.0,SUCCESS,REF-00000830,2026/07/06,Merchant_A,Processor_C,NGN,BANK_TRANSFER,SET-0017
TXN101130,25000.0,SUCCESS,REF-00001130,2026/07/25,Merchant_A,Processor_C,NGN,CARD,SET-0008
TXN107877,5000.0,SUCCESS,REF-00007877,2026/07/16,Merchant_B,Processor_C,NGN,BANK_TRANSFER,SET-0018
TXN105344,250000.0,SUCCESS,REF-00005344,2026/07/18,Merchant_D,Processor_C,NGN,USSD,SET-0002
TXN104397,1000.0,SUCCESS,REF-00004397,2026/07/12,Merchant_E,Processor_C,NGN,MOBILE_MONEY,SET-0042
TXN100849,15000.0,SUCCESS,REF-00000849,2026/07/01,Merchant_D,Processor_C,NGN,MOBILE_MONEY,SET-0010
TXN102104,50000.0,SUCCESS,REF-00002104,2026/07/02,Merchant_D,Processor_C,NGN,USSD,SET-0032
TXN109952,5000.0,SUCCESS,REF-00009952,2026/07/16,Merchant_E,Processor_C,NGN,CARD,SET-0020
TXN100765,10000.0,SUCCESS,REF-00000765,2026/07/30,Merchant_C,Processor_C,NGN,MOBILE_MONEY,SET-0044
TXN109451,15000.0,SUCCESS,REF-00009451,2026/07/13,Merchant_A,Processor_C,NGN,MOBILE_MONEY,SET-0049
TXN101431,10000.0,SUCCESS,REF-00001431,2026/07/01,Merchant_D,Processor_C,NGN,BANK_TRANSFER,SET-0026
TXN108569,5000.0,SUCCESS,REF-00008569,2026/07/02,Merchant_E,Processor_C,NGN,USSD,SET-0046
TXN106258,50000.0,SUCCESS,REF-00006258,2026/07/02,Merchant_B,Processor_C,NGN,BANK_TRANSFER,SET-0045
TXN102413,500.0,REFUNDED,REF-00002413,2026/07/24,Merchant_C,Processor_C,NGN,USSD,SET-0047
TXN107454,100000.0,SUCCESS,REF-00007454,2026/07/15,Merchant_C,Processor_C,NGN,BANK_TRANSFER,SET-0005
TXN105815,1000.0,SUCCESS,REF-00005815,2026/07/07,Merchant_C,Processor_C,NGN,BANK_TRANSFER,SET-0038
TXN109895,1000.0,SUCCESS,REF-00009895,2026/07/13,Merchant_C,Processor_C,NGN,BANK_TRANSFER,SET-0009
TXN108525,500.0,FAILED,REF-00008525,2026/07/18,Merchant_C,Processor_C,NGN,USSD,SET-0003
TXN109355,25000.0,SUCCESS,REF-00009355,2026/07/26,Merchant_E,Processor_C,NGN,CARD,SET-0015
TXN109891,1000.0,SUCCESS,REF-00009891,2026/07/26,Merchant_C,Processor_C,NGN,MOBILE_MONEY,SET-0011
TXN103482,5000.0,SUCCESS,REF-00003482,2026/07/19,Merchant_D,Processor_C,NGN,USSD,SET-0010
TXN105446,5000.0,SUCCESS,REF-00005446,2026/07/11,Merchant_D,Processor_C,NGN,CARD,SET-0022
TXN107248,1500.0,SUCCESS,REF-00007248,2026/07/02,Merchant_C,Processor_C,NGN,CARD,SET-0013
TXN100778,25000.0,SUCCESS,REF-00000778,2026/07/12,Merchant_E,Processor_C,NGN,USSD,SET-0006
TXN101253,1500.0,FAILED,REF-00001253-X,2026/07/15,Merchant_E,Processor_C,NGN,BANK_TRANSFER,SET-0036
TXN101638,250000.0,SUCCESS,REF-00001638,2026/07/28,Merchant_D,Processor_C,NGN,CARD,SET-0027
TXN103595,15000.0,SUCCESS,REF-00003595,2026/07/14,Merchant_C,Processor_C,NGN,USSD,SET-0021
TXN102202,7500.0,SUCCESS,REF-00002202,2026/07/17,Merchant_D,Processor_C,NGN,CARD,SET-0042
TXN100958,1500.0,SUCCESS,REF-00000958,2026/07/04,Merchant_A,Processor_C,NGN,BANK_TRANSFER,SET-0003
TXN107571,10000.0,REFUNDED,REF-00007571,2026/07/17,Merchant_C,Processor_C,NGN,USSD,SET-0018
TXN102658,2500.0,SUCCESS,REF-00002658,2026/07/28,Merchant_A,Processor_C,NGN,CARD,SET-0014
TXN103362,25000.0,SUCCESS,REF-00003362,2026/07/05,Merchant_A,Processor_C,NGN,USSD,SET-0037
TXN104351,15000.0,SUCCESS,REF-00004351,2026/07/03,Merchant_A,Processor_C,NGN,BANK_TRANSFER,SET-0005
TXN109751,1000.0,SUCCESS,REF-00009751,2026/07/02,Merchant_A,Processor_C,NGN,BANK_TRANSFER,SET-0026
TXN100036,5000.0,FAILED,REF-00000036,2026/07/25,Merchant_A,Processor_C,NGN,BANK_TRANSFER,SET-0030
TXN106639,7500.0,SUCCESS,REF-00006639,2026/07/29,Merchant_A,Processor_C,NGN,USSD,SET-0043
TXN102162,5000.0,SUCCESS,REF-00002162,2026/07/02,Merchant_D,Processor_C,NGN,USSD,SET-0014
TXN104264,15000.0,SUCCESS,REF-00004264,2026/07/08,Merchant_A,Processor_C,NGN,CARD,SET-0032
TXN108822,1500.0,SUCCESS,REF-00008822,2026/07/04,Merchant_B,Processor_C,NGN,USSD,SET-0019
TXN102913,250000.0,SUCCESS,REF-00002913,2026/07/02,Merchant_B,Processor_C,NGN,MOBILE_MONEY,SET-0015
TXN109008,10000.0,SUCCESS,REF-00009008,2026/07/12,Merchant_D,Processor_C,NGN,CARD,SET-0010
TXN104609,5000.0,SUCCESS,REF-00004609,2026/07/12,Merchant_E,Processor_C,NGN,USSD,SET-0028
TXN109031,25000.0,SUCCESS,REF-00009031,2026/07/30,Merchant_E,Processor_C,NGN,MOBILE_MONEY,SET-0046
TXN105810,1500.0,SUCCESS,REF-00005810,2026/07/22,Merchant_B,Processor_C,NGN,MOBILE_MONEY,SET-0021
TXN104659,25000.0,REFUNDED,REF-00004659,2026/07/05,Merchant_E,Processor_C,NGN,USSD,SET-0004
TXN108121,15000.0,REFUNDED,REF-00008121,2026/07/19,Merchant_A,Processor_C,NGN,CARD,SET-0003
TXN101096,2500.0,SUCCESS,REF-00001096,2026/07/06,Merchant_D,Processor_C,NGN,USSD,SET-0042
TXN102914,2500.0,SUCCESS,REF-00002914,2026/07/16,Merchant_A,Processor_C,NGN,CARD,SET-0049
TXN100555,7500.0,SUCCESS,REF-00000555,2026/07/20,Merchant_E,Processor_C,NGN,USSD,SET-0039
TXN102921,25000.0,SUCCESS,REF-00002921,2026/07/16,Merchant_E,Processor_C,NGN,CARD,SET-0025
TXN106719,5000.0,SUCCESS,REF-00006719,2026/07/23,Merchant_A,Processor_C,NGN,MOBILE_MONEY,SET-0037
TXN103605,1500.0,SUCCESS,REF-00003605,2026/07/25,Merchant_B,Processor_C,NGN,MOBILE_MONEY,SET-0028
TXN106340,2500.0,SUCCESS,REF-00006340,2026/07/28,Merchant_E,Processor_C,NGN,MOBILE_MONEY,SET-0030
TXN109231,1500.0,SUCCESS,REF-00009231,2026/07/27,Merchant_D,Processor_C,NGN,BANK_TRANSFER,SET-0046
TXN103338,15000.0,SUCCESS,REF-00003338,2026/07/14,Merchant_C,Processor_C,NGN,MOBILE_MONEY,SET-0025
TXN109563,10000.0,SUCCESS,REF-00009563,2026/07/03,Merchant_C,Processor_C,NGN,USSD,SET-0031
TXN100570,10000.0,SUCCESS,REF-00000570,2026/07/07,Merchant_B,Processor_C,NGN,USSD,SET-0021
TXN101878,5000.0,SUCCESS,REF-00001878,2026/07/05,Merchant_C,Processor_C,NGN,BANK_TRANSFER,SET-0001
TXN108779,5000.0,SUCCESS,REF-00008779,2026/07/06,Merchant_C,Processor_C,NGN,USSD,SET-0006
TXN103520,2500.0,SUCCESS,REF-00003520,2026/07/09,Merchant_C,Processor_C,NGN,BANK_TRANSFER,SET-0040
TXN103566,10000.0,SUCCESS,REF-00003566,2026/07/25,Merchant_D,Processor_C,NGN,BANK_TRANSFER,SET-0006
TXN107987,7500.0,SUCCESS,REF-00007987,2026/07/04,Merchant_E,Processor_C,NGN,MOBILE_MONEY,SET-0016
TXN107341,7500.0,SUCCESS,REF-00007341,2026/07/11,Merchant_E,Processor_C,NGN,USSD,SET-0020
TXN101852,50000.0,FAILED,REF-00001852,2026/07/22,Merchant_D,Processor_C,NGN,MOBILE_MONEY,SET-0028
TXN104546,500.0,SUCCESS,REF-00004546,2026/07/02,Merchant_D,Processor_C,NGN,USSD,SET-0003
TXN104410,1000.0,SUCCESS,REF-00004410,2026/07/23,Merchant_D,Processor_C,NGN,USSD,SET-0038
TXN101216,1000.0,SUCCESS,REF-00001216,2026/07/15,Merchant_D,Processor_C,NGN,MOBILE_MONEY,SET-0015
TXN102954,100000.0,SUCCESS,REF-00002954,2026/07/21,Merchant_B,Processor_C,NGN,BANK_TRANSFER,SET-0010
TXN102777,1500.0,FAILED,REF-00002777,2026/07/30,Merchant_C,Processor_C,NGN,MOBILE_MONEY,SET-0046
TXN101122,50000.0,SUCCESS,REF-00001122,2026/07/13,Merchant_D,Processor_C,NGN,MOBILE_MONEY,SET-0010
TXN106588,2500.0,SUCCESS,REF-00006588,2026/07/29,Merchant_D,Processor_C,NGN,CARD,SET-0011
TXN107233,10000.0,SUCCESS,REF-00007233,2026/07/24,Merchant_E,Processor_C,NGN,CARD,SET-0008
TXN101770,7500.0,SUCCESS,REF-00001770,2026/07/21,Merchant_D,Processor_C,NGN,USSD,SET-0026
TXN109208,50000.0,FAILED,REF-00009208,2026/07/04,Merchant_D,Processor_C,NGN,CARD,SET-0027
TXN102173,50000.0,REFUNDED,REF-00002173,2026/07/02,Merchant_C,Processor_C,NGN,CARD,SET-0045
TXN102447,2500.0,REFUNDED,REF-00002447,2026/07/18,Merchant_A,Processor_C,NGN,BANK_TRANSFER,SET-0001
TXN104565,100000.0,SUCCESS,REF-00004565,2026/07/29,Merchant_E,Processor_C,NGN,MOBILE_MONEY,SET-0039
TXN109842,5000.0,SUCCESS,REF-00009842,2026/07/14,Merchant_E,Processor_C,NGN,USSD,SET-0023
TXN102083,100000.0,SUCCESS,REF-00002083,2026/07/17,Merchant_A,Processor_C,NGN,BANK_TRANSFER,SET-0035
TXN107408,1500.0,SUCCESS,REF-00007408,2026/07/14,Merchant_E,Processor_C,NGN,USSD,SET-0008
TXN100408,100000.0,SUCCESS,REF-00000408,2026/07/16,Merchant_B,Processor_C,NGN,CARD,SET-0050
TXN108202,100000.0,REFUNDED,REF-00008202,2026/07/07,Merchant_E,Processor_C,NGN,USSD,SET-0010
TXN101906,250000.0,SUCCESS,REF-00001906,2026/07/11,Merchant_C,Processor_C,NGN,BANK_TRANSFER,SET-0009
TXN101026,50000.0,SUCCESS,REF-00001026,2026/07/05,Merchant_B,Processor_C,NGN,BANK_TRANSFER,SET-0016
TXN105448,10000.0,SUCCESS,REF-00005448,2026/07/17,Merchant_A,Processor_C,NGN,CARD,SET-0015
TXN101173,2500.0,SUCCESS,REF-00001173,2026/07/27,Merchant_D,Processor_C,NGN,USSD,SET-0018
TXN107747,25000.0,SUCCESS,REF-00007747,2026/07/04,Merchant_C,Processor_C,NGN,CARD,SET-0032
TXN103298,5000.0,SUCCESS,REF-00003298,2026/07/13,Merchant_C,Processor_C,NGN,CARD,SET-0015
TXN108900,5000.0,SUCCESS,REF-00008900,2026/07/19,Merchant_D,Processor_C,NGN,USSD,SET-0048
TXN105495,5000.0,SUCCESS,REF-00005495,2026/07/01,Merchant_A,Processor_C,NGN,MOBILE_MONEY,SET-0046
TXN107075,1500.0,SUCCESS,REF-00007075,2026/07/15,Merchant_C,Processor_C,NGN,BANK_TRANSFER,SET-0021
TXN109055,250000.0,REFUNDED,REF-00009055,2026/07/15,Merchant_B,Processor_C,NGN,BANK_TRANSFER,SET-0041
TXN102131,500.0,SUCCESS,REF-00002131,2026/07/05,Merchant_E,Processor_C,NGN,MOBILE_MONEY,SET-0016
TXN103074,15000.0,REFUNDED,REF-00003074,2026/07/18,Merchant_A,Processor_C,NGN,CARD,SET-0038
TXN106513,50000.0,SUCCESS,REF-00006513,2026/07/06,Merchant_A,Processor_C,NGN,BANK_TRANSFER,SET-0019
TXN106474,25000.0,SUCCESS,REF-00006474,2026/07/12,Merchant_B,Processor_C,NGN,USSD,SET-0050
TXN108704,2500.0,SUCCESS,REF-00008704,2026/07/22,Merchant_C,Processor_C,NGN,CARD,SET-0048
TXN104684,25000.0,FAILED,REF-00004684,2026/07/14,Merchant_B,Processor_C,NGN,MOBILE_MONEY,SET-0022
TXN109027,1000.0,SUCCESS,REF-00009027,2026/07/16,Merchant_E,Processor_C,NGN,USSD,SET-0025
TXN109245,100000.0,REFUNDED,REF-00009245,2026/07/22,Merchant_D,Processor_C,NGN,USSD,SET-0030
TXN105897,5000.0,FAILED,REF-00005897,2026/07/09,Merchant_B,Processor_C,NGN,MOBILE_MONEY,SET-0040
TXN104785,5000.0,SUCCESS,REF-00004785,2026/07/22,Merchant_C,Processor_C,NGN,MOBILE_MONEY,SET-0032
TXN109557,10000.0,SUCCESS,REF-00009557,2026/07/31,Merchant_D,Processor_C,NGN,BANK_TRANSFER,SET-0010
TXN108479,250000.0,SUCCESS,REF-00008479,2026/07/16,Merchant_C,Processor_C,NGN,CARD,SET-0029
TXN103316,10000.0,SUCCESS,REF-00003316,2026/07/05,Merchant_E,Processor_C,NGN,BANK_TRANSFER,SET-0019
TXN101401,1500.0,SUCCESS,REF-00001401,2026/07/08,Merchant_A,Processor_C,NGN,USSD,SET-0009
TXN104682,100000.0,SUCCESS,REF-00004682,2026/07/26,Merchant_E,Processor_C,NGN,USSD,SET-0036
TXN103671,1000.0,SUCCESS,REF-00003671,2026/07/09,Merchant_E,Processor_C,NGN,MOBILE_MONEY,SET-0013
TXN108192,5000.0,SUCCESS,REF-00008192,2026/07/25,Merchant_B,Processor_C,NGN,BANK_TRANSFER,SET-0005
TXN109939,25000.0,SUCCESS,REF-00009939,2026/07/18,Merchant_A,Processor_C,NGN,USSD,SET-0038
TXN107883,100000.0,SUCCESS,REF-00007883-X,2026/07/06,Merchant_A,Processor_C,NGN,USSD,SET-0028
TXN104535,10000.0,SUCCESS,REF-00004535,2026/07/12,Merchant_E,Processor_C,NGN,CARD,SET-0044
TXN105287,1000.0,FAILED,REF-00005287,2026/07/13,Merchant_C,Processor_C,NGN,CARD,SET-0016
TXN103281,1500.0,SUCCESS,REF-00003281,2026/07/09,Merchant_B,Processor_C,NGN,BANK_TRANSFER,SET-0037
TXN102006,7500.0,SUCCESS,REF-00002006,2026/07/26,Merchant_A,Processor_C,NGN,USSD,SET-0040
TXN106070,100000.0,SUCCESS,REF-00006070,2026/07/31,Merchant_E,Processor_C,NGN,CARD,SET-0019
TXN109019,15000.0,SUCCESS,REF-00009019,2026/07/05,Merchant_C,Processor_C,NGN,BANK_TRANSFER,SET-0039
TXN101034,1000.0,SUCCESS,REF-00001034,2026/07/14,Merchant_D,Processor_C,NGN,BANK_TRANSFER,SET-0025
TXN100649,10000.0,SUCCESS,REF-00000649,2026/07/26,Merchant_C,Processor_C,NGN,CARD,SET-0033
TXN104865,15000.0,SUCCESS,REF-00004865,2026/07/03,Merchant_A,Processor_C,NGN,BANK_TRANSFER,SET-0036
TXN104039,10000.0,SUCCESS,REF-00004039,2026/07/25,Merchant_C,Processor_C,NGN,USSD,SET-0004
TXN108461,100000.0,SUCCESS,REF-00008461,2026/07/19,Merchant_C,Processor_C,NGN,MOBILE_MONEY,SET-0043
TXN109524,1000.0,SUCCESS,REF-00009524,2026/07/11,Merchant_C,Processor_C,NGN,CARD,SET-0047
TXN109425,25000.0,SUCCESS,REF-00009425,2026/07/17,Merchant_E,Processor_C,NGN,BANK_TRANSFER,SET-0042
TXN105580,500.0,FAILED,REF-00005580,2026/07/19,Merchant_B,Processor_C,NGN,MOBILE_MONEY,SET-0010
TXN104781,1500.0,REFUNDED,REF-00004781,2026/07/05,Merchant_D,Processor_C,NGN,USSD,SET-0025
TXN106450,50000.0,SUCCESS,REF-00006450,2026/07/29,Merchant_D,Processor_C,NGN,BANK_TRANSFER,SET-0044
TXN109559,10000.0,SUCCESS,REF-00009559,2026/07/11,Merchant_A,Processor_C,NGN,USSD,SET-0022
TXN108482,100000.0,FAILED,REF-00008482,2026/07/14,Merchant_A,Processor_C,NGN,MOBILE_MONEY,SET-0025
TXN102418,500.0,SUCCESS,REF-00002418,2026/07/14,Merchant_C,Processor_C,NGN,CARD,SET-0045
TXN106154,1500.0,SUCCESS,REF-00006154,2026/07/28,Merchant_D,Processor_C,NGN,USSD,SET-0026
TXN105984,1500.0,SUCCESS,REF-00005984,2026/07/13,Merchant_D,Processor_C,NGN,BANK_TRANSFER,SET-0027
TXN103151,2500.0,SUCCESS,REF-00003151,2026/07/25,Merchant_A,Processor_C,NGN,BANK_TRANSFER,SET-0032
TXN106729,50000.0,SUCCESS,REF-00006729,2026/07/03,Merchant_C,Processor_C,NGN,USSD,SET-0035
TXN100281,5000.0,SUCCESS,REF-00000281,2026/07/17,Merchant_D,Processor_C,NGN,MOBILE_MONEY,SET-0006
TXN107196,1500.0,SUCCESS,REF-00007196,2026/07/01,Merchant_C,Processor_C,NGN,USSD,SET-0035
TXN100523,50000.0,SUCCESS,REF-00000523,2026/07/26,Merchant_B,Processor_C,NGN,MOBILE_MONEY,SET-0006
TXN100301,10000.0,SUCCESS,REF-00000301,2026/07/23,Merchant_D,Processor_C,NGN,CARD,SET-0030
TXN107005,5100.0,SUCCESS,REF-00007005,2026/07/26,Merchant_A,Processor_C,NGN,USSD,SET-0028
PROC_ONLY1008,10000.0,SUCCESS,PROC-ONLY-REF-00008,2026/07/27,Merchant_C,Processor_C,NGN,MOBILE_MONEY,SET-0018
TXN107364,10000.0,SUCCESS,REF-00007364,2026/07/02,Merchant_C,Processor_C,NGN,MOBILE_MONEY,SET-0018
TXN107195,10000.0,SUCCESS,REF-00007195,2026/07/08,Merchant_D,Processor_C,NGN,CARD,SET-0050
TXN106767,2500.0,SUCCESS,REF-00006767,2026/07/27,Merchant_B,Processor_C,NGN,BANK_TRANSFER,SET-0010
TXN106673,1000.0,SUCCESS,REF-00006673,2026/07/25,Merchant_E,Processor_C,NGN,MOBILE_MONEY,SET-0002
TXN107524,5000.0,SUCCESS,REF-00007524,2026/07/06,Merchant_C,Processor_C,NGN,BANK_TRANSFER,SET-0019
TXN107864,5000.0,SUCCESS,REF-00007864,2026/07/18,Merchant_E,Processor_C,NGN,CARD,SET-0020
TXN108656,10000.0,SUCCESS,REF-00008656,2026/07/19,Merchant_C,Processor_C,NGN,CARD,SET-0028
TXN103076,100000.0,SUCCESS,REF-00003076,2026/07/10,Merchant_C,Processor_C,NGN,MOBILE_MONEY,SET-0011
TXN104572,2500.0,SUCCESS,REF-00004572,2026/07/17,Merchant_C,Processor_C,NGN,USSD,SET-0038
TXN108600,7500.0,SUCCESS,REF-00008600,2026/07/22,Merchant_B,Processor_C,NGN,BANK_TRANSFER,SET-0024
TXN101458,2500.0,FAILED,REF-00001458,2026/07/15,Merchant_D,Processor_C,NGN,BANK_TRANSFER,SET-0031
TXN108750,15000.0,SUCCESS,REF-00008750,2026/07/25,Merchant_E,Processor_C,NGN,CARD,SET-0004
TXN107416,5000.0,SUCCESS,REF-00007416,2026/07/13,Merchant_D,Processor_C,NGN,MOBILE_MONEY,SET-0017
TXN105311,15000.0,SUCCESS,REF-00005311,2026/07/07,Merchant_D,Processor_C,NGN,USSD,SET-0007
TXN108209,1500.0,SUCCESS,REF-00008209,2026/07/23,Merchant_E,Processor_C,NGN,CARD,SET-0022
TXN108539,100000.0,SUCCESS,REF-00008539,2026/07/27,Merchant_D,Processor_C,NGN,CARD,SET-0047
TXN107489,50000.0,FAILED,REF-00007489,2026/07/16,Merchant_D,Processor_C,NGN,CARD,SET-0028
TXN101227,5000.0,FAILED,REF-00001227,2026/07/19,Merchant_E,Processor_C,NGN,USSD,SET-0034
TXN102253,50000.0,SUCCESS,REF-00002253,2026/07/21,Merchant_E,Processor_C,NGN,BANK_TRANSFER,SET-0032
TXN106503,500.0,SUCCESS,REF-00006503,2026/07/26,Merchant_B,Processor_C,NGN,USSD,SET-0022
TXN100276,50000.0,SUCCESS,REF-00000276-X,2026/07/03,Merchant_B,Processor_C,NGN,CARD,SET-0028
TXN104004,1500.0,SUCCESS,REF-00004004,2026/07/20,Merchant_B,Processor_C,NGN,CARD,SET-0005
TXN108001,15000.0,SUCCESS,REF-00008001,2026/07/14,Merchant_C,Processor_C,NGN,CARD,SET-0019
TXN109296,100000.0,SUCCESS,REF-00009296,2026/07/01,Merchant_E,Processor_C,NGN,BANK_TRANSFER,SET-0013
TXN106537,100000.0,SUCCESS,REF-00006537,2026/07/06,Merchant_D,Processor_C,NGN,MOBILE_MONEY,SET-0043
TXN106185,50000.0,SUCCESS,REF-00006185,2026/07/23,Merchant_A,Processor_C,NGN,CARD,SET-0024
TXN107018,5000.0,SUCCESS,REF-00007018,2026/07/20,Merchant_E,Processor_C,NGN,BANK_TRANSFER,SET-0022
TXN100448,5000.0,SUCCESS,REF-00000448,2026/07/01,Merchant_B,Processor_C,NGN,BANK_TRANSFER,SET-0008
TXN100075,25000.0,SUCCESS,REF-00000075,2026/07/15,Merchant_A,Processor_C,NGN,CARD,SET-0029
TXN106826,2500.0,SUCCESS,REF-00006826,2026/07/25,Merchant_C,Processor_C,NGN,BANK_TRANSFER,SET-0008
TXN107158,5000.0,SUCCESS,REF-00007158,2026/07/06,Merchant_C,Processor_C,NGN,MOBILE_MONEY,SET-0019
TXN102093,10000.0,SUCCESS,REF-00002093,2026/07/11,Merchant_B,Processor_C,NGN,CARD,SET-0006
TXN104167,1000.0,SUCCESS,REF-00004167,2026/07/30,Merchant_B,Processor_C,NGN,BANK_TRANSFER,SET-0034
TXN105578,100000.0,SUCCESS,REF-00005578,2026/07/09,Merchant_D,Processor_C,NGN,CARD,SET-0010
TXN106835,1500.0,SUCCESS,REF-00006835,2026/07/14,Merchant_C,Processor_C,NGN,USSD,SET-0021
TXN104811,50000.0,SUCCESS,REF-00004811,2026/07/17,Merchant_A,Processor_C,NGN,BANK_TRANSFER,SET-0039
TXN102113,100000.0,SUCCESS,REF-00002113,2026/07/31,Merchant_B,Processor_C,NGN,MOBILE_MONEY,SET-0010
TXN105133,500.0,SUCCESS,REF-00005133,2026/07/14,Merchant_D,Processor_C,NGN,BANK_TRANSFER,SET-0016
TXN101366,25000.0,SUCCESS,REF-00001366,2026/07/20,Merchant_D,Processor_C,NGN,CARD,SET-0035
TXN106152,1000.0,SUCCESS,REF-00006152,2026/07/17,Merchant_B,Processor_C,NGN,MOBILE_MONEY,SET-0050
TXN106962,250000.0,SUCCESS,REF-00006962,2026/07/06,Merchant_E,Processor_C,NGN,MOBILE_MONEY,SET-0037
TXN101833,25000.0,FAILED,REF-00001833,2026/07/27,Merchant_B,Processor_C,NGN,CARD,SET-0027
TXN100507,50000.0,SUCCESS,REF-00000507,2026/07/01,Merchant_E,Processor_C,NGN,CARD,SET-0003
TXN102182,500.0,SUCCESS,REF-00002182,2026/07/27,Merchant_A,Processor_C,NGN,CARD,SET-0043
PROC_ONLY1005,1000.0,SUCCESS,PROC-ONLY-REF-00005,2026/07/21,Merchant_A,Processor_C,NGN,CARD,SET-0043
TXN109017,50000.0,SUCCESS,REF-00009017,2026/07/31,Merchant_C,Processor_C,NGN,USSD,SET-0014
TXN106625,1500.0,SUCCESS,REF-00006625,2026/07/23,Merchant_E,Processor_C,NGN,USSD,SET-0046
TXN104877,25000.0,FAILED,REF-00004877-X,2026/07/29,Merchant_A,Processor_C,NGN,BANK_TRANSFER,SET-0015
TXN101752,500.0,SUCCESS,REF-00001752,2026/07/15,Merchant_E,Processor_C,NGN,BANK_TRANSFER,SET-0010
TXN104226,5000.0,SUCCESS,REF-00004226,2026/07/20,Merchant_A,Processor_C,NGN,BANK_TRANSFER,SET-0009
TXN105111,50000.0,SUCCESS,REF-00005111,2026/07/15,Merchant_B,Processor_C,NGN,USSD,SET-0033
TXN107298,5000.0,SUCCESS,REF-00007298,2026/07/15,Merchant_B,Processor_C,NGN,CARD,SET-0048
TXN107944,5000.0,SUCCESS,REF-00007944,2026/07/28,Merchant_A,Processor_C,NGN,USSD,SET-0002
TXN104138,15000.0,SUCCESS,REF-00004138,2026/07/09,Merchant_A,Processor_C,NGN,MOBILE_MONEY,SET-0026
TXN106278,50000.0,SUCCESS,REF-00006278,2026/07/09,Merchant_E,Processor_C,NGN,BANK_TRANSFER,SET-0032
TXN107222,1500.0,FAILED,REF-00007222,2026/07/24,Merchant_C,Processor_C,NGN,BANK_TRANSFER,SET-0014
TXN109890,25000.0,SUCCESS,REF-00009890,2026/07/26,Merchant_D,Processor_C,NGN,MOBILE_MONEY,SET-0026
TXN109730,1500.0,SUCCESS,REF-00009730,2026/07/17,Merchant_A,Processor_C,NGN,MOBILE_MONEY,SET-0012
TXN101330,10000.0,SUCCESS,REF-00001330,2026/07/06,Merchant_D,Processor_C,NGN,MOBILE_MONEY,SET-0045
TXN106172,1000.0,SUCCESS,REF-00006172,2026/07/10,Merchant_D,Processor_C,NGN,MOBILE_MONEY,SET-0029
TXN103899,50000.0,SUCCESS,REF-00003899,2026/07/01,Merchant_C,Processor_C,NGN,CARD,SET-0021
TXN108830,5000.0,FAILED,REF-00008830,2026/07/03,Merchant_B,Processor_C,NGN,CARD,SET-0048
TXN103903,2500.0,SUCCESS,REF-00003903,2026/07/31,Merchant_A,Processor_C,NGN,BANK_TRANSFER,SET-0013
TXN100742,25000.0,SUCCESS,REF-00000742,2026/07/05,Merchant_D,Processor_C,NGN,CARD,SET-0007
TXN101580,2500.0,SUCCESS,REF-00001580,2026/07/15,Merchant_B,Processor_C,NGN,CARD,SET-0029
TXN102194,1000.0,SUCCESS,REF-00002194,2026/07/06,Merchant_E,Processor_C,NGN,CARD,SET-0009
TXN108895,1500.0,SUCCESS,REF-00008895,2026/07/05,Merchant_C,Processor_C,NGN,BANK_TRANSFER,SET-0044
TXN106330,500.0,SUCCESS,REF-00006330,2026/07/03,Merchant_D,Processor_C,NGN,CARD,SET-0027
TXN101767,10000.0,SUCCESS,REF-00001767,2026/07/30,Merchant_E,Processor_C,NGN,BANK_TRANSFER,SET-0012
TXN103901,5000.0,SUCCESS,REF-00003901,2026/07/07,Merchant_E,Processor_C,NGN,CARD,SET-0022
TXN104171,250000.0,SUCCESS,REF-00004171,2026/07/20,Merchant_A,Processor_C,NGN,CARD,SET-0037
TXN106472,15000.0,SUCCESS,REF-00006472,2026/07/30,Merchant_A,Processor_C,NGN,CARD,SET-0049
TXN107452,2500.0,SUCCESS,REF-00007452,2026/07/31,Merchant_B,Processor_C,NGN,USSD,SET-0010
TXN109374,1000.0,SUCCESS,REF-00009374,2026/07/13,Merchant_E,Processor_C,NGN,CARD,SET-0008
TXN102685,500.0,FAILED,REF-00002685,2026/07/23,Merchant_A,Processor_C,NGN,BANK_TRANSFER,SET-0040
TXN109281,100000.0,REFUNDED,REF-00009281,2026/07/25,Merchant_C,Processor_C,NGN,USSD,SET-0012
TXN103849,1000.0,SUCCESS,REF-00003849,2026/07/06,Merchant_C,Processor_C,NGN,MOBILE_MONEY,SET-0043
TXN108428,5000.0,SUCCESS,REF-00008428,2026/07/17,Merchant_E,Processor_C,NGN,BANK_TRANSFER,SET-0017
TXN109645,15000.0,REFUNDED,REF-00009645,2026/07/28,Merchant_D,Processor_C,NGN,CARD,SET-0040
TXN107995,5000.0,SUCCESS,REF-00007995,2026/07/06,Merchant_C,Processor_C,NGN,BANK_TRANSFER,SET-0048
TXN108271,1000.0,SUCCESS,REF-00008271,2026/07/01,Merchant_C,Processor_C,NGN,USSD,SET-0016
TXN107979,25000.0,SUCCESS,REF-00007979,2026/07/06,Merchant_E,Processor_C,NGN,MOBILE_MONEY,SET-0005
TXN102122,250000.0,SUCCESS,REF-00002122,2026/07/25,Merchant_D,Processor_C,NGN,MOBILE_MONEY,SET-0036
TXN108844,500.0,SUCCESS,REF-00008844,2026/07/24,Merchant_E,Processor_C,NGN,USSD,SET-0030
TXN102222,1000.0,SUCCESS,REF-00002222,2026/07/16,Merchant_C,Processor_C,NGN,MOBILE_MONEY,SET-0045
TXN105886,10000.0,SUCCESS,REF-00005886,2026/07/26,Merchant_E,Processor_C,NGN,CARD,SET-0001
TXN106520,2500.0,SUCCESS,REF-00006520,2026/07/28,Merchant_D,Processor_C,NGN,CARD,SET-0017
TXN101550,250000.0,SUCCESS,REF-00001550,2026/07/17,Merchant_D,Processor_C,NGN,CARD,SET-0038
TXN100229,15000.0,SUCCESS,REF-00000229,2026/07/20,Merchant_E,Processor_C,NGN,MOBILE_MONEY,SET-0011
TXN103925,500.0,SUCCESS,REF-00003925,2026/07/03,Merchant_E,Processor_C,NGN,USSD,SET-0040
TXN108377,2500.0,SUCCESS,REF-00008377,2026/07/21,Merchant_A,Processor_C,NGN,USSD,SET-0030
TXN102709,5000.0,SUCCESS,REF-00002709,2026/07/20,Merchant_D,Processor_C,NGN,MOBILE_MONEY,SET-0020
TXN109253,5000.0,SUCCESS,REF-00009253,2026/07/31,Merchant_A,Processor_C,NGN,BANK_TRANSFER,SET-0023
TXN102291,5000.0,SUCCESS,REF-00002291,2026/07/30,Merchant_C,Processor_C,NGN,MOBILE_MONEY,SET-0024
TXN101015,100000.0,FAILED,REF-00001015,2026/07/23,Merchant_C,Processor_C,NGN,MOBILE_MONEY,SET-0011
TXN106179,5000.0,SUCCESS,REF-00006179,2026/07/20,Merchant_E,Processor_C,NGN,BANK_TRANSFER,SET-0037
TXN106043,1500.0,SUCCESS,REF-00006043,2026/07/25,Merchant_D,Processor_C,NGN,MOBILE_MONEY,SET-0018
TXN102798,250000.0,SUCCESS,REF-00002798,2026/07/01,Merchant_B,Processor_C,NGN,CARD,SET-0034
TXN102438,10000.0,SUCCESS,REF-00002438,2026/07/21,Merchant_A,Processor_C,NGN,MOBILE_MONEY,SET-0034
TXN102697,5000.0,SUCCESS,REF-00002697,2026/07/12,Merchant_E,Processor_C,NGN,CARD,SET-0043
TXN100554,100000.0,SUCCESS,REF-00000554,2026/07/17,Merchant_C,Processor_C,NGN,CARD,SET-0024
TXN100500,25000.0,SUCCESS,REF-00000500,2026/07/31,Merchant_C,Processor_C,NGN,USSD,SET-0004
TXN104571,15000.0,FAILED,REF-00004571,2026/07/02,Merchant_D,Processor_C,NGN,MOBILE_MONEY,SET-0042
TXN101351,10000.0,SUCCESS,REF-00001351,2026/07/11,Merchant_C,Processor_C,NGN,CARD,SET-0029
TXN103935,10000.0,SUCCESS,REF-00003935,2026/07/12,Merchant_C,Processor_C,NGN,USSD,SET-0038
TXN103304,2500.0,SUCCESS,REF-00003304,2026/07/28,Merchant_E,Processor_C,NGN,CARD,SET-0021
TXN108374,10000.0,SUCCESS,REF-00008374,2026/07/01,Merchant_B,Processor_C,NGN,MOBILE_MONEY,SET-0048
TXN103870,7500.0,SUCCESS,REF-00003870,2026/07/07,Merchant_B,Processor_C,NGN,MOBILE_MONEY,SET-0021
TXN101010,2500.0,SUCCESS,REF-00001010,2026/07/03,Merchant_C,Processor_C,NGN,MOBILE_MONEY,SET-0017
TXN105393,10000.0,SUCCESS,REF-00005393,2026/07/11,Merchant_E,Processor_C,NGN,BANK_TRANSFER,SET-0048
TXN108898,1000.0,SUCCESS,REF-00008898,2026/07/27,Merchant_C,Processor_C,NGN,CARD,SET-0007
TXN106055,10000.0,SUCCESS,REF-00006055,2026/07/26,Merchant_A,Processor_C,NGN,MOBILE_MONEY,SET-0028
TXN105608,7500.0,SUCCESS,REF-00005608,2026/07/03,Merchant_B,Processor_C,NGN,CARD,SET-0019
TXN100964,5000.0,FAILED,REF-00000964,2026/07/01,Merchant_E,Processor_C,NGN,USSD,SET-0037
TXN102467,500.0,SUCCESS,REF-00002467,2026/07/17,Merchant_E,Processor_C,NGN,BANK_TRANSFER,SET-0036
TXN103617,50000.0,SUCCESS,REF-00003617,2026/07/18,Merchant_B,Processor_C,NGN,MOBILE_MONEY,SET-0022
TXN107767,5000.0,SUCCESS,REF-00007767,2026/07/20,Merchant_E,Processor_C,NGN,BANK_TRANSFER,SET-0004
TXN106517,25000.0,FAILED,REF-00006517,2026/07/01,Merchant_A,Processor_C,NGN,CARD,SET-0016
TXN106396,10000.0,SUCCESS,REF-00006396,2026/07/29,Merchant_B,Processor_C,NGN,USSD,SET-0019
TXN108535,5000.0,SUCCESS,REF-00008535,2026/07/25,Merchant_D,Processor_C,NGN,MOBILE_MONEY,SET-0044
TXN104450,7500.0,FAILED,REF-00004450,2026/07/28,Merchant_A,Processor_C,NGN,MOBILE_MONEY,SET-0020
TXN102297,500.0,SUCCESS,REF-00002297,2026/07/04,Merchant_D,Processor_C,NGN,BANK_TRANSFER,SET-0036
TXN102358,10000.0,SUCCESS,REF-00002358,2026/07/27,Merchant_E,Processor_C,NGN,USSD,SET-0044
TXN100136,10000.0,SUCCESS,REF-00000136,2026/07/09,Merchant_D,Processor_C,NGN,USSD,SET-0021
TXN105830,250000.0,SUCCESS,REF-00005830,2026/07/01,Merchant_E,Processor_C,NGN,CARD,SET-0045
TXN108682,1500.0,SUCCESS,REF-00008682,2026/07/07,Merchant_A,Processor_C,NGN,CARD,SET-0014
TXN107207,7500.0,SUCCESS,REF-00007207,2026/07/09,Merchant_B,Processor_C,NGN,CARD,SET-0009
TXN105114,5250.0,SUCCESS,REF-00005114,2026/07/09,Merchant_E,Processor_C,NGN,BANK_TRANSFER,SET-0019
TXN106478,10000.0,SUCCESS,REF-00006478,2026/07/11,Merchant_A,Processor_C,NGN,MOBILE_MONEY,SET-0013
TXN109429,50000.0,SUCCESS,REF-00009429,2026/07/31,Merchant_D,Processor_C,NGN,USSD,SET-0020
TXN102923,1500.0,FAILED,REF-00002923,2026/07/06,Merchant_C,Processor_C,NGN,BANK_TRANSFER,SET-0043
TXN109233,7500.0,SUCCESS,REF-00009233,2026/07/12,Merchant_A,Processor_C,NGN,USSD,SET-0033
TXN104201,2500.0,FAILED,REF-00004201,2026/07/15,Merchant_A,Processor_C,NGN,CARD,SET-0005
TXN102285,5000.0,SUCCESS,REF-00002285,2026/07/09,Merchant_D,Processor_C,NGN,USSD,SET-0032
TXN109328,5000.0,SUCCESS,REF-00009328,2026/07/07,Merchant_E,Processor_C,NGN,BANK_TRANSFER,SET-0006
TXN100885,1500.0,SUCCESS,REF-00000885,2026/07/09,Merchant_C,Processor_C,NGN,CARD,SET-0009
TXN108839,1000.0,SUCCESS,REF-00008839,2026/07/05,Merchant_D,Processor_C,NGN,USSD,SET-0049
TXN101304,25000.0,SUCCESS,REF-00001304,2026/07/31,Merchant_B,Processor_C,NGN,MOBILE_MONEY,SET-0006
TXN106245,15000.0,SUCCESS,REF-00006245,2026/07/30,Merchant_D,Processor_C,NGN,USSD,SET-0050
TXN102168,15000.0,SUCCESS,REF-00002168,2026/07/28,Merchant_D,Processor_C,NGN,USSD,SET-0048
TXN102829,500.0,SUCCESS,REF-00002829,2026/07/26,Merchant_E,Processor_C,NGN,USSD,SET-0004
TXN102943,25000.0,SUCCESS,REF-00002943,2026/07/15,Merchant_E,Processor_C,NGN,MOBILE_MONEY,SET-0050
TXN109387,2500.0,SUCCESS,REF-00009387,2026/07/23,Merchant_D,Processor_C,NGN,CARD,SET-0037
TXN106731,2500.0,SUCCESS,REF-00006731,2026/07/24,Merchant_D,Processor_C,NGN,USSD,SET-0009
TXN101009,10000.0,SUCCESS,REF-00001009,2026/07/09,Merchant_A,Processor_C,NGN,CARD,SET-0027
TXN104151,500.0,SUCCESS,REF-00004151,2026/07/12,Merchant_E,Processor_C,NGN,CARD,SET-0034
TXN105199,5000.0,SUCCESS,REF-00005199,2026/07/24,Merchant_C,Processor_C,NGN,CARD,SET-0030
TXN103240,7500.0,SUCCESS,REF-00003240,2026/07/24,Merchant_E,Processor_C,NGN,USSD,SET-0050
TXN101044,100000.0,SUCCESS,REF-00001044,2026/07/17,Merchant_B,Processor_C,NGN,CARD,SET-0021
TXN100447,25000.0,SUCCESS,REF-00000447,2026/07/15,Merchant_A,Processor_C,NGN,USSD,SET-0002
TXN107858,1500.0,SUCCESS,REF-00007858,2026/07/04,Merchant_C,Processor_C,NGN,MOBILE_MONEY,SET-0003
TXN103296,15000.0,REFUNDED,REF-00003296,2026/07/12,Merchant_D,Processor_C,NGN,CARD,SET-0017
TXN102510,1000.0,SUCCESS,REF-00002510,2026/07/29,Merchant_D,Processor_C,NGN,USSD,SET-0039
TXN102862,250000.0,SUCCESS,REF-00002862,2026/07/19,Merchant_E,Processor_C,NGN,USSD,SET-0002
TXN108268,15000.0,SUCCESS,REF-00008268,2026/07/27,Merchant_D,Processor_C,NGN,MOBILE_MONEY,SET-0004
TXN106607,10000.0,REFUNDED,REF-00006607,2026/07/21,Merchant_C,Processor_C,NGN,MOBILE_MONEY,SET-0001
TXN102007,25000.0,SUCCESS,REF-00002007,2026/07/23,Merchant_E,Processor_C,NGN,USSD,SET-0026
TXN102972,25000.0,SUCCESS,REF-00002972,2026/07/26,Merchant_E,Processor_C,NGN,BANK_TRANSFER,SET-0048
TXN107866,2500.0,SUCCESS,REF-00007866,2026/07/11,Merchant_D,Processor_C,NGN,CARD,SET-0005
TXN108466,7500.0,SUCCESS,REF-00008466,2026/07/26,Merchant_D,Processor_C,NGN,CARD,SET-0043
TXN108897,10000.0,SUCCESS,REF-00008897,2026/07/22,Merchant_C,Processor_C,NGN,BANK_TRANSFER,SET-0029
TXN105672,15000.0,SUCCESS,REF-00005672,2026/07/04,Merchant_A,Processor_C,NGN,CARD,SET-0002
TXN109461,500.0,SUCCESS,REF-00009461,2026/07/10,Merchant_A,Processor_C,NGN,MOBILE_MONEY,SET-0034
TXN103619,1500.0,SUCCESS,REF-00003619,2026/07/15,Merchant_B,Processor_C,NGN,MOBILE_MONEY,SET-0018
TXN106013,10000.0,REFUNDED,REF-00006013,2026/07/28,Merchant_D,Processor_C,NGN,CARD,SET-0027
TXN100063,5000.0,SUCCESS,REF-00000063-X,2026/07/04,Merchant_B,Processor_C,NGN,CARD,SET-0039
TXN109442,2500.0,SUCCESS,REF-00009442,2026/07/14,Merchant_E,Processor_C,NGN,MOBILE_MONEY,SET-0040
TXN107476,15000.0,SUCCESS,REF-00007476,2026/07/04,Merchant_C,Processor_C,NGN,USSD,SET-0030
TXN108908,10000.0,SUCCESS,REF-00008908,2026/07/15,Merchant_D,Processor_C,NGN,MOBILE_MONEY,SET-0040
TXN107716,2500.0,SUCCESS,REF-00007716-X,2026/07/30,Merchant_C,Processor_C,NGN,MOBILE_MONEY,SET-0010
TXN102607,5000.0,FAILED,REF-00002607,2026/07/28,Merchant_B,Processor_C,NGN,CARD,SET-0029
TXN109243,25000.0,SUCCESS,REF-00009243,2026/07/08,Merchant_C,Processor_C,NGN,USSD,SET-0042
TXN102785,2500.0,SUCCESS,REF-00002785,2026/07/08,Merchant_B,Processor_C,NGN,BANK_TRANSFER,SET-0003
TXN108425,5000.0,SUCCESS,REF-00008425,2026/07/28,Merchant_D,Processor_C,NGN,USSD,SET-0009
TXN109949,7500.0,SUCCESS,REF-00009949,2026/07/26,Merchant_E,Processor_C,NGN,CARD,SET-0019
TXN101153,15000.0,SUCCESS,REF-00001153,2026/07/21,Merchant_A,Processor_C,NGN,CARD,SET-0019
TXN108217,5000.0,SUCCESS,REF-00008217,2026/07/26,Merchant_C,Processor_C,NGN,BANK_TRANSFER,SET-0017
TXN108427,250000.0,SUCCESS,REF-00008427,2026/07/23,Merchant_B,Processor_C,NGN,MOBILE_MONEY,SET-0016
TXN109988,500.0,SUCCESS,REF-00009988,2026/07/26,Merchant_A,Processor_C,NGN,BANK_TRANSFER,SET-0001
TXN106948,100000.0,SUCCESS,REF-00006948,2026/07/13,Merchant_A,Processor_C,NGN,MOBILE_MONEY,SET-0016
TXN102781,50000.0,SUCCESS,REF-00002781,2026/07/18,Merchant_A,Processor_C,NGN,BANK_TRANSFER,SET-0043
TXN108667,1500.0,REFUNDED,REF-00008667,2026/07/01,Merchant_C,Processor_C,NGN,MOBILE_MONEY,SET-0032
TXN109799,100000.0,SUCCESS,REF-00009799,2026/07/01,Merchant_E,Processor_C,NGN,BANK_TRANSFER,SET-0003
TXN104003,1500.0,SUCCESS,REF-00004003,2026/07/14,Merchant_C,Processor_C,NGN,CARD,SET-0024
TXN105872,15000.0,SUCCESS,REF-00005872,2026/07/23,Merchant_B,Processor_C,NGN,USSD,SET-0014
TXN102779,2500.0,SUCCESS,REF-00002779,2026/07/20,Merchant_A,Processor_C,NGN,USSD,SET-0028
TXN101690,1500.0,SUCCESS,REF-00001690,2026/07/01,Merchant_A,Processor_C,NGN,CARD,SET-0026
TXN105599,25000.0,SUCCESS,REF-00005599,2026/07/31,Merchant_D,Processor_C,NGN,MOBILE_MONEY,SET-0028
TXN108133,5000.0,SUCCESS,REF-00008133,2026/07/28,Merchant_E,Processor_C,NGN,CARD,SET-0040
TXN104938,25000.0,SUCCESS,REF-00004938,2026/07/03,Merchant_C,Processor_C,NGN,USSD,SET-0041
TXN107059,100000.0,SUCCESS,REF-00007059,2026/07/18,Merchant_C,Processor_C,NGN,USSD,SET-0013
TXN105399,50000.0,SUCCESS,REF-00005399,2026/07/16,Merchant_E,Processor_C,NGN,MOBILE_MONEY,SET-0024
TXN104294,7500.0,SUCCESS,REF-00004294,2026/07/20,Merchant_A,Processor_C,NGN,BANK_TRANSFER,SET-0020
TXN107786,5000.0,SUCCESS,REF-00007786,2026/07/05,Merchant_D,Processor_C,NGN,USSD,SET-0010
TXN103000,15000.0,REFUNDED,REF-00003000,2026/07/13,Merchant_B,Processor_C,NGN,MOBILE_MONEY,SET-0022
TXN105847,25000.0,SUCCESS,REF-00005847,2026/07/22,Merchant_C,Processor_C,NGN,CARD,SET-0023
TXN108736,7500.0,SUCCESS,REF-00008736,2026/07/29,Merchant_C,Processor_C,NGN,CARD,SET-0011
TXN100373,15000.0,SUCCESS,REF-00000373,2026/07/09,Merchant_C,Processor_C,NGN,BANK_TRANSFER,SET-0005
TXN107003,25000.0,SUCCESS,REF-00007003,2026/07/30,Merchant_D,Processor_C,NGN,BANK_TRANSFER,SET-0019
TXN104058,100000.0,SUCCESS,REF-00004058,2026/07/08,Merchant_E,Processor_C,NGN,MOBILE_MONEY,SET-0028
TXN101080,25000.0,REFUNDED,REF-00001080,2026/07/07,Merchant_E,Processor_C,NGN,CARD,SET-0039
TXN102448,1000.0,SUCCESS,REF-00002448,2026/07/30,Merchant_B,Processor_C,NGN,BANK_TRANSFER,SET-0001
TXN104919,5000.0,SUCCESS,REF-00004919,2026/07/28,Merchant_B,Processor_C,NGN,BANK_TRANSFER,SET-0038
TXN102918,7500.0,SUCCESS,REF-00002918,2026/07/04,Merchant_D,Processor_C,NGN,USSD,SET-0008
TXN106556,5000.0,SUCCESS,REF-00006556,2026/07/05,Merchant_B,Processor_C,NGN,BANK_TRANSFER,SET-0046
TXN101095,1500.0,SUCCESS,REF-00001095,2026/07/25,Merchant_D,Processor_C,NGN,BANK_TRANSFER,SET-0023
TXN101058,10000.0,SUCCESS,REF-00001058,2026/07/18,Merchant_B,Processor_C,NGN,USSD,SET-0049
TXN106857,5000.0,SUCCESS,REF-00006857,2026/07/24,Merchant_A,Processor_C,NGN,CARD,SET-0029
TXN108540,10000.0,SUCCESS,REF-00008540,2026/07/15,Merchant_D,Processor_C,NGN,CARD,SET-0032
TXN102132,10000.0,SUCCESS,REF-00002132,2026/07/22,Merchant_E,Processor_C,NGN,USSD,SET-0041
TXN106861,100000.0,SUCCESS,REF-00006861,2026/07/22,Merchant_E,Processor_C,NGN,MOBILE_MONEY,SET-0037
TXN100021,1500.0,SUCCESS,REF-00000021,2026/07/21,Merchant_C,Processor_C,NGN,BANK_TRANSFER,SET-0032
TXN108084,15000.0,SUCCESS,REF-00008084,2026/07/08,Merchant_E,Processor_C,NGN,CARD,SET-0048
TXN106353,10000.0,REFUNDED,REF-00006353,2026/07/22,Merchant_A,Processor_C,NGN,CARD,SET-0006
TXN105543,50000.0,SUCCESS,REF-00005543,2026/07/13,Merchant_D,Processor_C,NGN,BANK_TRANSFER,SET-0041
TXN102337,5000.0,SUCCESS,REF-00002337,2026/07/14,Merchant_E,Processor_C,NGN,USSD,SET-0016
TXN109275,5000.0,SUCCESS,REF-00009275,2026/07/23,Merchant_C,Processor_C,NGN,MOBILE_MONEY,SET-0035
TXN100263,10000.0,FAILED,REF-00000263,2026/07/22,Merchant_E,Processor_C,NGN,BANK_TRANSFER,SET-0042
TXN100387,1500.0,REFUNDED,REF-00000387,2026/07/11,Merchant_A,Processor_C,NGN,CARD,SET-0038
TXN107486,7500.0,SUCCESS,REF-00007486,2026/07/04,Merchant_B,Processor_C,NGN,MOBILE_MONEY,SET-0049
TXN109739,15000.0,SUCCESS,REF-00009739,2026/07/04,Merchant_A,Processor_C,NGN,MOBILE_MONEY,SET-0034
TXN106793,5000.0,SUCCESS,REF-00006793,2026/07/20,Merchant_D,Processor_C,NGN,USSD,SET-0016
TXN105763,1500.0,SUCCESS,REF-00005763,2026/07/11,Merchant_E,Processor_C,NGN,CARD,SET-0008
TXN107307,5000.0,SUCCESS,REF-00007307,2026/07/08,Merchant_A,Processor_C,NGN,MOBILE_MONEY,SET-0006
TXN108013,2500.0,SUCCESS,REF-00008013,2026/07/05,Merchant_D,Processor_C,NGN,MOBILE_MONEY,SET-0006
TXN105861,10000.0,REFUNDED,REF-00005861,2026/07/15,Merchant_E,Processor_C,NGN,CARD,SET-0011
TXN107173,25000.0,SUCCESS,REF-00007173,2026/07/13,Merchant_D,Processor_C,NGN,USSD,SET-0048
TXN105623,25000.0,SUCCESS,REF-00005623,2026/07/09,Merchant_A,Processor_C,NGN,USSD,SET-0036
TXN104977,2500.0,SUCCESS,REF-00004977,2026/07/30,Merchant_D,Processor_C,NGN,BANK_TRANSFER,SET-0004
TXN101565,7500.0,SUCCESS,REF-00001565,2026/07/14,Merchant_C,Processor_C,NGN,MOBILE_MONEY,SET-0040
TXN105606,50000.0,SUCCESS,REF-00005606,2026/07/10,Merchant_B,Processor_C,NGN,MOBILE_MONEY,SET-0045
TXN106726,5000.0,SUCCESS,REF-00006726,2026/07/20,Merchant_B,Processor_C,NGN,USSD,SET-0024
TXN103843,7500.0,SUCCESS,REF-00003843,2026/07/18,Merchant_E,Processor_C,NGN,CARD,SET-0048
TXN102828,7500.0,SUCCESS,REF-00002828,2026/07/09,Merchant_E,Processor_C,NGN,CARD,SET-0045
TXN103337,25000.0,SUCCESS,REF-00003337,2026/07/30,Merchant_D,Processor_C,NGN,CARD,SET-0049
TXN106612,2500.0,SUCCESS,REF-00006612,2026/07/31,Merchant_A,Processor_C,NGN,USSD,SET-0041
TXN101280,15000.0,SUCCESS,REF-00001280,2026/07/22,Merchant_D,Processor_C,NGN,USSD,SET-0039
TXN102736,250000.0,SUCCESS,REF-00002736,2026/07/05,Merchant_B,Processor_C,NGN,CARD,SET-0022
TXN107340,100000.0,SUCCESS,REF-00007340,2026/07/30,Merchant_E,Processor_C,NGN,CARD,SET-0033
TXN101434,1500.0,SUCCESS,REF-00001434,2026/07/15,Merchant_B,Processor_C,NGN,BANK_TRANSFER,SET-0049
TXN106135,1000.0,SUCCESS,REF-00006135,2026/07/04,Merchant_D,Processor_C,NGN,CARD,SET-0020
TXN107275,100000.0,SUCCESS,REF-00007275,2026/07/29,Merchant_E,Processor_C,NGN,USSD,SET-0016
TXN105080,1000.0,SUCCESS,REF-00005080,2026/07/06,Merchant_E,Processor_C,NGN,USSD,SET-0003
TXN109272,15000.0,SUCCESS,REF-00009272,2026/07/30,Merchant_D,Processor_C,NGN,USSD,SET-0017
TXN104423,25000.0,SUCCESS,REF-00004423,2026/07/19,Merchant_C,Processor_C,NGN,USSD,SET-0019
TXN103618,50000.0,SUCCESS,REF-00003618,2026/07/31,Merchant_E,Processor_C,NGN,CARD,SET-0010
TXN105013,15000.0,SUCCESS,REF-00005013,2026/07/28,Merchant_B,Processor_C,NGN,CARD,SET-0033
TXN109326,25000.0,SUCCESS,REF-00009326,2026/07/12,Merchant_B,Processor_C,NGN,CARD,SET-0003
TXN105963,25000.0,SUCCESS,REF-00005963,2026/07/26,Merchant_E,Processor_C,NGN,MOBILE_MONEY,SET-0002
TXN106456,15000.0,SUCCESS,REF-00006456,2026/07/28,Merchant_C,Processor_C,NGN,MOBILE_MONEY,SET-0012
TXN102423,7500.0,SUCCESS,REF-00002423,2026/07/07,Merchant_E,Processor_C,NGN,CARD,SET-0036
TXN106035,2500.0,SUCCESS,REF-00006035,2026/07/17,Merchant_A,Processor_C,NGN,MOBILE_MONEY,SET-0017
TXN109612,100000.0,SUCCESS,REF-00009612,2026/07/26,Merchant_A,Processor_C,NGN,MOBILE_MONEY,SET-0030
TXN103749,100000.0,SUCCESS,REF-00003749,2026/07/31,Merchant_E,Processor_C,NGN,MOBILE_MONEY,SET-0029
TXN109381,5000.0,SUCCESS,REF-00009381,2026/07/23,Merchant_E,Processor_C,NGN,MOBILE_MONEY,SET-0020
TXN109587,7500.0,FAILED,REF-00009587,2026/07/29,Merchant_A,Processor_C,NGN,CARD,SET-0040
TXN106564,1500.0,FAILED,REF-00006564,2026/07/24,Merchant_C,Processor_C,NGN,MOBILE_MONEY,SET-0032
TXN108760,500.0,SUCCESS,REF-00008760,2026/07/19,Merchant_D,Processor_C,NGN,CARD,SET-0044
TXN103087,500.0,REFUNDED,REF-00003087,2026/07/19,Merchant_C,Processor_C,NGN,BANK_TRANSFER,SET-0033
TXN105714,15000.0,SUCCESS,REF-00005714,2026/07/17,Merchant_D,Processor_C,NGN,CARD,SET-0042
TXN101853,50000.0,SUCCESS,REF-00001853,2026/07/11,Merchant_E,Processor_C,NGN,CARD,SET-0018
TXN103971,10000.0,SUCCESS,REF-00003971,2026/07/05,Merchant_E,Processor_C,NGN,USSD,SET-0023
TXN109674,7500.0,SUCCESS,REF-00009674,2026/07/21,Merchant_D,Processor_C,NGN,BANK_TRANSFER,SET-0035
TXN106409,100000.0,FAILED,REF-00006409,2026/07/04,Merchant_B,Processor_C,NGN,BANK_TRANSFER,SET-0012
TXN108250,100000.0,SUCCESS,REF-00008250,2026/07/06,Merchant_A,Processor_C,NGN,BANK_TRANSFER,SET-0046
TXN105345,10000.0,SUCCESS,REF-00005345,2026/07/26,Merchant_B,Processor_C,NGN,MOBILE_MONEY,SET-0046
TXN109889,5000.0,SUCCESS,REF-00009889,2026/07/02,Merchant_D,Processor_C,NGN,USSD,SET-0004
TXN100394,5000.0,SUCCESS,REF-00000394,2026/07/30,Merchant_C,Processor_C,NGN,USSD,SET-0047
TXN100219,50000.0,SUCCESS,REF-00000219,2026/07/10,Merchant_C,Processor_C,NGN,CARD,SET-0035
TXN106174,10000.0,REFUNDED,REF-00006174,2026/07/25,Merchant_D,Processor_C,NGN,CARD,SET-0046
TXN102171,1000.0,SUCCESS,REF-00002171,2026/07/03,Merchant_B,Processor_C,NGN,BANK_TRANSFER,SET-0050
TXN103958,1000.0,SUCCESS,REF-00003958,2026/07/09,Merchant_C,Processor_C,NGN,CARD,SET-0015
TXN105591,10000.0,SUCCESS,REF-00005591,2026/07/03,Merchant_A,Processor_C,NGN,MOBILE_MONEY,SET-0045
TXN109792,500.0,SUCCESS,REF-00009792,2026/07/30,Merchant_E,Processor_C,NGN,MOBILE_MONEY,SET-0022
TXN107698,5000.0,SUCCESS,REF-00007698,2026/07/17,Merchant_C,Processor_C,NGN,CARD,SET-0021
TXN108359,1500.0,SUCCESS,REF-00008359,2026/07/10,Merchant_E,Processor_C,NGN,CARD,SET-0018
TXN104124,50000.0,SUCCESS,REF-00004124,2026/07/03,Merchant_D,Processor_C,NGN,BANK_TRANSFER,SET-0045
TXN105603,15000.0,SUCCESS,REF-00005603,2026/07/29,Merchant_D,Processor_C,NGN,BANK_TRANSFER,SET-0018
TXN103972,5000.0,SUCCESS,REF-00003972,2026/07/02,Merchant_D,Processor_C,NGN,CARD,SET-0050
TXN109625,5000.0,SUCCESS,REF-00009625,2026/07/24,Merchant_A,Processor_C,NGN,CARD,SET-0024
TXN107253,100000.0,SUCCESS,REF-00007253,2026/07/12,Merchant_C,Processor_C,NGN,CARD,SET-0016
TXN101129,2500.0,SUCCESS,REF-00001129,2026/07/15,Merchant_D,Processor_C,NGN,CARD,SET-0027
TXN105799,1500.0,SUCCESS,REF-00005799,2026/07/27,Merchant_E,Processor_C,NGN,MOBILE_MONEY,SET-0036
TXN101023,250000.0,SUCCESS,REF-00001023,2026/07/03,Merchant_B,Processor_C,NGN,CARD,SET-0044
TXN107527,10000.0,FAILED,REF-00007527,2026/07/05,Merchant_D,Processor_C,NGN,BANK_TRANSFER,SET-0022
TXN107720,10000.0,FAILED,REF-00007720,2026/07/10,Merchant_E,Processor_C,NGN,USSD,SET-0023
TXN104825,1500.0,SUCCESS,REF-00004825,2026/07/11,Merchant_E,Processor_C,NGN,MOBILE_MONEY,SET-0016
TXN103333,2500.0,SUCCESS,REF-00003333,2026/07/03,Merchant_A,Processor_C,NGN,MOBILE_MONEY,SET-0011
TXN109491,1000.0,REFUNDED,REF-00009491,2026/07/30,Merchant_C,Processor_C,NGN,CARD,SET-0046
TXN105895,2500.0,SUCCESS,REF-00005895,2026/07/28,Merchant_A,Processor_C,NGN,MOBILE_MONEY,SET-0019
TXN107548,50000.0,SUCCESS,REF-00007548,2026/07/06,Merchant_B,Processor_C,NGN,CARD,SET-0017
TXN108480,500.0,SUCCESS,REF-00008480,2026/07/09,Merchant_E,Processor_C,NGN,BANK_TRANSFER,SET-0019
TXN104040,50000.0,SUCCESS,REF-00004040,2026/07/27,Merchant_D,Processor_C,NGN,USSD,SET-0011
TXN100991,25000.0,SUCCESS,REF-00000991,2026/07/01,Merchant_E,Processor_C,NGN,MOBILE_MONEY,SET-0046
TXN104873,2500.0,SUCCESS,REF-00004873,2026/07/23,Merchant_B,Processor_C,NGN,MOBILE_MONEY,SET-0023
TXN108796,1500.0,SUCCESS,REF-00008796,2026/07/31,Merchant_E,Processor_C,NGN,MOBILE_MONEY,SET-0020
TXN106192,25000.0,FAILED,REF-00006192,2026/07/26,Merchant_D,Processor_C,NGN,MOBILE_MONEY,SET-0002
TXN106647,100000.0,SUCCESS,REF-00006647,2026/07/11,Merchant_D,Processor_C,NGN,USSD,SET-0038
TXN105022,250000.0,SUCCESS,REF-00005022,2026/07/04,Merchant_E,Processor_C,NGN,MOBILE_MONEY,SET-0035
TXN105893,2500.0,SUCCESS,REF-00005893,2026/07/26,Merchant_C,Processor_C,NGN,CARD,SET-0014
TXN100807,100000.0,SUCCESS,REF-00000807,2026/07/13,Merchant_B,Processor_C,NGN,CARD,SET-0046
TXN107899,100000.0,SUCCESS,REF-00007899,2026/07/22,Merchant_E,Processor_C,NGN,CARD,SET-0042
TXN106150,10000.0,REFUNDED,REF-00006150,2026/07/29,Merchant_B,Processor_C,NGN,BANK_TRANSFER,SET-0041
TXN102090,25000.0,SUCCESS,REF-00002090,2026/07/05,Merchant_A,Processor_C,NGN,CARD,SET-0038
TXN102677,1000.0,SUCCESS,REF-00002677,2026/07/05,Merchant_B,Processor_C,NGN,USSD,SET-0019
TXN106935,10000.0,SUCCESS,REF-00006935,2026/07/07,Merchant_B,Processor_C,NGN,USSD,SET-0047
TXN106114,2500.0,SUCCESS,REF-00006114,2026/07/18,Merchant_A,Processor_C,NGN,CARD,SET-0001
TXN100417,5000.0,SUCCESS,REF-00000417,2026/07/16,Merchant_A,Processor_C,NGN,BANK_TRANSFER,SET-0029
TXN105820,50000.0,SUCCESS,REF-00005820,2026/07/18,Merchant_A,Processor_C,NGN,BANK_TRANSFER,SET-0001
TXN105534,1500.0,SUCCESS,REF-00005534,2026/07/09,Merchant_B,Processor_C,NGN,USSD,SET-0036
TXN104710,7500.0,SUCCESS,REF-00004710,2026/07/28,Merchant_E,Processor_C,NGN,USSD,SET-0049
TXN100986,15000.0,SUCCESS,REF-00000986,2026/07/27,Merchant_C,Processor_C,NGN,CARD,SET-0014
TXN101974,5000.0,SUCCESS,REF-00001974,2026/07/07,Merchant_D,Processor_C,NGN,MOBILE_MONEY,SET-0011
TXN106410,1000.0,SUCCESS,REF-00006410,2026/07/27,Merchant_A,Processor_C,NGN,MOBILE_MONEY,SET-0036
TXN109736,15000.0,SUCCESS,REF-00009736,2026/07/01,Merchant_E,Processor_C,NGN,BANK_TRANSFER,SET-0039
TXN101677,7500.0,SUCCESS,REF-00001677,2026/07/04,Merchant_E,Processor_C,NGN,CARD,SET-0026
TXN106553,500.0,REFUNDED,REF-00006553,2026/07/21,Merchant_C,Processor_C,NGN,USSD,SET-0014
TXN100322,15000.0,REFUNDED,REF-00000322,2026/07/06,Merchant_B,Processor_C,NGN,BANK_TRANSFER,SET-0050
TXN101606,1000.0,SUCCESS,REF-00001606,2026/07/11,Merchant_C,Processor_C,NGN,CARD,SET-0025
TXN100679,50000.0,SUCCESS,REF-00000679,2026/07/23,Merchant_C,Processor_C,NGN,BANK_TRANSFER,SET-0019
TXN102170,15000.0,SUCCESS,REF-00002170,2026/07/09,Merchant_D,Processor_C,NGN,MOBILE_MONEY,SET-0012
TXN108189,5000.0,FAILED,REF-00008189,2026/07/16,Merchant_C,Processor_C,NGN,CARD,SET-0018
TXN108634,5000.0,SUCCESS,REF-00008634,2026/07/22,Merchant_B,Processor_C,NGN,BANK_TRANSFER,SET-0045
TXN104298,7500.0,SUCCESS,REF-00004298,2026/07/21,Merchant_B,Processor_C,NGN,MOBILE_MONEY,SET-0035
TXN107166,50000.0,SUCCESS,REF-00007166,2026/07/04,Merchant_D,Processor_C,NGN,BANK_TRANSFER,SET-0028
TXN107816,2500.0,SUCCESS,REF-00007816,2026/07/21,Merchant_B,Processor_C,NGN,USSD,SET-0028
TXN108022,50000.0,SUCCESS,REF-00008022,2026/07/11,Merchant_B,Processor_C,NGN,CARD,SET-0033
TXN104383,10000.0,SUCCESS,REF-00004383,2026/07/21,Merchant_E,Processor_C,NGN,CARD,SET-0015
TXN109066,2500.0,SUCCESS,REF-00009066,2026/07/02,Merchant_B,Processor_C,NGN,MOBILE_MONEY,SET-0006
TXN102508,50000.0,SUCCESS,REF-00002508,2026/07/08,Merchant_D,Processor_C,NGN,MOBILE_MONEY,SET-0032
TXN100582,10000.0,SUCCESS,REF-00000582,2026/07/13,Merchant_D,Processor_C,NGN,USSD,SET-0048
TXN104402,2500.0,SUCCESS,REF-00004402,2026/07/02,Merchant_D,Processor_C,NGN,USSD,SET-0033
TXN102817,500.0,REFUNDED,REF-00002817,2026/07/14,Merchant_D,Processor_C,NGN,MOBILE_MONEY,SET-0025
TXN106084,2500.0,SUCCESS,REF-00006084-X,2026/07/14,Merchant_E,Processor_C,NGN,USSD,SET-0030
TXN104896,1500.0,SUCCESS,REF-00004896,2026/07/15,Merchant_D,Processor_C,NGN,USSD,SET-0005
TXN100341,10000.0,SUCCESS,REF-00000341,2026/07/07,Merchant_A,Processor_C,NGN,BANK_TRANSFER,SET-0018
TXN101956,15000.0,SUCCESS,REF-00001956,2026/07/26,Merchant_C,Processor_C,NGN,USSD,SET-0038
TXN105644,15000.0,SUCCESS,REF-00005644,2026/07/04,Merchant_C,Processor_C,NGN,BANK_TRANSFER,SET-0043
TXN100004,1600.0,SUCCESS,REF-00000004,2026/07/11,Merchant_C,Processor_C,NGN,USSD,SET-0029
TXN100206,1000.0,SUCCESS,REF-00000206,2026/07/07,Merchant_B,Processor_C,NGN,MOBILE_MONEY,SET-0034
TXN105299,500.0,SUCCESS,REF-00005299,2026/07/24,Merchant_A,Processor_C,NGN,CARD,SET-0009
TXN101405,10000.0,SUCCESS,REF-00001405,2026/07/14,Merchant_E,Processor_C,NGN,USSD,SET-0024
TXN100007,50100.0,SUCCESS,REF-00000007,2026/07/21,Merchant_A,Processor_C,NGN,USSD,SET-0045
TXN103745,2500.0,SUCCESS,REF-00003745,2026/07/28,Merchant_B,Processor_C,NGN,USSD,SET-0001
TXN102730,25000.0,SUCCESS,REF-00002730,2026/07/20,Merchant_B,Processor_C,NGN,BANK_TRANSFER,SET-0021
TXN100692,10000.0,REFUNDED,REF-00000692,2026/07/29,Merchant_A,Processor_C,NGN,BANK_TRANSFER,SET-0025
TXN103140,5000.0,REFUNDED,REF-00003140,2026/07/20,Merchant_C,Processor_C,NGN,BANK_TRANSFER,SET-0047
TXN100757,10000.0,SUCCESS,REF-00000757,2026/07/12,Merchant_D,Processor_C,NGN,CARD,SET-0001
TXN108077,10000.0,SUCCESS,REF-00008077,2026/07/15,Merchant_E,Processor_C,NGN,MOBILE_MONEY,SET-0023
TXN103450,7500.0,SUCCESS,REF-00003450,2026/07/28,Merchant_A,Processor_C,NGN,USSD,SET-0040
TXN108460,250000.0,SUCCESS,REF-00008460,2026/07/29,Merchant_A,Processor_C,NGN,USSD,SET-0046
TXN107467,15000.0,SUCCESS,REF-00007467,2026/07/24,Merchant_E,Processor_C,NGN,CARD,SET-0048
TXN104575,5000.0,SUCCESS,REF-00004575,2026/07/12,Merchant_C,Processor_C,NGN,BANK_TRANSFER,SET-0021
TXN104827,1500.0,SUCCESS,REF-00004827,2026/07/30,Merchant_B,Processor_C,NGN,BANK_TRANSFER,SET-0025
TXN109358,50000.0,SUCCESS,REF-00009358,2026/07/18,Merchant_E,Processor_C,NGN,BANK_TRANSFER,SET-0022
TXN109976,10000.0,SUCCESS,REF-00009976,2026/07/28,Merchant_D,Processor_C,NGN,MOBILE_MONEY,SET-0032
TXN107812,1000.0,SUCCESS,REF-00007812,2026/07/29,Merchant_A,Processor_C,NGN,MOBILE_MONEY,SET-0012
TXN108546,50000.0,SUCCESS,REF-00008546,2026/07/04,Merchant_B,Processor_C,NGN,BANK_TRANSFER,SET-0024
TXN106009,2500.0,SUCCESS,REF-00006009,2026/07/27,Merchant_A,Processor_C,NGN,CARD,SET-0024
TXN107890,1500.0,SUCCESS,REF-00007890,2026/07/08,Merchant_A,Processor_C,NGN,USSD,SET-0034
TXN107113,2500.0,FAILED,REF-00007113,2026/07/10,Merchant_C,Processor_C,NGN,MOBILE_MONEY,SET-0033
TXN105973,50000.0,SUCCESS,REF-00005973,2026/07/27,Merchant_B,Processor_C,NGN,USSD,SET-0004
TXN105310,5000.0,REFUNDED,REF-00005310,2026/07/12,Merchant_C,Processor_C,NGN,USSD,SET-0032
TXN103904,50000.0,SUCCESS,REF-00003904,2026/07/15,Merchant_D,Processor_C,NGN,USSD,SET-0019
TXN104622,1500.0,SUCCESS,REF-00004622,2026/07/26,Merchant_D,Processor_C,NGN,CARD,SET-0013
TXN101883,25000.0,SUCCESS,REF-00001883,2026/07/15,Merchant_E,Processor_C,NGN,MOBILE_MONEY,SET-0025
TXN108806,7500.0,REFUNDED,REF-00008806,2026/07/17,Merchant_C,Processor_C,NGN,CARD,SET-0005
TXN104489,10000.0,SUCCESS,REF-00004489,2026/07/19,Merchant_B,Processor_C,NGN,USSD,SET-0048
TXN100314,50000.0,SUCCESS,REF-00000314,2026/07/11,Merchant_C,Processor_C,NGN,MOBILE_MONEY,SET-0002
TXN106846,7500.0,SUCCESS,REF-00006846,2026/07/29,Merchant_B,Processor_C,NGN,CARD,SET-0032
TXN107924,100500.0,SUCCESS,REF-00007924,2026/07/20,Merchant_E,Processor_C,NGN,MOBILE_MONEY,SET-0027
TXN103492,100000.0,SUCCESS,REF-00003492,2026/07/31,Merchant_A,Processor_C,NGN,CARD,SET-0014
TXN108252,500.0,SUCCESS,REF-00008252,2026/07/25,Merchant_B,Processor_C,NGN,USSD,SET-0040
TXN100720,100000.0,SUCCESS,REF-00000720,2026/07/10,Merchant_D,Processor_C,NGN,USSD,SET-0030
TXN100168,1000.0,SUCCESS,REF-00000168,2026/07/05,Merchant_B,Processor_C,NGN,USSD,SET-0001
TXN109087,250000.0,FAILED,REF-00009087,2026/07/23,Merchant_A,Processor_C,NGN,CARD,SET-0025
TXN106220,50000.0,SUCCESS,REF-00006220,2026/07/09,Merchant_A,Processor_C,NGN,USSD,SET-0043
TXN106579,10000.0,SUCCESS,REF-00006579,2026/07/01,Merchant_E,Processor_C,NGN,USSD,SET-0036
TXN101614,5000.0,SUCCESS,REF-00001614,2026/07/07,Merchant_E,Processor_C,NGN,MOBILE_MONEY,SET-0037
TXN100368,2500.0,SUCCESS,REF-00000368,2026/07/12,Merchant_B,Processor_C,NGN,BANK_TRANSFER,SET-0021
TXN106390,1000.0,SUCCESS,REF-00006390,2026/07/02,Merchant_E,Processor_C,NGN,CARD,SET-0020
TXN103767,7500.0,SUCCESS,REF-00003767,2026/07/23,Merchant_D,Processor_C,NGN,MOBILE_MONEY,SET-0002
TXN108596,10000.0,SUCCESS,REF-00008596,2026/07/01,Merchant_E,Processor_C,NGN,CARD,SET-0048
TXN105980,15000.0,SUCCESS,REF-00005980,2026/07/13,Merchant_C,Processor_C,NGN,BANK_TRANSFER,SET-0028
TXN108253,15000.0,SUCCESS,REF-00008253,2026/07/10,Merchant_E,Processor_C,NGN,MOBILE_MONEY,SET-0024
TXN107811,1000.0,SUCCESS,REF-00007811,2026/07/21,Merchant_A,Processor_C,NGN,MOBILE_MONEY,SET-0044
TXN106236,15000.0,SUCCESS,REF-00006236,2026/07/02,Merchant_A,Processor_C,NGN,USSD,SET-0044
TXN101466,250000.0,SUCCESS,REF-00001466,2026/07/29,Merchant_C,Processor_C,NGN,USSD,SET-0050
TXN104963,25000.0,SUCCESS,REF-00004963,2026/07/02,Merchant_E,Processor_C,NGN,BANK_TRANSFER,SET-0048
TXN108982,15000.0,SUCCESS,REF-00008982,2026/07/16,Merchant_C,Processor_C,NGN,USSD,SET-0047
TXN107556,1500.0,SUCCESS,REF-00007556,2026/07/10,Merchant_B,Processor_C,NGN,BANK_TRANSFER,SET-0026
TXN108039,250000.0,SUCCESS,REF-00008039,2026/07/05,Merchant_A,Processor_C,NGN,CARD,SET-0002
TXN105354,10000.0,SUCCESS,REF-00005354,2026/07/22,Merchant_C,Processor_C,NGN,BANK_TRANSFER,SET-0004
TXN107269,5000.0,SUCCESS,REF-00007269,2026/07/20,Merchant_B,Processor_C,NGN,MOBILE_MONEY,SET-0046
TXN102729,10000.0,SUCCESS,REF-00002729,2026/07/29,Merchant_B,Processor_C,NGN,BANK_TRANSFER,SET-0010
TXN104941,7500.0,SUCCESS,REF-00004941,2026/07/14,Merchant_C,Processor_C,NGN,CARD,SET-0025
TXN103034,5000.0,SUCCESS,REF-00003034,2026/07/07,Merchant_E,Processor_C,NGN,USSD,SET-0006
TXN103049,2500.0,SUCCESS,REF-00003049,2026/07/02,Merchant_D,Processor_C,NGN,BANK_TRANSFER,SET-0007
TXN102622,7500.0,FAILED,REF-00002622,2026/07/06,Merchant_D,Processor_C,NGN,MOBILE_MONEY,SET-0028
TXN104013,2500.0,SUCCESS,REF-00004013,2026/07/28,Merchant_A,Processor_C,NGN,BANK_TRANSFER,SET-0040
TXN107427,5000.0,SUCCESS,REF-00007427,2026/07/17,Merchant_E,Processor_C,NGN,BANK_TRANSFER,SET-0049
TXN101099,5000.0,REFUNDED,REF-00001099,2026/07/15,Merchant_E,Processor_C,NGN,BANK_TRANSFER,SET-0026
TXN106373,100000.0,SUCCESS,REF-00006373,2026/07/16,Merchant_E,Processor_C,NGN,BANK_TRANSFER,SET-0045
TXN100072,500.0,SUCCESS,REF-00000072,2026/07/02,Merchant_B,Processor_C,NGN,MOBILE_MONEY,SET-0004
TXN101426,500.0,SUCCESS,REF-00001426,2026/07/08,Merchant_E,Processor_C,NGN,BANK_TRANSFER,SET-0032
TXN101589,25000.0,SUCCESS,REF-00001589,2026/07/21,Merchant_E,Processor_C,NGN,CARD,SET-0041
TXN102172,1500.0,SUCCESS,REF-00002172,2026/07/25,Merchant_B,Processor_C,NGN,BANK_TRANSFER,SET-0022
TXN100139,250000.0,SUCCESS,REF-00000139,2026/07/12,Merchant_D,Processor_C,NGN,MOBILE_MONEY,SET-0036
TXN101933,15000.0,SUCCESS,REF-00001933,2026/07/17,Merchant_B,Processor_C,NGN,BANK_TRANSFER,SET-0018
TXN100934,1500.0,SUCCESS,REF-00000934,2026/07/25,Merchant_A,Processor_C,NGN,MOBILE_MONEY,SET-0005
TXN108743,1000.0,REFUNDED,REF-00008743,2026/07/25,Merchant_E,Processor_C,NGN,USSD,SET-0041
TXN103839,15000.0,SUCCESS,REF-00003839,2026/07/04,Merchant_C,Processor_C,NGN,USSD,SET-0024
TXN109252,2500.0,SUCCESS,REF-00009252,2026/07/22,Merchant_D,Processor_C,NGN,CARD,SET-0045
TXN101894,10000.0,SUCCESS,REF-00001894,2026/07/02,Merchant_D,Processor_C,NGN,CARD,SET-0048
TXN106181,2500.0,FAILED,REF-00006181,2026/07/25,Merchant_D,Processor_C,NGN,MOBILE_MONEY,SET-0037
TXN103850,7500.0,SUCCESS,REF-00003850,2026/07/09,Merchant_C,Processor_C,NGN,CARD,SET-0010
TXN103094,1500.0,FAILED,REF-00003094,2026/07/14,Merchant_A,Processor_C,NGN,MOBILE_MONEY,SET-0045
TXN101030,500.0,SUCCESS,REF-00001030,2026/07/10,Merchant_D,Processor_C,NGN,CARD,SET-0012
TXN100115,100000.0,SUCCESS,REF-00000115,2026/07/08,Merchant_B,Processor_C,NGN,MOBILE_MONEY,SET-0005
TXN100300,1000.0,FAILED,REF-00000300,2026/07/04,Merchant_A,Processor_C,NGN,MOBILE_MONEY,SET-0032
TXN107231,7500.0,SUCCESS,REF-00007231,2026/07/19,Merchant_D,Processor_C,NGN,MOBILE_MONEY,SET-0026
TXN103207,25000.0,SUCCESS,REF-00003207,2026/07/02,Merchant_A,Processor_C,NGN,USSD,SET-0033
TXN106869,250000.0,SUCCESS,REF-00006869,2026/07/05,Merchant_D,Processor_C,NGN,CARD,SET-0009
TXN106784,25000.0,SUCCESS,REF-00006784,2026/07/31,Merchant_A,Processor_C,NGN,CARD,SET-0032
TXN103398,2500.0,SUCCESS,REF-00003398,2026/07/18,Merchant_D,Processor_C,NGN,MOBILE_MONEY,SET-0008
TXN107993,5000.0,SUCCESS,REF-00007993,2026/07/31,Merchant_B,Processor_C,NGN,USSD,SET-0009
TXN106907,50000.0,SUCCESS,REF-00006907,2026/07/31,Merchant_D,Processor_C,NGN,BANK_TRANSFER,SET-0022
TXN105550,2500.0,SUCCESS,REF-00005550,2026/07/19,Merchant_C,Processor_C,NGN,BANK_TRANSFER,SET-0013
TXN105295,1500.0,SUCCESS,REF-00005295,2026/07/08,Merchant_D,Processor_C,NGN,CARD,SET-0006
TXN103271,500.0,SUCCESS,REF-00003271,2026/07/14,Merchant_A,Processor_C,NGN,MOBILE_MONEY,SET-0025
TXN105958,25000.0,SUCCESS,REF-00005958,2026/07/02,Merchant_E,Processor_C,NGN,USSD,SET-0005
TXN109323,7500.0,SUCCESS,REF-00009323,2026/07/27,Merchant_B,Processor_C,NGN,BANK_TRANSFER,SET-0018
TXN101584,250000.0,SUCCESS,REF-00001584,2026/07/21,Merchant_E,Processor_C,NGN,BANK_TRANSFER,SET-0028
TXN106859,15000.0,SUCCESS,REF-00006859,2026/07/24,Merchant_B,Processor_C,NGN,CARD,SET-0007
TXN104282,2500.0,SUCCESS,REF-00004282,2026/07/13,Merchant_A,Processor_C,NGN,CARD,SET-0018
TXN109916,1500.0,SUCCESS,REF-00009916,2026/07/08,Merchant_A,Processor_C,NGN,CARD,SET-0003
TXN101806,15000.0,SUCCESS,REF-00001806,2026/07/02,Merchant_E,Processor_C,NGN,BANK_TRANSFER,SET-0030
TXN104479,10000.0,SUCCESS,REF-00004479,2026/07/14,Merchant_C,Processor_C,NGN,USSD,SET-0017
TXN109236,500.0,SUCCESS,REF-00009236,2026/07/24,Merchant_B,Processor_C,NGN,MOBILE_MONEY,SET-0031
TXN100157,25000.0,SUCCESS,REF-00000157,2026/07/07,Merchant_D,Processor_C,NGN,MOBILE_MONEY,SET-0049
TXN109221,10000.0,REFUNDED,REF-00009221,2026/07/14,Merchant_B,Processor_C,NGN,CARD,SET-0049
TXN102036,1000.0,SUCCESS,REF-00002036,2026/07/18,Merchant_A,Processor_C,NGN,BANK_TRANSFER,SET-0036
TXN100253,5000.0,SUCCESS,REF-00000253,2026/07/09,Merchant_C,Processor_C,NGN,USSD,SET-0011
TXN102016,5000.0,SUCCESS,REF-00002016,2026/07/22,Merchant_B,Processor_C,NGN,BANK_TRANSFER,SET-0019
TXN105706,100000.0,SUCCESS,REF-00005706,2026/07/05,Merchant_C,Processor_C,NGN,CARD,SET-0002
TXN100867,1500.0,SUCCESS,REF-00000867,2026/07/27,Merchant_C,Processor_C,NGN,USSD,SET-0018
TXN105178,10000.0,SUCCESS,REF-00005178,2026/07/01,Merchant_A,Processor_C,NGN,USSD,SET-0044
TXN101087,1500.0,SUCCESS,REF-00001087,2026/07/18,Merchant_D,Processor_C,NGN,USSD,SET-0030
TXN102674,100000.0,SUCCESS,REF-00002674,2026/07/02,Merchant_B,Processor_C,NGN,USSD,SET-0036
TXN105874,7500.0,SUCCESS,REF-00005874,2026/07/22,Merchant_A,Processor_C,NGN,USSD,SET-0041
TXN106026,100000.0,SUCCESS,REF-00006026,2026/07/11,Merchant_E,Processor_C,NGN,BANK_TRANSFER,SET-0023
TXN109945,2500.0,SUCCESS,REF-00009945,2026/07/31,Merchant_B,Processor_C,NGN,MOBILE_MONEY,SET-0035
TXN102260,25000.0,REFUNDED,REF-00002260,2026/07/14,Merchant_D,Processor_C,NGN,CARD,SET-0050
TXN106473,250000.0,SUCCESS,REF-00006473,2026/07/10,Merchant_A,Processor_C,NGN,BANK_TRANSFER,SET-0049
TXN108791,1000.0,SUCCESS,REF-00008791,2026/07/28,Merchant_E,Processor_C,NGN,USSD,SET-0010
TXN100107,25000.0,SUCCESS,REF-00000107,2026/07/16,Merchant_B,Processor_C,NGN,BANK_TRANSFER,SET-0022
TXN106507,100000.0,SUCCESS,REF-00006507,2026/07/17,Merchant_E,Processor_C,NGN,MOBILE_MONEY,SET-0025
TXN100614,100000.0,SUCCESS,REF-00000614,2026/07/25,Merchant_B,Processor_C,NGN,CARD,SET-0015
TXN104432,10000.0,SUCCESS,REF-00004432,2026/07/08,Merchant_A,Processor_C,NGN,CARD,SET-0006
TXN106314,5000.0,SUCCESS,REF-00006314,2026/07/26,Merchant_B,Processor_C,NGN,USSD,SET-0013
TXN100174,15000.0,SUCCESS,REF-00000174,2026/07/03,Merchant_E,Processor_C,NGN,CARD,SET-0011
TXN105656,15000.0,SUCCESS,REF-00005656,2026/07/26,Merchant_A,Processor_C,NGN,BANK_TRANSFER,SET-0043
TXN107972,1500.0,SUCCESS,REF-00007972,2026/07/24,Merchant_D,Processor_C,NGN,BANK_TRANSFER,SET-0012
TXN106688,10000.0,SUCCESS,REF-00006688,2026/07/05,Merchant_C,Processor_C,NGN,MOBILE_MONEY,SET-0008
TXN100412,250000.0,SUCCESS,REF-00000412,2026/07/01,Merchant_C,Processor_C,NGN,USSD,SET-0018
TXN102346,15000.0,SUCCESS,REF-00002346,2026/07/15,Merchant_A,Processor_C,NGN,MOBILE_MONEY,SET-0049
TXN106521,2500.0,SUCCESS,REF-00006521,2026/07/21,Merchant_A,Processor_C,NGN,BANK_TRANSFER,SET-0050
TXN106378,250000.0,SUCCESS,REF-00006378,2026/07/12,Merchant_C,Processor_C,NGN,USSD,SET-0032
TXN102258,5000.0,SUCCESS,REF-00002258,2026/07/04,Merchant_A,Processor_C,NGN,CARD,SET-0049
TXN101626,2500.0,SUCCESS,REF-00001626,2026/07/28,Merchant_B,Processor_C,NGN,MOBILE_MONEY,SET-0019
TXN103016,25000.0,SUCCESS,REF-00003016,2026/07/24,Merchant_C,Processor_C,NGN,MOBILE_MONEY,SET-0009
TXN107655,25000.0,SUCCESS,REF-00007655,2026/07/16,Merchant_D,Processor_C,NGN,CARD,SET-0037
TXN100502,5000.0,SUCCESS,REF-00000502,2026/07/10,Merchant_E,Processor_C,NGN,MOBILE_MONEY,SET-0049
TXN100772,1500.0,SUCCESS,REF-00000772,2026/07/22,Merchant_A,Processor_C,NGN,USSD,SET-0050
TXN104002,25000.0,SUCCESS,REF-00004002,2026/07/04,Merchant_A,Processor_C,NGN,BANK_TRANSFER,SET-0041
TXN106074,5000.0,SUCCESS,REF-00006074,2026/07/03,Merchant_A,Processor_C,NGN,USSD,SET-0017
TXN101342,50000.0,SUCCESS,REF-00001342,2026/07/26,Merchant_D,Processor_C,NGN,BANK_TRANSFER,SET-0040
TXN107493,10000.0,SUCCESS,REF-00007493,2026/07/04,Merchant_C,Processor_C,NGN,MOBILE_MONEY,SET-0001
TXN104082,15000.0,REFUNDED,REF-00004082,2026/07/06,Merchant_A,Processor_C,NGN,BANK_TRANSFER,SET-0005
TXN106436,10000.0,SUCCESS,REF-00006436,2026/07/26,Merchant_D,Processor_C,NGN,USSD,SET-0038
TXN103997,7500.0,SUCCESS,REF-00003997,2026/07/07,Merchant_B,Processor_C,NGN,CARD,SET-0025
TXN109758,2500.0,SUCCESS,REF-00009758,2026/07/29,Merchant_D,Processor_C,NGN,MOBILE_MONEY,SET-0014
TXN106454,100000.0,SUCCESS,REF-00006454,2026/07/09,Merchant_E,Processor_C,NGN,BANK_TRANSFER,SET-0021
TXN101312,10000.0,SUCCESS,REF-00001312,2026/07/06,Merchant_C,Processor_C,NGN,CARD,SET-0011
TXN106367,1500.0,SUCCESS,REF-00006367,2026/07/14,Merchant_E,Processor_C,NGN,BANK_TRANSFER,SET-0048
TXN101723,1000.0,SUCCESS,REF-00001723,2026/07/14,Merchant_E,Processor_C,NGN,USSD,SET-0049
TXN108005,5000.0,SUCCESS,REF-00008005,2026/07/15,Merchant_E,Processor_C,NGN,MOBILE_MONEY,SET-0028
TXN109203,10000.0,SUCCESS,REF-00009203,2026/07/19,Merchant_C,Processor_C,NGN,CARD,SET-0015
TXN107399,2500.0,REFUNDED,REF-00007399,2026/07/17,Merchant_D,Processor_C,NGN,BANK_TRANSFER,SET-0046
TXN105587,7500.0,SUCCESS,REF-00005587,2026/07/27,Merchant_A,Processor_C,NGN,USSD,SET-0002
TXN102268,2500.0,SUCCESS,REF-00002268,2026/07/27,Merchant_D,Processor_C,NGN,BANK_TRANSFER,SET-0034
TXN101165,50000.0,SUCCESS,REF-00001165,2026/07/12,Merchant_A,Processor_C,NGN,USSD,SET-0022
TXN100729,1500.0,SUCCESS,REF-00000729,2026/07/21,Merchant_E,Processor_C,NGN,BANK_TRANSFER,SET-0026
TXN108737,1100.0,SUCCESS,REF-00008737,2026/07/24,Merchant_E,Processor_C,NGN,BANK_TRANSFER,SET-0039
TXN105997,25000.0,SUCCESS,REF-00005997,2026/07/10,Merchant_B,Processor_C,NGN,USSD,SET-0009
TXN100838,10000.0,SUCCESS,REF-00000838,2026/07/27,Merchant_D,Processor_C,NGN,USSD,SET-0023
TXN102287,5000.0,SUCCESS,REF-00002287,2026/07/31,Merchant_A,Processor_C,NGN,USSD,SET-0043
TXN106489,25000.0,SUCCESS,REF-00006489,2026/07/30,Merchant_E,Processor_C,NGN,USSD,SET-0003
TXN101321,1500.0,SUCCESS,REF-00001321,2026/07/02,Merchant_E,Processor_C,NGN,BANK_TRANSFER,SET-0035
TXN102043,1000.0,SUCCESS,REF-00002043,2026/07/30,Merchant_A,Processor_C,NGN,BANK_TRANSFER,SET-0027
TXN100773,7500.0,SUCCESS,REF-00000773,2026/07/13,Merchant_D,Processor_C,NGN,BANK_TRANSFER,SET-0040
TXN106603,50000.0,REFUNDED,REF-00006603,2026/07/03,Merchant_D,Processor_C,NGN,MOBILE_MONEY,SET-0027
TXN104711,7500.0,SUCCESS,REF-00004711,2026/07/09,Merchant_A,Processor_C,NGN,BANK_TRANSFER,SET-0001
TXN106422,1000.0,SUCCESS,REF-00006422,2026/07/17,Merchant_E,Processor_C,NGN,BANK_TRANSFER,SET-0011
TXN106249,1000.0,SUCCESS,REF-00006249,2026/07/10,Merchant_A,Processor_C,NGN,USSD,SET-0037
TXN108781,50000.0,SUCCESS,REF-00008781,2026/07/16,Merchant_E,Processor_C,NGN,CARD,SET-0037
TXN108624,500.0,REFUNDED,REF-00008624,2026/07/31,Merchant_D,Processor_C,NGN,MOBILE_MONEY,SET-0023
TXN109195,1000.0,REFUNDED,REF-00009195,2026/07/07,Merchant_E,Processor_C,NGN,CARD,SET-0011
TXN101344,25000.0,SUCCESS,REF-00001344,2026/07/06,Merchant_B,Processor_C,NGN,CARD,SET-0041
TXN104419,1500.0,SUCCESS,REF-00004419,2026/07/06,Merchant_E,Processor_C,NGN,USSD,SET-0027
TXN102147,5000.0,SUCCESS,REF-00002147,2026/07/30,Merchant_E,Processor_C,NGN,BANK_TRANSFER,SET-0035
TXN108023,7500.0,REFUNDED,REF-00008023,2026/07/01,Merchant_C,Processor_C,NGN,BANK_TRANSFER,SET-0032
TXN108761,15000.0,SUCCESS,REF-00008761,2026/07/09,Merchant_E,Processor_C,NGN,BANK_TRANSFER,SET-0039
TXN106166,7500.0,SUCCESS,REF-00006166,2026/07/01,Merchant_E,Processor_C,NGN,USSD,SET-0020
TXN105765,25000.0,SUCCESS,REF-00005765,2026/07/03,Merchant_E,Processor_C,NGN,MOBILE_MONEY,SET-0003
TXN108384,2500.0,SUCCESS,REF-00008384,2026/07/22,Merchant_C,Processor_C,NGN,BANK_TRANSFER,SET-0045
TXN103491,15000.0,SUCCESS,REF-00003491,2026/07/26,Merchant_A,Processor_C,NGN,MOBILE_MONEY,SET-0021
TXN100231,10000.0,SUCCESS,REF-00000231,2026/07/30,Merchant_B,Processor_C,NGN,MOBILE_MONEY,SET-0028
TXN108127,100000.0,REFUNDED,REF-00008127,2026/07/16,Merchant_D,Processor_C,NGN,CARD,SET-0003
TXN104388,1000.0,SUCCESS,REF-00004388,2026/07/29,Merchant_C,Processor_C,NGN,USSD,SET-0003
TXN105725,15000.0,SUCCESS,REF-00005725,2026/07/15,Merchant_B,Processor_C,NGN,USSD,SET-0001
TXN105011,25000.0,SUCCESS,REF-00005011,2026/07/14,Merchant_B,Processor_C,NGN,USSD,SET-0047
TXN106040,15000.0,SUCCESS,REF-00006040,2026/07/15,Merchant_A,Processor_C,NGN,CARD,SET-0008
TXN101430,7600.0,SUCCESS,REF-00001430,2026/07/06,Merchant_B,Processor_C,NGN,BANK_TRANSFER,SET-0028
TXN101573,50000.0,SUCCESS,REF-00001573,2026/07/25,Merchant_E,Processor_C,NGN,BANK_TRANSFER,SET-0047
TXN101226,7500.0,SUCCESS,REF-00001226,2026/07/03,Merchant_E,Processor_C,NGN,CARD,SET-0013
TXN101150,25000.0,SUCCESS,REF-00001150,2026/07/26,Merchant_E,Processor_C,NGN,MOBILE_MONEY,SET-0011
TXN108153,100000.0,SUCCESS,REF-00008153,2026/07/11,Merchant_A,Processor_C,NGN,USSD,SET-0039
TXN106458,1000.0,SUCCESS,REF-00006458,2026/07/29,Merchant_C,Processor_C,NGN,MOBILE_MONEY,SET-0021
TXN104906,250000.0,SUCCESS,REF-00004906,2026/07/07,Merchant_C,Processor_C,NGN,USSD,SET-0001
TXN109583,1500.0,SUCCESS,REF-00009583,2026/07/16,Merchant_E,Processor_C,NGN,USSD,SET-0038
TXN102085,10000.0,SUCCESS,REF-00002085,2026/07/24,Merchant_E,Processor_C,NGN,CARD,SET-0015
TXN103724,5000.0,FAILED,REF-00003724,2026/07/23,Merchant_D,Processor_C,NGN,BANK_TRANSFER,SET-0008
TXN100160,5000.0,SUCCESS,REF-00000160,2026/07/12,Merchant_E,Processor_C,NGN,BANK_TRANSFER,SET-0030
TXN102531,50000.0,SUCCESS,REF-00002531,2026/07/31,Merchant_C,Processor_C,NGN,MOBILE_MONEY,SET-0050
TXN109226,7500.0,SUCCESS,REF-00009226,2026/07/29,Merchant_E,Processor_C,NGN,BANK_TRANSFER,SET-0037
TXN108317,25000.0,REFUNDED,REF-00008317,2026/07/14,Merchant_C,Processor_C,NGN,MOBILE_MONEY,SET-0035
TXN103782,500.0,SUCCESS,REF-00003782,2026/07/22,Merchant_C,Processor_C,NGN,MOBILE_MONEY,SET-0041
TXN100676,1000.0,SUCCESS,REF-00000676,2026/07/16,Merchant_D,Processor_C,NGN,USSD,SET-0039
TXN106584,15000.0,SUCCESS,REF-00006584,2026/07/27,Merchant_E,Processor_C,NGN,CARD,SET-0010
TXN101125,10000.0,SUCCESS,REF-00001125,2026/07/11,Merchant_D,Processor_C,NGN,CARD,SET-0033
TXN105518,1000.0,SUCCESS,REF-00005518,2026/07/21,Merchant_D,Processor_C,NGN,CARD,SET-0045
TXN108524,10000.0,SUCCESS,REF-00008524,2026/07/25,Merchant_D,Processor_C,NGN,MOBILE_MONEY,SET-0041
TXN109616,15000.0,SUCCESS,REF-00009616,2026/07/12,Merchant_A,Processor_C,NGN,MOBILE_MONEY,SET-0028
TXN108710,50000.0,SUCCESS,REF-00008710,2026/07/02,Merchant_E,Processor_C,NGN,BANK_TRANSFER,SET-0029
TXN109013,1000.0,SUCCESS,REF-00009013,2026/07/10,Merchant_B,Processor_C,NGN,MOBILE_MONEY,SET-0009
TXN100020,15000.0,SUCCESS,REF-00000020,2026/07/22,Merchant_A,Processor_C,NGN,CARD,SET-0021
TXN107529,2500.0,SUCCESS,REF-00007529,2026/07/29,Merchant_B,Processor_C,NGN,CARD,SET-0034
TXN105896,100000.0,SUCCESS,REF-00005896,2026/07/30,Merchant_A,Processor_C,NGN,USSD,SET-0024
TXN105563,5000.0,SUCCESS,REF-00005563,2026/07/26,Merchant_C,Processor_C,NGN,CARD,SET-0010
TXN102126,15000.0,SUCCESS,REF-00002126,2026/07/26,Merchant_C,Processor_C,NGN,MOBILE_MONEY,SET-0015
TXN100795,100000.0,SUCCESS,REF-00000795,2026/07/03,Merchant_B,Processor_C,NGN,BANK_TRANSFER,SET-0006
TXN104870,5000.0,SUCCESS,REF-00004870,2026/07/14,Merchant_A,Processor_C,NGN,BANK_TRANSFER,SET-0031
TXN101171,250000.0,SUCCESS,REF-00001171,2026/07/26,Merchant_E,Processor_C,NGN,BANK_TRANSFER,SET-0036
TXN104737,5000.0,FAILED,REF-00004737,2026/07/10,Merchant_D,Processor_C,NGN,CARD,SET-0038
TXN102741,2500.0,SUCCESS,REF-00002741,2026/07/23,Merchant_E,Processor_C,NGN,BANK_TRANSFER,SET-0012
TXN107553,7500.0,SUCCESS,REF-00007553,2026/07/26,Merchant_C,Processor_C,NGN,BANK_TRANSFER,SET-0039
TXN106139,50000.0,SUCCESS,REF-00006139,2026/07/23,Merchant_D,Processor_C,NGN,CARD,SET-0008
TXN108036,5000.0,SUCCESS,REF-00008036,2026/07/27,Merchant_E,Processor_C,NGN,BANK_TRANSFER,SET-0036
TXN103672,25000.0,SUCCESS,REF-00003672,2026/07/20,Merchant_C,Processor_C,NGN,MOBILE_MONEY,SET-0027
TXN107722,500.0,SUCCESS,REF-00007722,2026/07/13,Merchant_C,Processor_C,NGN,USSD,SET-0013
TXN105899,10000.0,SUCCESS,REF-00005899,2026/07/18,Merchant_B,Processor_C,NGN,MOBILE_MONEY,SET-0017
TXN102203,1000.0,SUCCESS,REF-00002203,2026/07/18,Merchant_A,Processor_C,NGN,USSD,SET-0021
TXN100104,100000.0,SUCCESS,REF-00000104,2026/07/04,Merchant_D,Processor_C,NGN,BANK_TRANSFER,SET-0004
TXN102589,25000.0,SUCCESS,REF-00002589,2026/07/15,Merchant_C,Processor_C,NGN,MOBILE_MONEY,SET-0002
TXN101622,10000.0,SUCCESS,REF-00001622,2026/07/31,Merchant_D,Processor_C,NGN,BANK_TRANSFER,SET-0035
TXN109632,1000.0,FAILED,REF-00009632,2026/07/16,Merchant_A,Processor_C,NGN,MOBILE_MONEY,SET-0024
TXN104122,25000.0,SUCCESS,REF-00004122-X,2026/07/05,Merchant_E,Processor_C,NGN,BANK_TRANSFER,SET-0004
TXN103400,1000.0,REFUNDED,REF-00003400,2026/07/21,Merchant_D,Processor_C,NGN,CARD,SET-0020
TXN103050,2500.0,FAILED,REF-00003050,2026/07/01,Merchant_A,Processor_C,NGN,CARD,SET-0036
TXN101124,15000.0,SUCCESS,REF-00001124,2026/07/11,Merchant_E,Processor_C,NGN,MOBILE_MONEY,SET-0033
TXN102020,250000.0,SUCCESS,REF-00002020,2026/07/01,Merchant_E,Processor_C,NGN,CARD,SET-0038
TXN101082,7500.0,SUCCESS,REF-00001082,2026/07/28,Merchant_A,Processor_C,NGN,BANK_TRANSFER,SET-0035
TXN102865,10000.0,SUCCESS,REF-00002865,2026/07/01,Merchant_C,Processor_C,NGN,USSD,SET-0005
TXN104076,7500.0,SUCCESS,REF-00004076,2026/07/13,Merchant_C,Processor_C,NGN,CARD,SET-0020
TXN103063,15000.0,REFUNDED,REF-00003063,2026/07/09,Merchant_A,Processor_C,NGN,CARD,SET-0036
TXN101415,100000.0,SUCCESS,REF-00001415,2026/07/26,Merchant_A,Processor_C,NGN,USSD,SET-0034
TXN104203,250000.0,SUCCESS,REF-00004203,2026/07/06,Merchant_D,Processor_C,NGN,CARD,SET-0017
TXN108787,25000.0,FAILED,REF-00008787,2026/07/30,Merchant_C,Processor_C,NGN,USSD,SET-0026
TXN104658,1500.0,SUCCESS,REF-00004658,2026/07/06,Merchant_C,Processor_C,NGN,MOBILE_MONEY,SET-0010
TXN103769,1000.0,SUCCESS,REF-00003769,2026/07/23,Merchant_E,Processor_C,NGN,USSD,SET-0049
TXN106297,1000.0,FAILED,REF-00006297,2026/07/02,Merchant_B,Processor_C,NGN,CARD,SET-0019
TXN104667,50000.0,SUCCESS,REF-00004667,2026/07/01,Merchant_D,Processor_C,NGN,MOBILE_MONEY,SET-0009
TXN108689,1500.0,SUCCESS,REF-00008689,2026/07/09,Merchant_D,Processor_C,NGN,USSD,SET-0041
TXN103756,1500.0,SUCCESS,REF-00003756,2026/07/30,Merchant_B,Processor_C,NGN,USSD,SET-0004
TXN105102,10000.0,SUCCESS,REF-00005102,2026/07/11,Merchant_B,Processor_C,NGN,USSD,SET-0007
TXN103759,50000.0,SUCCESS,REF-00003759,2026/07/21,Merchant_C,Processor_C,NGN,USSD,SET-0003
TXN109344,1000.0,SUCCESS,REF-00009344,2026/07/17,Merchant_B,Processor_C,NGN,BANK_TRANSFER,SET-0030
TXN100223,5000.0,SUCCESS,REF-00000223,2026/07/21,Merchant_A,Processor_C,NGN,MOBILE_MONEY,SET-0003
TXN103503,500.0,SUCCESS,REF-00003503,2026/07/11,Merchant_B,Processor_C,NGN,MOBILE_MONEY,SET-0007
TXN102414,10000.0,SUCCESS,REF-00002414,2026/07/28,Merchant_A,Processor_C,NGN,CARD,SET-0024
TXN105592,1000.0,SUCCESS,REF-00005592,2026/07/05,Merchant_C,Processor_C,NGN,USSD,SET-0030
TXN106651,50000.0,SUCCESS,REF-00006651,2026/07/19,Merchant_C,Processor_C,NGN,CARD,SET-0025
TXN108810,2500.0,SUCCESS,REF-00008810,2026/07/25,Merchant_B,Processor_C,NGN,CARD,SET-0032
TXN106324,1000.0,FAILED,REF-00006324,2026/07/30,Merchant_B,Processor_C,NGN,BANK_TRANSFER,SET-0045
TXN100403,50000.0,SUCCESS,REF-00000403,2026/07/14,Merchant_A,Processor_C,NGN,MOBILE_MONEY,SET-0026
TXN103391,100000.0,SUCCESS,REF-00003391,2026/07/24,Merchant_A,Processor_C,NGN,BANK_TRANSFER,SET-0037
TXN102774,10000.0,SUCCESS,REF-00002774,2026/07/06,Merchant_E,Processor_C,NGN,MOBILE_MONEY,SET-0015
TXN102750,5000.0,SUCCESS,REF-00002750,2026/07/19,Merchant_C,Processor_C,NGN,BANK_TRANSFER,SET-0027
TXN102439,1500.0,SUCCESS,REF-00002439,2026/07/02,Merchant_E,Processor_C,NGN,USSD,SET-0013
TXN104594,7500.0,SUCCESS,REF-00004594,2026/07/28,Merchant_A,Processor_C,NGN,BANK_TRANSFER,SET-0049
TXN103648,15000.0,SUCCESS,REF-00003648,2026/07/08,Merchant_A,Processor_C,NGN,CARD,SET-0006
TXN101524,10000.0,SUCCESS,REF-00001524,2026/07/26,Merchant_B,Processor_C,NGN,BANK_TRANSFER,SET-0037
TXN109934,5000.0,SUCCESS,REF-00009934,2026/07/12,Merchant_B,Processor_C,NGN,BANK_TRANSFER,SET-0047
TXN107227,1000.0,SUCCESS,REF-00007227,2026/07/26,Merchant_B,Processor_C,NGN,USSD,SET-0002
TXN106034,15000.0,SUCCESS,REF-00006034,2026/07/07,Merchant_B,Processor_C,NGN,MOBILE_MONEY,SET-0020
TXN107336,1000.0,SUCCESS,REF-00007336,2026/07/01,Merchant_D,Processor_C,NGN,MOBILE_MONEY,SET-0013
TXN105936,15000.0,SUCCESS,REF-00005936,2026/07/20,Merchant_C,Processor_C,NGN,USSD,SET-0040
TXN104155,500.0,SUCCESS,REF-00004155,2026/07/02,Merchant_C,Processor_C,NGN,CARD,SET-0037
TXN102663,15000.0,SUCCESS,REF-00002663,2026/07/07,Merchant_D,Processor_C,NGN,MOBILE_MONEY,SET-0034
TXN102452,10000.0,SUCCESS,REF-00002452,2026/07/31,Merchant_B,Processor_C,NGN,CARD,SET-0009
TXN109789,500.0,SUCCESS,REF-00009789,2026/07/21,Merchant_E,Processor_C,NGN,MOBILE_MONEY,SET-0042
TXN107622,1500.0,FAILED,REF-00007622,2026/07/25,Merchant_D,Processor_C,NGN,BANK_TRANSFER,SET-0012
TXN105056,7500.0,SUCCESS,REF-00005056,2026/07/09,Merchant_E,Processor_C,NGN,CARD,SET-0014
TXN108652,2500.0,REFUNDED,REF-00008652,2026/07/09,Merchant_D,Processor_C,NGN,CARD,SET-0048
TXN108588,10000.0,SUCCESS,REF-00008588,2026/07/26,Merchant_E,Processor_C,NGN,MOBILE_MONEY,SET-0025
TXN108454,100000.0,SUCCESS,REF-00008454,2026/07/03,Merchant_B,Processor_C,NGN,USSD,SET-0002
TXN101971,50000.0,SUCCESS,REF-00001971,2026/07/14,Merchant_E,Processor_C,NGN,USSD,SET-0012
TXN100531,250000.0,SUCCESS,REF-00000531,2026/07/14,Merchant_B,Processor_C,NGN,MOBILE_MONEY,SET-0039
TXN100099,1000.0,SUCCESS,REF-00000099,2026/07/26,Merchant_D,Processor_C,NGN,USSD,SET-0020
TXN109590,10000.0,SUCCESS,REF-00009590,2026/07/06,Merchant_B,Processor_C,NGN,CARD,SET-0015
TXN102139,50000.0,SUCCESS,REF-00002139,2026/07/26,Merchant_C,Processor_C,NGN,CARD,SET-0046
TXN100250,5000.0,SUCCESS,REF-00000250,2026/07/06,Merchant_E,Processor_C,NGN,MOBILE_MONEY,SET-0011
TXN109893,25000.0,SUCCESS,REF-00009893,2026/07/01,Merchant_B,Processor_C,NGN,CARD,SET-0003
TXN103627,100000.0,SUCCESS,REF-00003627,2026/07/05,Merchant_A,Processor_C,NGN,MOBILE_MONEY,SET-0012
TXN108871,1500.0,SUCCESS,REF-00008871,2026/07/25,Merchant_B,Processor_C,NGN,CARD,SET-0018
TXN108680,500.0,SUCCESS,REF-00008680,2026/07/19,Merchant_C,Processor_C,NGN,MOBILE_MONEY,SET-0043
TXN105524,10000.0,SUCCESS,REF-00005524,2026/07/01,Merchant_A,Processor_C,NGN,BANK_TRANSFER,SET-0019
TXN103427,15000.0,SUCCESS,REF-00003427,2026/07/29,Merchant_B,Processor_C,NGN,BANK_TRANSFER,SET-0002
TXN103986,1000.0,SUCCESS,REF-00003986,2026/07/24,Merchant_B,Processor_C,NGN,USSD,SET-0042
TXN100653,25000.0,SUCCESS,REF-00000653,2026/07/04,Merchant_A,Processor_C,NGN,USSD,SET-0046
TXN101543,2500.0,SUCCESS,REF-00001543,2026/07/04,Merchant_B,Processor_C,NGN,CARD,SET-0013
TXN105042,2500.0,SUCCESS,REF-00005042,2026/07/25,Merchant_A,Processor_C,NGN,BANK_TRANSFER,SET-0022
TXN101499,50000.0,REFUNDED,REF-00001499,2026/07/15,Merchant_D,Processor_C,NGN,CARD,SET-0004
TXN108329,7500.0,SUCCESS,REF-00008329,2026/07/12,Merchant_C,Processor_C,NGN,USSD,SET-0025
TXN105605,15000.0,SUCCESS,REF-00005605,2026/07/24,Merchant_E,Processor_C,NGN,CARD,SET-0014
TXN104175,250000.0,SUCCESS,REF-00004175,2026/07/15,Merchant_A,Processor_C,NGN,CARD,SET-0006
TXN104560,25000.0,SUCCESS,REF-00004560,2026/07/20,Merchant_C,Processor_C,NGN,USSD,SET-0043
TXN107202,10000.0,SUCCESS,REF-00007202,2026/07/18,Merchant_E,Processor_C,NGN,USSD,SET-0048
TXN109125,250000.0,SUCCESS,REF-00009125,2026/07/30,Merchant_C,Processor_C,NGN,BANK_TRANSFER,SET-0030
TXN106237,15000.0,FAILED,REF-00006237,2026/07/05,Merchant_D,Processor_C,NGN,MOBILE_MONEY,SET-0048
TXN104620,50000.0,FAILED,REF-00004620-X,2026/07/11,Merchant_A,Processor_C,NGN,BANK_TRANSFER,SET-0045
TXN103653,1500.0,SUCCESS,REF-00003653,2026/07/01,Merchant_B,Processor_C,NGN,CARD,SET-0020
TXN108139,5000.0,FAILED,REF-00008139,2026/07/07,Merchant_B,Processor_C,NGN,MOBILE_MONEY,SET-0026
TXN104255,15000.0,FAILED,REF-00004255,2026/07/03,Merchant_E,Processor_C,NGN,CARD,SET-0005
TXN106642,10000.0,SUCCESS,REF-00006642,2026/07/19,Merchant_A,Processor_C,NGN,USSD,SET-0043
TXN108472,7500.0,SUCCESS,REF-00008472,2026/07/03,Merchant_E,Processor_C,NGN,CARD,SET-0038
TXN105032,10000.0,SUCCESS,REF-00005032,2026/07/02,Merchant_C,Processor_C,NGN,MOBILE_MONEY,SET-0047
TXN103611,1500.0,FAILED,REF-00003611,2026/07/02,Merchant_C,Processor_C,NGN,CARD,SET-0046
TXN104627,10000.0,SUCCESS,REF-00004627,2026/07/28,Merchant_D,Processor_C,NGN,CARD,SET-0009
TXN107688,5000.0,SUCCESS,REF-00007688,2026/07/15,Merchant_D,Processor_C,NGN,MOBILE_MONEY,SET-0029
TXN102832,1000.0,SUCCESS,REF-00002832,2026/07/02,Merchant_B,Processor_C,NGN,MOBILE_MONEY,SET-0026
TXN107990,15000.0,SUCCESS,REF-00007990,2026/07/19,Merchant_A,Processor_C,NGN,MOBILE_MONEY,SET-0026
TXN102234,15000.0,SUCCESS,REF-00002234,2026/07/21,Merchant_D,Processor_C,NGN,MOBILE_MONEY,SET-0001
TXN108203,5000.0,SUCCESS,REF-00008203,2026/07/14,Merchant_B,Processor_C,NGN,BANK_TRANSFER,SET-0019
TXN100727,50000.0,SUCCESS,REF-00000727,2026/07/04,Merchant_C,Processor_C,NGN,BANK_TRANSFER,SET-0004
TXN102185,100000.0,SUCCESS,REF-00002185,2026/07/28,Merchant_E,Processor_C,NGN,BANK_TRANSFER,SET-0031
PROC_ONLY1021,10000.0,SUCCESS,PROC-ONLY-REF-00021,2026/07/19,Merchant_C,Processor_C,NGN,BANK_TRANSFER,SET-0018
TXN103428,50000.0,SUCCESS,REF-00003428,2026/07/20,Merchant_E,Processor_C,NGN,MOBILE_MONEY,SET-0007
TXN109602,1500.0,SUCCESS,REF-00009602,2026/07/01,Merchant_D,Processor_C,NGN,MOBILE_MONEY,SET-0013
TXN107394,5000.0,SUCCESS,REF-00007394,2026/07/17,Merchant_A,Processor_C,NGN,CARD,SET-0015
TXN103636,100000.0,SUCCESS,REF-00003636,2026/07/29,Merchant_D,Processor_C,NGN,CARD,SET-0022
TXN103145,5000.0,SUCCESS,REF-00003145,2026/07/04,Merchant_A,Processor_C,NGN,CARD,SET-0048
TXN106469,25000.0,SUCCESS,REF-00006469,2026/07/05,Merchant_E,Processor_C,NGN,CARD,SET-0032
TXN103137,25000.0,SUCCESS,REF-00003137,2026/07/02,Merchant_D,Processor_C,NGN,USSD,SET-0040
TXN107942,100000.0,SUCCESS,REF-00007942,2026/07/12,Merchant_A,Processor_C,NGN,USSD,SET-0048
TXN103489,7500.0,SUCCESS,REF-00003489,2026/07/21,Merchant_C,Processor_C,NGN,MOBILE_MONEY,SET-0020
TXN104487,5000.0,SUCCESS,REF-00004487,2026/07/08,Merchant_C,Processor_C,NGN,CARD,SET-0017
TXN109928,50000.0,FAILED,REF-00009928,2026/07/26,Merchant_B,Processor_C,NGN,CARD,SET-0036
TXN102626,1000.0,SUCCESS,REF-00002626,2026/07/19,Merchant_C,Processor_C,NGN,BANK_TRANSFER,SET-0039
TXN100428,5000.0,SUCCESS,REF-00000428,2026/07/19,Merchant_B,Processor_C,NGN,USSD,SET-0030
TXN109857,10000.0,SUCCESS,REF-00009857,2026/07/29,Merchant_B,Processor_C,NGN,BANK_TRANSFER,SET-0004
TXN102528,500.0,SUCCESS,REF-00002528,2026/07/30,Merchant_B,Processor_C,NGN,USSD,SET-0001
TXN102148,10000.0,SUCCESS,REF-00002148,2026/07/17,Merchant_D,Processor_C,NGN,CARD,SET-0043
TXN109544,5000.0,REFUNDED,REF-00009544,2026/07/18,Merchant_B,Processor_C,NGN,CARD,SET-0015
TXN107543,250000.0,REFUNDED,REF-00007543,2026/07/14,Merchant_B,Processor_C,NGN,MOBILE_MONEY,SET-0021
TXN100824,10000.0,SUCCESS,REF-00000824,2026/07/09,Merchant_B,Processor_C,NGN,MOBILE_MONEY,SET-0023
TXN100207,15000.0,SUCCESS,REF-00000207,2026/07/13,Merchant_C,Processor_C,NGN,USSD,SET-0039
TXN107521,10000.0,SUCCESS,REF-00007521,2026/07/03,Merchant_C,Processor_C,NGN,BANK_TRANSFER,SET-0046
TXN101199,1500.0,FAILED,REF-00001199,2026/07/24,Merchant_D,Processor_C,NGN,CARD,SET-0031
TXN108547,5000.0,SUCCESS,REF-00008547,2026/07/14,Merchant_A,Processor_C,NGN,USSD,SET-0008
TXN106663,25000.0,SUCCESS,REF-00006663,2026/07/19,Merchant_A,Processor_C,NGN,MOBILE_MONEY,SET-0014
TXN109401,5000.0,SUCCESS,REF-00009401,2026/07/23,Merchant_B,Processor_C,NGN,USSD,SET-0047
TXN101200,25000.0,SUCCESS,REF-00001200,2026/07/22,Merchant_B,Processor_C,NGN,MOBILE_MONEY,SET-0009
TXN104110,10000.0,SUCCESS,REF-00004110,2026/07/21,Merchant_B,Processor_C,NGN,BANK_TRANSFER,SET-0029
TXN108399,250000.0,SUCCESS,REF-00008399,2026/07/11,Merchant_B,Processor_C,NGN,MOBILE_MONEY,SET-0010
TXN105768,2500.0,SUCCESS,REF-00005768,2026/07/26,Merchant_B,Processor_C,NGN,MOBILE_MONEY,SET-0012
TXN101776,15000.0,SUCCESS,REF-00001776,2026/07/12,Merchant_C,Processor_C,NGN,MOBILE_MONEY,SET-0035
TXN106337,1500.0,SUCCESS,REF-00006337,2026/07/16,Merchant_C,Processor_C,NGN,USSD,SET-0006
TXN103892,15000.0,SUCCESS,REF-00003892,2026/07/18,Merchant_D,Processor_C,NGN,CARD,SET-0031
TXN105502,2500.0,SUCCESS,REF-00005502,2026/07/20,Merchant_C,Processor_C,NGN,CARD,SET-0045
TXN102597,10000.0,SUCCESS,REF-00002597,2026/07/26,Merchant_D,Processor_C,NGN,USSD,SET-0021
TXN109766,15000.0,SUCCESS,REF-00009766,2026/07/02,Merchant_D,Processor_C,NGN,BANK_TRANSFER,SET-0045
TXN106990,100000.0,SUCCESS,REF-00006990,2026/07/12,Merchant_B,Processor_C,NGN,CARD,SET-0038
TXN104654,5000.0,SUCCESS,REF-00004654,2026/07/30,Merchant_E,Processor_C,NGN,USSD,SET-0040
TXN100095,10000.0,SUCCESS,REF-00000095,2026/07/22,Merchant_E,Processor_C,NGN,CARD,SET-0005
TXN108231,7500.0,SUCCESS,REF-00008231,2026/07/16,Merchant_A,Processor_C,NGN,USSD,SET-0035
TXN108497,10000.0,SUCCESS,REF-00008497,2026/07/01,Merchant_B,Processor_C,NGN,BANK_TRANSFER,SET-0022
TXN106425,1500.0,SUCCESS,REF-00006425,2026/07/31,Merchant_E,Processor_C,NGN,MOBILE_MONEY,SET-0030
TXN109870,5000.0,SUCCESS,REF-00009870,2026/07/03,Merchant_E,Processor_C,NGN,MOBILE_MONEY,SET-0034
TXN102905,1000.0,SUCCESS,REF-00002905,2026/07/06,Merchant_A,Processor_C,NGN,USSD,SET-0009
TXN104703,15000.0,SUCCESS,REF-00004703,2026/07/28,Merchant_D,Processor_C,NGN,USSD,SET-0020
TXN103341,11000.0,SUCCESS,REF-00003341,2026/07/16,Merchant_B,Processor_C,NGN,MOBILE_MONEY,SET-0039
TXN106717,7500.0,SUCCESS,REF-00006717,2026/07/16,Merchant_E,Processor_C,NGN,MOBILE_MONEY,SET-0048
TXN107547,2500.0,SUCCESS,REF-00007547,2026/07/23,Merchant_A,Processor_C,NGN,BANK_TRANSFER,SET-0021
TXN105721,7500.0,SUCCESS,REF-00005721,2026/07/07,Merchant_D,Processor_C,NGN,CARD,SET-0032
TXN102049,1000.0,SUCCESS,REF-00002049,2026/07/25,Merchant_C,Processor_C,NGN,CARD,SET-0018
TXN102178,25000.0,SUCCESS,REF-00002178,2026/07/08,Merchant_C,Processor_C,NGN,MOBILE_MONEY,SET-0050
TXN101249,15000.0,SUCCESS,REF-00001249,2026/07/03,Merchant_C,Processor_C,NGN,BANK_TRANSFER,SET-0033
TXN104551,500.0,SUCCESS,REF-00004551,2026/07/14,Merchant_A,Processor_C,NGN,CARD,SET-0044
TXN104948,50000.0,SUCCESS,REF-00004948,2026/07/19,Merchant_D,Processor_C,NGN,BANK_TRANSFER,SET-0008
TXN102444,7500.0,SUCCESS,REF-00002444,2026/07/17,Merchant_B,Processor_C,NGN,BANK_TRANSFER,SET-0041
TXN101855,2500.0,SUCCESS,REF-00001855,2026/07/19,Merchant_D,Processor_C,NGN,BANK_TRANSFER,SET-0042
TXN100332,500.0,SUCCESS,REF-00000332,2026/07/03,Merchant_B,Processor_C,NGN,USSD,SET-0028
TXN101273,500.0,SUCCESS,REF-00001273,2026/07/27,Merchant_E,Processor_C,NGN,BANK_TRANSFER,SET-0023
TXN104885,100000.0,FAILED,REF-00004885,2026/07/21,Merchant_C,Processor_C,NGN,BANK_TRANSFER,SET-0040
TXN108035,1000.0,REFUNDED,REF-00008035,2026/07/13,Merchant_C,Processor_C,NGN,MOBILE_MONEY,SET-0048
TXN109847,5000.0,SUCCESS,REF-00009847,2026/07/26,Merchant_D,Processor_C,NGN,MOBILE_MONEY,SET-0019
TXN100247,250000.0,SUCCESS,REF-00000247,2026/07/09,Merchant_C,Processor_C,NGN,CARD,SET-0044
TXN108780,1500.0,SUCCESS,REF-00008780,2026/07/09,Merchant_C,Processor_C,NGN,BANK_TRANSFER,SET-0022
TXN106251,1500.0,SUCCESS,REF-00006251,2026/07/14,Merchant_A,Processor_C,NGN,USSD,SET-0050
TXN102240,50000.0,SUCCESS,REF-00002240,2026/07/28,Merchant_B,Processor_C,NGN,BANK_TRANSFER,SET-0028
TXN107717,100000.0,SUCCESS,REF-00007717,2026/07/23,Merchant_D,Processor_C,NGN,BANK_TRANSFER,SET-0049
TXN104897,5000.0,SUCCESS,REF-00004897,2026/07/03,Merchant_C,Processor_C,NGN,USSD,SET-0038
TXN100025,25000.0,SUCCESS,REF-00000025,2026/07/30,Merchant_A,Processor_C,NGN,USSD,SET-0028
TXN107391,500.0,SUCCESS,REF-00007391,2026/07/08,Merchant_D,Processor_C,NGN,MOBILE_MONEY,SET-0038
TXN100883,1000.0,SUCCESS,REF-00000883,2026/07/29,Merchant_B,Processor_C,NGN,MOBILE_MONEY,SET-0039
TXN103148,25000.0,SUCCESS,REF-00003148,2026/07/29,Merchant_E,Processor_C,NGN,CARD,SET-0018
TXN103590,250000.0,SUCCESS,REF-00003590,2026/07/13,Merchant_A,Processor_C,NGN,USSD,SET-0015
TXN104318,7500.0,SUCCESS,REF-00004318,2026/07/04,Merchant_A,Processor_C,NGN,CARD,SET-0023
TXN109409,10000.0,SUCCESS,REF-00009409,2026/07/09,Merchant_A,Processor_C,NGN,BANK_TRANSFER,SET-0047
TXN109407,10000.0,SUCCESS,REF-00009407,2026/07/11,Merchant_B,Processor_C,NGN,CARD,SET-0037
TXN108326,1500.0,SUCCESS,REF-00008326,2026/07/11,Merchant_B,Processor_C,NGN,BANK_TRANSFER,SET-0040
TXN109090,7500.0,SUCCESS,REF-00009090,2026/07/25,Merchant_C,Processor_C,NGN,CARD,SET-0022
TXN104698,1500.0,SUCCESS,REF-00004698,2026/07/05,Merchant_C,Processor_C,NGN,BANK_TRANSFER,SET-0025
TXN107319,100000.0,SUCCESS,REF-00007319,2026/07/29,Merchant_C,Processor_C,NGN,USSD,SET-0027
TXN108324,1000.0,SUCCESS,REF-00008324,2026/07/30,Merchant_D,Processor_C,NGN,BANK_TRANSFER,SET-0029
TXN108661,7500.0,FAILED,REF-00008661,2026/07/30,Merchant_A,Processor_C,NGN,CARD,SET-0008
TXN105072,10000.0,SUCCESS,REF-00005072,2026/07/04,Merchant_D,Processor_C,NGN,USSD,SET-0034
TXN102529,250000.0,SUCCESS,REF-00002529,2026/07/15,Merchant_C,Processor_C,NGN,MOBILE_MONEY,SET-0018
TXN106621,7500.0,SUCCESS,REF-00006621,2026/07/24,Merchant_D,Processor_C,NGN,BANK_TRANSFER,SET-0030
TXN102668,26000.0,SUCCESS,REF-00002668,2026/07/06,Merchant_A,Processor_C,NGN,BANK_TRANSFER,SET-0018
TXN101495,15000.0,SUCCESS,REF-00001495-X,2026/07/29,Merchant_C,Processor_C,NGN,USSD,SET-0042
TXN106934,100000.0,SUCCESS,REF-00006934,2026/07/23,Merchant_C,Processor_C,NGN,CARD,SET-0011
TXN105374,10000.0,SUCCESS,REF-00005374,2026/07/14,Merchant_C,Processor_C,NGN,MOBILE_MONEY,SET-0042
TXN101027,50000.0,SUCCESS,REF-00001027,2026/07/21,Merchant_D,Processor_C,NGN,USSD,SET-0023
TXN101562,25000.0,SUCCESS,REF-00001562,2026/07/11,Merchant_D,Processor_C,NGN,BANK_TRANSFER,SET-0036
TXN104069,50000.0,SUCCESS,REF-00004069,2026/07/20,Merchant_B,Processor_C,NGN,MOBILE_MONEY,SET-0004
TXN103004,10000.0,SUCCESS,REF-00003004,2026/07/13,Merchant_A,Processor_C,NGN,USSD,SET-0048
TXN109652,2500.0,SUCCESS,REF-00009652,2026/07/23,Merchant_B,Processor_C,NGN,CARD,SET-0042
TXN109682,5000.0,SUCCESS,REF-00009682,2026/07/27,Merchant_C,Processor_C,NGN,USSD,SET-0030
TXN105369,1500.0,SUCCESS,REF-00005369,2026/07/22,Merchant_D,Processor_C,NGN,MOBILE_MONEY,SET-0031
TXN107792,7500.0,SUCCESS,REF-00007792,2026/07/22,Merchant_D,Processor_C,NGN,USSD,SET-0017
TXN105377,5000.0,SUCCESS,REF-00005377,2026/07/30,Merchant_E,Processor_C,NGN,BANK_TRANSFER,SET-0009
TXN106213,5000.0,SUCCESS,REF-00006213,2026/07/23,Merchant_C,Processor_C,NGN,CARD,SET-0009
TXN101081,1000.0,SUCCESS,REF-00001081,2026/07/06,Merchant_D,Processor_C,NGN,USSD,SET-0035
TXN109567,100000.0,SUCCESS,REF-00009567,2026/07/21,Merchant_C,Processor_C,NGN,MOBILE_MONEY,SET-0023
TXN103945,500.0,FAILED,REF-00003945,2026/07/25,Merchant_E,Processor_C,NGN,MOBILE_MONEY,SET-0019
TXN104911,10000.0,SUCCESS,REF-00004911,2026/07/05,Merchant_B,Processor_C,NGN,MOBILE_MONEY,SET-0019
TXN101649,25000.0,SUCCESS,REF-00001649,2026/07/27,Merchant_E,Processor_C,NGN,USSD,SET-0013
TXN107208,5000.0,SUCCESS,REF-00007208,2026/07/15,Merchant_D,Processor_C,NGN,MOBILE_MONEY,SET-0030
TXN107485,15000.0,SUCCESS,REF-00007485,2026/07/30,Merchant_B,Processor_C,NGN,BANK_TRANSFER,SET-0034
TXN107612,100000.0,SUCCESS,REF-00007612,2026/07/28,Merchant_B,Processor_C,NGN,BANK_TRANSFER,SET-0027
TXN106796,250000.0,SUCCESS,REF-00006796,2026/07/21,Merchant_D,Processor_C,NGN,BANK_TRANSFER,SET-0048
TXN103681,1500.0,SUCCESS,REF-00003681,2026/07/14,Merchant_D,Processor_C,NGN,CARD,SET-0046
TXN108998,1000.0,SUCCESS,REF-00008998,2026/07/22,Merchant_E,Processor_C,NGN,MOBILE_MONEY,SET-0036
TXN102839,5000.0,SUCCESS,REF-00002839,2026/07/25,Merchant_C,Processor_C,NGN,BANK_TRANSFER,SET-0048
TXN105350,25000.0,SUCCESS,REF-00005350,2026/07/20,Merchant_B,Processor_C,NGN,BANK_TRANSFER,SET-0044
TXN106420,250000.0,SUCCESS,REF-00006420,2026/07/02,Merchant_E,Processor_C,NGN,USSD,SET-0044
TXN102984,10000.0,SUCCESS,REF-00002984,2026/07/31,Merchant_B,Processor_C,NGN,BANK_TRANSFER,SET-0044
TXN103253,1000.0,SUCCESS,REF-00003253,2026/07/03,Merchant_C,Processor_C,NGN,USSD,SET-0049
TXN108977,25000.0,SUCCESS,REF-00008977,2026/07/30,Merchant_D,Processor_C,NGN,CARD,SET-0020
TXN108348,7500.0,REFUNDED,REF-00008348,2026/07/08,Merchant_D,Processor_C,NGN,USSD,SET-0010
TXN102956,25000.0,REFUNDED,REF-00002956,2026/07/14,Merchant_A,Processor_C,NGN,USSD,SET-0025
TXN105039,100000.0,SUCCESS,REF-00005039,2026/07/12,Merchant_C,Processor_C,NGN,USSD,SET-0009
TXN100474,10000.0,SUCCESS,REF-00000474,2026/07/31,Merchant_E,Processor_C,NGN,CARD,SET-0049
TXN109353,2500.0,SUCCESS,REF-00009353,2026/07/15,Merchant_B,Processor_C,NGN,MOBILE_MONEY,SET-0032
TXN101734,1500.0,SUCCESS,REF-00001734,2026/07/16,Merchant_D,Processor_C,NGN,USSD,SET-0036
TXN104421,250000.0,SUCCESS,REF-00004421,2026/07/27,Merchant_B,Processor_C,NGN,CARD,SET-0033
TXN102115,1500.0,SUCCESS,REF-00002115,2026/07/21,Merchant_B,Processor_C,NGN,CARD,SET-0010
TXN103641,100000.0,SUCCESS,REF-00003641,2026/07/25,Merchant_E,Processor_C,NGN,CARD,SET-0042
TXN102669,5000.0,SUCCESS,REF-00002669,2026/07/17,Merchant_C,Processor_C,NGN,USSD,SET-0024
TXN101473,7500.0,SUCCESS,REF-00001473,2026/07/23,Merchant_D,Processor_C,NGN,MOBILE_MONEY,SET-0029
TXN101679,25000.0,SUCCESS,REF-00001679,2026/07/08,Merchant_B,Processor_C,NGN,BANK_TRANSFER,SET-0011
TXN103392,100000.0,SUCCESS,REF-00003392,2026/07/07,Merchant_A,Processor_C,NGN,CARD,SET-0005
TXN103334,100000.0,SUCCESS,REF-00003334,2026/07/21,Merchant_B,Processor_C,NGN,BANK_TRANSFER,SET-0033
TXN101546,50000.0,SUCCESS,REF-00001546,2026/07/05,Merchant_A,Processor_C,NGN,MOBILE_MONEY,SET-0034
TXN101914,7500.0,FAILED,REF-00001914,2026/07/05,Merchant_D,Processor_C,NGN,MOBILE_MONEY,SET-0048
TXN108678,10000.0,SUCCESS,REF-00008678,2026/07/15,Merchant_E,Processor_C,NGN,MOBILE_MONEY,SET-0008
TXN104992,5000.0,SUCCESS,REF-00004992,2026/07/19,Merchant_B,Processor_C,NGN,MOBILE_MONEY,SET-0007
TXN102999,100000.0,SUCCESS,REF-00002999,2026/07/24,Merchant_B,Processor_C,NGN,BANK_TRANSFER,SET-0035
TXN105858,500.0,SUCCESS,REF-00005858,2026/07/27,Merchant_C,Processor_C,NGN,CARD,SET-0002
TXN103414,25000.0,FAILED,REF-00003414,2026/07/23,Merchant_E,Processor_C,NGN,USSD,SET-0019
TXN108633,7500.0,SUCCESS,REF-00008633,2026/07/22,Merchant_B,Processor_C,NGN,USSD,SET-0001
TXN109428,7500.0,SUCCESS,REF-00009428,2026/07/19,Merchant_B,Processor_C,NGN,CARD,SET-0047
TXN100338,10000.0,SUCCESS,REF-00000338,2026/07/09,Merchant_C,Processor_C,NGN,BANK_TRANSFER,SET-0038
TXN102206,5000.0,FAILED,REF-00002206,2026/07/30,Merchant_E,Processor_C,NGN,MOBILE_MONEY,SET-0032
TXN109264,50000.0,FAILED,REF-00009264,2026/07/30,Merchant_C,Processor_C,NGN,USSD,SET-0014
TXN105971,2500.0,SUCCESS,REF-00005971,2026/07/16,Merchant_B,Processor_C,NGN,MOBILE_MONEY,SET-0045
TXN103215,1000.0,SUCCESS,REF-00003215,2026/07/30,Merchant_D,Processor_C,NGN,BANK_TRANSFER,SET-0027
TXN105467,50000.0,SUCCESS,REF-00005467,2026/07/21,Merchant_D,Processor_C,NGN,MOBILE_MONEY,SET-0025
TXN102464,16000.0,SUCCESS,REF-00002464,2026/07/19,Merchant_B,Processor_C,NGN,BANK_TRANSFER,SET-0016
TXN100348,5000.0,SUCCESS,REF-00000348,2026/07/25,Merchant_E,Processor_C,NGN,USSD,SET-0021
TXN101989,25000.0,FAILED,REF-00001989,2026/07/18,Merchant_B,Processor_C,NGN,MOBILE_MONEY,SET-0022
TXN109169,5000.0,SUCCESS,REF-00009169,2026/07/27,Merchant_E,Processor_C,NGN,MOBILE_MONEY,SET-0032
TXN109030,5000.0,FAILED,REF-00009030,2026/07/15,Merchant_A,Processor_C,NGN,MOBILE_MONEY,SET-0031
TXN109818,5000.0,SUCCESS,REF-00009818,2026/07/19,Merchant_C,Processor_C,NGN,BANK_TRANSFER,SET-0022
TXN101928,15000.0,SUCCESS,REF-00001928,2026/07/29,Merchant_A,Processor_C,NGN,MOBILE_MONEY,SET-0028
TXN101120,100000.0,SUCCESS,REF-00001120,2026/07/21,Merchant_B,Processor_C,NGN,CARD,SET-0024
TXN100839,15000.0,SUCCESS,REF-00000839,2026/07/26,Merchant_C,Processor_C,NGN,USSD,SET-0039
TXN108201,7500.0,SUCCESS,REF-00008201,2026/07/17,Merchant_E,Processor_C,NGN,BANK_TRANSFER,SET-0041
TXN100114,15000.0,SUCCESS,REF-00000114,2026/07/30,Merchant_C,Processor_C,NGN,MOBILE_MONEY,SET-0029
TXN102948,5000.0,FAILED,REF-00002948,2026/07/19,Merchant_A,Processor_C,NGN,CARD,SET-0034
TXN102609,1000.0,FAILED,REF-00002609,2026/07/18,Merchant_D,Processor_C,NGN,BANK_TRANSFER,SET-0048
TXN102290,15000.0,SUCCESS,REF-00002290,2026/07/15,Merchant_B,Processor_C,NGN,BANK_TRANSFER,SET-0035
TXN103658,15000.0,SUCCESS,REF-00003658,2026/07/02,Merchant_D,Processor_C,NGN,BANK_TRANSFER,SET-0009
TXN103350,2500.0,FAILED,REF-00003350,2026/07/05,Merchant_C,Processor_C,NGN,CARD,SET-0032
TXN100005,1500.0,SUCCESS,REF-00000005,2026/07/08,Merchant_A,Processor_C,NGN,USSD,SET-0044
TXN104790,1000.0,SUCCESS,REF-00004790,2026/07/02,Merchant_C,Processor_C,NGN,USSD,SET-0018
TXN106946,1500.0,SUCCESS,REF-00006946,2026/07/06,Merchant_C,Processor_C,NGN,CARD,SET-0015
TXN109622,5000.0,SUCCESS,REF-00009622,2026/07/01,Merchant_B,Processor_C,NGN,MOBILE_MONEY,SET-0007
TXN107519,1000.0,SUCCESS,REF-00007519,2026/07/25,Merchant_E,Processor_C,NGN,CARD,SET-0034
TXN103196,100000.0,REFUNDED,REF-00003196,2026/07/02,Merchant_E,Processor_C,NGN,USSD,SET-0022
TXN102478,1500.0,SUCCESS,REF-00002478,2026/07/10,Merchant_E,Processor_C,NGN,MOBILE_MONEY,SET-0049
TXN102059,10000.0,SUCCESS,REF-00002059,2026/07/07,Merchant_D,Processor_C,NGN,MOBILE_MONEY,SET-0040
TXN105163,7500.0,SUCCESS,REF-00005163,2026/07/24,Merchant_E,Processor_C,NGN,MOBILE_MONEY,SET-0038
TXN107069,1500.0,SUCCESS,REF-00007069,2026/07/16,Merchant_C,Processor_C,NGN,CARD,SET-0011
TXN107943,1500.0,SUCCESS,REF-00007943,2026/07/05,Merchant_E,Processor_C,NGN,CARD,SET-0005
TXN107107,2500.0,FAILED,REF-00007107,2026/07/27,Merchant_B,Processor_C,NGN,USSD,SET-0050
TXN106592,5000.0,SUCCESS,REF-00006592,2026/07/10,Merchant_B,Processor_C,NGN,BANK_TRANSFER,SET-0050
TXN103409,1000.0,SUCCESS,REF-00003409,2026/07/28,Merchant_D,Processor_C,NGN,MOBILE_MONEY,SET-0029
TXN101714,1000.0,SUCCESS,REF-00001714,2026/07/01,Merchant_A,Processor_C,NGN,USSD,SET-0040
TXN100125,7500.0,SUCCESS,REF-00000125,2026/07/28,Merchant_B,Processor_C,NGN,BANK_TRANSFER,SET-0050
TXN102532,5000.0,SUCCESS,REF-00002532,2026/07/07,Merchant_D,Processor_C,NGN,MOBILE_MONEY,SET-0048
TXN105990,500.0,SUCCESS,REF-00005990,2026/07/19,Merchant_A,Processor_C,NGN,MOBILE_MONEY,SET-0005
TXN108443,7500.0,SUCCESS,REF-00008443,2026/07/15,Merchant_C,Processor_C,NGN,CARD,SET-0038
TXN105517,25000.0,SUCCESS,REF-00005517,2026/07/20,Merchant_A,Processor_C,NGN,MOBILE_MONEY,SET-0050
TXN102469,10000.0,SUCCESS,REF-00002469,2026/07/25,Merchant_A,Processor_C,NGN,USSD,SET-0015
TXN103322,25000.0,SUCCESS,REF-00003322,2026/07/30,Merchant_C,Processor_C,NGN,BANK_TRANSFER,SET-0012
TXN103487,1000.0,SUCCESS,REF-00003487,2026/07/05,Merchant_E,Processor_C,NGN,BANK_TRANSFER,SET-0038
TXN107597,500.0,SUCCESS,REF-00007597,2026/07/17,Merchant_B,Processor_C,NGN,CARD,SET-0043
TXN105792,250000.0,SUCCESS,REF-00005792,2026/07/13,Merchant_E,Processor_C,NGN,USSD,SET-0049
TXN102884,1000.0,SUCCESS,REF-00002884,2026/07/17,Merchant_C,Processor_C,NGN,MOBILE_MONEY,SET-0048
TXN108193,2500.0,SUCCESS,REF-00008193,2026/07/29,Merchant_B,Processor_C,NGN,CARD,SET-0016
TXN101214,25000.0,SUCCESS,REF-00001214,2026/07/07,Merchant_C,Processor_C,NGN,USSD,SET-0019
TXN107762,7500.0,SUCCESS,REF-00007762,2026/07/30,Merchant_A,Processor_C,NGN,USSD,SET-0021
TXN107137,15000.0,SUCCESS,REF-00007137,2026/07/08,Merchant_C,Processor_C,NGN,CARD,SET-0033
TXN100047,10000.0,SUCCESS,REF-00000047,2026/07/30,Merchant_A,Processor_C,NGN,MOBILE_MONEY,SET-0048
TXN102071,10100.0,SUCCESS,REF-00002071,2026/07/04,Merchant_A,Processor_C,NGN,USSD,SET-0012
TXN100094,25000.0,SUCCESS,REF-00000094,2026/07/04,Merchant_B,Processor_C,NGN,MOBILE_MONEY,SET-0032
TXN109493,1500.0,SUCCESS,REF-00009493,2026/07/26,Merchant_D,Processor_C,NGN,MOBILE_MONEY,SET-0039
TXN108734,5000.0,SUCCESS,REF-00008734,2026/07/17,Merchant_C,Processor_C,NGN,MOBILE_MONEY,SET-0050
TXN101586,25000.0,SUCCESS,REF-00001586,2026/07/10,Merchant_C,Processor_C,NGN,CARD,SET-0049
TXN107413,50000.0,SUCCESS,REF-00007413,2026/07/22,Merchant_C,Processor_C,NGN,USSD,SET-0013
TXN102732,1000.0,SUCCESS,REF-00002732,2026/07/14,Merchant_A,Processor_C,NGN,CARD,SET-0041
TXN105570,250000.0,SUCCESS,REF-00005570,2026/07/10,Merchant_B,Processor_C,NGN,BANK_TRANSFER,SET-0006
TXN105718,1000.0,SUCCESS,REF-00005718,2026/07/02,Merchant_A,Processor_C,NGN,BANK_TRANSFER,SET-0037
TXN101618,10000.0,FAILED,REF-00001618,2026/07/24,Merchant_D,Processor_C,NGN,BANK_TRANSFER,SET-0027
TXN108532,10000.0,SUCCESS,REF-00008532,2026/07/27,Merchant_B,Processor_C,NGN,BANK_TRANSFER,SET-0024
TXN105126,10000.0,SUCCESS,REF-00005126,2026/07/07,Merchant_E,Processor_C,NGN,MOBILE_MONEY,SET-0003
TXN109814,250000.0,SUCCESS,REF-00009814,2026/07/19,Merchant_D,Processor_C,NGN,BANK_TRANSFER,SET-0032
TXN100767,100000.0,SUCCESS,REF-00000767,2026/07/17,Merchant_A,Processor_C,NGN,MOBILE_MONEY,SET-0048
TXN102318,7500.0,SUCCESS,REF-00002318,2026/07/04,Merchant_C,Processor_C,NGN,BANK_TRANSFER,SET-0011
TXN104239,5000.0,SUCCESS,REF-00004239,2026/07/01,Merchant_E,Processor_C,NGN,USSD,SET-0017
TXN107674,10000.0,SUCCESS,REF-00007674,2026/07/13,Merchant_D,Processor_C,NGN,CARD,SET-0040
TXN100475,250000.0,SUCCESS,REF-00000475,2026/07/03,Merchant_B,Processor_C,NGN,USSD,SET-0048
TXN105068,100000.0,SUCCESS,REF-00005068,2026/07/09,Merchant_B,Processor_C,NGN,BANK_TRANSFER,SET-0024
TXN108807,25000.0,SUCCESS,REF-00008807,2026/07/16,Merchant_D,Processor_C,NGN,CARD,SET-0017
TXN101895,25000.0,SUCCESS,REF-00001895,2026/07/09,Merchant_C,Processor_C,NGN,BANK_TRANSFER,SET-0039
TXN108305,2500.0,SUCCESS,REF-00008305,2026/07/29,Merchant_C,Processor_C,NGN,CARD,SET-0003
PROC_ONLY1049,10000.0,SUCCESS,PROC-ONLY-REF-00049,2026/07/20,Merchant_B,Processor_C,NGN,MOBILE_MONEY,SET-0020
TXN104055,500.0,SUCCESS,REF-00004055,2026/07/04,Merchant_C,Processor_C,NGN,CARD,SET-0045
TXN101700,250000.0,SUCCESS,REF-00001700,2026/07/23,Merchant_E,Processor_C,NGN,BANK_TRANSFER,SET-0021
TXN109820,15000.0,SUCCESS,REF-00009820,2026/07/24,Merchant_A,Processor_C,NGN,BANK_TRANSFER,SET-0008
TXN105304,7500.0,SUCCESS,REF-00005304,2026/07/28,Merchant_B,Processor_C,NGN,BANK_TRANSFER,SET-0008
TXN105483,25000.0,SUCCESS,REF-00005483,2026/07/12,Merchant_E,Processor_C,NGN,BANK_TRANSFER,SET-0015
TXN106206,2500.0,FAILED,REF-00006206,2026/07/09,Merchant_E,Processor_C,NGN,USSD,SET-0008
TXN100374,1000.0,REFUNDED,REF-00000374,2026/07/09,Merchant_C,Processor_C,NGN,MOBILE_MONEY,SET-0035
TXN109974,7500.0,SUCCESS,REF-00009974,2026/07/07,Merchant_D,Processor_C,NGN,MOBILE_MONEY,SET-0004
TXN106052,10000.0,SUCCESS,REF-00006052,2026/07/18,Merchant_C,Processor_C,NGN,MOBILE_MONEY,SET-0043
TXN102910,2500.0,SUCCESS,REF-00002910,2026/07/25,Merchant_E,Processor_C,NGN,MOBILE_MONEY,SET-0010
TXN109960,10000.0,SUCCESS,REF-00009960,2026/07/13,Merchant_C,Processor_C,NGN,MOBILE_MONEY,SET-0036
TXN100576,1500.0,REFUNDED,REF-00000576,2026/07/15,Merchant_D,Processor_C,NGN,MOBILE_MONEY,SET-0030
TXN103388,500.0,SUCCESS,REF-00003388,2026/07/10,Merchant_E,Processor_C,NGN,BANK_TRANSFER,SET-0022
TXN102951,25000.0,SUCCESS,REF-00002951,2026/07/29,Merchant_C,Processor_C,NGN,CARD,SET-0027
TXN102111,2500.0,SUCCESS,REF-00002111,2026/07/20,Merchant_A,Processor_C,NGN,CARD,SET-0001
TXN101826,1000.0,SUCCESS,REF-00001826,2026/07/10,Merchant_E,Processor_C,NGN,MOBILE_MONEY,SET-0020
TXN100551,50000.0,SUCCESS,REF-00000551,2026/07/26,Merchant_E,Processor_C,NGN,MOBILE_MONEY,SET-0039
TXN100925,500.0,SUCCESS,REF-00000925,2026/07/15,Merchant_A,Processor_C,NGN,BANK_TRANSFER,SET-0041
TXN107713,7500.0,SUCCESS,REF-00007713,2026/07/15,Merchant_D,Processor_C,NGN,BANK_TRANSFER,SET-0043
TXN109329,50000.0,SUCCESS,REF-00009329,2026/07/12,Merchant_A,Processor_C,NGN,USSD,SET-0036
TXN103128,250000.0,SUCCESS,REF-00003128,2026/07/22,Merchant_D,Processor_C,NGN,USSD,SET-0040
TXN109465,250000.0,SUCCESS,REF-00009465,2026/07/11,Merchant_A,Processor_C,NGN,BANK_TRANSFER,SET-0023
TXN109644,5000.0,SUCCESS,REF-00009644,2026/07/16,Merchant_E,Processor_C,NGN,BANK_TRANSFER,SET-0043
TXN107783,1500.0,SUCCESS,REF-00007783,2026/07/04,Merchant_A,Processor_C,NGN,BANK_TRANSFER,SET-0008
TXN103164,1000.0,SUCCESS,REF-00003164,2026/07/08,Merchant_C,Processor_C,NGN,CARD,SET-0036
TXN107625,15000.0,SUCCESS,REF-00007625,2026/07/30,Merchant_B,Processor_C,NGN,BANK_TRANSFER,SET-0030
TXN106615,25000.0,SUCCESS,REF-00006615,2026/07/21,Merchant_B,Processor_C,NGN,MOBILE_MONEY,SET-0014
TXN103739,10000.0,SUCCESS,REF-00003739,2026/07/24,Merchant_C,Processor_C,NGN,CARD,SET-0016
TXN100040,1500.0,FAILED,REF-00000040,2026/07/31,Merchant_B,Processor_C,NGN,MOBILE_MONEY,SET-0047
TXN109983,100000.0,SUCCESS,REF-00009983,2026/07/06,Merchant_A,Processor_C,NGN,BANK_TRANSFER,SET-0026
TXN101639,100000.0,SUCCESS,REF-00001639,2026/07/31,Merchant_E,Processor_C,NGN,BANK_TRANSFER,SET-0030
TXN102003,2500.0,SUCCESS,REF-00002003,2026/07/05,Merchant_B,Processor_C,NGN,BANK_TRANSFER,SET-0027
TXN109077,25000.0,SUCCESS,REF-00009077,2026/07/15,Merchant_A,Processor_C,NGN,MOBILE_MONEY,SET-0009
TXN109180,7500.0,SUCCESS,REF-00009180,2026/07/02,Merchant_C,Processor_C,NGN,MOBILE_MONEY,SET-0017
TXN104525,7500.0,SUCCESS,REF-00004525,2026/07/04,Merchant_B,Processor_C,NGN,BANK_TRANSFER,SET-0022
TXN102845,5000.0,SUCCESS,REF-00002845,2026/07/31,Merchant_D,Processor_C,NGN,MOBILE_MONEY,SET-0002
TXN108878,5000.0,SUCCESS,REF-00008878,2026/07/13,Merchant_C,Processor_C,NGN,MOBILE_MONEY,SET-0035
TXN107014,10000.0,SUCCESS,REF-00007014,2026/07/10,Merchant_D,Processor_C,NGN,CARD,SET-0021
TXN102351,100000.0,SUCCESS,REF-00002351,2026/07/20,Merchant_D,Processor_C,NGN,MOBILE_MONEY,SET-0014
TXN100684,100000.0,SUCCESS,REF-00000684,2026/07/20,Merchant_E,Processor_C,NGN,CARD,SET-0022
TXN106224,1000.0,SUCCESS,REF-00006224,2026/07/23,Merchant_B,Processor_C,NGN,USSD,SET-0044
TXN105421,5000.0,SUCCESS,REF-00005421,2026/07/06,Merchant_D,Processor_C,NGN,MOBILE_MONEY,SET-0012
TXN107501,50000.0,SUCCESS,REF-00007501,2026/07/22,Merchant_E,Processor_C,NGN,MOBILE_MONEY,SET-0034
TXN109924,10000.0,SUCCESS,REF-00009924,2026/07/13,Merchant_C,Processor_C,NGN,CARD,SET-0029
TXN106849,1000.0,SUCCESS,REF-00006849,2026/07/05,Merchant_A,Processor_C,NGN,MOBILE_MONEY,SET-0046
TXN106266,250000.0,REFUNDED,REF-00006266,2026/07/15,Merchant_C,Processor_C,NGN,MOBILE_MONEY,SET-0007
TXN105082,50000.0,SUCCESS,REF-00005082,2026/07/24,Merchant_D,Processor_C,NGN,USSD,SET-0023
TXN108513,15000.0,FAILED,REF-00008513,2026/07/16,Merchant_A,Processor_C,NGN,CARD,SET-0021
TXN103086,7500.0,SUCCESS,REF-00003086,2026/07/14,Merchant_B,Processor_C,NGN,USSD,SET-0019
TXN101410,2500.0,SUCCESS,REF-00001410,2026/07/05,Merchant_A,Processor_C,NGN,USSD,SET-0034
TXN102834,7500.0,SUCCESS,REF-00002834,2026/07/06,Merchant_A,Processor_C,NGN,CARD,SET-0026
TXN109971,250000.0,SUCCESS,REF-00009971,2026/07/10,Merchant_D,Processor_C,NGN,CARD,SET-0046
TXN108315,5000.0,SUCCESS,REF-00008315,2026/07/07,Merchant_B,Processor_C,NGN,CARD,SET-0042
TXN101935,50000.0,SUCCESS,REF-00001935,2026/07/12,Merchant_D,Processor_C,NGN,BANK_TRANSFER,SET-0024
TXN109825,50000.0,SUCCESS,REF-00009825,2026/07/21,Merchant_D,Processor_C,NGN,BANK_TRANSFER,SET-0002
TXN103656,5000.0,SUCCESS,REF-00003656,2026/07/03,Merchant_C,Processor_C,NGN,BANK_TRANSFER,SET-0006
TXN103439,100000.0,SUCCESS,REF-00003439,2026/07/09,Merchant_E,Processor_C,NGN,USSD,SET-0033
TXN104252,5000.0,SUCCESS,REF-00004252,2026/07/21,Merchant_E,Processor_C,NGN,CARD,SET-0033
TXN109101,50000.0,SUCCESS,REF-00009101,2026/07/24,Merchant_B,Processor_C,NGN,CARD,SET-0037
TXN104581,5000.0,SUCCESS,REF-00004581,2026/07/15,Merchant_D,Processor_C,NGN,MOBILE_MONEY,SET-0047
TXN109790,2500.0,SUCCESS,REF-00009790,2026/07/12,Merchant_E,Processor_C,NGN,CARD,SET-0009
TXN103898,10000.0,REFUNDED,REF-00003898,2026/07/18,Merchant_E,Processor_C,NGN,BANK_TRANSFER,SET-0002
TXN109604,15000.0,REFUNDED,REF-00009604,2026/07/25,Merchant_C,Processor_C,NGN,USSD,SET-0019
TXN108663,10000.0,SUCCESS,REF-00008663,2026/07/11,Merchant_C,Processor_C,NGN,USSD,SET-0023
TXN104822,5000.0,SUCCESS,REF-00004822,2026/07/26,Merchant_C,Processor_C,NGN,USSD,SET-0045
TXN100488,250000.0,SUCCESS,REF-00000488,2026/07/31,Merchant_D,Processor_C,NGN,BANK_TRANSFER,SET-0019
TXN105123,10100.0,SUCCESS,REF-00005123,2026/07/05,Merchant_B,Processor_C,NGN,CARD,SET-0018
TXN102836,250000.0,FAILED,REF-00002836,2026/07/09,Merchant_D,Processor_C,NGN,USSD,SET-0032
TXN108714,100000.0,SUCCESS,REF-00008714,2026/07/09,Merchant_C,Processor_C,NGN,MOBILE_MONEY,SET-0014
TXN109773,7500.0,REFUNDED,REF-00009773,2026/07/10,Merchant_B,Processor_C,NGN,MOBILE_MONEY,SET-0042
TXN102612,2500.0,SUCCESS,REF-00002612,2026/07/09,Merchant_C,Processor_C,NGN,BANK_TRANSFER,SET-0007
TXN105829,10000.0,SUCCESS,REF-00005829,2026/07/28,Merchant_B,Processor_C,NGN,MOBILE_MONEY,SET-0037
TXN109000,100000.0,SUCCESS,REF-00009000,2026/07/08,Merchant_A,Processor_C,NGN,BANK_TRANSFER,SET-0001
TXN105689,15000.0,FAILED,REF-00005689,2026/07/02,Merchant_D,Processor_C,NGN,CARD,SET-0018
TXN106598,100000.0,SUCCESS,REF-00006598,2026/07/15,Merchant_D,Processor_C,NGN,USSD,SET-0032
TXN100279,50000.0,SUCCESS,REF-00000279,2026/07/17,Merchant_B,Processor_C,NGN,BANK_TRANSFER,SET-0031
TXN109487,1500.0,SUCCESS,REF-00009487,2026/07/17,Merchant_D,Processor_C,NGN,BANK_TRANSFER,SET-0035
TXN107753,7500.0,SUCCESS,REF-00007753,2026/07/22,Merchant_D,Processor_C,NGN,MOBILE_MONEY,SET-0013
TXN100789,100000.0,SUCCESS,REF-00000789,2026/07/19,Merchant_E,Processor_C,NGN,CARD,SET-0015
TXN100291,500.0,SUCCESS,REF-00000291,2026/07/01,Merchant_E,Processor_C,NGN,BANK_TRANSFER,SET-0022
TXN104332,7500.0,SUCCESS,REF-00004332,2026/07/23,Merchant_D,Processor_C,NGN,BANK_TRANSFER,SET-0048
TXN104328,1000.0,SUCCESS,REF-00004328,2026/07/09,Merchant_A,Processor_C,NGN,BANK_TRANSFER,SET-0001
TXN104945,100000.0,REFUNDED,REF-00004945,2026/07/02,Merchant_E,Processor_C,NGN,CARD,SET-0040
TXN101749,1500.0,SUCCESS,REF-00001749,2026/07/18,Merchant_A,Processor_C,NGN,MOBILE_MONEY,SET-0024
TXN101901,500.0,REFUNDED,REF-00001901,2026/07/08,Merchant_E,Processor_C,NGN,CARD,SET-0009
TXN105092,50000.0,SUCCESS,REF-00005092,2026/07/28,Merchant_C,Processor_C,NGN,BANK_TRANSFER,SET-0015
TXN106318,15000.0,SUCCESS,REF-00006318,2026/07/26,Merchant_D,Processor_C,NGN,CARD,SET-0012
TXN106597,2500.0,SUCCESS,REF-00006597,2026/07/31,Merchant_D,Processor_C,NGN,CARD,SET-0015
TXN101224,7500.0,SUCCESS,REF-00001224,2026/07/26,Merchant_C,Processor_C,NGN,CARD,SET-0011
TXN103425,15000.0,SUCCESS,REF-00003425,2026/07/03,Merchant_E,Processor_C,NGN,CARD,SET-0044
TXN106764,50000.0,SUCCESS,REF-00006764,2026/07/07,Merchant_B,Processor_C,NGN,MOBILE_MONEY,SET-0039
TXN108699,10000.0,SUCCESS,REF-00008699,2026/07/13,Merchant_E,Processor_C,NGN,BANK_TRANSFER,SET-0020
TXN105054,7500.0,SUCCESS,REF-00005054,2026/07/18,Merchant_B,Processor_C,NGN,CARD,SET-0041
TXN106182,1000.0,SUCCESS,REF-00006182,2026/07/13,Merchant_A,Processor_C,NGN,CARD,SET-0026
TXN109547,500.0,SUCCESS,REF-00009547,2026/07/02,Merchant_A,Processor_C,NGN,MOBILE_MONEY,SET-0037
TXN101353,25000.0,SUCCESS,REF-00001353,2026/07/01,Merchant_D,Processor_C,NGN,CARD,SET-0031
TXN106922,2500.0,SUCCESS,REF-00006922,2026/07/31,Merchant_B,Processor_C,NGN,USSD,SET-0013
TXN103992,25000.0,SUCCESS,REF-00003992,2026/07/10,Merchant_D,Processor_C,NGN,BANK_TRANSFER,SET-0007
TXN108944,5000.0,SUCCESS,REF-00008944,2026/07/04,Merchant_E,Processor_C,NGN,MOBILE_MONEY,SET-0014
TXN106169,1500.0,SUCCESS,REF-00006169,2026/07/28,Merchant_D,Processor_C,NGN,USSD,SET-0004
TXN102619,5000.0,SUCCESS,REF-00002619,2026/07/15,Merchant_B,Processor_C,NGN,USSD,SET-0022
TXN109782,25000.0,SUCCESS,REF-00009782,2026/07/29,Merchant_B,Processor_C,NGN,MOBILE_MONEY,SET-0038
TXN101888,25000.0,SUCCESS,REF-00001888,2026/07/11,Merchant_E,Processor_C,NGN,BANK_TRANSFER,SET-0012
TXN107220,100000.0,SUCCESS,REF-00007220,2026/07/03,Merchant_B,Processor_C,NGN,MOBILE_MONEY,SET-0019
TXN109312,25000.0,SUCCESS,REF-00009312,2026/07/22,Merchant_C,Processor_C,NGN,BANK_TRANSFER,SET-0034
TXN105379,2500.0,SUCCESS,REF-00005379,2026/07/30,Merchant_C,Processor_C,NGN,MOBILE_MONEY,SET-0006
TXN100815,10000.0,SUCCESS,REF-00000815,2026/07/05,Merchant_B,Processor_C,NGN,MOBILE_MONEY,SET-0039
TXN104910,100000.0,SUCCESS,REF-00004910,2026/07/25,Merchant_E,Processor_C,NGN,MOBILE_MONEY,SET-0014
TXN104315,1500.0,SUCCESS,REF-00004315,2026/07/14,Merchant_B,Processor_C,NGN,BANK_TRANSFER,SET-0042
TXN106595,5000.0,SUCCESS,REF-00006595,2026/07/27,Merchant_A,Processor_C,NGN,BANK_TRANSFER,SET-0038
TXN105960,7500.0,SUCCESS,REF-00005960,2026/07/04,Merchant_B,Processor_C,NGN,USSD,SET-0048
TXN107609,2500.0,SUCCESS,REF-00007609,2026/07/23,Merchant_D,Processor_C,NGN,USSD,SET-0049
TXN105443,250000.0,SUCCESS,REF-00005443,2026/07/15,Merchant_B,Processor_C,NGN,CARD,SET-0040
TXN101940,1000.0,SUCCESS,REF-00001940,2026/07/08,Merchant_D,Processor_C,NGN,MOBILE_MONEY,SET-0018
PROC_ONLY1009,10000.0,SUCCESS,PROC-ONLY-REF-00009,2026/07/20,Merchant_B,Processor_C,NGN,CARD,SET-0019
TXN107200,5000.0,SUCCESS,REF-00007200,2026/07/24,Merchant_D,Processor_C,NGN,MOBILE_MONEY,SET-0028
TXN107887,7500.0,SUCCESS,REF-00007887,2026/07/10,Merchant_E,Processor_C,NGN,BANK_TRANSFER,SET-0018
TXN109496,10000.0,FAILED,REF-00009496,2026/07/21,Merchant_D,Processor_C,NGN,BANK_TRANSFER,SET-0047
TXN105938,2500.0,SUCCESS,REF-00005938,2026/07/15,Merchant_B,Processor_C,NGN,USSD,SET-0007
TXN109040,1500.0,SUCCESS,REF-00009040,2026/07/31,Merchant_E,Processor_C,NGN,CARD,SET-0022
TXN101479,7500.0,SUCCESS,REF-00001479,2026/07/10,Merchant_A,Processor_C,NGN,USSD,SET-0047
TXN105573,15000.0,SUCCESS,REF-00005573,2026/07/18,Merchant_C,Processor_C,NGN,MOBILE_MONEY,SET-0019
TXN105240,250000.0,REFUNDED,REF-00005240,2026/07/15,Merchant_A,Processor_C,NGN,USSD,SET-0025
TXN108824,100000.0,SUCCESS,REF-00008824,2026/07/13,Merchant_C,Processor_C,NGN,CARD,SET-0034
TXN100438,25000.0,SUCCESS,REF-00000438,2026/07/22,Merchant_C,Processor_C,NGN,USSD,SET-0006
TXN104599,2500.0,REFUNDED,REF-00004599,2026/07/04,Merchant_E,Processor_C,NGN,CARD,SET-0038
TXN106001,1500.0,SUCCESS,REF-00006001,2026/07/17,Merchant_C,Processor_C,NGN,BANK_TRANSFER,SET-0027
TXN104117,7500.0,SUCCESS,REF-00004117,2026/07/26,Merchant_C,Processor_C,NGN,CARD,SET-0012
TXN107405,2500.0,SUCCESS,REF-00007405,2026/07/06,Merchant_A,Processor_C,NGN,MOBILE_MONEY,SET-0029
TXN109829,15000.0,SUCCESS,REF-00009829,2026/07/24,Merchant_B,Processor_C,NGN,MOBILE_MONEY,SET-0005
TXN109112,10000.0,SUCCESS,REF-00009112,2026/07/18,Merchant_A,Processor_C,NGN,USSD,SET-0029
TXN108545,10000.0,SUCCESS,REF-00008545,2026/07/01,Merchant_D,Processor_C,NGN,CARD,SET-0041
TXN102004,5000.0,SUCCESS,REF-00002004,2026/07/11,Merchant_E,Processor_C,NGN,MOBILE_MONEY,SET-0027
TXN105402,250000.0,SUCCESS,REF-00005402,2026/07/28,Merchant_C,Processor_C,NGN,CARD,SET-0048
TXN107566,100000.0,SUCCESS,REF-00007566,2026/07/11,Merchant_C,Processor_C,NGN,CARD,SET-0045
TXN100569,5000.0,SUCCESS,REF-00000569,2026/07/05,Merchant_C,Processor_C,NGN,MOBILE_MONEY,SET-0049
TXN103404,25000.0,SUCCESS,REF-00003404,2026/07/13,Merchant_A,Processor_C,NGN,CARD,SET-0027
TXN101831,15000.0,SUCCESS,REF-00001831,2026/07/31,Merchant_D,Processor_C,NGN,USSD,SET-0024
TXN106568,5000.0,REFUNDED,REF-00006568,2026/07/08,Merchant_D,Processor_C,NGN,BANK_TRANSFER,SET-0023
TXN108515,2500.0,SUCCESS,REF-00008515,2026/07/09,Merchant_E,Processor_C,NGN,MOBILE_MONEY,SET-0025
TXN105853,50000.0,FAILED,REF-00005853,2026/07/16,Merchant_A,Processor_C,NGN,MOBILE_MONEY,SET-0017
TXN109204,100000.0,SUCCESS,REF-00009204,2026/07/30,Merchant_C,Processor_C,NGN,MOBILE_MONEY,SET-0022
TXN100600,1500.0,SUCCESS,REF-00000600,2026/07/23,Merchant_A,Processor_C,NGN,USSD,SET-0007
TXN108889,1000.0,SUCCESS,REF-00008889,2026/07/26,Merchant_A,Processor_C,NGN,USSD,SET-0030
TXN107002,50000.0,FAILED,REF-00007002,2026/07/31,Merchant_B,Processor_C,NGN,BANK_TRANSFER,SET-0041
TXN100906,50000.0,SUCCESS,REF-00000906,2026/07/29,Merchant_A,Processor_C,NGN,USSD,SET-0035
TXN102277,10000.0,SUCCESS,REF-00002277,2026/07/13,Merchant_D,Processor_C,NGN,MOBILE_MONEY,SET-0032
TXN101215,2500.0,SUCCESS,REF-00001215,2026/07/03,Merchant_E,Processor_C,NGN,CARD,SET-0025
TXN100361,16000.0,FAILED,REF-00000361,2026/07/20,Merchant_C,Processor_C,NGN,MOBILE_MONEY,SET-0001
TXN100610,500.0,SUCCESS,REF-00000610,2026/07/02,Merchant_E,Processor_C,NGN,USSD,SET-0045
TXN102474,10000.0,SUCCESS,REF-00002474,2026/07/22,Merchant_C,Processor_C,NGN,CARD,SET-0002
TXN106903,15000.0,SUCCESS,REF-00006903,2026/07/15,Merchant_B,Processor_C,NGN,CARD,SET-0050
TXN104317,1000.0,SUCCESS,REF-00004317,2026/07/09,Merchant_E,Processor_C,NGN,MOBILE_MONEY,SET-0022
TXN105236,25000.0,SUCCESS,REF-00005236,2026/07/22,Merchant_C,Processor_C,NGN,BANK_TRANSFER,SET-0031
TXN105088,10000.0,SUCCESS,REF-00005088,2026/07/23,Merchant_E,Processor_C,NGN,USSD,SET-0045
TXN109807,15000.0,SUCCESS,REF-00009807,2026/07/12,Merchant_C,Processor_C,NGN,CARD,SET-0030
TXN105128,5000.0,SUCCESS,REF-00005128,2026/07/09,Merchant_A,Processor_C,NGN,MOBILE_MONEY,SET-0036
TXN109769,1500.0,SUCCESS,REF-00009769,2026/07/11,Merchant_E,Processor_C,NGN,BANK_TRANSFER,SET-0016
TXN103424,50000.0,SUCCESS,REF-00003424,2026/07/08,Merchant_D,Processor_C,NGN,MOBILE_MONEY,SET-0039
TXN104986,25000.0,SUCCESS,REF-00004986,2026/07/17,Merchant_B,Processor_C,NGN,MOBILE_MONEY,SET-0023
TXN107334,5000.0,SUCCESS,REF-00007334,2026/07/16,Merchant_E,Processor_C,NGN,BANK_TRANSFER,SET-0002
TXN105305,10000.0,SUCCESS,REF-00005305,2026/07/22,Merchant_C,Processor_C,NGN,USSD,SET-0031
TXN102534,25000.0,SUCCESS,REF-00002534,2026/07/20,Merchant_A,Processor_C,NGN,BANK_TRANSFER,SET-0022
TXN104775,50000.0,SUCCESS,REF-00004775,2026/07/19,Merchant_E,Processor_C,NGN,CARD,SET-0004
TXN106808,5000.0,SUCCESS,REF-00006808,2026/07/18,Merchant_D,Processor_C,NGN,USSD,SET-0020
TXN101947,1500.0,SUCCESS,REF-00001947,2026/07/16,Merchant_C,Processor_C,NGN,USSD,SET-0027
TXN100002,25000.0,SUCCESS,REF-00000002,2026/07/29,Merchant_E,Processor_C,NGN,CARD,SET-0003
TXN106475,100000.0,SUCCESS,REF-00006475,2026/07/10,Merchant_A,Processor_C,NGN,MOBILE_MONEY,SET-0045
TXN102109,250000.0,SUCCESS,REF-00002109,2026/07/27,Merchant_C,Processor_C,NGN,MOBILE_MONEY,SET-0034
TXN109103,25000.0,SUCCESS,REF-00009103,2026/07/29,Merchant_E,Processor_C,NGN,USSD,SET-0043
TXN104915,100000.0,SUCCESS,REF-00004915,2026/07/13,Merchant_E,Processor_C,NGN,BANK_TRANSFER,SET-0031
TXN103877,100000.0,SUCCESS,REF-00003877,2026/07/16,Merchant_D,Processor_C,NGN,MOBILE_MONEY,SET-0045
TXN109574,5000.0,SUCCESS,REF-00009574,2026/07/24,Merchant_D,Processor_C,NGN,CARD,SET-0040
TXN107514,15000.0,SUCCESS,REF-00007514,2026/07/12,Merchant_E,Processor_C,NGN,BANK_TRANSFER,SET-0043
TXN104561,5000.0,SUCCESS,REF-00004561,2026/07/06,Merchant_C,Processor_C,NGN,MOBILE_MONEY,SET-0015
TXN105594,5000.0,SUCCESS,REF-00005594,2026/07/03,Merchant_C,Processor_C,NGN,USSD,SET-0046
TXN103373,15000.0,SUCCESS,REF-00003373,2026/07/07,Merchant_C,Processor_C,NGN,CARD,SET-0039
TXN109913,15000.0,SUCCESS,REF-00009913,2026/07/02,Merchant_D,Processor_C,NGN,USSD,SET-0002
TXN104899,100000.0,SUCCESS,REF-00004899,2026/07/18,Merchant_C,Processor_C,NGN,USSD,SET-0025
TXN106036,25000.0,SUCCESS,REF-00006036,2026/07/21,Merchant_E,Processor_C,NGN,BANK_TRANSFER,SET-0036
TXN102009,10000.0,REFUNDED,REF-00002009,2026/07/12,Merchant_C,Processor_C,NGN,MOBILE_MONEY,SET-0011
TXN102069,5000.0,SUCCESS,REF-00002069,2026/07/30,Merchant_B,Processor_C,NGN,USSD,SET-0030
TXN103772,5000.0,SUCCESS,REF-00003772,2026/07/31,Merchant_E,Processor_C,NGN,MOBILE_MONEY,SET-0028
TXN100979,15000.0,SUCCESS,REF-00000979,2026/07/15,Merchant_E,Processor_C,NGN,USSD,SET-0044
TXN101961,7500.0,SUCCESS,REF-00001961,2026/07/10,Merchant_A,Processor_C,NGN,USSD,SET-0016
TXN104299,15000.0,SUCCESS,REF-00004299,2026/07/29,Merchant_B,Processor_C,NGN,MOBILE_MONEY,SET-0029
TXN104444,7500.0,SUCCESS,REF-00004444,2026/07/14,Merchant_D,Processor_C,NGN,USSD,SET-0021
TXN102128,100000.0,SUCCESS,REF-00002128,2026/07/24,Merchant_B,Processor_C,NGN,BANK_TRANSFER,SET-0009
TXN103853,100000.0,SUCCESS,REF-00003853,2026/07/28,Merchant_E,Processor_C,NGN,MOBILE_MONEY,SET-0007
TXN105329,10000.0,SUCCESS,REF-00005329,2026/07/11,Merchant_B,Processor_C,NGN,MOBILE_MONEY,SET-0011
TXN102890,5000.0,SUCCESS,REF-00002890,2026/07/11,Merchant_C,Processor_C,NGN,USSD,SET-0022
TXN108125,500.0,SUCCESS,REF-00008125,2026/07/10,Merchant_C,Processor_C,NGN,BANK_TRANSFER,SET-0009
TXN108138,10000.0,SUCCESS,REF-00008138,2026/07/16,Merchant_E,Processor_C,NGN,CARD,SET-0008
TXN103906,10000.0,FAILED,REF-00003906,2026/07/24,Merchant_B,Processor_C,NGN,BANK_TRANSFER,SET-0033
TXN104218,15000.0,SUCCESS,REF-00004218,2026/07/15,Merchant_C,Processor_C,NGN,MOBILE_MONEY,SET-0037
TXN104238,25250.0,SUCCESS,REF-00004238,2026/07/19,Merchant_C,Processor_C,NGN,CARD,SET-0023
TXN106707,10000.0,REFUNDED,REF-00006707,2026/07/22,Merchant_C,Processor_C,NGN,BANK_TRANSFER,SET-0016
TXN104503,500.0,SUCCESS,REF-00004503,2026/07/28,Merchant_D,Processor_C,NGN,BANK_TRANSFER,SET-0008
TXN106149,100000.0,FAILED,REF-00006149,2026/07/16,Merchant_A,Processor_C,NGN,BANK_TRANSFER,SET-0008
TXN104591,2500.0,REFUNDED,REF-00004591,2026/07/24,Merchant_D,Processor_C,NGN,USSD,SET-0028
TXN104989,25000.0,SUCCESS,REF-00004989,2026/07/21,Merchant_A,Processor_C,NGN,MOBILE_MONEY,SET-0047
TXN104077,5000.0,SUCCESS,REF-00004077,2026/07/03,Merchant_A,Processor_C,NGN,MOBILE_MONEY,SET-0005
TXN109796,100000.0,SUCCESS,REF-00009796,2026/07/23,Merchant_B,Processor_C,NGN,CARD,SET-0009
TXN109864,25000.0,SUCCESS,REF-00009864,2026/07/18,Merchant_E,Processor_C,NGN,MOBILE_MONEY,SET-0010
TXN104932,250000.0,SUCCESS,REF-00004932,2026/07/14,Merchant_C,Processor_C,NGN,BANK_TRANSFER,SET-0026
TXN103096,250000.0,SUCCESS,REF-00003096,2026/07/08,Merchant_D,Processor_C,NGN,USSD,SET-0044
TXN102340,25000.0,SUCCESS,REF-00002340,2026/07/04,Merchant_E,Processor_C,NGN,BANK_TRANSFER,SET-0043
TXN108167,15000.0,SUCCESS,REF-00008167,2026/07/20,Merchant_D,Processor_C,NGN,USSD,SET-0022
TXN109291,10000.0,REFUNDED,REF-00009291,2026/07/12,Merchant_C,Processor_C,NGN,BANK_TRANSFER,SET-0030
TXN104796,1500.0,SUCCESS,REF-00004796,2026/07/22,Merchant_B,Processor_C,NGN,USSD,SET-0011
TXN107906,1500.0,SUCCESS,REF-00007906,2026/07/11,Merchant_C,Processor_C,NGN,BANK_TRANSFER,SET-0005
TXN108294,25000.0,SUCCESS,REF-00008294,2026/07/04,Merchant_C,Processor_C,NGN,BANK_TRANSFER,SET-0034
TXN107962,1500.0,SUCCESS,REF-00007962,2026/07/06,Merchant_D,Processor_C,NGN,CARD,SET-0016
TXN105499,15000.0,SUCCESS,REF-00005499,2026/07/17,Merchant_D,Processor_C,NGN,USSD,SET-0043
TXN105187,5000.0,SUCCESS,REF-00005187,2026/07/22,Merchant_C,Processor_C,NGN,MOBILE_MONEY,SET-0006
TXN103571,10000.0,SUCCESS,REF-00003571,2026/07/20,Merchant_C,Processor_C,NGN,CARD,SET-0032
TXN107807,50000.0,SUCCESS,REF-00007807,2026/07/30,Merchant_A,Processor_C,NGN,MOBILE_MONEY,SET-0021
TXN103126,15000.0,SUCCESS,REF-00003126,2026/07/26,Merchant_B,Processor_C,NGN,BANK_TRANSFER,SET-0049
TXN101625,25000.0,SUCCESS,REF-00001625,2026/07/26,Merchant_C,Processor_C,NGN,CARD,SET-0027
TXN105038,25000.0,SUCCESS,REF-00005038,2026/07/09,Merchant_E,Processor_C,NGN,MOBILE_MONEY,SET-0014
TXN108508,100000.0,SUCCESS,REF-00008508,2026/07/25,Merchant_B,Processor_C,NGN,USSD,SET-0030
TXN109697,25000.0,SUCCESS,REF-00009697,2026/07/05,Merchant_B,Processor_C,NGN,CARD,SET-0004
TXN107654,25000.0,SUCCESS,REF-00007654,2026/07/11,Merchant_B,Processor_C,NGN,MOBILE_MONEY,SET-0008
TXN105301,500.0,SUCCESS,REF-00005301,2026/07/18,Merchant_B,Processor_C,NGN,USSD,SET-0042
TXN105837,7500.0,SUCCESS,REF-00005837,2026/07/27,Merchant_B,Processor_C,NGN,CARD,SET-0002
TXN100268,5000.0,SUCCESS,REF-00000268,2026/07/30,Merchant_D,Processor_C,NGN,CARD,SET-0029
TXN103021,7500.0,SUCCESS,REF-00003021,2026/07/08,Merchant_C,Processor_C,NGN,BANK_TRANSFER,SET-0047
TXN101687,10000.0,SUCCESS,REF-00001687,2026/07/14,Merchant_A,Processor_C,NGN,MOBILE_MONEY,SET-0021
TXN108490,50000.0,FAILED,REF-00008490,2026/07/02,Merchant_C,Processor_C,NGN,BANK_TRANSFER,SET-0009
TXN102570,7500.0,REFUNDED,REF-00002570,2026/07/12,Merchant_B,Processor_C,NGN,USSD,SET-0044
TXN104464,15000.0,REFUNDED,REF-00004464,2026/07/24,Merchant_E,Processor_C,NGN,CARD,SET-0018
TXN108925,15000.0,SUCCESS,REF-00008925,2026/07/15,Merchant_D,Processor_C,NGN,MOBILE_MONEY,SET-0045
TXN105678,25000.0,FAILED,REF-00005678,2026/07/22,Merchant_C,Processor_C,NGN,USSD,SET-0005
TXN103072,5000.0,SUCCESS,REF-00003072,2026/07/07,Merchant_A,Processor_C,NGN,BANK_TRANSFER,SET-0028
TXN100620,1500.0,SUCCESS,REF-00000620,2026/07/29,Merchant_C,Processor_C,NGN,CARD,SET-0009
TXN101183,100000.0,SUCCESS,REF-00001183,2026/07/11,Merchant_E,Processor_C,NGN,CARD,SET-0022
TXN108650,2500.0,SUCCESS,REF-00008650,2026/07/21,Merchant_B,Processor_C,NGN,USSD,SET-0038
TXN102594,1500.0,SUCCESS,REF-00002594,2026/07/30,Merchant_C,Processor_C,NGN,CARD,SET-0029
TXN101209,250000.0,SUCCESS,REF-00001209,2026/07/26,Merchant_E,Processor_C,NGN,USSD,SET-0050
TXN108548,5000.0,SUCCESS,REF-00008548,2026/07/25,Merchant_A,Processor_C,NGN,CARD,SET-0006
TXN109649,2500.0,SUCCESS,REF-00009649,2026/07/27,Merchant_B,Processor_C,NGN,MOBILE_MONEY,SET-0033
TXN103038,1000.0,SUCCESS,REF-00003038,2026/07/19,Merchant_B,Processor_C,NGN,USSD,SET-0019
TXN108158,7500.0,SUCCESS,REF-00008158,2026/07/06,Merchant_A,Processor_C,NGN,BANK_TRANSFER,SET-0010
TXN104467,1500.0,FAILED,REF-00004467,2026/07/09,Merchant_A,Processor_C,NGN,CARD,SET-0022
TXN108062,100000.0,SUCCESS,REF-00008062,2026/07/22,Merchant_E,Processor_C,NGN,BANK_TRANSFER,SET-0007
TXN102846,25000.0,FAILED,REF-00002846,2026/07/09,Merchant_B,Processor_C,NGN,CARD,SET-0041
TXN104701,1000.0,SUCCESS,REF-00004701,2026/07/05,Merchant_C,Processor_C,NGN,MOBILE_MONEY,SET-0003
TXN108434,250000.0,SUCCESS,REF-00008434,2026/07/23,Merchant_E,Processor_C,NGN,BANK_TRANSFER,SET-0005
TXN105735,15000.0,SUCCESS,REF-00005735,2026/07/09,Merchant_C,Processor_C,NGN,MOBILE_MONEY,SET-0001
TXN108300,25000.0,SUCCESS,REF-00008300,2026/07/14,Merchant_B,Processor_C,NGN,USSD,SET-0025
TXN106437,1000.0,SUCCESS,REF-00006437,2026/07/26,Merchant_D,Processor_C,NGN,MOBILE_MONEY,SET-0038
TXN102375,5000.0,SUCCESS,REF-00002375,2026/07/05,Merchant_A,Processor_C,NGN,MOBILE_MONEY,SET-0026
TXN105291,1500.0,SUCCESS,REF-00005291,2026/07/12,Merchant_A,Processor_C,NGN,BANK_TRANSFER,SET-0025
TXN107412,2500.0,SUCCESS,REF-00007412,2026/07/15,Merchant_E,Processor_C,NGN,BANK_TRANSFER,SET-0043
TXN101512,250000.0,SUCCESS,REF-00001512,2026/07/27,Merchant_B,Processor_C,NGN,USSD,SET-0044
TXN109477,100000.0,SUCCESS,REF-00009477,2026/07/05,Merchant_B,Processor_C,NGN,CARD,SET-0029
TXN109433,5000.0,SUCCESS,REF-00009433,2026/07/12,Merchant_B,Processor_C,NGN,MOBILE_MONEY,SET-0041
TXN109046,7500.0,SUCCESS,REF-00009046,2026/07/18,Merchant_B,Processor_C,NGN,CARD,SET-0011
TXN102309,5000.0,SUCCESS,REF-00002309,2026/07/26,Merchant_D,Processor_C,NGN,CARD,SET-0017
TXN105620,1000.0,SUCCESS,REF-00005620,2026/07/30,Merchant_D,Processor_C,NGN,MOBILE_MONEY,SET-0020
TXN100605,7500.0,SUCCESS,REF-00000605,2026/07/01,Merchant_B,Processor_C,NGN,CARD,SET-0034
TXN106531,100000.0,SUCCESS,REF-00006531,2026/07/21,Merchant_E,Processor_C,NGN,CARD,SET-0043
TXN109420,100000.0,FAILED,REF-00009420,2026/07/30,Merchant_C,Processor_C,NGN,USSD,SET-0006
TXN106277,5000.0,SUCCESS,REF-00006277,2026/07/29,Merchant_D,Processor_C,NGN,BANK_TRANSFER,SET-0040
TXN109314,10000.0,SUCCESS,REF-00009314,2026/07/26,Merchant_A,Processor_C,NGN,CARD,SET-0033
TXN106854,500.0,SUCCESS,REF-00006854,2026/07/18,Merchant_A,Processor_C,NGN,BANK_TRANSFER,SET-0018
TXN105409,10000.0,SUCCESS,REF-00005409,2026/07/12,Merchant_D,Processor_C,NGN,USSD,SET-0012
TXN101132,1000.0,SUCCESS,REF-00001132,2026/07/23,Merchant_E,Processor_C,NGN,MOBILE_MONEY,SET-0007
TXN107028,5000.0,SUCCESS,REF-00007028,2026/07/24,Merchant_C,Processor_C,NGN,USSD,SET-0006
TXN101274,10000.0,SUCCESS,REF-00001274,2026/07/13,Merchant_A,Processor_C,NGN,USSD,SET-0003
TXN105101,10000.0,SUCCESS,REF-00005101,2026/07/21,Merchant_B,Processor_C,NGN,USSD,SET-0016
TXN101180,250000.0,SUCCESS,REF-00001180,2026/07/15,Merchant_A,Processor_C,NGN,MOBILE_MONEY,SET-0018
TXN108002,1000.0,SUCCESS,REF-00008002,2026/07/29,Merchant_A,Processor_C,NGN,MOBILE_MONEY,SET-0036
TXN104566,2500.0,REFUNDED,REF-00004566,2026/07/06,Merchant_C,Processor_C,NGN,CARD,SET-0008
TXN103466,7500.0,SUCCESS,REF-00003466,2026/07/24,Merchant_D,Processor_C,NGN,BANK_TRANSFER,SET-0046
TXN109519,7500.0,SUCCESS,REF-00009519,2026/07/27,Merchant_C,Processor_C,NGN,CARD,SET-0007
TXN104502,5000.0,SUCCESS,REF-00004502,2026/07/07,Merchant_C,Processor_C,NGN,CARD,SET-0025
TXN108177,25000.0,SUCCESS,REF-00008177,2026/07/12,Merchant_C,Processor_C,NGN,BANK_TRANSFER,SET-0012
TXN106116,15000.0,FAILED,REF-00006116,2026/07/11,Merchant_B,Processor_C,NGN,USSD,SET-0017
TXN103422,25000.0,SUCCESS,REF-00003422,2026/07/28,Merchant_C,Processor_C,NGN,USSD,SET-0042
TXN104113,1000.0,SUCCESS,REF-00004113,2026/07/02,Merchant_B,Processor_C,NGN,MOBILE_MONEY,SET-0006
TXN107787,100000.0,SUCCESS,REF-00007787,2026/07/20,Merchant_E,Processor_C,NGN,CARD,SET-0021
TXN100164,1000.0,FAILED,REF-00000164,2026/07/23,Merchant_B,Processor_C,NGN,BANK_TRANSFER,SET-0029
TXN106198,2500.0,SUCCESS,REF-00006198,2026/07/29,Merchant_C,Processor_C,NGN,BANK_TRANSFER,SET-0046
TXN103555,15000.0,SUCCESS,REF-00003555,2026/07/17,Merchant_A,Processor_C,NGN,CARD,SET-0039
TXN109460,15000.0,SUCCESS,REF-00009460,2026/07/11,Merchant_A,Processor_C,NGN,CARD,SET-0037
TXN101485,5000.0,SUCCESS,REF-00001485,2026/07/06,Merchant_A,Processor_C,NGN,MOBILE_MONEY,SET-0028
TXN101136,50000.0,SUCCESS,REF-00001136,2026/07/22,Merchant_C,Processor_C,NGN,USSD,SET-0018
TXN106701,25000.0,SUCCESS,REF-00006701,2026/07/04,Merchant_C,Processor_C,NGN,USSD,SET-0033
TXN102269,10000.0,SUCCESS,REF-00002269,2026/07/17,Merchant_C,Processor_C,NGN,USSD,SET-0048
TXN106794,7500.0,SUCCESS,REF-00006794,2026/07/28,Merchant_C,Processor_C,NGN,USSD,SET-0039
TXN102332,15000.0,FAILED,REF-00002332,2026/07/11,Merchant_E,Processor_C,NGN,USSD,SET-0035
TXN103194,5000.0,SUCCESS,REF-00003194,2026/07/06,Merchant_A,Processor_C,NGN,USSD,SET-0049
TXN102615,1000.0,SUCCESS,REF-00002615,2026/07/21,Merchant_E,Processor_C,NGN,BANK_TRANSFER,SET-0031
TXN101032,2500.0,SUCCESS,REF-00001032,2026/07/17,Merchant_E,Processor_C,NGN,CARD,SET-0019
TXN108417,10000.0,SUCCESS,REF-00008417,2026/07/21,Merchant_C,Processor_C,NGN,USSD,SET-0036
TXN107048,2500.0,SUCCESS,REF-00007048,2026/07/29,Merchant_E,Processor_C,NGN,CARD,SET-0025
TXN103005,50000.0,SUCCESS,REF-00003005,2026/07/23,Merchant_A,Processor_C,NGN,CARD,SET-0050
TXN103838,100000.0,SUCCESS,REF-00003838,2026/07/26,Merchant_C,Processor_C,NGN,USSD,SET-0034
TXN101369,2500.0,FAILED,REF-00001369,2026/07/05,Merchant_E,Processor_C,NGN,BANK_TRANSFER,SET-0040
TXN102417,500.0,SUCCESS,REF-00002417,2026/07/20,Merchant_A,Processor_C,NGN,USSD,SET-0040
TXN106956,10000.0,SUCCESS,REF-00006956,2026/07/28,Merchant_D,Processor_C,NGN,BANK_TRANSFER,SET-0001
TXN102955,25000.0,SUCCESS,REF-00002955,2026/07/20,Merchant_E,Processor_C,NGN,CARD,SET-0027
TXN105989,50000.0,SUCCESS,REF-00005989,2026/07/04,Merchant_C,Processor_C,NGN,BANK_TRANSFER,SET-0005
TXN100608,10000.0,SUCCESS,REF-00000608,2026/07/01,Merchant_D,Processor_C,NGN,USSD,SET-0020
TXN100490,7500.0,SUCCESS,REF-00000490,2026/07/26,Merchant_C,Processor_C,NGN,USSD,SET-0041
TXN104728,25000.0,FAILED,REF-00004728,2026/07/13,Merchant_D,Processor_C,NGN,BANK_TRANSFER,SET-0020
TXN108456,15000.0,SUCCESS,REF-00008456,2026/07/12,Merchant_B,Processor_C,NGN,MOBILE_MONEY,SET-0027
TXN107402,10000.0,SUCCESS,REF-00007402,2026/07/16,Merchant_D,Processor_C,NGN,CARD,SET-0036
TXN102114,15000.0,REFUNDED,REF-00002114,2026/07/22,Merchant_C,Processor_C,NGN,BANK_TRANSFER,SET-0010
TXN104512,1000.0,SUCCESS,REF-00004512,2026/07/13,Merchant_E,Processor_C,NGN,CARD,SET-0012
TXN103359,15000.0,SUCCESS,REF-00003359,2026/07/07,Merchant_C,Processor_C,NGN,CARD,SET-0015
TXN107937,10000.0,SUCCESS,REF-00007937,2026/07/25,Merchant_E,Processor_C,NGN,BANK_TRANSFER,SET-0029
TXN103023,5000.0,SUCCESS,REF-00003023,2026/07/16,Merchant_E,Processor_C,NGN,CARD,SET-0040
TXN109335,2500.0,REFUNDED,REF-00009335,2026/07/14,Merchant_E,Processor_C,NGN,USSD,SET-0022
TXN104759,250000.0,SUCCESS,REF-00004759,2026/07/13,Merchant_B,Processor_C,NGN,BANK_TRANSFER,SET-0049
TXN105928,15000.0,SUCCESS,REF-00005928,2026/07/06,Merchant_A,Processor_C,NGN,MOBILE_MONEY,SET-0043
TXN109572,1000.0,SUCCESS,REF-00009572,2026/07/04,Merchant_A,Processor_C,NGN,BANK_TRANSFER,SET-0015
TXN106758,250000.0,SUCCESS,REF-00006758,2026/07/20,Merchant_B,Processor_C,NGN,CARD,SET-0012
TXN100090,1000.0,SUCCESS,REF-00000090,2026/07/30,Merchant_A,Processor_C,NGN,CARD,SET-0036
TXN102294,500.0,SUCCESS,REF-00002294,2026/07/22,Merchant_D,Processor_C,NGN,USSD,SET-0003
TXN107749,15000.0,SUCCESS,REF-00007749,2026/07/22,Merchant_C,Processor_C,NGN,MOBILE_MONEY,SET-0045
TXN104441,50000.0,SUCCESS,REF-00004441,2026/07/29,Merchant_A,Processor_C,NGN,CARD,SET-0017
TXN109113,7500.0,SUCCESS,REF-00009113,2026/07/26,Merchant_C,Processor_C,NGN,CARD,SET-0007
TXN104182,15000.0,SUCCESS,REF-00004182,2026/07/22,Merchant_A,Processor_C,NGN,MOBILE_MONEY,SET-0045
TXN106418,25000.0,SUCCESS,REF-00006418,2026/07/30,Merchant_D,Processor_C,NGN,USSD,SET-0028
TXN104104,5000.0,SUCCESS,REF-00004104,2026/07/16,Merchant_E,Processor_C,NGN,BANK_TRANSFER,SET-0024
TXN108950,5000.0,REFUNDED,REF-00008950,2026/07/06,Merchant_E,Processor_C,NGN,USSD,SET-0018
TXN107931,25000.0,SUCCESS,REF-00007931,2026/07/04,Merchant_C,Processor_C,NGN,MOBILE_MONEY,SET-0045
TXN108586,100000.0,SUCCESS,REF-00008586,2026/07/07,Merchant_C,Processor_C,NGN,CARD,SET-0013
TXN106153,1000.0,SUCCESS,REF-00006153,2026/07/10,Merchant_D,Processor_C,NGN,MOBILE_MONEY,SET-0027
TXN100756,15000.0,SUCCESS,REF-00000756,2026/07/05,Merchant_A,Processor_C,NGN,MOBILE_MONEY,SET-0006
TXN106197,50000.0,SUCCESS,REF-00006197,2026/07/21,Merchant_D,Processor_C,NGN,BANK_TRANSFER,SET-0015
TXN107120,100000.0,SUCCESS,REF-00007120,2026/07/17,Merchant_C,Processor_C,NGN,BANK_TRANSFER,SET-0039
TXN101803,5000.0,REFUNDED,REF-00001803,2026/07/26,Merchant_A,Processor_C,NGN,CARD,SET-0011
TXN107339,10000.0,SUCCESS,REF-00007339,2026/07/19,Merchant_B,Processor_C,NGN,MOBILE_MONEY,SET-0021
TXN103893,7500.0,FAILED,REF-00003893,2026/07/26,Merchant_E,Processor_C,NGN,BANK_TRANSFER,SET-0041
TXN106636,100000.0,SUCCESS,REF-00006636,2026/07/19,Merchant_C,Processor_C,NGN,USSD,SET-0036
TXN108769,1500.0,SUCCESS,REF-00008769,2026/07/08,Merchant_C,Processor_C,NGN,USSD,SET-0041
TXN106210,10000.0,REFUNDED,REF-00006210,2026/07/23,Merchant_E,Processor_C,NGN,USSD,SET-0014
TXN101957,7500.0,REFUNDED,REF-00001957,2026/07/09,Merchant_E,Processor_C,NGN,BANK_TRANSFER,SET-0006
TXN109726,50000.0,SUCCESS,REF-00009726,2026/07/02,Merchant_A,Processor_C,NGN,MOBILE_MONEY,SET-0046
TXN104587,1500.0,SUCCESS,REF-00004587,2026/07/31,Merchant_C,Processor_C,NGN,BANK_TRANSFER,SET-0010
TXN108741,7500.0,SUCCESS,REF-00008741,2026/07/01,Merchant_B,Processor_C,NGN,CARD,SET-0003
TXN103804,2500.0,SUCCESS,REF-00003804,2026/07/20,Merchant_E,Processor_C,NGN,BANK_TRANSFER,SET-0003
TXN105754,100000.0,FAILED,REF-00005754,2026/07/17,Merchant_C,Processor_C,NGN,MOBILE_MONEY,SET-0039
TXN101686,100000.0,SUCCESS,REF-00001686,2026/07/19,Merchant_B,Processor_C,NGN,BANK_TRANSFER,SET-0034
TXN109933,500.0,SUCCESS,REF-00009933,2026/07/31,Merchant_D,Processor_C,NGN,BANK_TRANSFER,SET-0010
TXN108308,7500.0,SUCCESS,REF-00008308,2026/07/15,Merchant_E,Processor_C,NGN,BANK_TRANSFER,SET-0007
TXN109124,7500.0,SUCCESS,REF-00009124,2026/07/02,Merchant_C,Processor_C,NGN,USSD,SET-0045
TXN100573,15000.0,SUCCESS,REF-00000573,2026/07/13,Merchant_E,Processor_C,NGN,CARD,SET-0048
TXN105450,5000.0,SUCCESS,REF-00005450,2026/07/20,Merchant_C,Processor_C,NGN,MOBILE_MONEY,SET-0028
TXN102901,25000.0,SUCCESS,REF-00002901,2026/07/26,Merchant_E,Processor_C,NGN,CARD,SET-0046
TXN108361,1500.0,SUCCESS,REF-00008361,2026/07/10,Merchant_C,Processor_C,NGN,BANK_TRANSFER,SET-0038
TXN106164,2500.0,SUCCESS,REF-00006164,2026/07/04,Merchant_A,Processor_C,NGN,USSD,SET-0036
TXN107760,15000.0,SUCCESS,REF-00007760,2026/07/13,Merchant_A,Processor_C,NGN,MOBILE_MONEY,SET-0025
TXN103228,1000.0,SUCCESS,REF-00003228,2026/07/05,Merchant_D,Processor_C,NGN,MOBILE_MONEY,SET-0034
TXN101427,250000.0,SUCCESS,REF-00001427,2026/07/14,Merchant_A,Processor_C,NGN,MOBILE_MONEY,SET-0049
TXN108811,7500.0,REFUNDED,REF-00008811,2026/07/20,Merchant_B,Processor_C,NGN,BANK_TRANSFER,SET-0035
TXN102230,25000.0,SUCCESS,REF-00002230,2026/07/13,Merchant_C,Processor_C,NGN,MOBILE_MONEY,SET-0042
TXN106917,100000.0,SUCCESS,REF-00006917,2026/07/21,Merchant_C,Processor_C,NGN,USSD,SET-0031
TXN100051,25000.0,SUCCESS,REF-00000051,2026/07/12,Merchant_A,Processor_C,NGN,USSD,SET-0033
TXN101376,7500.0,SUCCESS,REF-00001376,2026/07/06,Merchant_C,Processor_C,NGN,MOBILE_MONEY,SET-0048
TXN103573,250000.0,SUCCESS,REF-00003573,2026/07/12,Merchant_E,Processor_C,NGN,USSD,SET-0013
TXN106974,10000.0,SUCCESS,REF-00006974,2026/07/02,Merchant_C,Processor_C,NGN,BANK_TRANSFER,SET-0029
TXN102835,100000.0,SUCCESS,REF-00002835,2026/07/31,Merchant_E,Processor_C,NGN,MOBILE_MONEY,SET-0014
TXN103650,25000.0,SUCCESS,REF-00003650,2026/07/12,Merchant_E,Processor_C,NGN,MOBILE_MONEY,SET-0046
TXN107335,2500.0,REFUNDED,REF-00007335,2026/07/02,Merchant_E,Processor_C,NGN,USSD,SET-0003
TXN108671,1500.0,REFUNDED,REF-00008671,2026/07/23,Merchant_E,Processor_C,NGN,BANK_TRANSFER,SET-0011
TXN104550,100000.0,SUCCESS,REF-00004550,2026/07/10,Merchant_D,Processor_C,NGN,BANK_TRANSFER,SET-0017
TXN107214,1500.0,SUCCESS,REF-00007214,2026/07/23,Merchant_C,Processor_C,NGN,MOBILE_MONEY,SET-0024
TXN102286,250000.0,SUCCESS,REF-00002286,2026/07/02,Merchant_D,Processor_C,NGN,BANK_TRANSFER,SET-0006
TXN105064,25000.0,SUCCESS,REF-00005064,2026/07/25,Merchant_C,Processor_C,NGN,MOBILE_MONEY,SET-0037
TXN100389,50000.0,SUCCESS,REF-00000389,2026/07/08,Merchant_E,Processor_C,NGN,BANK_TRANSFER,SET-0036
TXN108845,25000.0,SUCCESS,REF-00008845,2026/07/13,Merchant_E,Processor_C,NGN,USSD,SET-0010
TXN109623,25000.0,SUCCESS,REF-00009623,2026/07/13,Merchant_C,Processor_C,NGN,USSD,SET-0014
TXN106405,100000.0,FAILED,REF-00006405,2026/07/08,Merchant_C,Processor_C,NGN,CARD,SET-0039
TXN104458,7500.0,SUCCESS,REF-00004458,2026/07/10,Merchant_D,Processor_C,NGN,BANK_TRANSFER,SET-0012
TXN101016,1500.0,SUCCESS,REF-00001016,2026/07/06,Merchant_E,Processor_C,NGN,CARD,SET-0047
TXN103711,25000.0,SUCCESS,REF-00003711,2026/07/22,Merchant_B,Processor_C,NGN,CARD,SET-0047
TXN101403,25000.0,SUCCESS,REF-00001403,2026/07/09,Merchant_B,Processor_C,NGN,MOBILE_MONEY,SET-0049
TXN106495,1500.0,SUCCESS,REF-00006495,2026/07/15,Merchant_C,Processor_C,NGN,BANK_TRANSFER,SET-0002
TXN104918,25000.0,SUCCESS,REF-00004918,2026/07/05,Merchant_A,Processor_C,NGN,USSD,SET-0019
TXN109399,500.0,SUCCESS,REF-00009399,2026/07/09,Merchant_D,Processor_C,NGN,BANK_TRANSFER,SET-0025
TXN103262,7500.0,SUCCESS,REF-00003262,2026/07/10,Merchant_B,Processor_C,NGN,BANK_TRANSFER,SET-0004
TXN103360,51000.0,SUCCESS,REF-00003360,2026/07/18,Merchant_B,Processor_C,NGN,CARD,SET-0007
TXN103883,2500.0,SUCCESS,REF-00003883,2026/07/13,Merchant_C,Processor_C,NGN,MOBILE_MONEY,SET-0006
TXN102566,2500.0,SUCCESS,REF-00002566,2026/07/23,Merchant_C,Processor_C,NGN,CARD,SET-0006
TXN109634,5000.0,SUCCESS,REF-00009634,2026/07/08,Merchant_A,Processor_C,NGN,BANK_TRANSFER,SET-0011
