Txn Ref,Gross Amount,Transaction Status,Reference,Date,merchant,processor,Currency,Channel,Settlement Batch
TXN105030,5000.0,SUCCESS,REF-00005030,07-31-2026,Merchant_D,Processor_B,NGN,MOBILE_MONEY,SET-0018
TXN104819,2500.0,SUCCESS,REF-00004819,07-06-2026,Merchant_B,Processor_B,NGN,CARD,SET-0001
TXN102795,15000.0,REFUNDED,REF-00002795,07-22-2026,Merchant_D,Processor_B,NGN,BANK_TRANSFER,SET-0012
TXN108679,1500.0,SUCCESS,REF-00008679,07-08-2026,Merchant_A,Processor_B,NGN,USSD,SET-0033
TXN100565,10000.0,SUCCESS,REF-00000565,07-21-2026,Merchant_B,Processor_B,NGN,MOBILE_MONEY,SET-0008
TXN104415,10000.0,SUCCESS,REF-00004415,07-18-2026,Merchant_D,Processor_B,NGN,USSD,SET-0029
TXN107021,50000.0,SUCCESS,REF-00007021,07-22-2026,Merchant_A,Processor_B,NGN,MOBILE_MONEY,SET-0036
TXN104333,15000.0,SUCCESS,REF-00004333,07-16-2026,Merchant_C,Processor_B,NGN,BANK_TRANSFER,SET-0028
TXN101661,10000.0,REFUNDED,REF-00001661,07-19-2026,Merchant_D,Processor_B,NGN,MOBILE_MONEY,SET-0024
TXN101694,5000.0,SUCCESS,REF-00001694,07-18-2026,Merchant_D,Processor_B,NGN,MOBILE_MONEY,SET-0038
TXN104116,100000.0,SUCCESS,REF-00004116,07-06-2026,Merchant_C,Processor_B,NGN,USSD,SET-0020
TXN104734,7500.0,SUCCESS,REF-00004734,07-23-2026,Merchant_C,Processor_B,NGN,USSD,SET-0034
TXN102377,25000.0,SUCCESS,REF-00002377,07-27-2026,Merchant_A,Processor_B,NGN,BANK_TRANSFER,SET-0049
TXN102590,50000.0,FAILED,REF-00002590,07-01-2026,Merchant_A,Processor_B,NGN,CARD,SET-0037
TXN109573,1000.0,SUCCESS,REF-00009573,07-16-2026,Merchant_A,Processor_B,NGN,USSD,SET-0014
TXN108441,2500.0,SUCCESS,REF-00008441,07-07-2026,Merchant_C,Processor_B,NGN,USSD,SET-0035
TXN100093,10000.0,SUCCESS,REF-00000093,07-10-2026,Merchant_E,Processor_B,NGN,USSD,SET-0015
TXN105071,25000.0,SUCCESS,REF-00005071,07-12-2026,Merchant_C,Processor_B,NGN,CARD,SET-0040
TXN102524,50000.0,SUCCESS,REF-00002524,07-18-2026,Merchant_C,Processor_B,NGN,MOBILE_MONEY,SET-0010
TXN100193,15000.0,FAILED,REF-00000193,07-10-2026,Merchant_E,Processor_B,NGN,MOBILE_MONEY,SET-0041
TXN100535,100000.0,SUCCESS,REF-00000535,07-19-2026,Merchant_C,Processor_B,NGN,CARD,SET-0025
TXN106308,10000.0,SUCCESS,REF-00006308,07-24-2026,Merchant_E,Processor_B,NGN,MOBILE_MONEY,SET-0018
TXN103763,5000.0,REFUNDED,REF-00003763,07-16-2026,Merchant_D,Processor_B,NGN,CARD,SET-0042
TXN104193,25000.0,SUCCESS,REF-00004193,07-29-2026,Merchant_E,Processor_B,NGN,USSD,SET-0023
TXN101203,5000.0,SUCCESS,REF-00001203,07-28-2026,Merchant_B,Processor_B,NGN,CARD,SET-0034
TXN101724,25000.0,SUCCESS,REF-00001724,07-11-2026,Merchant_D,Processor_B,NGN,CARD,SET-0036
TXN104663,50000.0,SUCCESS,REF-00004663,07-20-2026,Merchant_B,Processor_B,NGN,MOBILE_MONEY,SET-0015
TXN109152,1500.0,SUCCESS,REF-00009152,07-06-2026,Merchant_B,Processor_B,NGN,BANK_TRANSFER,SET-0019
TXN109069,1500.0,SUCCESS,REF-00009069,07-29-2026,Merchant_B,Processor_B,NGN,CARD,SET-0031
TXN104750,5500.0,SUCCESS,REF-00004750,07-07-2026,Merchant_B,Processor_B,NGN,USSD,SET-0049
TXN108267,5000.0,SUCCESS,REF-00008267,07-06-2026,Merchant_D,Processor_B,NGN,CARD,SET-0026
TXN103652,50000.0,SUCCESS,REF-00003652,07-03-2026,Merchant_D,Processor_B,NGN,CARD,SET-0026
TXN103979,7500.0,SUCCESS,REF-00003979,07-16-2026,Merchant_B,Processor_B,NGN,USSD,SET-0020
TXN105058,10000.0,SUCCESS,REF-00005058,07-05-2026,Merchant_A,Processor_B,NGN,CARD,SET-0048
TXN100779,15000.0,SUCCESS,REF-00000779,07-29-2026,Merchant_D,Processor_B,NGN,USSD,SET-0050
TXN104518,2500.0,REFUNDED,REF-00004518,07-18-2026,Merchant_A,Processor_B,NGN,MOBILE_MONEY,SET-0048
TXN101780,500.0,SUCCESS,REF-00001780,07-30-2026,Merchant_B,Processor_B,NGN,MOBILE_MONEY,SET-0039
TXN109156,100000.0,SUCCESS,REF-00009156,07-18-2026,Merchant_E,Processor_B,NGN,USSD,SET-0039
TXN100143,5000.0,SUCCESS,REF-00000143,07-11-2026,Merchant_E,Processor_B,NGN,BANK_TRANSFER,SET-0023
TXN101432,10000.0,REFUNDED,REF-00001432,07-23-2026,Merchant_B,Processor_B,NGN,USSD,SET-0010
TXN102002,100000.0,SUCCESS,REF-00002002,07-03-2026,Merchant_A,Processor_B,NGN,CARD,SET-0047
TXN107765,15000.0,SUCCESS,REF-00007765,07-04-2026,Merchant_D,Processor_B,NGN,MOBILE_MONEY,SET-0019
TXN101571,1500.0,SUCCESS,REF-00001571,07-22-2026,Merchant_C,Processor_B,NGN,CARD,SET-0009
TXN101919,7500.0,SUCCESS,REF-00001919,07-06-2026,Merchant_C,Processor_B,NGN,BANK_TRANSFER,SET-0002
TXN103288,100000.0,SUCCESS,REF-00003288,07-21-2026,Merchant_B,Processor_B,NGN,USSD,SET-0022
TXN107108,100000.0,SUCCESS,REF-00007108,07-30-2026,Merchant_D,Processor_B,NGN,MOBILE_MONEY,SET-0047
TXN104322,15000.0,SUCCESS,REF-00004322,07-08-2026,Merchant_C,Processor_B,NGN,CARD,SET-0032
TXN107893,7500.0,SUCCESS,REF-00007893,07-24-2026,Merchant_E,Processor_B,NGN,CARD,SET-0023
TXN107043,1500.0,SUCCESS,REF-00007043,07-07-2026,Merchant_C,Processor_B,NGN,BANK_TRANSFER,SET-0034
TXN107956,15000.0,SUCCESS,REF-00007956,07-14-2026,Merchant_D,Processor_B,NGN,BANK_TRANSFER,SET-0016
TXN108723,5000.0,SUCCESS,REF-00008723,07-14-2026,Merchant_E,Processor_B,NGN,MOBILE_MONEY,SET-0004
TXN108420,10000.0,SUCCESS,REF-00008420,07-16-2026,Merchant_E,Processor_B,NGN,BANK_TRANSFER,SET-0013
TXN106459,5000.0,SUCCESS,REF-00006459,07-26-2026,Merchant_E,Processor_B,NGN,BANK_TRANSFER,SET-0024
TXN107874,10000.0,SUCCESS,REF-00007874,07-22-2026,Merchant_D,Processor_B,NGN,MOBILE_MONEY,SET-0036
TXN109137,5000.0,SUCCESS,REF-00009137,07-08-2026,Merchant_B,Processor_B,NGN,MOBILE_MONEY,SET-0024
TXN105974,5000.0,SUCCESS,REF-00005974,07-24-2026,Merchant_D,Processor_B,NGN,BANK_TRANSFER,SET-0048
TXN100383,100500.0,SUCCESS,REF-00000383,07-24-2026,Merchant_E,Processor_B,NGN,CARD,SET-0006
TXN103220,10000.0,SUCCESS,REF-00003220,07-23-2026,Merchant_C,Processor_B,NGN,USSD,SET-0028
TXN106555,25000.0,SUCCESS,REF-00006555,07-15-2026,Merchant_D,Processor_B,NGN,BANK_TRANSFER,SET-0017
TXN107670,25000.0,SUCCESS,REF-00007670,07-16-2026,Merchant_B,Processor_B,NGN,BANK_TRANSFER,SET-0034
TXN109692,7500.0,SUCCESS,REF-00009692,07-03-2026,Merchant_A,Processor_B,NGN,BANK_TRANSFER,SET-0018
TXN109565,5000.0,FAILED,REF-00009565,07-20-2026,Merchant_B,Processor_B,NGN,USSD,SET-0045
TXN103149,7500.0,SUCCESS,REF-00003149,07-31-2026,Merchant_C,Processor_B,NGN,BANK_TRANSFER,SET-0028
TXN102449,5000.0,SUCCESS,REF-00002449,07-18-2026,Merchant_B,Processor_B,NGN,BANK_TRANSFER,SET-0046
TXN101311,100000.0,SUCCESS,REF-00001311,07-15-2026,Merchant_A,Processor_B,NGN,MOBILE_MONEY,SET-0007
TXN105223,5000.0,REFUNDED,REF-00005223,07-06-2026,Merchant_C,Processor_B,NGN,CARD,SET-0042
TXN103361,5000.0,SUCCESS,REF-00003361,07-31-2026,Merchant_C,Processor_B,NGN,MOBILE_MONEY,SET-0045
TXN107970,250000.0,SUCCESS,REF-00007970,07-29-2026,Merchant_D,Processor_B,NGN,CARD,SET-0023
TXN109637,500.0,SUCCESS,REF-00009637,07-09-2026,Merchant_A,Processor_B,NGN,USSD,SET-0004
TXN101149,50000.0,SUCCESS,REF-00001149,07-29-2026,Merchant_B,Processor_B,NGN,USSD,SET-0042
TXN102719,500.0,SUCCESS,REF-00002719,07-17-2026,Merchant_C,Processor_B,NGN,USSD,SET-0008
TXN101474,5000.0,SUCCESS,REF-00001474,07-01-2026,Merchant_C,Processor_B,NGN,BANK_TRANSFER,SET-0023
TXN104953,15000.0,SUCCESS,REF-00004953,07-08-2026,Merchant_E,Processor_B,NGN,USSD,SET-0050
TXN109437,2500.0,SUCCESS,REF-00009437,07-15-2026,Merchant_D,Processor_B,NGN,CARD,SET-0013
TXN100504,15000.0,SUCCESS,REF-00000504,07-26-2026,Merchant_D,Processor_B,NGN,USSD,SET-0027
TXN107620,50250.0,SUCCESS,REF-00007620,07-14-2026,Merchant_E,Processor_B,NGN,BANK_TRANSFER,SET-0005
TXN100508,100000.0,SUCCESS,REF-00000508,07-09-2026,Merchant_E,Processor_B,NGN,BANK_TRANSFER,SET-0019
TXN101624,1500.0,SUCCESS,REF-00001624,07-22-2026,Merchant_B,Processor_B,NGN,MOBILE_MONEY,SET-0033
TXN108335,7500.0,REFUNDED,REF-00008335,07-31-2026,Merchant_E,Processor_B,NGN,MOBILE_MONEY,SET-0034
TXN108919,10000.0,REFUNDED,REF-00008919,07-07-2026,Merchant_B,Processor_B,NGN,BANK_TRANSFER,SET-0033
TXN102454,10000.0,SUCCESS,REF-00002454,07-11-2026,Merchant_C,Processor_B,NGN,BANK_TRANSFER,SET-0028
TXN100143,5000.0,SUCCESS,REF-00000143,07-11-2026,Merchant_E,Processor_B,NGN,USSD,SET-0031
TXN100395,100000.0,SUCCESS,REF-00000395,07-03-2026,Merchant_B,Processor_B,NGN,MOBILE_MONEY,SET-0025
TXN102637,25000.0,SUCCESS,REF-00002637,07-01-2026,Merchant_C,Processor_B,NGN,BANK_TRANSFER,SET-0037
TXN108085,15000.0,SUCCESS,REF-00008085,07-29-2026,Merchant_B,Processor_B,NGN,BANK_TRANSFER,SET-0028
TXN109501,25000.0,SUCCESS,REF-00009501,07-10-2026,Merchant_D,Processor_B,NGN,MOBILE_MONEY,SET-0022
TXN107054,10000.0,SUCCESS,REF-00007054,07-31-2026,Merchant_D,Processor_B,NGN,MOBILE_MONEY,SET-0032
TXN105822,25000.0,SUCCESS,REF-00005822,07-23-2026,Merchant_A,Processor_B,NGN,BANK_TRANSFER,SET-0028
TXN104608,250000.0,SUCCESS,REF-00004608,07-28-2026,Merchant_B,Processor_B,NGN,BANK_TRANSFER,SET-0025
TXN102500,50000.0,SUCCESS,REF-00002500,07-26-2026,Merchant_A,Processor_B,NGN,MOBILE_MONEY,SET-0030
TXN105297,15000.0,SUCCESS,REF-00005297,07-23-2026,Merchant_E,Processor_B,NGN,BANK_TRANSFER,SET-0037
TXN107918,1000.0,FAILED,REF-00007918,07-26-2026,Merchant_A,Processor_B,NGN,CARD,SET-0025
TXN100201,1000.0,SUCCESS,REF-00000201,07-29-2026,Merchant_E,Processor_B,NGN,USSD,SET-0014
TXN105069,500.0,FAILED,REF-00005069,07-27-2026,Merchant_D,Processor_B,NGN,USSD,SET-0020
TXN109447,25000.0,SUCCESS,REF-00009447,07-31-2026,Merchant_A,Processor_B,NGN,BANK_TRANSFER,SET-0046
TXN100053,100000.0,SUCCESS,REF-00000053,07-20-2026,Merchant_D,Processor_B,NGN,USSD,SET-0030
TXN104396,5000.0,FAILED,REF-00004396,07-22-2026,Merchant_B,Processor_B,NGN,MOBILE_MONEY,SET-0014
TXN104220,5000.0,SUCCESS,REF-00004220,07-21-2026,Merchant_C,Processor_B,NGN,MOBILE_MONEY,SET-0035
TXN100662,15000.0,FAILED,REF-00000662,07-05-2026,Merchant_C,Processor_B,NGN,CARD,SET-0018
PROC_ONLY1019,5000.0,SUCCESS,PROC-ONLY-REF-00019,07-31-2026,Merchant_A,Processor_B,NGN,USSD,SET-0044
TXN109693,50000.0,SUCCESS,REF-00009693,07-26-2026,Merchant_B,Processor_B,NGN,USSD,SET-0032
TXN106609,5000.0,SUCCESS,REF-00006609,07-22-2026,Merchant_A,Processor_B,NGN,CARD,SET-0024
TXN104394,100000.0,SUCCESS,REF-00004394,07-28-2026,Merchant_A,Processor_B,NGN,MOBILE_MONEY,SET-0021
TXN105492,10000.0,SUCCESS,REF-00005492,07-27-2026,Merchant_D,Processor_B,NGN,MOBILE_MONEY,SET-0026
TXN103416,5000.0,SUCCESS,REF-00003416,07-26-2026,Merchant_B,Processor_B,NGN,MOBILE_MONEY,SET-0037
TXN108476,1000.0,SUCCESS,REF-00008476,07-16-2026,Merchant_B,Processor_B,NGN,BANK_TRANSFER,SET-0047
TXN100907,5000.0,SUCCESS,REF-00000907,07-15-2026,Merchant_A,Processor_B,NGN,MOBILE_MONEY,SET-0049
TXN109332,7500.0,FAILED,REF-00009332,07-14-2026,Merchant_B,Processor_B,NGN,CARD,SET-0034
TXN107331,50000.0,SUCCESS,REF-00007331,07-05-2026,Merchant_D,Processor_B,NGN,CARD,SET-0030
TXN106569,7500.0,SUCCESS,REF-00006569,07-31-2026,Merchant_C,Processor_B,NGN,CARD,SET-0015
TXN105110,250000.0,SUCCESS,REF-00005110,07-04-2026,Merchant_C,Processor_B,NGN,USSD,SET-0047
TXN109507,15000.0,FAILED,REF-00009507,07-20-2026,Merchant_D,Processor_B,NGN,MOBILE_MONEY,SET-0036
TXN101371,1500.0,SUCCESS,REF-00001371,07-17-2026,Merchant_A,Processor_B,NGN,CARD,SET-0048
TXN100376,50000.0,SUCCESS,REF-00000376,07-19-2026,Merchant_A,Processor_B,NGN,CARD,SET-0036
TXN105927,15000.0,SUCCESS,REF-00005927,07-15-2026,Merchant_A,Processor_B,NGN,CARD,SET-0018
TXN103219,25000.0,SUCCESS,REF-00003219,07-18-2026,Merchant_E,Processor_B,NGN,CARD,SET-0027
TXN100078,5000.0,SUCCESS,REF-00000078,07-12-2026,Merchant_C,Processor_B,NGN,USSD,SET-0047
TXN105137,1000.0,SUCCESS,REF-00005137,07-28-2026,Merchant_B,Processor_B,NGN,MOBILE_MONEY,SET-0021
TXN107773,5000.0,SUCCESS,REF-00007773,07-19-2026,Merchant_B,Processor_B,NGN,BANK_TRANSFER,SET-0041
TXN107705,500.0,REFUNDED,REF-00007705,07-08-2026,Merchant_C,Processor_B,NGN,CARD,SET-0016
TXN107273,500.0,SUCCESS,REF-00007273,07-21-2026,Merchant_D,Processor_B,NGN,MOBILE_MONEY,SET-0025
TXN100888,1000.0,SUCCESS,REF-00000888,07-03-2026,Merchant_E,Processor_B,NGN,MOBILE_MONEY,SET-0046
TXN101493,1000.0,SUCCESS,REF-00001493,07-24-2026,Merchant_D,Processor_B,NGN,CARD,SET-0038
TXN108774,100000.0,SUCCESS,REF-00008774,07-29-2026,Merchant_A,Processor_B,NGN,USSD,SET-0008
TXN105745,25000.0,SUCCESS,REF-00005745,07-17-2026,Merchant_D,Processor_B,NGN,BANK_TRANSFER,SET-0043
TXN107110,25000.0,SUCCESS,REF-00007110,07-01-2026,Merchant_C,Processor_B,NGN,BANK_TRANSFER,SET-0016
TXN105982,250000.0,FAILED,REF-00005982,07-01-2026,Merchant_C,Processor_B,NGN,USSD,SET-0015
TXN106041,1500.0,FAILED,REF-00006041,07-31-2026,Merchant_A,Processor_B,NGN,MOBILE_MONEY,SET-0049
TXN109985,10000.0,FAILED,REF-00009985,07-04-2026,Merchant_E,Processor_B,NGN,MOBILE_MONEY,SET-0017
TXN103797,1000.0,SUCCESS,REF-00003797,07-11-2026,Merchant_A,Processor_B,NGN,USSD,SET-0043
TXN100089,10000.0,SUCCESS,REF-00000089,07-02-2026,Merchant_C,Processor_B,NGN,USSD,SET-0006
TXN105067,5000.0,SUCCESS,REF-00005067,07-19-2026,Merchant_A,Processor_B,NGN,CARD,SET-0024
TXN108876,1000.0,SUCCESS,REF-00008876,07-23-2026,Merchant_D,Processor_B,NGN,MOBILE_MONEY,SET-0001
TXN107678,1000.0,SUCCESS,REF-00007678,07-02-2026,Merchant_A,Processor_B,NGN,CARD,SET-0021
TXN103458,25000.0,REFUNDED,REF-00003458,07-27-2026,Merchant_A,Processor_B,NGN,BANK_TRANSFER,SET-0037
TXN100470,500.0,SUCCESS,REF-00000470,07-29-2026,Merchant_C,Processor_B,NGN,CARD,SET-0018
TXN106281,10000.0,SUCCESS,REF-00006281,07-30-2026,Merchant_B,Processor_B,NGN,BANK_TRANSFER,SET-0016
TXN104892,15000.0,SUCCESS,REF-00004892,07-24-2026,Merchant_E,Processor_B,NGN,CARD,SET-0022
TXN108135,1000.0,SUCCESS,REF-00008135,07-20-2026,Merchant_B,Processor_B,NGN,BANK_TRANSFER,SET-0033
TXN100715,100000.0,SUCCESS,REF-00000715,07-17-2026,Merchant_E,Processor_B,NGN,USSD,SET-0008
TXN100927,10000.0,SUCCESS,REF-00000927,07-01-2026,Merchant_D,Processor_B,NGN,USSD,SET-0007
TXN108926,15000.0,SUCCESS,REF-00008926,07-22-2026,Merchant_A,Processor_B,NGN,CARD,SET-0049
TXN107526,10000.0,SUCCESS,REF-00007526,07-18-2026,Merchant_B,Processor_B,NGN,CARD,SET-0045
TXN104767,1000.0,REFUNDED,REF-00004767,07-03-2026,Merchant_C,Processor_B,NGN,BANK_TRANSFER,SET-0015
TXN108857,1000.0,REFUNDED,REF-00008857,07-28-2026,Merchant_E,Processor_B,NGN,MOBILE_MONEY,SET-0022
TXN103734,2500.0,SUCCESS,REF-00003734,07-23-2026,Merchant_C,Processor_B,NGN,BANK_TRANSFER,SET-0046
TXN108712,15000.0,REFUNDED,REF-00008712,07-26-2026,Merchant_A,Processor_B,NGN,MOBILE_MONEY,SET-0026
TXN108072,25000.0,SUCCESS,REF-00008072,07-03-2026,Merchant_A,Processor_B,NGN,USSD,SET-0039
TXN105062,10000.0,SUCCESS,REF-00005062,07-28-2026,Merchant_B,Processor_B,NGN,CARD,SET-0026
TXN107569,500.0,SUCCESS,REF-00007569,07-31-2026,Merchant_E,Processor_B,NGN,BANK_TRANSFER,SET-0003
TXN102573,10000.0,SUCCESS,REF-00002573,07-18-2026,Merchant_B,Processor_B,NGN,MOBILE_MONEY,SET-0038
TXN105027,1000.0,SUCCESS,REF-00005027,07-18-2026,Merchant_A,Processor_B,NGN,MOBILE_MONEY,SET-0003
TXN102633,1500.0,SUCCESS,REF-00002633,07-18-2026,Merchant_C,Processor_B,NGN,BANK_TRANSFER,SET-0029
TXN109678,10000.0,SUCCESS,REF-00009678,07-16-2026,Merchant_A,Processor_B,NGN,MOBILE_MONEY,SET-0043
TXN100827,5000.0,FAILED,REF-00000827,07-12-2026,Merchant_C,Processor_B,NGN,MOBILE_MONEY,SET-0049
TXN105122,1000.0,SUCCESS,REF-00005122,07-17-2026,Merchant_E,Processor_B,NGN,BANK_TRANSFER,SET-0021
TXN102226,5000.0,SUCCESS,REF-00002226,07-27-2026,Merchant_A,Processor_B,NGN,MOBILE_MONEY,SET-0002
TXN108065,500.0,SUCCESS,REF-00008065,07-29-2026,Merchant_A,Processor_B,NGN,MOBILE_MONEY,SET-0033
TXN109662,2500.0,SUCCESS,REF-00009662,07-29-2026,Merchant_B,Processor_B,NGN,CARD,SET-0027
TXN103310,25000.0,SUCCESS,REF-00003310,07-02-2026,Merchant_C,Processor_B,NGN,USSD,SET-0010
TXN102149,50000.0,SUCCESS,REF-00002149,07-24-2026,Merchant_D,Processor_B,NGN,MOBILE_MONEY,SET-0043
TXN106823,250000.0,SUCCESS,REF-00006823,07-03-2026,Merchant_D,Processor_B,NGN,MOBILE_MONEY,SET-0038
TXN109713,2500.0,SUCCESS,REF-00009713,07-24-2026,Merchant_D,Processor_B,NGN,USSD,SET-0039
TXN104691,5000.0,SUCCESS,REF-00004691,07-06-2026,Merchant_E,Processor_B,NGN,MOBILE_MONEY,SET-0040
TXN109115,10000.0,SUCCESS,REF-00009115,07-11-2026,Merchant_A,Processor_B,NGN,USSD,SET-0032
TXN103480,1500.0,SUCCESS,REF-00003480,07-01-2026,Merchant_B,Processor_B,NGN,CARD,SET-0039
TXN100640,500.0,SUCCESS,REF-00000640,07-17-2026,Merchant_B,Processor_B,NGN,BANK_TRANSFER,SET-0041
TXN109508,5000.0,REFUNDED,REF-00009508,07-05-2026,Merchant_A,Processor_B,NGN,BANK_TRANSFER,SET-0008
TXN103881,25000.0,SUCCESS,REF-00003881,07-10-2026,Merchant_E,Processor_B,NGN,BANK_TRANSFER,SET-0031
TXN101786,15000.0,SUCCESS,REF-00001786,07-18-2026,Merchant_C,Processor_B,NGN,MOBILE_MONEY,SET-0026
TXN100887,2500.0,SUCCESS,REF-00000887,07-01-2026,Merchant_B,Processor_B,NGN,BANK_TRANSFER,SET-0049
TXN103790,2500.0,SUCCESS,REF-00003790,07-15-2026,Merchant_D,Processor_B,NGN,MOBILE_MONEY,SET-0045
TXN107051,10000.0,SUCCESS,REF-00007051,07-02-2026,Merchant_B,Processor_B,NGN,MOBILE_MONEY,SET-0037
TXN103009,1000.0,SUCCESS,REF-00003009,07-22-2026,Merchant_C,Processor_B,NGN,USSD,SET-0027
TXN107247,50000.0,SUCCESS,REF-00007247,07-15-2026,Merchant_A,Processor_B,NGN,USSD,SET-0046
TXN108550,100000.0,FAILED,REF-00008550,07-16-2026,Merchant_C,Processor_B,NGN,BANK_TRANSFER,SET-0033
TXN106920,100000.0,SUCCESS,REF-00006920,07-16-2026,Merchant_B,Processor_B,NGN,MOBILE_MONEY,SET-0035
TXN106703,5000.0,SUCCESS,REF-00006703,07-15-2026,Merchant_C,Processor_B,NGN,MOBILE_MONEY,SET-0030
TXN101354,10000.0,SUCCESS,REF-00001354,07-06-2026,Merchant_A,Processor_B,NGN,USSD,SET-0027
TXN108306,1500.0,SUCCESS,REF-00008306,07-16-2026,Merchant_B,Processor_B,NGN,CARD,SET-0020
TXN107701,25000.0,SUCCESS,REF-00007701,07-17-2026,Merchant_C,Processor_B,NGN,MOBILE_MONEY,SET-0037
TXN101436,5000.0,SUCCESS,REF-00001436,07-25-2026,Merchant_B,Processor_B,NGN,CARD,SET-0016
TXN103057,1000.0,SUCCESS,REF-00003057,07-15-2026,Merchant_B,Processor_B,NGN,BANK_TRANSFER,SET-0005
TXN103317,1500.0,SUCCESS,REF-00003317,07-19-2026,Merchant_B,Processor_B,NGN,USSD,SET-0021
TXN100222,1000.0,REFUNDED,REF-00000222,07-25-2026,Merchant_E,Processor_B,NGN,BANK_TRANSFER,SET-0030
TXN100529,50000.0,SUCCESS,REF-00000529,07-01-2026,Merchant_D,Processor_B,NGN,MOBILE_MONEY,SET-0048
TXN109522,100000.0,SUCCESS,REF-00009522,07-24-2026,Merchant_A,Processor_B,NGN,USSD,SET-0022
TXN100272,50000.0,REFUNDED,REF-00000272,07-12-2026,Merchant_D,Processor_B,NGN,CARD,SET-0018
TXN104132,15000.0,SUCCESS,REF-00004132,07-30-2026,Merchant_A,Processor_B,NGN,CARD,SET-0049
TXN103101,25000.0,SUCCESS,REF-00003101,07-09-2026,Merchant_E,Processor_B,NGN,BANK_TRANSFER,SET-0011
TXN105912,25000.0,SUCCESS,REF-00005912,07-25-2026,Merchant_E,Processor_B,NGN,USSD,SET-0011
TXN107928,25000.0,SUCCESS,REF-00007928,07-01-2026,Merchant_A,Processor_B,NGN,CARD,SET-0004
TXN107598,250000.0,SUCCESS,REF-00007598,07-27-2026,Merchant_E,Processor_B,NGN,BANK_TRANSFER,SET-0035
TXN106711,3000.0,SUCCESS,REF-00006711,07-29-2026,Merchant_E,Processor_B,NGN,BANK_TRANSFER,SET-0013
TXN109540,1500.0,FAILED,REF-00009540,07-26-2026,Merchant_C,Processor_B,NGN,CARD,SET-0046
TXN108287,500.0,REFUNDED,REF-00008287,07-09-2026,Merchant_D,Processor_B,NGN,MOBILE_MONEY,SET-0021
TXN105801,1000.0,SUCCESS,REF-00005801,07-10-2026,Merchant_B,Processor_B,NGN,CARD,SET-0002
TXN100866,1500.0,SUCCESS,REF-00000866,07-07-2026,Merchant_E,Processor_B,NGN,CARD,SET-0025
TXN102443,50000.0,SUCCESS,REF-00002443,07-13-2026,Merchant_B,Processor_B,NGN,MOBILE_MONEY,SET-0006
TXN104743,250000.0,SUCCESS,REF-00004743,07-21-2026,Merchant_B,Processor_B,NGN,CARD,SET-0018
TXN103594,10000.0,SUCCESS,REF-00003594,07-08-2026,Merchant_D,Processor_B,NGN,BANK_TRANSFER,SET-0024
TXN103078,1500.0,SUCCESS,REF-00003078,07-29-2026,Merchant_E,Processor_B,NGN,USSD,SET-0039
TXN109684,10000.0,SUCCESS,REF-00009684,07-11-2026,Merchant_C,Processor_B,NGN,USSD,SET-0016
TXN107300,1500.0,SUCCESS,REF-00007300,07-04-2026,Merchant_B,Processor_B,NGN,MOBILE_MONEY,SET-0010
TXN105016,1000.0,SUCCESS,REF-00005016,07-21-2026,Merchant_C,Processor_B,NGN,BANK_TRANSFER,SET-0038
TXN109449,5000.0,SUCCESS,REF-00009449,07-18-2026,Merchant_A,Processor_B,NGN,CARD,SET-0025
TXN102456,7500.0,SUCCESS,REF-00002456,07-25-2026,Merchant_D,Processor_B,NGN,USSD,SET-0013
TXN102271,5000.0,SUCCESS,REF-00002271,07-17-2026,Merchant_B,Processor_B,NGN,MOBILE_MONEY,SET-0042
TXN107142,25000.0,SUCCESS,REF-00007142,07-11-2026,Merchant_C,Processor_B,NGN,USSD,SET-0008
TXN106776,25000.0,SUCCESS,REF-00006776,07-09-2026,Merchant_C,Processor_B,NGN,USSD,SET-0029
TXN101275,1000.0,SUCCESS,REF-00001275,07-06-2026,Merchant_C,Processor_B,NGN,CARD,SET-0017
TXN105422,250000.0,SUCCESS,REF-00005422,07-04-2026,Merchant_E,Processor_B,NGN,USSD,SET-0026
TXN100457,7500.0,SUCCESS,REF-00000457,07-17-2026,Merchant_B,Processor_B,NGN,CARD,SET-0026
TXN100819,5000.0,SUCCESS,REF-00000819,07-11-2026,Merchant_D,Processor_B,NGN,USSD,SET-0042
TXN108521,7500.0,SUCCESS,REF-00008521,07-15-2026,Merchant_A,Processor_B,NGN,CARD,SET-0029
TXN104730,1500.0,REFUNDED,REF-00004730,07-13-2026,Merchant_A,Processor_B,NGN,USSD,SET-0026
TXN109079,2500.0,SUCCESS,REF-00009079,07-14-2026,Merchant_E,Processor_B,NGN,USSD,SET-0031
TXN104037,50100.0,SUCCESS,REF-00004037,07-20-2026,Merchant_B,Processor_B,NGN,MOBILE_MONEY,SET-0005
TXN106274,15000.0,SUCCESS,REF-00006274,07-24-2026,Merchant_D,Processor_B,NGN,BANK_TRANSFER,SET-0016
TXN105472,1000.0,SUCCESS,REF-00005472,07-02-2026,Merchant_C,Processor_B,NGN,MOBILE_MONEY,SET-0045
TXN109672,5000.0,SUCCESS,REF-00009672,07-22-2026,Merchant_B,Processor_B,NGN,CARD,SET-0042
TXN104969,7500.0,SUCCESS,REF-00004969,07-28-2026,Merchant_E,Processor_B,NGN,USSD,SET-0022
TXN109266,5000.0,SUCCESS,REF-00009266,07-19-2026,Merchant_D,Processor_B,NGN,BANK_TRANSFER,SET-0042
TXN107621,10000.0,SUCCESS,REF-00007621,07-10-2026,Merchant_A,Processor_B,NGN,USSD,SET-0038
TXN108837,10000.0,SUCCESS,REF-00008837,07-11-2026,Merchant_A,Processor_B,NGN,MOBILE_MONEY,SET-0022
TXN107708,10000.0,SUCCESS,REF-00007708,07-16-2026,Merchant_E,Processor_B,NGN,CARD,SET-0041
TXN102575,15000.0,SUCCESS,REF-00002575,07-22-2026,Merchant_A,Processor_B,NGN,USSD,SET-0012
TXN108504,1500.0,SUCCESS,REF-00008504,07-17-2026,Merchant_D,Processor_B,NGN,BANK_TRANSFER,SET-0050
TXN105312,100000.0,SUCCESS,REF-00005312,07-10-2026,Merchant_C,Processor_B,NGN,BANK_TRANSFER,SET-0040
TXN102129,7500.0,SUCCESS,REF-00002129,07-06-2026,Merchant_A,Processor_B,NGN,MOBILE_MONEY,SET-0047
TXN102313,25000.0,SUCCESS,REF-00002313,07-18-2026,Merchant_E,Processor_B,NGN,USSD,SET-0047
PROC_ONLY1029,10000.0,SUCCESS,PROC-ONLY-REF-00029,07-11-2026,Merchant_C,Processor_B,NGN,BANK_TRANSFER,SET-0019
TXN103172,1500.0,SUCCESS,REF-00003172,07-19-2026,Merchant_B,Processor_B,NGN,CARD,SET-0013
TXN107933,5000.0,SUCCESS,REF-00007933,07-22-2026,Merchant_D,Processor_B,NGN,CARD,SET-0045
TXN109673,1500.0,SUCCESS,REF-00009673,07-30-2026,Merchant_C,Processor_B,NGN,USSD,SET-0019
TXN100481,25000.0,SUCCESS,REF-00000481,07-21-2026,Merchant_A,Processor_B,NGN,BANK_TRANSFER,SET-0036
TXN107032,10000.0,SUCCESS,REF-00007032,07-27-2026,Merchant_A,Processor_B,NGN,CARD,SET-0029
TXN107377,7500.0,SUCCESS,REF-00007377,07-01-2026,Merchant_C,Processor_B,NGN,BANK_TRANSFER,SET-0005
TXN101846,1500.0,FAILED,REF-00001846,07-28-2026,Merchant_A,Processor_B,NGN,MOBILE_MONEY,SET-0043
TXN103382,500.0,SUCCESS,REF-00003382,07-27-2026,Merchant_E,Processor_B,NGN,MOBILE_MONEY,SET-0033
TXN101204,10000.0,FAILED,REF-00001204,07-23-2026,Merchant_B,Processor_B,NGN,BANK_TRANSFER,SET-0033
TXN100823,7500.0,SUCCESS,REF-00000823,07-12-2026,Merchant_A,Processor_B,NGN,MOBILE_MONEY,SET-0026
TXN102274,250000.0,SUCCESS,REF-00002274,07-02-2026,Merchant_B,Processor_B,NGN,CARD,SET-0050
TXN100548,10000.0,SUCCESS,REF-00000548,07-30-2026,Merchant_B,Processor_B,NGN,USSD,SET-0013
TXN107531,1000.0,SUCCESS,REF-00007531,07-28-2026,Merchant_C,Processor_B,NGN,MOBILE_MONEY,SET-0022
TXN100298,15000.0,SUCCESS,REF-00000298,07-06-2026,Merchant_D,Processor_B,NGN,CARD,SET-0038
TXN103131,50000.0,SUCCESS,REF-00003131,07-23-2026,Merchant_D,Processor_B,NGN,BANK_TRANSFER,SET-0024
TXN103227,5000.0,SUCCESS,REF-00003227,07-28-2026,Merchant_D,Processor_B,NGN,BANK_TRANSFER,SET-0003
TXN102801,100000.0,SUCCESS,REF-00002801,07-26-2026,Merchant_E,Processor_B,NGN,MOBILE_MONEY,SET-0019
TXN100664,1000.0,SUCCESS,REF-00000664,07-02-2026,Merchant_D,Processor_B,NGN,CARD,SET-0018
TXN106265,10000.0,SUCCESS,REF-00006265,07-23-2026,Merchant_E,Processor_B,NGN,USSD,SET-0020
TXN102367,10000.0,SUCCESS,REF-00002367,07-15-2026,Merchant_A,Processor_B,NGN,MOBILE_MONEY,SET-0049
TXN100804,7500.0,REFUNDED,REF-00000804,07-16-2026,Merchant_A,Processor_B,NGN,MOBILE_MONEY,SET-0033
TXN109555,50000.0,SUCCESS,REF-00009555,07-17-2026,Merchant_E,Processor_B,NGN,USSD,SET-0047
TXN106831,1000.0,SUCCESS,REF-00006831,07-24-2026,Merchant_D,Processor_B,NGN,BANK_TRANSFER,SET-0039
TXN106737,500.0,SUCCESS,REF-00006737,07-05-2026,Merchant_D,Processor_B,NGN,MOBILE_MONEY,SET-0010
TXN103113,1000.0,SUCCESS,REF-00003113,07-28-2026,Merchant_A,Processor_B,NGN,USSD,SET-0027
TXN104978,500.0,SUCCESS,REF-00004978,07-23-2026,Merchant_E,Processor_B,NGN,USSD,SET-0048
TXN101385,5000.0,SUCCESS,REF-00001385,07-12-2026,Merchant_A,Processor_B,NGN,CARD,SET-0015
TXN106451,250000.0,SUCCESS,REF-00006451,07-27-2026,Merchant_C,Processor_B,NGN,CARD,SET-0046
TXN101317,25000.0,SUCCESS,REF-00001317,07-06-2026,Merchant_A,Processor_B,NGN,BANK_TRANSFER,SET-0047
TXN100127,50000.0,SUCCESS,REF-00000127,07-28-2026,Merchant_C,Processor_B,NGN,CARD,SET-0045
TXN102355,1500.0,SUCCESS,REF-00002355,07-20-2026,Merchant_C,Processor_B,NGN,USSD,SET-0041
TXN101381,7500.0,SUCCESS,REF-00001381,07-17-2026,Merchant_D,Processor_B,NGN,BANK_TRANSFER,SET-0048
TXN100905,100000.0,SUCCESS,REF-00000905,07-13-2026,Merchant_C,Processor_B,NGN,USSD,SET-0008
TXN101450,10000.0,SUCCESS,REF-00001450,07-06-2026,Merchant_A,Processor_B,NGN,CARD,SET-0042
TXN109663,500.0,SUCCESS,REF-00009663,07-14-2026,Merchant_A,Processor_B,NGN,BANK_TRANSFER,SET-0030
TXN106735,10000.0,FAILED,REF-00006735,07-13-2026,Merchant_D,Processor_B,NGN,BANK_TRANSFER,SET-0048
TXN103507,7500.0,SUCCESS,REF-00003507,07-30-2026,Merchant_A,Processor_B,NGN,BANK_TRANSFER,SET-0043
TXN100163,10000.0,SUCCESS,REF-00000163,07-16-2026,Merchant_A,Processor_B,NGN,USSD,SET-0009
TXN109615,50000.0,SUCCESS,REF-00009615,07-14-2026,Merchant_B,Processor_B,NGN,CARD,SET-0036
TXN101020,25000.0,SUCCESS,REF-00001020,07-31-2026,Merchant_B,Processor_B,NGN,USSD,SET-0035
TXN109356,50000.0,SUCCESS,REF-00009356,07-06-2026,Merchant_C,Processor_B,NGN,USSD,SET-0045
TXN104526,25000.0,SUCCESS,REF-00004526,07-18-2026,Merchant_E,Processor_B,NGN,CARD,SET-0044
TXN103999,1500.0,SUCCESS,REF-00003999,07-20-2026,Merchant_A,Processor_B,NGN,USSD,SET-0031
TXN107008,2500.0,FAILED,REF-00007008,07-31-2026,Merchant_C,Processor_B,NGN,BANK_TRANSFER,SET-0032
TXN103044,25000.0,SUCCESS,REF-00003044,07-05-2026,Merchant_C,Processor_B,NGN,CARD,SET-0007
TXN106406,5000.0,SUCCESS,REF-00006406,07-27-2026,Merchant_B,Processor_B,NGN,MOBILE_MONEY,SET-0049
TXN103842,10000.0,SUCCESS,REF-00003842,07-07-2026,Merchant_E,Processor_B,NGN,BANK_TRANSFER,SET-0019
TXN101798,1000.0,SUCCESS,REF-00001798,07-22-2026,Merchant_C,Processor_B,NGN,CARD,SET-0021
TXN100806,100000.0,SUCCESS,REF-00000806,07-07-2026,Merchant_D,Processor_B,NGN,CARD,SET-0049
TXN104628,15000.0,SUCCESS,REF-00004628,07-01-2026,Merchant_E,Processor_B,NGN,USSD,SET-0021
TXN103407,250000.0,FAILED,REF-00003407,07-03-2026,Merchant_D,Processor_B,NGN,BANK_TRANSFER,SET-0045
TXN100520,15000.0,SUCCESS,REF-00000520,07-24-2026,Merchant_D,Processor_B,NGN,USSD,SET-0019
TXN104400,1500.0,SUCCESS,REF-00004400,07-22-2026,Merchant_C,Processor_B,NGN,USSD,SET-0004
TXN101791,25000.0,SUCCESS,REF-00001791,07-08-2026,Merchant_E,Processor_B,NGN,CARD,SET-0020
TXN103510,5000.0,SUCCESS,REF-00003510,07-10-2026,Merchant_A,Processor_B,NGN,USSD,SET-0043
TXN105419,5000.0,SUCCESS,REF-00005419,07-18-2026,Merchant_B,Processor_B,NGN,MOBILE_MONEY,SET-0026
TXN100666,2500.0,SUCCESS,REF-00000666,07-31-2026,Merchant_B,Processor_B,NGN,BANK_TRANSFER,SET-0046
TXN108826,15000.0,SUCCESS,REF-00008826,07-29-2026,Merchant_C,Processor_B,NGN,USSD,SET-0006
TXN109032,5000.0,FAILED,REF-00009032,07-03-2026,Merchant_A,Processor_B,NGN,CARD,SET-0046
TXN102450,5000.0,SUCCESS,REF-00002450,07-14-2026,Merchant_D,Processor_B,NGN,BANK_TRANSFER,SET-0024
TXN103473,25000.0,SUCCESS,REF-00003473,07-05-2026,Merchant_D,Processor_B,NGN,CARD,SET-0013
TXN105351,250000.0,SUCCESS,REF-00005351,07-09-2026,Merchant_E,Processor_B,NGN,MOBILE_MONEY,SET-0003
TXN104091,5000.0,SUCCESS,REF-00004091,07-11-2026,Merchant_E,Processor_B,NGN,MOBILE_MONEY,SET-0012
TXN106567,10000.0,SUCCESS,REF-00006567,07-24-2026,Merchant_A,Processor_B,NGN,CARD,SET-0047
TXN105977,1500.0,SUCCESS,REF-00005977,07-02-2026,Merchant_E,Processor_B,NGN,USSD,SET-0041
TXN105233,7500.0,SUCCESS,REF-00005233,07-26-2026,Merchant_B,Processor_B,NGN,BANK_TRANSFER,SET-0005
TXN100425,10000.0,SUCCESS,REF-00000425,07-16-2026,Merchant_D,Processor_B,NGN,USSD,SET-0004
TXN101807,1500.0,SUCCESS,REF-00001807,07-23-2026,Merchant_E,Processor_B,NGN,MOBILE_MONEY,SET-0002
TXN106668,1500.0,SUCCESS,REF-00006668,07-22-2026,Merchant_C,Processor_B,NGN,CARD,SET-0031
TXN108762,10000.0,SUCCESS,REF-00008762,07-01-2026,Merchant_D,Processor_B,NGN,CARD,SET-0016
TXN103090,7500.0,SUCCESS,REF-00003090,07-06-2026,Merchant_C,Processor_B,NGN,MOBILE_MONEY,SET-0010
TXN100714,5000.0,REFUNDED,REF-00000714,07-23-2026,Merchant_A,Processor_B,NGN,CARD,SET-0012
TXN102680,2500.0,SUCCESS,REF-00002680,07-08-2026,Merchant_B,Processor_B,NGN,USSD,SET-0011
TXN104860,15000.0,FAILED,REF-00004860,07-01-2026,Merchant_C,Processor_B,NGN,MOBILE_MONEY,SET-0033
TXN101291,1500.0,SUCCESS,REF-00001291,07-30-2026,Merchant_B,Processor_B,NGN,USSD,SET-0011
TXN100915,7500.0,SUCCESS,REF-00000915,07-04-2026,Merchant_E,Processor_B,NGN,BANK_TRANSFER,SET-0049
TXN105788,250000.0,SUCCESS,REF-00005788,07-27-2026,Merchant_E,Processor_B,NGN,CARD,SET-0019
TXN106999,15000.0,SUCCESS,REF-00006999,07-25-2026,Merchant_B,Processor_B,NGN,BANK_TRANSFER,SET-0031
TXN103214,2500.0,SUCCESS,REF-00003214,07-20-2026,Merchant_E,Processor_B,NGN,BANK_TRANSFER,SET-0021
TXN100491,15000.0,SUCCESS,REF-00000491,07-03-2026,Merchant_E,Processor_B,NGN,USSD,SET-0001
TXN106667,25000.0,FAILED,REF-00006667,07-04-2026,Merchant_C,Processor_B,NGN,MOBILE_MONEY,SET-0038
TXN107989,50000.0,SUCCESS,REF-00007989,07-08-2026,Merchant_E,Processor_B,NGN,CARD,SET-0036
TXN108980,25000.0,SUCCESS,REF-00008980,07-19-2026,Merchant_C,Processor_B,NGN,CARD,SET-0038
TXN107630,10000.0,SUCCESS,REF-00007630,07-14-2026,Merchant_B,Processor_B,NGN,BANK_TRANSFER,SET-0049
TXN109892,50000.0,SUCCESS,REF-00009892,07-04-2026,Merchant_B,Processor_B,NGN,CARD,SET-0019
TXN108134,15000.0,SUCCESS,REF-00008134,07-09-2026,Merchant_A,Processor_B,NGN,MOBILE_MONEY,SET-0043
TXN104643,1500.0,SUCCESS,REF-00004643,07-19-2026,Merchant_D,Processor_B,NGN,MOBILE_MONEY,SET-0027
TXN108869,5000.0,SUCCESS,REF-00008869,07-23-2026,Merchant_E,Processor_B,NGN,USSD,SET-0043
TXN108296,15000.0,SUCCESS,REF-00008296,07-20-2026,Merchant_B,Processor_B,NGN,BANK_TRANSFER,SET-0010
TXN102661,100000.0,SUCCESS,REF-00002661,07-14-2026,Merchant_D,Processor_B,NGN,USSD,SET-0027
TXN100049,1500.0,REFUNDED,REF-00000049,07-30-2026,Merchant_A,Processor_B,NGN,MOBILE_MONEY,SET-0049
TXN102426,1000.0,SUCCESS,REF-00002426,07-12-2026,Merchant_D,Processor_B,NGN,MOBILE_MONEY,SET-0006
TXN100480,15000.0,SUCCESS,REF-00000480,07-29-2026,Merchant_E,Processor_B,NGN,CARD,SET-0011
TXN102409,7500.0,REFUNDED,REF-00002409,07-03-2026,Merchant_C,Processor_B,NGN,BANK_TRANSFER,SET-0046
TXN104430,15000.0,REFUNDED,REF-00004430,07-17-2026,Merchant_D,Processor_B,NGN,USSD,SET-0028
TXN101650,500.0,SUCCESS,REF-00001650,07-24-2026,Merchant_A,Processor_B,NGN,BANK_TRANSFER,SET-0003
TXN107096,50000.0,SUCCESS,REF-00007096,07-16-2026,Merchant_C,Processor_B,NGN,CARD,SET-0018
TXN109202,15000.0,SUCCESS,REF-00009202,07-22-2026,Merchant_B,Processor_B,NGN,MOBILE_MONEY,SET-0036
TXN102823,2500.0,SUCCESS,REF-00002823,07-16-2026,Merchant_E,Processor_B,NGN,MOBILE_MONEY,SET-0001
TXN105653,5000.0,SUCCESS,REF-00005653,07-05-2026,Merchant_B,Processor_B,NGN,CARD,SET-0017
TXN101600,2500.0,SUCCESS,REF-00001600,07-07-2026,Merchant_E,Processor_B,NGN,MOBILE_MONEY,SET-0041
TXN106641,50000.0,SUCCESS,REF-00006641,07-31-2026,Merchant_D,Processor_B,NGN,CARD,SET-0047
TXN104280,1500.0,FAILED,REF-00004280,07-28-2026,Merchant_B,Processor_B,NGN,BANK_TRANSFER,SET-0043
TXN103953,1500.0,SUCCESS,REF-00003953,07-29-2026,Merchant_A,Processor_B,NGN,CARD,SET-0003
TXN103120,5000.0,SUCCESS,REF-00003120,07-08-2026,Merchant_E,Processor_B,NGN,BANK_TRANSFER,SET-0044
TXN102583,7500.0,SUCCESS,REF-00002583,07-19-2026,Merchant_B,Processor_B,NGN,MOBILE_MONEY,SET-0050
TXN102022,100000.0,SUCCESS,REF-00002022,07-13-2026,Merchant_A,Processor_B,NGN,CARD,SET-0019
TXN106020,7500.0,SUCCESS,REF-00006020,07-27-2026,Merchant_E,Processor_B,NGN,MOBILE_MONEY,SET-0028
TXN100177,5000.0,SUCCESS,REF-00000177,07-05-2026,Merchant_E,Processor_B,NGN,USSD,SET-0045
TXN100743,10000.0,SUCCESS,REF-00000743,07-09-2026,Merchant_E,Processor_B,NGN,CARD,SET-0038
TXN101172,15000.0,FAILED,REF-00001172,07-13-2026,Merchant_D,Processor_B,NGN,MOBILE_MONEY,SET-0007
TXN102833,5000.0,SUCCESS,REF-00002833,07-18-2026,Merchant_E,Processor_B,NGN,CARD,SET-0031
TXN100439,1000.0,SUCCESS,REF-00000439,07-08-2026,Merchant_A,Processor_B,NGN,BANK_TRANSFER,SET-0015
TXN109873,2500.0,SUCCESS,REF-00009873,07-29-2026,Merchant_A,Processor_B,NGN,CARD,SET-0022
TXN106582,25000.0,SUCCESS,REF-00006582,07-06-2026,Merchant_A,Processor_B,NGN,BANK_TRANSFER,SET-0041
TXN103314,2500.0,SUCCESS,REF-00003314,07-31-2026,Merchant_B,Processor_B,NGN,USSD,SET-0002
TXN100705,250000.0,SUCCESS,REF-00000705,07-13-2026,Merchant_A,Processor_B,NGN,CARD,SET-0029
TXN106889,10000.0,SUCCESS,REF-00006889,07-10-2026,Merchant_E,Processor_B,NGN,BANK_TRANSFER,SET-0050
TXN104635,250000.0,SUCCESS,REF-00004635,07-07-2026,Merchant_C,Processor_B,NGN,MOBILE_MONEY,SET-0032
TXN105400,2500.0,SUCCESS,REF-00005400,07-04-2026,Merchant_C,Processor_B,NGN,USSD,SET-0025
TXN109183,15000.0,REFUNDED,REF-00009183,07-10-2026,Merchant_D,Processor_B,NGN,CARD,SET-0031
TXN100356,500.0,SUCCESS,REF-00000356,07-28-2026,Merchant_C,Processor_B,NGN,BANK_TRANSFER,SET-0001
TXN106506,25000.0,SUCCESS,REF-00006506,07-30-2026,Merchant_D,Processor_B,NGN,MOBILE_MONEY,SET-0040
TXN100737,50000.0,SUCCESS,REF-00000737,07-21-2026,Merchant_A,Processor_B,NGN,MOBILE_MONEY,SET-0006
TXN101706,15000.0,FAILED,REF-00001706,07-29-2026,Merchant_C,Processor_B,NGN,MOBILE_MONEY,SET-0030
TXN107606,1500.0,SUCCESS,REF-00007606,07-05-2026,Merchant_A,Processor_B,NGN,MOBILE_MONEY,SET-0038
TXN101525,2500.0,SUCCESS,REF-00001525,07-14-2026,Merchant_E,Processor_B,NGN,BANK_TRANSFER,SET-0043
TXN102613,25000.0,SUCCESS,REF-00002613,07-04-2026,Merchant_A,Processor_B,NGN,CARD,SET-0043
TXN103330,15000.0,SUCCESS,REF-00003330,07-23-2026,Merchant_B,Processor_B,NGN,BANK_TRANSFER,SET-0048
TXN106820,10000.0,SUCCESS,REF-00006820,07-15-2026,Merchant_B,Processor_B,NGN,USSD,SET-0004
TXN105537,100000.0,SUCCESS,REF-00005537,07-26-2026,Merchant_B,Processor_B,NGN,MOBILE_MONEY,SET-0045
TXN108484,25000.0,SUCCESS,REF-00008484,07-21-2026,Merchant_E,Processor_B,NGN,MOBILE_MONEY,SET-0009
TXN108422,2500.0,SUCCESS,REF-00008422,07-14-2026,Merchant_D,Processor_B,NGN,CARD,SET-0014
TXN100252,50000.0,SUCCESS,REF-00000252,07-27-2026,Merchant_B,Processor_B,NGN,USSD,SET-0001
TXN104212,10000.0,SUCCESS,REF-00004212,07-03-2026,Merchant_C,Processor_B,NGN,MOBILE_MONEY,SET-0039
TXN105512,50000.0,FAILED,REF-00005512,07-17-2026,Merchant_C,Processor_B,NGN,USSD,SET-0045
TXN105869,10000.0,SUCCESS,REF-00005869,07-15-2026,Merchant_C,Processor_B,NGN,BANK_TRANSFER,SET-0033
TXN104337,100000.0,REFUNDED,REF-00004337,07-16-2026,Merchant_A,Processor_B,NGN,USSD,SET-0050
TXN104401,10000.0,SUCCESS,REF-00004401,07-12-2026,Merchant_B,Processor_B,NGN,CARD,SET-0044
TXN108048,100000.0,SUCCESS,REF-00008048,07-13-2026,Merchant_D,Processor_B,NGN,CARD,SET-0003
TXN106660,10000.0,SUCCESS,REF-00006660,07-31-2026,Merchant_E,Processor_B,NGN,CARD,SET-0044
TXN105839,15000.0,FAILED,REF-00005839,07-17-2026,Merchant_C,Processor_B,NGN,USSD,SET-0004
TXN101119,1500.0,SUCCESS,REF-00001119,07-06-2026,Merchant_D,Processor_B,NGN,CARD,SET-0030
TXN100351,50000.0,SUCCESS,REF-00000351,07-31-2026,Merchant_D,Processor_B,NGN,MOBILE_MONEY,SET-0027
TXN104215,50000.0,SUCCESS,REF-00004215,07-25-2026,Merchant_B,Processor_B,NGN,MOBILE_MONEY,SET-0011
TXN107098,2750.0,SUCCESS,REF-00007098,07-15-2026,Merchant_B,Processor_B,NGN,MOBILE_MONEY,SET-0050
TXN101210,7500.0,SUCCESS,REF-00001210,07-14-2026,Merchant_E,Processor_B,NGN,BANK_TRANSFER,SET-0050
TXN103389,15000.0,SUCCESS,REF-00003389,07-23-2026,Merchant_B,Processor_B,NGN,USSD,SET-0047
TXN109539,15000.0,SUCCESS,REF-00009539,07-26-2026,Merchant_D,Processor_B,NGN,USSD,SET-0028
TXN106439,10000.0,SUCCESS,REF-00006439,07-16-2026,Merchant_C,Processor_B,NGN,USSD,SET-0021
TXN101819,5000.0,SUCCESS,REF-00001819,07-05-2026,Merchant_D,Processor_B,NGN,BANK_TRANSFER,SET-0023
TXN108911,25000.0,SUCCESS,REF-00008911,07-23-2026,Merchant_B,Processor_B,NGN,CARD,SET-0041
TXN105181,50000.0,SUCCESS,REF-00005181,07-28-2026,Merchant_D,Processor_B,NGN,MOBILE_MONEY,SET-0027
TXN108452,25000.0,SUCCESS,REF-00008452,07-29-2026,Merchant_A,Processor_B,NGN,BANK_TRANSFER,SET-0016
TXN100763,25000.0,SUCCESS,REF-00000763,07-03-2026,Merchant_E,Processor_B,NGN,MOBILE_MONEY,SET-0009
TXN108846,100000.0,SUCCESS,REF-00008846,07-12-2026,Merchant_E,Processor_B,NGN,BANK_TRANSFER,SET-0038
TXN100321,25000.0,SUCCESS,REF-00000321,07-27-2026,Merchant_E,Processor_B,NGN,MOBILE_MONEY,SET-0042
TXN107761,1000.0,SUCCESS,REF-00007761,07-11-2026,Merchant_B,Processor_B,NGN,USSD,SET-0049
TXN108952,500.0,FAILED,REF-00008952,07-30-2026,Merchant_B,Processor_B,NGN,BANK_TRANSFER,SET-0020
TXN100603,1000.0,FAILED,REF-00000603,07-12-2026,Merchant_A,Processor_B,NGN,BANK_TRANSFER,SET-0011
TXN104266,15000.0,FAILED,REF-00004266,07-14-2026,Merchant_A,Processor_B,NGN,USSD,SET-0047
TXN107863,15000.0,SUCCESS,REF-00007863,07-08-2026,Merchant_B,Processor_B,NGN,MOBILE_MONEY,SET-0023
TXN105259,100000.0,SUCCESS,REF-00005259,07-11-2026,Merchant_A,Processor_B,NGN,BANK_TRANSFER,SET-0029
TXN105929,100000.0,SUCCESS,REF-00005929,07-20-2026,Merchant_B,Processor_B,NGN,CARD,SET-0013
TXN106921,1000.0,SUCCESS,REF-00006921,07-09-2026,Merchant_C,Processor_B,NGN,MOBILE_MONEY,SET-0009
TXN101053,50000.0,SUCCESS,REF-00001053,07-02-2026,Merchant_B,Processor_B,NGN,CARD,SET-0022
TXN105144,7500.0,SUCCESS,REF-00005144,07-04-2026,Merchant_B,Processor_B,NGN,BANK_TRANSFER,SET-0005
TXN108581,25000.0,SUCCESS,REF-00008581,07-25-2026,Merchant_B,Processor_B,NGN,USSD,SET-0020
TXN102465,2500.0,SUCCESS,REF-00002465,07-24-2026,Merchant_C,Processor_B,NGN,USSD,SET-0031
TXN106601,15000.0,SUCCESS,REF-00006601,07-13-2026,Merchant_A,Processor_B,NGN,USSD,SET-0025
TXN104647,2500.0,SUCCESS,REF-00004647,07-18-2026,Merchant_D,Processor_B,NGN,MOBILE_MONEY,SET-0008
TXN105967,1000.0,SUCCESS,REF-00005967,07-15-2026,Merchant_B,Processor_B,NGN,CARD,SET-0014
TXN105410,15000.0,SUCCESS,REF-00005410,07-11-2026,Merchant_C,Processor_B,NGN,CARD,SET-0021
TXN104519,500.0,SUCCESS,REF-00004519,07-18-2026,Merchant_C,Processor_B,NGN,CARD,SET-0002
TXN105049,10000.0,SUCCESS,REF-00005049,07-22-2026,Merchant_D,Processor_B,NGN,MOBILE_MONEY,SET-0025
TXN102821,2500.0,SUCCESS,REF-00002821,07-19-2026,Merchant_A,Processor_B,NGN,MOBILE_MONEY,SET-0015
TXN100128,500.0,SUCCESS,REF-00000128,07-13-2026,Merchant_E,Processor_B,NGN,USSD,SET-0029
TXN105762,100000.0,SUCCESS,REF-00005762,07-19-2026,Merchant_B,Processor_B,NGN,MOBILE_MONEY,SET-0048
TXN109495,7500.0,SUCCESS,REF-00009495,07-21-2026,Merchant_A,Processor_B,NGN,CARD,SET-0029
TXN108102,5000.0,SUCCESS,REF-00008102,07-19-2026,Merchant_D,Processor_B,NGN,CARD,SET-0029
TXN103447,25000.0,SUCCESS,REF-00003447,07-10-2026,Merchant_E,Processor_B,NGN,USSD,SET-0034
TXN100613,1000.0,SUCCESS,REF-00000613,07-16-2026,Merchant_D,Processor_B,NGN,BANK_TRANSFER,SET-0001
TXN104772,2500.0,SUCCESS,REF-00004772,07-25-2026,Merchant_C,Processor_B,NGN,BANK_TRANSFER,SET-0002
TXN101513,500.0,SUCCESS,REF-00001513,07-05-2026,Merchant_B,Processor_B,NGN,CARD,SET-0016
TXN104879,50000.0,SUCCESS,REF-00004879,07-11-2026,Merchant_C,Processor_B,NGN,MOBILE_MONEY,SET-0040
TXN105598,15000.0,SUCCESS,REF-00005598,07-08-2026,Merchant_E,Processor_B,NGN,USSD,SET-0037
TXN104189,25000.0,SUCCESS,REF-00004189,07-27-2026,Merchant_E,Processor_B,NGN,USSD,SET-0018
TXN109585,50000.0,SUCCESS,REF-00009585,07-26-2026,Merchant_C,Processor_B,NGN,USSD,SET-0032
TXN100939,10000.0,SUCCESS,REF-00000939,07-08-2026,Merchant_E,Processor_B,NGN,BANK_TRANSFER,SET-0027
TXN100697,10000.0,SUCCESS,REF-00000697,07-03-2026,Merchant_B,Processor_B,NGN,MOBILE_MONEY,SET-0042
TXN101011,250000.0,SUCCESS,REF-00001011,07-31-2026,Merchant_A,Processor_B,NGN,CARD,SET-0014
TXN109764,100000.0,SUCCESS,REF-00009764,07-12-2026,Merchant_D,Processor_B,NGN,BANK_TRANSFER,SET-0020
TXN102608,25000.0,SUCCESS,REF-00002608,07-24-2026,Merchant_A,Processor_B,NGN,USSD,SET-0042
TXN102107,100000.0,SUCCESS,REF-00002107,07-20-2026,Merchant_E,Processor_B,NGN,USSD,SET-0018
TXN106928,25000.0,SUCCESS,REF-00006928,07-07-2026,Merchant_A,Processor_B,NGN,MOBILE_MONEY,SET-0019
TXN102028,2500.0,SUCCESS,REF-00002028,07-03-2026,Merchant_B,Processor_B,NGN,BANK_TRANSFER,SET-0006
TXN106720,25000.0,SUCCESS,REF-00006720,07-27-2026,Merchant_E,Processor_B,NGN,USSD,SET-0045
TXN108437,500.0,SUCCESS,REF-00008437,07-21-2026,Merchant_B,Processor_B,NGN,BANK_TRANSFER,SET-0045
TXN105925,25000.0,SUCCESS,REF-00005925,07-27-2026,Merchant_E,Processor_B,NGN,USSD,SET-0050
TXN103982,2500.0,SUCCESS,REF-00003982,07-29-2026,Merchant_E,Processor_B,NGN,USSD,SET-0038
TXN101293,15000.0,SUCCESS,REF-00001293,07-24-2026,Merchant_E,Processor_B,NGN,CARD,SET-0015
TXN104168,5000.0,SUCCESS,REF-00004168,07-01-2026,Merchant_B,Processor_B,NGN,CARD,SET-0010
TXN102463,10000.0,SUCCESS,REF-00002463,07-22-2026,Merchant_E,Processor_B,NGN,USSD,SET-0004
TXN107909,10000.0,SUCCESS,REF-00007909-X,07-16-2026,Merchant_A,Processor_B,NGN,USSD,SET-0012
TXN101193,15000.0,SUCCESS,REF-00001193,07-03-2026,Merchant_A,Processor_B,NGN,BANK_TRANSFER,SET-0008
TXN107316,500.0,SUCCESS,REF-00007316,07-08-2026,Merchant_C,Processor_B,NGN,USSD,SET-0010
TXN106805,50000.0,REFUNDED,REF-00006805,07-14-2026,Merchant_C,Processor_B,NGN,USSD,SET-0029
TXN108099,10000.0,SUCCESS,REF-00008099,07-09-2026,Merchant_A,Processor_B,NGN,USSD,SET-0009
TXN104126,15000.0,SUCCESS,REF-00004126,07-04-2026,Merchant_B,Processor_B,NGN,CARD,SET-0033
TXN106331,25000.0,SUCCESS,REF-00006331,07-15-2026,Merchant_D,Processor_B,NGN,CARD,SET-0040
TXN103677,5000.0,FAILED,REF-00003677,07-26-2026,Merchant_B,Processor_B,NGN,BANK_TRANSFER,SET-0020
TXN100006,1000.0,SUCCESS,REF-00000006,07-29-2026,Merchant_C,Processor_B,NGN,USSD,SET-0019
TXN102210,25000.0,SUCCESS,REF-00002210,07-03-2026,Merchant_E,Processor_B,NGN,BANK_TRANSFER,SET-0044
TXN104930,7500.0,SUCCESS,REF-00004930,07-02-2026,Merchant_E,Processor_B,NGN,MOBILE_MONEY,SET-0023
TXN109659,50000.0,SUCCESS,REF-00009659,07-19-2026,Merchant_E,Processor_B,NGN,BANK_TRANSFER,SET-0021
TXN108055,7500.0,SUCCESS,REF-00008055,07-01-2026,Merchant_B,Processor_B,NGN,BANK_TRANSFER,SET-0043
TXN106435,10000.0,SUCCESS,REF-00006435,07-09-2026,Merchant_D,Processor_B,NGN,CARD,SET-0045
TXN105674,250000.0,FAILED,REF-00005674,07-16-2026,Merchant_E,Processor_B,NGN,CARD,SET-0044
TXN103792,15000.0,SUCCESS,REF-00003792,07-15-2026,Merchant_B,Processor_B,NGN,CARD,SET-0044
TXN101244,25000.0,SUCCESS,REF-00001244,07-13-2026,Merchant_E,Processor_B,NGN,CARD,SET-0040
TXN101678,1500.0,SUCCESS,REF-00001678,07-01-2026,Merchant_B,Processor_B,NGN,USSD,SET-0034
TXN109714,10000.0,SUCCESS,REF-00009714,07-29-2026,Merchant_C,Processor_B,NGN,USSD,SET-0002
TXN107555,7500.0,SUCCESS,REF-00007555,07-05-2026,Merchant_B,Processor_B,NGN,BANK_TRANSFER,SET-0032
TXN109438,500.0,SUCCESS,REF-00009438,07-30-2026,Merchant_C,Processor_B,NGN,BANK_TRANSFER,SET-0049
TXN100595,10000.0,SUCCESS,REF-00000595,07-26-2026,Merchant_D,Processor_B,NGN,BANK_TRANSFER,SET-0019
TXN105844,100000.0,SUCCESS,REF-00005844,07-28-2026,Merchant_E,Processor_B,NGN,CARD,SET-0034
TXN109122,15000.0,SUCCESS,REF-00009122,07-21-2026,Merchant_A,Processor_B,NGN,BANK_TRANSFER,SET-0030
TXN100988,2500.0,SUCCESS,REF-00000988,07-05-2026,Merchant_D,Processor_B,NGN,USSD,SET-0049
TXN100752,15000.0,SUCCESS,REF-00000752,07-07-2026,Merchant_B,Processor_B,NGN,MOBILE_MONEY,SET-0019
TXN109841,250000.0,SUCCESS,REF-00009841,07-10-2026,Merchant_D,Processor_B,NGN,BANK_TRANSFER,SET-0046
TXN107225,250500.0,SUCCESS,REF-00007225,07-10-2026,Merchant_E,Processor_B,NGN,CARD,SET-0048
TXN109846,50000.0,SUCCESS,REF-00009846,07-10-2026,Merchant_E,Processor_B,NGN,CARD,SET-0013
TXN100912,15000.0,SUCCESS,REF-00000912,07-11-2026,Merchant_E,Processor_B,NGN,CARD,SET-0003
TXN105177,1000.0,SUCCESS,REF-00005177,07-22-2026,Merchant_A,Processor_B,NGN,USSD,SET-0013
TXN100409,1000.0,SUCCESS,REF-00000409,07-29-2026,Merchant_A,Processor_B,NGN,BANK_TRANSFER,SET-0023
TXN104863,5000.0,SUCCESS,REF-00004863,07-31-2026,Merchant_C,Processor_B,NGN,MOBILE_MONEY,SET-0028
TXN100484,10000.0,SUCCESS,REF-00000484,07-03-2026,Merchant_A,Processor_B,NGN,MOBILE_MONEY,SET-0016
TXN100777,25000.0,SUCCESS,REF-00000777,07-04-2026,Merchant_D,Processor_B,NGN,BANK_TRANSFER,SET-0008
TXN109063,7500.0,SUCCESS,REF-00009063,07-15-2026,Merchant_D,Processor_B,NGN,USSD,SET-0003
TXN109163,5000.0,SUCCESS,REF-00009163,07-04-2026,Merchant_B,Processor_B,NGN,MOBILE_MONEY,SET-0007
TXN103722,100000.0,SUCCESS,REF-00003722,07-20-2026,Merchant_D,Processor_B,NGN,MOBILE_MONEY,SET-0009
TXN103130,50000.0,SUCCESS,REF-00003130,07-02-2026,Merchant_C,Processor_B,NGN,USSD,SET-0016
TXN102067,2500.0,REFUNDED,REF-00002067,07-14-2026,Merchant_A,Processor_B,NGN,MOBILE_MONEY,SET-0029
TXN101658,7500.0,SUCCESS,REF-00001658,07-30-2026,Merchant_E,Processor_B,NGN,BANK_TRANSFER,SET-0018
TXN106477,1000.0,SUCCESS,REF-00006477,07-13-2026,Merchant_A,Processor_B,NGN,MOBILE_MONEY,SET-0043
TXN100098,500.0,SUCCESS,REF-00000098,07-18-2026,Merchant_D,Processor_B,NGN,USSD,SET-0047
TXN100494,7500.0,SUCCESS,REF-00000494,07-24-2026,Merchant_B,Processor_B,NGN,CARD,SET-0026
TXN107238,15000.0,SUCCESS,REF-00007238,07-16-2026,Merchant_B,Processor_B,NGN,CARD,SET-0050
TXN107859,2500.0,SUCCESS,REF-00007859,07-12-2026,Merchant_C,Processor_B,NGN,MOBILE_MONEY,SET-0020
TXN101230,100000.0,SUCCESS,REF-00001230,07-23-2026,Merchant_C,Processor_B,NGN,MOBILE_MONEY,SET-0027
TXN105798,250000.0,SUCCESS,REF-00005798,07-16-2026,Merchant_B,Processor_B,NGN,MOBILE_MONEY,SET-0043
TXN105870,2500.0,SUCCESS,REF-00005870,07-23-2026,Merchant_B,Processor_B,NGN,USSD,SET-0002
TXN100686,10000.0,SUCCESS,REF-00000686,07-12-2026,Merchant_D,Processor_B,NGN,CARD,SET-0009
TXN104353,250000.0,SUCCESS,REF-00004353,07-01-2026,Merchant_A,Processor_B,NGN,CARD,SET-0038
TXN104862,1000.0,SUCCESS,REF-00004862,07-19-2026,Merchant_C,Processor_B,NGN,CARD,SET-0043
TXN107270,5000.0,SUCCESS,REF-00007270,07-17-2026,Merchant_E,Processor_B,NGN,CARD,SET-0003
TXN108759,10000.0,SUCCESS,REF-00008759,07-22-2026,Merchant_E,Processor_B,NGN,USSD,SET-0009
TXN104907,2500.0,SUCCESS,REF-00004907,07-03-2026,Merchant_E,Processor_B,NGN,MOBILE_MONEY,SET-0015
TXN108259,50000.0,SUCCESS,REF-00008259,07-09-2026,Merchant_D,Processor_B,NGN,MOBILE_MONEY,SET-0042
TXN107840,10000.0,SUCCESS,REF-00007840,07-26-2026,Merchant_E,Processor_B,NGN,CARD,SET-0047
TXN103891,10000.0,SUCCESS,REF-00003891,07-20-2026,Merchant_C,Processor_B,NGN,USSD,SET-0001
TXN104742,500.0,SUCCESS,REF-00004742,07-17-2026,Merchant_D,Processor_B,NGN,USSD,SET-0014
TXN105564,100000.0,SUCCESS,REF-00005564,07-08-2026,Merchant_A,Processor_B,NGN,USSD,SET-0008
TXN108163,10000.0,SUCCESS,REF-00008163,07-03-2026,Merchant_B,Processor_B,NGN,USSD,SET-0031
TXN103233,1000.0,SUCCESS,REF-00003233,07-17-2026,Merchant_C,Processor_B,NGN,CARD,SET-0007
TXN104610,5000.0,SUCCESS,REF-00004610,07-02-2026,Merchant_C,Processor_B,NGN,USSD,SET-0034
TXN102656,50000.0,SUCCESS,REF-00002656,07-30-2026,Merchant_A,Processor_B,NGN,CARD,SET-0022
TXN101264,500.0,SUCCESS,REF-00001264,07-10-2026,Merchant_E,Processor_B,NGN,USSD,SET-0003
TXN101352,7500.0,SUCCESS,REF-00001352,07-03-2026,Merchant_D,Processor_B,NGN,USSD,SET-0002
TXN104425,7500.0,SUCCESS,REF-00004425,07-10-2026,Merchant_E,Processor_B,NGN,CARD,SET-0038
TXN102961,5000.0,SUCCESS,REF-00002961,07-03-2026,Merchant_E,Processor_B,NGN,USSD,SET-0022
TXN103579,10000.0,SUCCESS,REF-00003579,07-03-2026,Merchant_C,Processor_B,NGN,BANK_TRANSFER,SET-0006
TXN104621,25000.0,SUCCESS,REF-00004621,07-16-2026,Merchant_A,Processor_B,NGN,CARD,SET-0015
TXN102176,5000.0,SUCCESS,REF-00002176,07-09-2026,Merchant_A,Processor_B,NGN,USSD,SET-0022
TXN103402,250000.0,SUCCESS,REF-00003402,07-18-2026,Merchant_C,Processor_B,NGN,MOBILE_MONEY,SET-0043
TXN101276,2500.0,SUCCESS,REF-00001276,07-05-2026,Merchant_A,Processor_B,NGN,USSD,SET-0048
TXN102538,25000.0,SUCCESS,REF-00002538,07-26-2026,Merchant_B,Processor_B,NGN,USSD,SET-0029
TXN101070,5000.0,SUCCESS,REF-00001070,07-31-2026,Merchant_D,Processor_B,NGN,MOBILE_MONEY,SET-0041
TXN108248,100000.0,SUCCESS,REF-00008248,07-20-2026,Merchant_D,Processor_B,NGN,MOBILE_MONEY,SET-0043
TXN107184,2500.0,SUCCESS,REF-00007184,07-28-2026,Merchant_C,Processor_B,NGN,CARD,SET-0005
TXN106167,250000.0,REFUNDED,REF-00006167,07-04-2026,Merchant_C,Processor_B,NGN,BANK_TRANSFER,SET-0007
TXN103015,5000.0,SUCCESS,REF-00003015,07-10-2026,Merchant_B,Processor_B,NGN,MOBILE_MONEY,SET-0027
TXN102778,7500.0,SUCCESS,REF-00002778,07-13-2026,Merchant_D,Processor_B,NGN,CARD,SET-0043
TXN101992,15000.0,REFUNDED,REF-00001992,07-07-2026,Merchant_B,Processor_B,NGN,CARD,SET-0001
TXN104387,1000.0,SUCCESS,REF-00004387,07-25-2026,Merchant_D,Processor_B,NGN,USSD,SET-0046
TXN102887,7500.0,SUCCESS,REF-00002887,07-12-2026,Merchant_B,Processor_B,NGN,MOBILE_MONEY,SET-0030
TXN100682,1500.0,SUCCESS,REF-00000682,07-28-2026,Merchant_A,Processor_B,NGN,USSD,SET-0044
TXN106797,5000.0,SUCCESS,REF-00006797,07-23-2026,Merchant_E,Processor_B,NGN,CARD,SET-0019
TXN106866,7500.0,SUCCESS,REF-00006866,07-28-2026,Merchant_B,Processor_B,NGN,CARD,SET-0005
TXN104588,15000.0,SUCCESS,REF-00004588,07-31-2026,Merchant_E,Processor_B,NGN,CARD,SET-0034
TXN102199,5000.0,SUCCESS,REF-00002199,07-28-2026,Merchant_D,Processor_B,NGN,CARD,SET-0009
TXN108686,5000.0,SUCCESS,REF-00008686,07-27-2026,Merchant_C,Processor_B,NGN,MOBILE_MONEY,SET-0049
TXN103558,1000.0,SUCCESS,REF-00003558,07-23-2026,Merchant_B,Processor_B,NGN,USSD,SET-0035
TXN107365,5000.0,REFUNDED,REF-00007365,07-23-2026,Merchant_B,Processor_B,NGN,CARD,SET-0021
TXN106126,10000.0,FAILED,REF-00006126,07-25-2026,Merchant_D,Processor_B,NGN,USSD,SET-0017
TXN108899,100000.0,SUCCESS,REF-00008899,07-28-2026,Merchant_B,Processor_B,NGN,CARD,SET-0034
TXN108174,15000.0,FAILED,REF-00008174,07-29-2026,Merchant_A,Processor_B,NGN,BANK_TRANSFER,SET-0002
TXN108563,100000.0,SUCCESS,REF-00008563,07-25-2026,Merchant_A,Processor_B,NGN,USSD,SET-0033
TXN102815,25000.0,SUCCESS,REF-00002815,07-08-2026,Merchant_E,Processor_B,NGN,USSD,SET-0013
TXN102436,5000.0,SUCCESS,REF-00002436,07-22-2026,Merchant_B,Processor_B,NGN,BANK_TRANSFER,SET-0004
TXN109738,5000.0,SUCCESS,REF-00009738,07-07-2026,Merchant_A,Processor_B,NGN,BANK_TRANSFER,SET-0013
TXN101447,50000.0,SUCCESS,REF-00001447,07-07-2026,Merchant_E,Processor_B,NGN,MOBILE_MONEY,SET-0049
TXN108579,1000.0,SUCCESS,REF-00008579,07-18-2026,Merchant_B,Processor_B,NGN,MOBILE_MONEY,SET-0012
TXN102517,10000.0,REFUNDED,REF-00002517,07-07-2026,Merchant_D,Processor_B,NGN,BANK_TRANSFER,SET-0045
TXN107371,15000.0,SUCCESS,REF-00007371,07-23-2026,Merchant_C,Processor_B,NGN,USSD,SET-0046
TXN105053,1000.0,FAILED,REF-00005053,07-24-2026,Merchant_E,Processor_B,NGN,CARD,SET-0024
TXN103159,5000.0,SUCCESS,REF-00003159,07-16-2026,Merchant_B,Processor_B,NGN,USSD,SET-0046
TXN106195,1500.0,SUCCESS,REF-00006195,07-01-2026,Merchant_B,Processor_B,NGN,CARD,SET-0005
TXN109199,10000.0,SUCCESS,REF-00009199,07-15-2026,Merchant_A,Processor_B,NGN,USSD,SET-0044
TXN107330,2500.0,SUCCESS,REF-00007330,07-29-2026,Merchant_B,Processor_B,NGN,CARD,SET-0048
TXN105313,250000.0,SUCCESS,REF-00005313,07-25-2026,Merchant_E,Processor_B,NGN,CARD,SET-0002
TXN108907,15000.0,SUCCESS,REF-00008907,07-04-2026,Merchant_E,Processor_B,NGN,USSD,SET-0043
TXN102716,15000.0,SUCCESS,REF-00002716,07-12-2026,Merchant_E,Processor_B,NGN,MOBILE_MONEY,SET-0003
TXN108024,2500.0,SUCCESS,REF-00008024,07-21-2026,Merchant_D,Processor_B,NGN,CARD,SET-0004
TXN104313,100000.0,SUCCESS,REF-00004313,07-09-2026,Merchant_E,Processor_B,NGN,MOBILE_MONEY,SET-0006
TXN109581,10000.0,SUCCESS,REF-00009581,07-10-2026,Merchant_A,Processor_B,NGN,MOBILE_MONEY,SET-0035
TXN100820,50000.0,SUCCESS,REF-00000820,07-11-2026,Merchant_B,Processor_B,NGN,CARD,SET-0050
TXN107308,25000.0,SUCCESS,REF-00007308,07-23-2026,Merchant_B,Processor_B,NGN,MOBILE_MONEY,SET-0028
TXN101514,2500.0,SUCCESS,REF-00001514,07-20-2026,Merchant_C,Processor_B,NGN,MOBILE_MONEY,SET-0032
TXN107226,50000.0,SUCCESS,REF-00007226,07-09-2026,Merchant_C,Processor_B,NGN,MOBILE_MONEY,SET-0011
TXN107769,25000.0,SUCCESS,REF-00007769,07-15-2026,Merchant_E,Processor_B,NGN,BANK_TRANSFER,SET-0014
TXN104469,100000.0,SUCCESS,REF-00004469,07-24-2026,Merchant_A,Processor_B,NGN,CARD,SET-0033
TXN104671,100000.0,SUCCESS,REF-00004671,07-13-2026,Merchant_B,Processor_B,NGN,USSD,SET-0023
TXN109642,5000.0,SUCCESS,REF-00009642,07-17-2026,Merchant_A,Processor_B,NGN,MOBILE_MONEY,SET-0032
TXN101825,10000.0,SUCCESS,REF-00001825,07-21-2026,Merchant_C,Processor_B,NGN,USSD,SET-0038
TXN109669,25000.0,SUCCESS,REF-00009669,07-12-2026,Merchant_C,Processor_B,NGN,USSD,SET-0009
TXN102518,15000.0,FAILED,REF-00002518,07-31-2026,Merchant_A,Processor_B,NGN,BANK_TRANSFER,SET-0012
TXN103453,5000.0,SUCCESS,REF-00003453,07-28-2026,Merchant_A,Processor_B,NGN,CARD,SET-0031
TXN109610,25000.0,SUCCESS,REF-00009610,07-04-2026,Merchant_E,Processor_B,NGN,USSD,SET-0028
TXN103013,5000.0,SUCCESS,REF-00003013,07-09-2026,Merchant_A,Processor_B,NGN,MOBILE_MONEY,SET-0025
TXN103354,1500.0,SUCCESS,REF-00003354,07-29-2026,Merchant_B,Processor_B,NGN,MOBILE_MONEY,SET-0022
TXN106809,5000.0,SUCCESS,REF-00006809,07-07-2026,Merchant_A,Processor_B,NGN,BANK_TRANSFER,SET-0037
TXN105381,10000.0,SUCCESS,REF-00005381,07-29-2026,Merchant_C,Processor_B,NGN,CARD,SET-0027
PROC_ONLY1037,50000.0,SUCCESS,PROC-ONLY-REF-00037,07-17-2026,Merchant_C,Processor_B,NGN,USSD,SET-0007
TXN100074,25000.0,REFUNDED,REF-00000074,07-28-2026,Merchant_E,Processor_B,NGN,USSD,SET-0013
TXN105675,500.0,SUCCESS,REF-00005675,07-24-2026,Merchant_C,Processor_B,NGN,MOBILE_MONEY,SET-0009
TXN102311,100000.0,SUCCESS,REF-00002311,07-27-2026,Merchant_E,Processor_B,NGN,MOBILE_MONEY,SET-0013
TXN102939,1000.0,SUCCESS,REF-00002939,07-25-2026,Merchant_A,Processor_B,NGN,BANK_TRANSFER,SET-0040
TXN104038,15000.0,SUCCESS,REF-00004038,07-23-2026,Merchant_C,Processor_B,NGN,CARD,SET-0011
TXN109917,2500.0,SUCCESS,REF-00009917,07-18-2026,Merchant_B,Processor_B,NGN,MOBILE_MONEY,SET-0048
TXN107191,10000.0,SUCCESS,REF-00007191,07-01-2026,Merchant_E,Processor_B,NGN,BANK_TRANSFER,SET-0020
TXN100189,2500.0,SUCCESS,REF-00000189,07-09-2026,Merchant_C,Processor_B,NGN,CARD,SET-0019
TXN106466,10000.0,SUCCESS,REF-00006466,07-26-2026,Merchant_E,Processor_B,NGN,MOBILE_MONEY,SET-0035
TXN102292,2500.0,REFUNDED,REF-00002292,07-05-2026,Merchant_C,Processor_B,NGN,MOBILE_MONEY,SET-0038
PROC_ONLY1028,2500.0,SUCCESS,PROC-ONLY-REF-00028,07-08-2026,Merchant_A,Processor_B,NGN,CARD,SET-0017
TXN108758,2500.0,SUCCESS,REF-00008758,07-16-2026,Merchant_B,Processor_B,NGN,CARD,SET-0002
TXN108677,25000.0,FAILED,REF-00008677,07-19-2026,Merchant_D,Processor_B,NGN,MOBILE_MONEY,SET-0023
TXN100092,25000.0,SUCCESS,REF-00000092,07-22-2026,Merchant_E,Processor_B,NGN,BANK_TRANSFER,SET-0012
TXN107016,2500.0,SUCCESS,REF-00007016,07-17-2026,Merchant_E,Processor_B,NGN,BANK_TRANSFER,SET-0035
TXN108105,15250.0,SUCCESS,REF-00008105,07-06-2026,Merchant_B,Processor_B,NGN,CARD,SET-0022
TXN108352,50000.0,SUCCESS,REF-00008352,07-05-2026,Merchant_D,Processor_B,NGN,MOBILE_MONEY,SET-0027
TXN109319,25000.0,REFUNDED,REF-00009319,07-10-2026,Merchant_A,Processor_B,NGN,USSD,SET-0014
TXN100980,5000.0,SUCCESS,REF-00000980,07-25-2026,Merchant_E,Processor_B,NGN,MOBILE_MONEY,SET-0028
TXN104426,2500.0,SUCCESS,REF-00004426,07-01-2026,Merchant_D,Processor_B,NGN,CARD,SET-0041
TXN107813,7500.0,SUCCESS,REF-00007813,07-31-2026,Merchant_C,Processor_B,NGN,USSD,SET-0003
TXN108228,11000.0,SUCCESS,REF-00008228,07-28-2026,Merchant_E,Processor_B,NGN,BANK_TRANSFER,SET-0013
TXN106393,25000.0,SUCCESS,REF-00006393,07-22-2026,Merchant_A,Processor_B,NGN,BANK_TRANSFER,SET-0048
TXN105103,5000.0,SUCCESS,REF-00005103,07-13-2026,Merchant_E,Processor_B,NGN,BANK_TRANSFER,SET-0035
TXN105863,7500.0,SUCCESS,REF-00005863,07-04-2026,Merchant_B,Processor_B,NGN,CARD,SET-0017
TXN102383,7500.0,SUCCESS,REF-00002383,07-02-2026,Merchant_C,Processor_B,NGN,CARD,SET-0041
TXN104745,1000.0,SUCCESS,REF-00004745,07-31-2026,Merchant_C,Processor_B,NGN,BANK_TRANSFER,SET-0001
TXN106583,1000.0,SUCCESS,REF-00006583,07-16-2026,Merchant_B,Processor_B,NGN,CARD,SET-0005
TXN104801,1000.0,SUCCESS,REF-00004801,07-28-2026,Merchant_E,Processor_B,NGN,BANK_TRANSFER,SET-0030
TXN101718,250000.0,SUCCESS,REF-00001718,07-02-2026,Merchant_B,Processor_B,NGN,BANK_TRANSFER,SET-0043
TXN105322,7500.0,SUCCESS,REF-00005322,07-21-2026,Merchant_C,Processor_B,NGN,USSD,SET-0013
TXN106508,50000.0,SUCCESS,REF-00006508,07-30-2026,Merchant_D,Processor_B,NGN,MOBILE_MONEY,SET-0004
TXN101572,25000.0,SUCCESS,REF-00001572,07-23-2026,Merchant_E,Processor_B,NGN,USSD,SET-0020
TXN100487,5000.0,FAILED,REF-00000487,07-10-2026,Merchant_D,Processor_B,NGN,USSD,SET-0043
TXN106486,250000.0,REFUNDED,REF-00006486,07-13-2026,Merchant_E,Processor_B,NGN,USSD,SET-0027
TXN101242,25000.0,SUCCESS,REF-00001242,07-25-2026,Merchant_D,Processor_B,NGN,CARD,SET-0048
TXN103998,10000.0,SUCCESS,REF-00003998,07-21-2026,Merchant_C,Processor_B,NGN,BANK_TRANSFER,SET-0028
TXN104454,50000.0,SUCCESS,REF-00004454,07-21-2026,Merchant_D,Processor_B,NGN,BANK_TRANSFER,SET-0009
TXN103547,10000.0,SUCCESS,REF-00003547,07-21-2026,Merchant_E,Processor_B,NGN,CARD,SET-0032
TXN104308,50000.0,SUCCESS,REF-00004308,07-25-2026,Merchant_D,Processor_B,NGN,USSD,SET-0049
TXN104302,25000.0,SUCCESS,REF-00004302,07-17-2026,Merchant_B,Processor_B,NGN,CARD,SET-0036
TXN105624,1000.0,SUCCESS,REF-00005624,07-25-2026,Merchant_D,Processor_B,NGN,CARD,SET-0002
TXN100802,10000.0,SUCCESS,REF-00000802,07-21-2026,Merchant_A,Processor_B,NGN,BANK_TRANSFER,SET-0048
TXN109850,15000.0,SUCCESS,REF-00009850,07-23-2026,Merchant_E,Processor_B,NGN,MOBILE_MONEY,SET-0012
TXN106736,100000.0,SUCCESS,REF-00006736,07-02-2026,Merchant_C,Processor_B,NGN,USSD,SET-0029
TXN103421,15000.0,SUCCESS,REF-00003421,07-16-2026,Merchant_C,Processor_B,NGN,USSD,SET-0012
TXN100489,100000.0,SUCCESS,REF-00000489,07-22-2026,Merchant_C,Processor_B,NGN,USSD,SET-0025
TXN108157,5000.0,SUCCESS,REF-00008157,07-20-2026,Merchant_D,Processor_B,NGN,USSD,SET-0048
TXN109476,250000.0,SUCCESS,REF-00009476,07-24-2026,Merchant_A,Processor_B,NGN,BANK_TRANSFER,SET-0017
TXN103825,1000.0,SUCCESS,REF-00003825,07-14-2026,Merchant_E,Processor_B,NGN,CARD,SET-0012
TXN104224,10000.0,SUCCESS,REF-00004224,07-21-2026,Merchant_C,Processor_B,NGN,BANK_TRANSFER,SET-0028
TXN101067,1000.0,SUCCESS,REF-00001067,07-25-2026,Merchant_E,Processor_B,NGN,CARD,SET-0020
TXN104016,100000.0,FAILED,REF-00004016,07-29-2026,Merchant_A,Processor_B,NGN,CARD,SET-0023
TXN101789,10000.0,SUCCESS,REF-00001789,07-14-2026,Merchant_B,Processor_B,NGN,USSD,SET-0003
TXN106142,1000.0,FAILED,REF-00006142,07-06-2026,Merchant_C,Processor_B,NGN,CARD,SET-0049
TXN102025,2500.0,SUCCESS,REF-00002025,07-30-2026,Merchant_C,Processor_B,NGN,USSD,SET-0019
TXN105456,5000.0,SUCCESS,REF-00005456,07-12-2026,Merchant_C,Processor_B,NGN,CARD,SET-0047
TXN103535,1500.0,SUCCESS,REF-00003535,07-30-2026,Merchant_A,Processor_B,NGN,USSD,SET-0027
TXN107268,10000.0,SUCCESS,REF-00007268,07-25-2026,Merchant_E,Processor_B,NGN,USSD,SET-0030
TXN104356,2500.0,REFUNDED,REF-00004356,07-09-2026,Merchant_E,Processor_B,NGN,CARD,SET-0022
TXN108029,50000.0,SUCCESS,REF-00008029,07-19-2026,Merchant_C,Processor_B,NGN,BANK_TRANSFER,SET-0025
TXN100386,5000.0,SUCCESS,REF-00000386,07-20-2026,Merchant_D,Processor_B,NGN,MOBILE_MONEY,SET-0009
TXN105093,1000.0,SUCCESS,REF-00005093,07-27-2026,Merchant_D,Processor_B,NGN,CARD,SET-0015
TXN102493,5000.0,SUCCESS,REF-00002493,07-22-2026,Merchant_B,Processor_B,NGN,MOBILE_MONEY,SET-0040
TXN105055,15000.0,SUCCESS,REF-00005055,07-08-2026,Merchant_C,Processor_B,NGN,CARD,SET-0035
TXN101408,10000.0,SUCCESS,REF-00001408,07-03-2026,Merchant_C,Processor_B,NGN,MOBILE_MONEY,SET-0030
TXN109270,5000.0,SUCCESS,REF-00009270,07-01-2026,Merchant_A,Processor_B,NGN,MOBILE_MONEY,SET-0020
TXN108766,50000.0,SUCCESS,REF-00008766,07-02-2026,Merchant_E,Processor_B,NGN,USSD,SET-0005
TXN109998,7500.0,SUCCESS,REF-00009998,07-27-2026,Merchant_E,Processor_B,NGN,BANK_TRANSFER,SET-0031
TXN107770,10000.0,SUCCESS,REF-00007770,07-04-2026,Merchant_A,Processor_B,NGN,CARD,SET-0039
TXN108949,10000.0,SUCCESS,REF-00008949,07-23-2026,Merchant_A,Processor_B,NGN,USSD,SET-0023
TXN100544,15000.0,FAILED,REF-00000544-X,07-19-2026,Merchant_E,Processor_B,NGN,MOBILE_MONEY,SET-0047
TXN101587,7500.0,SUCCESS,REF-00001587,07-20-2026,Merchant_B,Processor_B,NGN,USSD,SET-0049
TXN103691,10000.0,SUCCESS,REF-00003691,07-31-2026,Merchant_B,Processor_B,NGN,MOBILE_MONEY,SET-0012
TXN109148,7500.0,SUCCESS,REF-00009148,07-22-2026,Merchant_E,Processor_B,NGN,CARD,SET-0036
TXN102580,1500.0,SUCCESS,REF-00002580,07-03-2026,Merchant_D,Processor_B,NGN,USSD,SET-0010
TXN108867,10000.0,SUCCESS,REF-00008867,07-19-2026,Merchant_A,Processor_B,NGN,USSD,SET-0030
TXN102856,2500.0,SUCCESS,REF-00002856,07-06-2026,Merchant_A,Processor_B,NGN,USSD,SET-0036
TXN101659,7500.0,SUCCESS,REF-00001659,07-16-2026,Merchant_A,Processor_B,NGN,BANK_TRANSFER,SET-0007
TXN107778,100000.0,SUCCESS,REF-00007778,07-15-2026,Merchant_B,Processor_B,NGN,BANK_TRANSFER,SET-0002
TXN109517,25000.0,SUCCESS,REF-00009517,07-04-2026,Merchant_C,Processor_B,NGN,MOBILE_MONEY,SET-0030
TXN101960,1000.0,REFUNDED,REF-00001960,07-15-2026,Merchant_D,Processor_B,NGN,CARD,SET-0011
TXN101982,7500.0,SUCCESS,REF-00001982,07-29-2026,Merchant_C,Processor_B,NGN,MOBILE_MONEY,SET-0044
TXN102070,25000.0,SUCCESS,REF-00002070,07-18-2026,Merchant_B,Processor_B,NGN,MOBILE_MONEY,SET-0028
TXN101889,250000.0,SUCCESS,REF-00001889,07-17-2026,Merchant_E,Processor_B,NGN,USSD,SET-0040
TXN109422,10000.0,SUCCESS,REF-00009422,07-21-2026,Merchant_A,Processor_B,NGN,CARD,SET-0008
TXN101952,15000.0,SUCCESS,REF-00001952,07-25-2026,Merchant_B,Processor_B,NGN,USSD,SET-0003
TXN100445,100000.0,SUCCESS,REF-00000445,07-01-2026,Merchant_E,Processor_B,NGN,CARD,SET-0041
TXN104715,5000.0,SUCCESS,REF-00004715,07-27-2026,Merchant_A,Processor_B,NGN,MOBILE_MONEY,SET-0036
TXN103807,5000.0,SUCCESS,REF-00003807,07-18-2026,Merchant_A,Processor_B,NGN,CARD,SET-0038
TXN107797,1500.0,SUCCESS,REF-00007797,07-02-2026,Merchant_B,Processor_B,NGN,USSD,SET-0023
TXN104085,1000.0,SUCCESS,REF-00004085,07-01-2026,Merchant_D,Processor_B,NGN,MOBILE_MONEY,SET-0042
TXN103313,500.0,SUCCESS,REF-00003313,07-19-2026,Merchant_C,Processor_B,NGN,BANK_TRANSFER,SET-0023
TXN101635,2500.0,SUCCESS,REF-00001635,07-20-2026,Merchant_C,Processor_B,NGN,CARD,SET-0016
TXN108638,15000.0,SUCCESS,REF-00008638,07-03-2026,Merchant_A,Processor_B,NGN,CARD,SET-0046
TXN107682,15000.0,SUCCESS,REF-00007682,07-27-2026,Merchant_D,Processor_B,NGN,BANK_TRANSFER,SET-0011
TXN101696,500.0,SUCCESS,REF-00001696,07-29-2026,Merchant_A,Processor_B,NGN,CARD,SET-0013
TXN109798,7500.0,SUCCESS,REF-00009798,07-09-2026,Merchant_B,Processor_B,NGN,CARD,SET-0027
TXN107417,1500.0,SUCCESS,REF-00007417,07-17-2026,Merchant_E,Processor_B,NGN,USSD,SET-0018
TXN106620,1000.0,SUCCESS,REF-00006620,07-14-2026,Merchant_E,Processor_B,NGN,USSD,SET-0005
TXN101821,1500.0,SUCCESS,REF-00001821,07-06-2026,Merchant_D,Processor_B,NGN,CARD,SET-0030
TXN109611,2500.0,SUCCESS,REF-00009611,07-29-2026,Merchant_A,Processor_B,NGN,CARD,SET-0039
TXN109212,1000.0,SUCCESS,REF-00009212,07-18-2026,Merchant_A,Processor_B,NGN,BANK_TRANSFER,SET-0001
TXN104577,2500.0,SUCCESS,REF-00004577,07-11-2026,Merchant_A,Processor_B,NGN,USSD,SET-0013
TXN106768,100000.0,SUCCESS,REF-00006768,07-15-2026,Merchant_D,Processor_B,NGN,CARD,SET-0002
TXN102157,5000.0,SUCCESS,REF-00002157,07-25-2026,Merchant_A,Processor_B,NGN,CARD,SET-0020
TXN109380,500.0,SUCCESS,REF-00009380,07-02-2026,Merchant_D,Processor_B,NGN,CARD,SET-0039
TXN101732,10000.0,SUCCESS,REF-00001732,07-31-2026,Merchant_A,Processor_B,NGN,CARD,SET-0024
TXN105454,25000.0,SUCCESS,REF-00005454,07-29-2026,Merchant_B,Processor_B,NGN,USSD,SET-0015
TXN103962,500.0,FAILED,REF-00003962,07-17-2026,Merchant_D,Processor_B,NGN,CARD,SET-0007
TXN100196,25000.0,SUCCESS,REF-00000196,07-19-2026,Merchant_B,Processor_B,NGN,CARD,SET-0017
TXN100131,2500.0,SUCCESS,REF-00000131,07-15-2026,Merchant_E,Processor_B,NGN,MOBILE_MONEY,SET-0024
TXN107677,250000.0,SUCCESS,REF-00007677,07-22-2026,Merchant_D,Processor_B,NGN,USSD,SET-0024
TXN102930,15000.0,SUCCESS,REF-00002930,07-21-2026,Merchant_E,Processor_B,NGN,MOBILE_MONEY,SET-0014
TXN102390,5000.0,SUCCESS,REF-00002390,07-18-2026,Merchant_A,Processor_B,NGN,USSD,SET-0038
TXN108984,500.0,SUCCESS,REF-00008984,07-27-2026,Merchant_E,Processor_B,NGN,MOBILE_MONEY,SET-0006
TXN105477,25000.0,SUCCESS,REF-00005477,07-22-2026,Merchant_D,Processor_B,NGN,BANK_TRANSFER,SET-0039
TXN104131,2500.0,SUCCESS,REF-00004131,07-30-2026,Merchant_D,Processor_B,NGN,BANK_TRANSFER,SET-0019
TXN106613,500.0,SUCCESS,REF-00006613,07-28-2026,Merchant_E,Processor_B,NGN,USSD,SET-0018
TXN103275,50000.0,SUCCESS,REF-00003275,07-22-2026,Merchant_D,Processor_B,NGN,MOBILE_MONEY,SET-0006
TXN104240,15000.0,SUCCESS,REF-00004240,07-06-2026,Merchant_D,Processor_B,NGN,MOBILE_MONEY,SET-0041
TXN107714,1000.0,SUCCESS,REF-00007714,07-12-2026,Merchant_B,Processor_B,NGN,USSD,SET-0037
TXN103774,15000.0,SUCCESS,REF-00003774,07-17-2026,Merchant_B,Processor_B,NGN,CARD,SET-0001
TXN104887,15000.0,SUCCESS,REF-00004887,07-12-2026,Merchant_A,Processor_B,NGN,USSD,SET-0027
TXN101705,1000.0,SUCCESS,REF-00001705,07-31-2026,Merchant_D,Processor_B,NGN,CARD,SET-0044
TXN107436,2500.0,SUCCESS,REF-00007436,07-06-2026,Merchant_A,Processor_B,NGN,USSD,SET-0045
TXN102896,10000.0,SUCCESS,REF-00002896,07-02-2026,Merchant_B,Processor_B,NGN,CARD,SET-0014
TXN109511,10000.0,SUCCESS,REF-00009511,07-17-2026,Merchant_A,Processor_B,NGN,USSD,SET-0030
TXN104908,26000.0,SUCCESS,REF-00004908,07-01-2026,Merchant_D,Processor_B,NGN,USSD,SET-0012
TXN106196,2500.0,SUCCESS,REF-00006196,07-17-2026,Merchant_A,Processor_B,NGN,MOBILE_MONEY,SET-0027
TXN107067,10000.0,REFUNDED,REF-00007067,07-30-2026,Merchant_D,Processor_B,NGN,CARD,SET-0012
TXN107679,1000.0,SUCCESS,REF-00007679,07-26-2026,Merchant_E,Processor_B,NGN,BANK_TRANSFER,SET-0002
TXN107115,100000.0,SUCCESS,REF-00007115,07-19-2026,Merchant_D,Processor_B,NGN,CARD,SET-0046
TXN109456,5000.0,SUCCESS,REF-00009456,07-22-2026,Merchant_C,Processor_B,NGN,BANK_TRANSFER,SET-0039
TXN102841,25000.0,SUCCESS,REF-00002841,07-13-2026,Merchant_A,Processor_B,NGN,USSD,SET-0029
TXN106230,10000.0,SUCCESS,REF-00006230,07-23-2026,Merchant_D,Processor_B,NGN,MOBILE_MONEY,SET-0027
TXN109290,10000.0,SUCCESS,REF-00009290,07-25-2026,Merchant_D,Processor_B,NGN,USSD,SET-0035
TXN100721,1500.0,SUCCESS,REF-00000721,07-26-2026,Merchant_A,Processor_B,NGN,CARD,SET-0027
TXN106930,5000.0,SUCCESS,REF-00006930,07-03-2026,Merchant_A,Processor_B,NGN,CARD,SET-0024
TXN104916,5000.0,SUCCESS,REF-00004916,07-08-2026,Merchant_C,Processor_B,NGN,MOBILE_MONEY,SET-0006
TXN109085,1500.0,SUCCESS,REF-00009085,07-07-2026,Merchant_E,Processor_B,NGN,MOBILE_MONEY,SET-0049
TXN107311,10000.0,SUCCESS,REF-00007311,07-18-2026,Merchant_C,Processor_B,NGN,BANK_TRANSFER,SET-0015
TXN106577,5000.0,SUCCESS,REF-00006577,07-08-2026,Merchant_B,Processor_B,NGN,MOBILE_MONEY,SET-0027
TXN107836,15000.0,SUCCESS,REF-00007836,07-23-2026,Merchant_C,Processor_B,NGN,BANK_TRANSFER,SET-0039
TXN108526,7500.0,SUCCESS,REF-00008526,07-30-2026,Merchant_B,Processor_B,NGN,CARD,SET-0021
TXN109145,7500.0,SUCCESS,REF-00009145,07-04-2026,Merchant_D,Processor_B,NGN,CARD,SET-0050
TXN106955,5000.0,SUCCESS,REF-00006955,07-04-2026,Merchant_B,Processor_B,NGN,CARD,SET-0031
TXN108111,5000.0,SUCCESS,REF-00008111,07-28-2026,Merchant_A,Processor_B,NGN,BANK_TRANSFER,SET-0006
TXN107801,1500.0,FAILED,REF-00007801,07-10-2026,Merchant_B,Processor_B,NGN,MOBILE_MONEY,SET-0046
TXN102621,100000.0,SUCCESS,REF-00002621,07-04-2026,Merchant_A,Processor_B,NGN,USSD,SET-0037
TXN107283,15000.0,SUCCESS,REF-00007283,07-14-2026,Merchant_D,Processor_B,NGN,USSD,SET-0042
TXN102915,15000.0,SUCCESS,REF-00002915,07-05-2026,Merchant_D,Processor_B,NGN,CARD,SET-0009
TXN107471,500.0,SUCCESS,REF-00007471,07-07-2026,Merchant_D,Processor_B,NGN,USSD,SET-0030
TXN107204,100000.0,SUCCESS,REF-00007204,07-06-2026,Merchant_A,Processor_B,NGN,USSD,SET-0022
TXN103347,2500.0,SUCCESS,REF-00003347,07-07-2026,Merchant_D,Processor_B,NGN,USSD,SET-0032
TXN107354,1500.0,SUCCESS,REF-00007354,07-28-2026,Merchant_D,Processor_B,NGN,BANK_TRANSFER,SET-0032
TXN104997,5000.0,SUCCESS,REF-00004997,07-22-2026,Merchant_D,Processor_B,NGN,MOBILE_MONEY,SET-0046
TXN103475,50000.0,SUCCESS,REF-00003475,07-13-2026,Merchant_D,Processor_B,NGN,CARD,SET-0010
TXN108757,5000.0,SUCCESS,REF-00008757,07-25-2026,Merchant_A,Processor_B,NGN,USSD,SET-0042
TXN108251,250000.0,SUCCESS,REF-00008251,07-23-2026,Merchant_E,Processor_B,NGN,BANK_TRANSFER,SET-0038
TXN100320,10000.0,SUCCESS,REF-00000320,07-28-2026,Merchant_D,Processor_B,NGN,CARD,SET-0037
TXN107603,100000.0,SUCCESS,REF-00007603,07-19-2026,Merchant_E,Processor_B,NGN,USSD,SET-0048
TXN105314,10000.0,SUCCESS,REF-00005314,07-26-2026,Merchant_C,Processor_B,NGN,USSD,SET-0025
TXN107401,25000.0,SUCCESS,REF-00007401,07-17-2026,Merchant_D,Processor_B,NGN,BANK_TRANSFER,SET-0011
TXN100899,1000.0,SUCCESS,REF-00000899,07-06-2026,Merchant_A,Processor_B,NGN,BANK_TRANSFER,SET-0028
TXN100170,15000.0,SUCCESS,REF-00000170,07-12-2026,Merchant_B,Processor_B,NGN,BANK_TRANSFER,SET-0006
TXN108093,250000.0,SUCCESS,REF-00008093,07-27-2026,Merchant_A,Processor_B,NGN,CARD,SET-0025
TXN103831,50000.0,SUCCESS,REF-00003831,07-20-2026,Merchant_B,Processor_B,NGN,BANK_TRANSFER,SET-0009
TXN103084,25000.0,SUCCESS,REF-00003084,07-24-2026,Merchant_B,Processor_B,NGN,BANK_TRANSFER,SET-0013
TXN104066,1500.0,REFUNDED,REF-00004066,07-18-2026,Merchant_A,Processor_B,NGN,USSD,SET-0025
TXN109774,50000.0,SUCCESS,REF-00009774,07-21-2026,Merchant_B,Processor_B,NGN,USSD,SET-0031
TXN102300,50000.0,FAILED,REF-00002300,07-27-2026,Merchant_E,Processor_B,NGN,CARD,SET-0045
TXN102380,50000.0,SUCCESS,REF-00002380,07-28-2026,Merchant_B,Processor_B,NGN,USSD,SET-0003
TXN109702,25000.0,SUCCESS,REF-00009702,07-06-2026,Merchant_D,Processor_B,NGN,USSD,SET-0037
TXN102789,250000.0,SUCCESS,REF-00002789,07-23-2026,Merchant_A,Processor_B,NGN,MOBILE_MONEY,SET-0049
TXN108777,2500.0,SUCCESS,REF-00008777,07-21-2026,Merchant_B,Processor_B,NGN,USSD,SET-0024
TXN108648,25000.0,SUCCESS,REF-00008648,07-26-2026,Merchant_B,Processor_B,NGN,MOBILE_MONEY,SET-0046
TXN102165,250000.0,SUCCESS,REF-00002165,07-24-2026,Merchant_E,Processor_B,NGN,CARD,SET-0044
TXN102767,2500.0,FAILED,REF-00002767,07-31-2026,Merchant_A,Processor_B,NGN,USSD,SET-0012
TXN109887,50000.0,SUCCESS,REF-00009887,07-17-2026,Merchant_B,Processor_B,NGN,CARD,SET-0019
TXN100617,5000.0,SUCCESS,REF-00000617,07-21-2026,Merchant_D,Processor_B,NGN,MOBILE_MONEY,SET-0017
TXN105756,15000.0,SUCCESS,REF-00005756,07-26-2026,Merchant_B,Processor_B,NGN,USSD,SET-0009
TXN101740,50000.0,SUCCESS,REF-00001740,07-23-2026,Merchant_C,Processor_B,NGN,USSD,SET-0003
TXN104670,5000.0,SUCCESS,REF-00004670,07-17-2026,Merchant_A,Processor_B,NGN,CARD,SET-0043
TXN105453,7500.0,SUCCESS,REF-00005453,07-22-2026,Merchant_D,Processor_B,NGN,MOBILE_MONEY,SET-0033
TXN105286,250000.0,SUCCESS,REF-00005286,07-28-2026,Merchant_B,Processor_B,NGN,MOBILE_MONEY,SET-0036
TXN100151,2500.0,SUCCESS,REF-00000151,07-05-2026,Merchant_B,Processor_B,NGN,USSD,SET-0022
TXN100518,250000.0,SUCCESS,REF-00000518,07-18-2026,Merchant_B,Processor_B,NGN,USSD,SET-0043
TXN109311,5000.0,FAILED,REF-00009311,07-29-2026,Merchant_B,Processor_B,NGN,BANK_TRANSFER,SET-0043
TXN106843,1000.0,SUCCESS,REF-00006843,07-28-2026,Merchant_E,Processor_B,NGN,CARD,SET-0032
TXN105633,1500.0,SUCCESS,REF-00005633,07-08-2026,Merchant_A,Processor_B,NGN,BANK_TRANSFER,SET-0027
TXN101397,2500.0,SUCCESS,REF-00001397,07-08-2026,Merchant_B,Processor_B,NGN,USSD,SET-0022
TXN106739,100000.0,SUCCESS,REF-00006739,07-06-2026,Merchant_E,Processor_B,NGN,CARD,SET-0020
TXN109235,5000.0,SUCCESS,REF-00009235,07-19-2026,Merchant_C,Processor_B,NGN,BANK_TRANSFER,SET-0044
TXN103080,25000.0,SUCCESS,REF-00003080,07-09-2026,Merchant_B,Processor_B,NGN,BANK_TRANSFER,SET-0032
TXN101593,1000.0,SUCCESS,REF-00001593,07-31-2026,Merchant_B,Processor_B,NGN,USSD,SET-0034
TXN106602,5000.0,SUCCESS,REF-00006602,07-17-2026,Merchant_D,Processor_B,NGN,CARD,SET-0034
TXN109475,50000.0,FAILED,REF-00009475,07-17-2026,Merchant_B,Processor_B,NGN,CARD,SET-0039
TXN104348,50000.0,SUCCESS,REF-00004348,07-16-2026,Merchant_D,Processor_B,NGN,MOBILE_MONEY,SET-0042
TXN105121,100000.0,SUCCESS,REF-00005121,07-10-2026,Merchant_D,Processor_B,NGN,BANK_TRANSFER,SET-0005
TXN108173,5000.0,SUCCESS,REF-00008173,07-07-2026,Merchant_B,Processor_B,NGN,USSD,SET-0006
TXN107145,25000.0,SUCCESS,REF-00007145,07-21-2026,Merchant_C,Processor_B,NGN,USSD,SET-0024
TXN106599,10000.0,SUCCESS,REF-00006599,07-16-2026,Merchant_A,Processor_B,NGN,BANK_TRANSFER,SET-0037
TXN106006,10000.0,SUCCESS,REF-00006006,07-18-2026,Merchant_B,Processor_B,NGN,CARD,SET-0039
TXN100192,100000.0,SUCCESS,REF-00000192,07-26-2026,Merchant_A,Processor_B,NGN,USSD,SET-0001
TXN102190,2500.0,SUCCESS,REF-00002190,07-05-2026,Merchant_B,Processor_B,NGN,MOBILE_MONEY,SET-0016
TXN104564,2500.0,SUCCESS,REF-00004564,07-02-2026,Merchant_C,Processor_B,NGN,BANK_TRANSFER,SET-0016
TXN109144,25000.0,SUCCESS,REF-00009144,07-11-2026,Merchant_A,Processor_B,NGN,BANK_TRANSFER,SET-0004
TXN108799,10000.0,SUCCESS,REF-00008799,07-31-2026,Merchant_A,Processor_B,NGN,USSD,SET-0049
TXN101078,2500.0,SUCCESS,REF-00001078,07-11-2026,Merchant_E,Processor_B,NGN,USSD,SET-0002
TXN101283,500.0,SUCCESS,REF-00001283,07-06-2026,Merchant_C,Processor_B,NGN,CARD,SET-0023
TXN106818,50000.0,SUCCESS,REF-00006818,07-10-2026,Merchant_E,Processor_B,NGN,BANK_TRANSFER,SET-0023
TXN103522,2500.0,SUCCESS,REF-00003522,07-15-2026,Merchant_E,Processor_B,NGN,MOBILE_MONEY,SET-0018
TXN109992,10000.0,SUCCESS,REF-00009992,07-29-2026,Merchant_D,Processor_B,NGN,MOBILE_MONEY,SET-0021
TXN100591,15000.0,SUCCESS,REF-00000591,07-19-2026,Merchant_D,Processor_B,NGN,CARD,SET-0040
TXN105618,10000.0,REFUNDED,REF-00005618,07-05-2026,Merchant_A,Processor_B,NGN,USSD,SET-0001
TXN101681,250000.0,SUCCESS,REF-00001681,07-23-2026,Merchant_B,Processor_B,NGN,BANK_TRANSFER,SET-0019
TXN100884,50000.0,SUCCESS,REF-00000884,07-31-2026,Merchant_E,Processor_B,NGN,CARD,SET-0038
TXN101796,25000.0,SUCCESS,REF-00001796,07-09-2026,Merchant_D,Processor_B,NGN,CARD,SET-0042
TXN100652,10000.0,SUCCESS,REF-00000652,07-07-2026,Merchant_C,Processor_B,NGN,USSD,SET-0035
TXN108448,1000.0,SUCCESS,REF-00008448,07-03-2026,Merchant_A,Processor_B,NGN,BANK_TRANSFER,SET-0025
TXN108120,5100.0,SUCCESS,REF-00008120,07-11-2026,Merchant_B,Processor_B,NGN,CARD,SET-0038
TXN104304,50000.0,SUCCESS,REF-00004304,07-09-2026,Merchant_E,Processor_B,NGN,USSD,SET-0027
TXN100043,100000.0,SUCCESS,REF-00000043,07-28-2026,Merchant_D,Processor_B,NGN,USSD,SET-0015
TXN100327,15000.0,SUCCESS,REF-00000327,07-28-2026,Merchant_C,Processor_B,NGN,CARD,SET-0023
TXN104453,50000.0,REFUNDED,REF-00004453,07-07-2026,Merchant_B,Processor_B,NGN,MOBILE_MONEY,SET-0005
TXN108245,15100.0,SUCCESS,REF-00008245,07-15-2026,Merchant_D,Processor_B,NGN,BANK_TRANSFER,SET-0020
TXN105898,250000.0,SUCCESS,REF-00005898,07-05-2026,Merchant_D,Processor_B,NGN,BANK_TRANSFER,SET-0009
PROC_ONLY1042,50000.0,SUCCESS,PROC-ONLY-REF-00042,07-09-2026,Merchant_A,Processor_B,NGN,USSD,SET-0002
TXN103156,100000.0,SUCCESS,REF-00003156,07-30-2026,Merchant_C,Processor_B,NGN,MOBILE_MONEY,SET-0050
TXN104049,2500.0,SUCCESS,REF-00004049,07-10-2026,Merchant_A,Processor_B,NGN,USSD,SET-0018
TXN101411,1000.0,SUCCESS,REF-00001411,07-05-2026,Merchant_E,Processor_B,NGN,USSD,SET-0031
TXN103944,1000.0,SUCCESS,REF-00003944,07-10-2026,Merchant_E,Processor_B,NGN,USSD,SET-0012
TXN105993,10000.0,SUCCESS,REF-00005993,07-04-2026,Merchant_E,Processor_B,NGN,BANK_TRANSFER,SET-0050
TXN102881,50000.0,SUCCESS,REF-00002881,07-29-2026,Merchant_C,Processor_B,NGN,USSD,SET-0030
TXN109128,25000.0,REFUNDED,REF-00009128,07-07-2026,Merchant_C,Processor_B,NGN,CARD,SET-0022
TXN109911,100000.0,SUCCESS,REF-00009911,07-12-2026,Merchant_B,Processor_B,NGN,CARD,SET-0038
TXN108061,2500.0,FAILED,REF-00008061,07-15-2026,Merchant_C,Processor_B,NGN,USSD,SET-0045
TXN103988,5000.0,SUCCESS,REF-00003988,07-08-2026,Merchant_B,Processor_B,NGN,USSD,SET-0040
TXN103027,15000.0,SUCCESS,REF-00003027,07-05-2026,Merchant_E,Processor_B,NGN,CARD,SET-0046
TXN109306,2500.0,SUCCESS,REF-00009306,07-21-2026,Merchant_D,Processor_B,NGN,MOBILE_MONEY,SET-0019
TXN101954,250000.0,SUCCESS,REF-00001954,07-15-2026,Merchant_C,Processor_B,NGN,USSD,SET-0044
TXN104556,15000.0,SUCCESS,REF-00004556,07-25-2026,Merchant_C,Processor_B,NGN,USSD,SET-0030
TXN101029,50000.0,SUCCESS,REF-00001029,07-10-2026,Merchant_A,Processor_B,NGN,BANK_TRANSFER,SET-0015
TXN100378,50000.0,SUCCESS,REF-00000378,07-16-2026,Merchant_A,Processor_B,NGN,CARD,SET-0047
TXN104773,50000.0,SUCCESS,REF-00004773,07-24-2026,Merchant_C,Processor_B,NGN,MOBILE_MONEY,SET-0048
TXN107338,15000.0,SUCCESS,REF-00007338,07-28-2026,Merchant_B,Processor_B,NGN,USSD,SET-0040
TXN103697,15000.0,SUCCESS,REF-00003697,07-26-2026,Merchant_D,Processor_B,NGN,CARD,SET-0015
TXN107640,7500.0,SUCCESS,REF-00007640,07-21-2026,Merchant_E,Processor_B,NGN,BANK_TRANSFER,SET-0021
TXN101049,500.0,SUCCESS,REF-00001049,07-08-2026,Merchant_A,Processor_B,NGN,BANK_TRANSFER,SET-0043
TXN107694,100000.0,SUCCESS,REF-00007694,07-12-2026,Merchant_A,Processor_B,NGN,BANK_TRANSFER,SET-0040
TXN105976,1000.0,SUCCESS,REF-00005976,07-04-2026,Merchant_B,Processor_B,NGN,BANK_TRANSFER,SET-0047
TXN100087,15000.0,SUCCESS,REF-00000087,07-08-2026,Merchant_E,Processor_B,NGN,BANK_TRANSFER,SET-0019
TXN108360,50000.0,SUCCESS,REF-00008360,07-01-2026,Merchant_B,Processor_B,NGN,CARD,SET-0026
TXN100066,1500.0,SUCCESS,REF-00000066,07-14-2026,Merchant_E,Processor_B,NGN,BANK_TRANSFER,SET-0039
TXN104687,500.0,SUCCESS,REF-00004687,07-27-2026,Merchant_E,Processor_B,NGN,CARD,SET-0031
TXN106470,15000.0,SUCCESS,REF-00006470,07-21-2026,Merchant_B,Processor_B,NGN,USSD,SET-0044
TXN103106,25000.0,SUCCESS,REF-00003106,07-09-2026,Merchant_D,Processor_B,NGN,CARD,SET-0047
TXN103514,50000.0,SUCCESS,REF-00003514,07-28-2026,Merchant_E,Processor_B,NGN,BANK_TRANSFER,SET-0035
TXN102075,100000.0,SUCCESS,REF-00002075,07-25-2026,Merchant_A,Processor_B,NGN,BANK_TRANSFER,SET-0011
TXN108147,100000.0,SUCCESS,REF-00008147,07-26-2026,Merchant_A,Processor_B,NGN,CARD,SET-0031
TXN102086,1000.0,SUCCESS,REF-00002086,07-04-2026,Merchant_E,Processor_B,NGN,CARD,SET-0004
TXN101234,15000.0,SUCCESS,REF-00001234,07-07-2026,Merchant_A,Processor_B,NGN,CARD,SET-0044
TXN102032,7500.0,SUCCESS,REF-00002032,07-27-2026,Merchant_E,Processor_B,NGN,BANK_TRANSFER,SET-0014
TXN105365,250000.0,SUCCESS,REF-00005365,07-05-2026,Merchant_A,Processor_B,NGN,MOBILE_MONEY,SET-0014
TXN101380,1500.0,SUCCESS,REF-00001380,07-31-2026,Merchant_D,Processor_B,NGN,MOBILE_MONEY,SET-0010
TXN100126,50000.0,SUCCESS,REF-00000126,07-28-2026,Merchant_C,Processor_B,NGN,CARD,SET-0021
TXN100249,50000.0,SUCCESS,REF-00000249,07-07-2026,Merchant_C,Processor_B,NGN,CARD,SET-0047
TXN106188,1500.0,SUCCESS,REF-00006188,07-14-2026,Merchant_B,Processor_B,NGN,BANK_TRANSFER,SET-0023
TXN102519,25000.0,SUCCESS,REF-00002519,07-09-2026,Merchant_E,Processor_B,NGN,CARD,SET-0015
TXN104959,25000.0,SUCCESS,REF-00004959,07-16-2026,Merchant_B,Processor_B,NGN,CARD,SET-0049
TXN101668,1000.0,SUCCESS,REF-00001668,07-02-2026,Merchant_E,Processor_B,NGN,CARD,SET-0045
TXN100784,1500.0,SUCCESS,REF-00000784,07-07-2026,Merchant_E,Processor_B,NGN,MOBILE_MONEY,SET-0002
TXN107001,1500.0,SUCCESS,REF-00007001,07-09-2026,Merchant_D,Processor_B,NGN,BANK_TRANSFER,SET-0040
TXN109779,15000.0,SUCCESS,REF-00009779,07-29-2026,Merchant_C,Processor_B,NGN,MOBILE_MONEY,SET-0017
TXN103139,1000.0,SUCCESS,REF-00003139,07-30-2026,Merchant_E,Processor_B,NGN,CARD,SET-0014
TXN109542,5000.0,SUCCESS,REF-00009542,07-28-2026,Merchant_C,Processor_B,NGN,USSD,SET-0005
TXN102710,25000.0,SUCCESS,REF-00002710,07-28-2026,Merchant_E,Processor_B,NGN,CARD,SET-0039
TXN101387,1500.0,SUCCESS,REF-00001387,07-14-2026,Merchant_C,Processor_B,NGN,USSD,SET-0020
TXN109527,1000.0,SUCCESS,REF-00009527,07-13-2026,Merchant_B,Processor_B,NGN,CARD,SET-0031
TXN107305,100000.0,SUCCESS,REF-00007305,07-03-2026,Merchant_C,Processor_B,NGN,USSD,SET-0006
TXN101590,25000.0,SUCCESS,REF-00001590,07-26-2026,Merchant_C,Processor_B,NGN,USSD,SET-0026
TXN103242,10000.0,SUCCESS,REF-00003242,07-30-2026,Merchant_C,Processor_B,NGN,MOBILE_MONEY,SET-0017
TXN108181,1500.0,SUCCESS,REF-00008181,07-12-2026,Merchant_C,Processor_B,NGN,USSD,SET-0038
TXN103660,10000.0,SUCCESS,REF-00003660,07-25-2026,Merchant_D,Processor_B,NGN,USSD,SET-0007
TXN103165,10000.0,SUCCESS,REF-00003165,07-20-2026,Merchant_B,Processor_B,NGN,MOBILE_MONEY,SET-0047
TXN107914,500.0,SUCCESS,REF-00007914,07-12-2026,Merchant_B,Processor_B,NGN,BANK_TRANSFER,SET-0039
TXN108016,10000.0,SUCCESS,REF-00008016,07-20-2026,Merchant_C,Processor_B,NGN,BANK_TRANSFER,SET-0027
TXN104012,25000.0,SUCCESS,REF-00004012,07-20-2026,Merchant_A,Processor_B,NGN,MOBILE_MONEY,SET-0048
TXN107154,5000.0,SUCCESS,REF-00007154,07-17-2026,Merchant_B,Processor_B,NGN,MOBILE_MONEY,SET-0035
TXN103272,25000.0,SUCCESS,REF-00003272,07-01-2026,Merchant_D,Processor_B,NGN,MOBILE_MONEY,SET-0008
TXN109957,25000.0,SUCCESS,REF-00009957,07-09-2026,Merchant_A,Processor_B,NGN,MOBILE_MONEY,SET-0020
TXN103345,25000.0,SUCCESS,REF-00003345,07-04-2026,Merchant_E,Processor_B,NGN,CARD,SET-0037
TXN106187,5000.0,FAILED,REF-00006187,07-04-2026,Merchant_A,Processor_B,NGN,BANK_TRANSFER,SET-0015
TXN103666,50000.0,SUCCESS,REF-00003666,07-27-2026,Merchant_B,Processor_B,NGN,MOBILE_MONEY,SET-0049
TXN101902,25000.0,SUCCESS,REF-00001902,07-17-2026,Merchant_D,Processor_B,NGN,BANK_TRANSFER,SET-0021
TXN109759,10000.0,SUCCESS,REF-00009759,07-19-2026,Merchant_A,Processor_B,NGN,MOBILE_MONEY,SET-0025
TXN105910,7500.0,FAILED,REF-00005910,07-10-2026,Merchant_A,Processor_B,NGN,MOBILE_MONEY,SET-0040
TXN109908,1500.0,SUCCESS,REF-00009908,07-22-2026,Merchant_E,Processor_B,NGN,BANK_TRANSFER,SET-0046
TXN104532,2500.0,SUCCESS,REF-00004532,07-20-2026,Merchant_A,Processor_B,NGN,CARD,SET-0026
TXN107420,2500.0,FAILED,REF-00007420,07-24-2026,Merchant_E,Processor_B,NGN,BANK_TRANSFER,SET-0029
TXN109656,100000.0,SUCCESS,REF-00009656,07-04-2026,Merchant_B,Processor_B,NGN,USSD,SET-0045
TXN107600,15000.0,SUCCESS,REF-00007600,07-09-2026,Merchant_A,Processor_B,NGN,MOBILE_MONEY,SET-0030
TXN107460,10000.0,SUCCESS,REF-00007460,07-20-2026,Merchant_C,Processor_B,NGN,BANK_TRANSFER,SET-0047
TXN105384,15000.0,FAILED,REF-00005384,07-13-2026,Merchant_C,Processor_B,NGN,MOBILE_MONEY,SET-0040
TXN100619,25000.0,SUCCESS,REF-00000619,07-16-2026,Merchant_C,Processor_B,NGN,MOBILE_MONEY,SET-0044
TXN101623,250000.0,SUCCESS,REF-00001623,07-11-2026,Merchant_A,Processor_B,NGN,CARD,SET-0021
TXN107375,1000.0,SUCCESS,REF-00007375,07-15-2026,Merchant_D,Processor_B,NGN,MOBILE_MONEY,SET-0005
TXN107257,1000.0,REFUNDED,REF-00007257,07-16-2026,Merchant_B,Processor_B,NGN,BANK_TRANSFER,SET-0039
TXN102047,25000.0,REFUNDED,REF-00002047,07-21-2026,Merchant_B,Processor_B,NGN,CARD,SET-0045
TXN102886,10000.0,SUCCESS,REF-00002886,07-03-2026,Merchant_C,Processor_B,NGN,BANK_TRANSFER,SET-0045
TXN108592,7500.0,SUCCESS,REF-00008592,07-13-2026,Merchant_A,Processor_B,NGN,USSD,SET-0016
TXN106285,10250.0,SUCCESS,REF-00006285,07-10-2026,Merchant_B,Processor_B,NGN,USSD,SET-0010
TXN104030,15000.0,SUCCESS,REF-00004030,07-12-2026,Merchant_C,Processor_B,NGN,CARD,SET-0002
TXN105407,7500.0,FAILED,REF-00005407,07-30-2026,Merchant_A,Processor_B,NGN,CARD,SET-0013
TXN102382,100000.0,SUCCESS,REF-00002382,07-15-2026,Merchant_B,Processor_B,NGN,BANK_TRANSFER,SET-0034
TXN108870,100000.0,SUCCESS,REF-00008870,07-31-2026,Merchant_A,Processor_B,NGN,BANK_TRANSFER,SET-0025
TXN103193,5000.0,SUCCESS,REF-00003193,07-12-2026,Merchant_C,Processor_B,NGN,USSD,SET-0049
TXN103293,10000.0,SUCCESS,REF-00003293,07-04-2026,Merchant_C,Processor_B,NGN,MOBILE_MONEY,SET-0007
TXN106194,25000.0,REFUNDED,REF-00006194,07-16-2026,Merchant_E,Processor_B,NGN,CARD,SET-0031
TXN109155,1500.0,SUCCESS,REF-00009155,07-01-2026,Merchant_C,Processor_B,NGN,MOBILE_MONEY,SET-0041
TXN107665,5000.0,SUCCESS,REF-00007665,07-25-2026,Merchant_B,Processor_B,NGN,MOBILE_MONEY,SET-0029
TXN104374,10000.0,FAILED,REF-00004374,07-15-2026,Merchant_B,Processor_B,NGN,MOBILE_MONEY,SET-0042
TXN106163,5000.0,SUCCESS,REF-00006163,07-03-2026,Merchant_C,Processor_B,NGN,BANK_TRANSFER,SET-0028
TXN100758,100000.0,SUCCESS,REF-00000758,07-17-2026,Merchant_C,Processor_B,NGN,CARD,SET-0006
TXN103947,15000.0,SUCCESS,REF-00003947,07-22-2026,Merchant_A,Processor_B,NGN,CARD,SET-0020
TXN101555,2500.0,SUCCESS,REF-00001555,07-22-2026,Merchant_B,Processor_B,NGN,BANK_TRANSFER,SET-0023
TXN101556,15000.0,SUCCESS,REF-00001556,07-19-2026,Merchant_E,Processor_B,NGN,USSD,SET-0034
TXN105873,50000.0,SUCCESS,REF-00005873,07-19-2026,Merchant_E,Processor_B,NGN,CARD,SET-0044
TXN107607,15000.0,SUCCESS,REF-00007607,07-15-2026,Merchant_C,Processor_B,NGN,MOBILE_MONEY,SET-0003
TXN102688,10000.0,SUCCESS,REF-00002688,07-11-2026,Merchant_B,Processor_B,NGN,BANK_TRANSFER,SET-0039
TXN106246,1500.0,SUCCESS,REF-00006246,07-17-2026,Merchant_D,Processor_B,NGN,USSD,SET-0026
TXN100994,5000.0,SUCCESS,REF-00000994,07-18-2026,Merchant_D,Processor_B,NGN,BANK_TRANSFER,SET-0014
TXN109274,25000.0,SUCCESS,REF-00009274,07-18-2026,Merchant_B,Processor_B,NGN,MOBILE_MONEY,SET-0008
TXN109561,1000.0,SUCCESS,REF-00009561,07-23-2026,Merchant_D,Processor_B,NGN,CARD,SET-0025
TXN108334,25000.0,SUCCESS,REF-00008334,07-21-2026,Merchant_C,Processor_B,NGN,USSD,SET-0005
TXN107892,50000.0,FAILED,REF-00007892,07-13-2026,Merchant_E,Processor_B,NGN,MOBILE_MONEY,SET-0041
TXN104739,15000.0,SUCCESS,REF-00004739,07-13-2026,Merchant_E,Processor_B,NGN,CARD,SET-0034
TXN107795,500.0,SUCCESS,REF-00007795,07-29-2026,Merchant_B,Processor_B,NGN,CARD,SET-0004
TXN103747,7500.0,SUCCESS,REF-00003747,07-19-2026,Merchant_E,Processor_B,NGN,USSD,SET-0002
TXN101943,25000.0,SUCCESS,REF-00001943,07-17-2026,Merchant_D,Processor_B,NGN,CARD,SET-0034
TXN108355,5000.0,SUCCESS,REF-00008355,07-30-2026,Merchant_A,Processor_B,NGN,USSD,SET-0039
TXN104107,1000.0,SUCCESS,REF-00004107,07-13-2026,Merchant_D,Processor_B,NGN,CARD,SET-0027
TXN105946,5000.0,SUCCESS,REF-00005946,07-15-2026,Merchant_B,Processor_B,NGN,CARD,SET-0038
TXN108683,15000.0,SUCCESS,REF-00008683,07-18-2026,Merchant_B,Processor_B,NGN,USSD,SET-0008
TXN109320,2500.0,SUCCESS,REF-00009320,07-11-2026,Merchant_B,Processor_B,NGN,CARD,SET-0029
TXN103221,1500.0,REFUNDED,REF-00003221,07-06-2026,Merchant_A,Processor_B,NGN,CARD,SET-0023
TXN104325,250000.0,FAILED,REF-00004325,07-29-2026,Merchant_E,Processor_B,NGN,MOBILE_MONEY,SET-0049
TXN103795,15000.0,SUCCESS,REF-00003795,07-14-2026,Merchant_A,Processor_B,NGN,CARD,SET-0016
TXN104261,100000.0,SUCCESS,REF-00004261,07-20-2026,Merchant_A,Processor_B,NGN,CARD,SET-0020
TXN100459,1000.0,SUCCESS,REF-00000459,07-28-2026,Merchant_C,Processor_B,NGN,CARD,SET-0004
TXN108383,50000.0,SUCCESS,REF-00008383,07-12-2026,Merchant_A,Processor_B,NGN,MOBILE_MONEY,SET-0035
TXN108184,5000.0,SUCCESS,REF-00008184,07-21-2026,Merchant_C,Processor_B,NGN,CARD,SET-0039
TXN109345,250000.0,SUCCESS,REF-00009345,07-05-2026,Merchant_A,Processor_B,NGN,MOBILE_MONEY,SET-0040
TXN106284,2500.0,SUCCESS,REF-00006284,07-03-2026,Merchant_A,Processor_B,NGN,CARD,SET-0007
TXN102427,250000.0,SUCCESS,REF-00002427,07-20-2026,Merchant_E,Processor_B,NGN,MOBILE_MONEY,SET-0038
TXN107119,10000.0,SUCCESS,REF-00007119,07-31-2026,Merchant_E,Processor_B,NGN,BANK_TRANSFER,SET-0038
TXN101384,15000.0,SUCCESS,REF-00001384,07-28-2026,Merchant_C,Processor_B,NGN,MOBILE_MONEY,SET-0016
TXN109242,25000.0,SUCCESS,REF-00009242,07-06-2026,Merchant_A,Processor_B,NGN,USSD,SET-0023
TXN103683,2500.0,SUCCESS,REF-00003683,07-25-2026,Merchant_B,Processor_B,NGN,CARD,SET-0044
TXN107746,1500.0,REFUNDED,REF-00007746,07-31-2026,Merchant_A,Processor_B,NGN,MOBILE_MONEY,SET-0029
TXN105096,50000.0,SUCCESS,REF-00005096,07-23-2026,Merchant_C,Processor_B,NGN,USSD,SET-0015
TXN107470,50000.0,SUCCESS,REF-00007470,07-17-2026,Merchant_E,Processor_B,NGN,BANK_TRANSFER,SET-0005
TXN106960,10000.0,SUCCESS,REF-00006960,07-13-2026,Merchant_A,Processor_B,NGN,USSD,SET-0002
TXN107567,1000.0,FAILED,REF-00007567,07-17-2026,Merchant_A,Processor_B,NGN,MOBILE_MONEY,SET-0027
TXN100616,1000.0,FAILED,REF-00000616,07-13-2026,Merchant_B,Processor_B,NGN,USSD,SET-0027
TXN101050,100000.0,SUCCESS,REF-00001050,07-07-2026,Merchant_D,Processor_B,NGN,MOBILE_MONEY,SET-0046
PROC_ONLY1047,10000.0,SUCCESS,PROC-ONLY-REF-00047,07-26-2026,Merchant_A,Processor_B,NGN,MOBILE_MONEY,SET-0016
TXN101644,1000.0,SUCCESS,REF-00001644,07-01-2026,Merchant_D,Processor_B,NGN,BANK_TRANSFER,SET-0019
TXN109839,50000.0,FAILED,REF-00009839,07-10-2026,Merchant_C,Processor_B,NGN,USSD,SET-0013
TXN107234,5000.0,SUCCESS,REF-00007234,07-05-2026,Merchant_C,Processor_B,NGN,BANK_TRANSFER,SET-0026
TXN105066,10000.0,SUCCESS,REF-00005066,07-11-2026,Merchant_D,Processor_B,NGN,BANK_TRANSFER,SET-0035
TXN100995,1000.0,SUCCESS,REF-00000995,07-15-2026,Merchant_D,Processor_B,NGN,BANK_TRANSFER,SET-0023
TXN106099,100000.0,SUCCESS,REF-00006099,07-09-2026,Merchant_A,Processor_B,NGN,USSD,SET-0001
TXN102344,100000.0,SUCCESS,REF-00002344,07-09-2026,Merchant_E,Processor_B,NGN,MOBILE_MONEY,SET-0048
TXN104442,2500.0,SUCCESS,REF-00004442,07-06-2026,Merchant_A,Processor_B,NGN,CARD,SET-0030
TXN107891,10000.0,SUCCESS,REF-00007891,07-01-2026,Merchant_A,Processor_B,NGN,CARD,SET-0032
TXN101461,15000.0,SUCCESS,REF-00001461,07-20-2026,Merchant_B,Processor_B,NGN,CARD,SET-0032
TXN109018,500.0,SUCCESS,REF-00009018,07-04-2026,Merchant_C,Processor_B,NGN,BANK_TRANSFER,SET-0030
TXN107949,5000.0,SUCCESS,REF-00007949,07-21-2026,Merchant_D,Processor_B,NGN,MOBILE_MONEY,SET-0050
TXN101481,1500.0,SUCCESS,REF-00001481,07-27-2026,Merchant_B,Processor_B,NGN,USSD,SET-0006
TXN107671,10000.0,SUCCESS,REF-00007671,07-10-2026,Merchant_C,Processor_B,NGN,USSD,SET-0037
TXN100593,5000.0,SUCCESS,REF-00000593,07-26-2026,Merchant_A,Processor_B,NGN,MOBILE_MONEY,SET-0039
TXN103504,100000.0,SUCCESS,REF-00003504,07-26-2026,Merchant_A,Processor_B,NGN,USSD,SET-0027
TXN109566,15000.0,SUCCESS,REF-00009566,07-04-2026,Merchant_D,Processor_B,NGN,USSD,SET-0045
TXN101941,5000.0,SUCCESS,REF-00001941,07-31-2026,Merchant_A,Processor_B,NGN,MOBILE_MONEY,SET-0035
TXN100632,10000.0,SUCCESS,REF-00000632,07-05-2026,Merchant_B,Processor_B,NGN,MOBILE_MONEY,SET-0048
TXN101048,100000.0,SUCCESS,REF-00001048,07-31-2026,Merchant_A,Processor_B,NGN,MOBILE_MONEY,SET-0037
TXN102788,250000.0,SUCCESS,REF-00002788,07-01-2026,Merchant_D,Processor_B,NGN,CARD,SET-0043
TXN109578,1000.0,SUCCESS,REF-00009578,07-01-2026,Merchant_C,Processor_B,NGN,MOBILE_MONEY,SET-0003
TXN108568,7500.0,SUCCESS,REF-00008568,07-18-2026,Merchant_C,Processor_B,NGN,BANK_TRANSFER,SET-0004
TXN100771,50000.0,SUCCESS,REF-00000771,07-25-2026,Merchant_E,Processor_B,NGN,BANK_TRANSFER,SET-0025
TXN106753,1000.0,SUCCESS,REF-00006753,07-08-2026,Merchant_B,Processor_B,NGN,USSD,SET-0040
TXN101923,5000.0,REFUNDED,REF-00001923,07-05-2026,Merchant_E,Processor_B,NGN,USSD,SET-0001
TXN106740,1500.0,SUCCESS,REF-00006740,07-02-2026,Merchant_E,Processor_B,NGN,BANK_TRANSFER,SET-0034
TXN106049,100000.0,SUCCESS,REF-00006049,07-08-2026,Merchant_A,Processor_B,NGN,USSD,SET-0032
TXN103189,25000.0,REFUNDED,REF-00003189,07-07-2026,Merchant_D,Processor_B,NGN,BANK_TRANSFER,SET-0034
TXN101191,10000.0,SUCCESS,REF-00001191,07-08-2026,Merchant_E,Processor_B,NGN,USSD,SET-0031
TXN107732,500.0,SUCCESS,REF-00007732,07-14-2026,Merchant_A,Processor_B,NGN,CARD,SET-0031
TXN103655,2500.0,REFUNDED,REF-00003655,07-08-2026,Merchant_E,Processor_B,NGN,BANK_TRANSFER,SET-0042
TXN107849,500.0,SUCCESS,REF-00007849,07-01-2026,Merchant_C,Processor_B,NGN,USSD,SET-0040
TXN104102,10000.0,SUCCESS,REF-00004102,07-14-2026,Merchant_C,Processor_B,NGN,MOBILE_MONEY,SET-0043
TXN103949,2500.0,FAILED,REF-00003949,07-01-2026,Merchant_B,Processor_B,NGN,BANK_TRANSFER,SET-0030
TXN108051,1500.0,SUCCESS,REF-00008051,07-27-2026,Merchant_E,Processor_B,NGN,USSD,SET-0004
TXN103709,250000.0,SUCCESS,REF-00003709,07-06-2026,Merchant_C,Processor_B,NGN,MOBILE_MONEY,SET-0028
TXN102530,15000.0,SUCCESS,REF-00002530,07-27-2026,Merchant_A,Processor_B,NGN,USSD,SET-0008
TXN100023,5000.0,SUCCESS,REF-00000023,07-24-2026,Merchant_E,Processor_B,NGN,BANK_TRANSFER,SET-0007
TXN103208,7500.0,SUCCESS,REF-00003208,07-27-2026,Merchant_A,Processor_B,NGN,CARD,SET-0045
TXN104717,250000.0,FAILED,REF-00004717,07-30-2026,Merchant_E,Processor_B,NGN,MOBILE_MONEY,SET-0007
TXN105134,250000.0,SUCCESS,REF-00005134,07-03-2026,Merchant_E,Processor_B,NGN,CARD,SET-0042
TXN108813,5250.0,SUCCESS,REF-00008813,07-23-2026,Merchant_D,Processor_B,NGN,USSD,SET-0003
TXN101217,15000.0,SUCCESS,REF-00001217,07-23-2026,Merchant_B,Processor_B,NGN,CARD,SET-0011
TXN104451,10000.0,SUCCESS,REF-00004451,07-01-2026,Merchant_E,Processor_B,NGN,CARD,SET-0038
TXN108653,10000.0,SUCCESS,REF-00008653,07-01-2026,Merchant_C,Processor_B,NGN,MOBILE_MONEY,SET-0010
TXN106219,1500.0,SUCCESS,REF-00006219-X,07-22-2026,Merchant_D,Processor_B,NGN,MOBILE_MONEY,SET-0032
TXN109248,2500.0,REFUNDED,REF-00009248,07-24-2026,Merchant_B,Processor_B,NGN,USSD,SET-0011
TXN109883,100000.0,SUCCESS,REF-00009883,07-21-2026,Merchant_C,Processor_B,NGN,BANK_TRANSFER,SET-0038
TXN103001,50000.0,SUCCESS,REF-00003001,07-10-2026,Merchant_A,Processor_B,NGN,CARD,SET-0003
TXN102739,1000.0,SUCCESS,REF-00002739,07-29-2026,Merchant_C,Processor_B,NGN,CARD,SET-0007
TXN105248,7500.0,SUCCESS,REF-00005248,07-25-2026,Merchant_E,Processor_B,NGN,CARD,SET-0025
TXN102827,1000.0,SUCCESS,REF-00002827,07-05-2026,Merchant_A,Processor_B,NGN,MOBILE_MONEY,SET-0042
TXN100559,15000.0,REFUNDED,REF-00000559,07-22-2026,Merchant_A,Processor_B,NGN,CARD,SET-0036
TXN107281,1000.0,SUCCESS,REF-00007281,07-26-2026,Merchant_D,Processor_B,NGN,MOBILE_MONEY,SET-0038
TXN107649,15000.0,REFUNDED,REF-00007649,07-25-2026,Merchant_B,Processor_B,NGN,USSD,SET-0044
TXN106791,5000.0,SUCCESS,REF-00006791,07-30-2026,Merchant_B,Processor_B,NGN,MOBILE_MONEY,SET-0010
TXN102425,100000.0,SUCCESS,REF-00002425,07-30-2026,Merchant_E,Processor_B,NGN,BANK_TRANSFER,SET-0047
TXN106103,100000.0,SUCCESS,REF-00006103,07-21-2026,Merchant_A,Processor_B,NGN,BANK_TRANSFER,SET-0023
TXN107099,100000.0,SUCCESS,REF-00007099,07-12-2026,Merchant_E,Processor_B,NGN,BANK_TRANSFER,SET-0021
TXN100788,7500.0,SUCCESS,REF-00000788,07-20-2026,Merchant_C,Processor_B,NGN,CARD,SET-0022
TXN103905,10000.0,SUCCESS,REF-00003905,07-18-2026,Merchant_E,Processor_B,NGN,USSD,SET-0046
TXN100641,5000.0,FAILED,REF-00000641,07-30-2026,Merchant_E,Processor_B,NGN,CARD,SET-0042
TXN104257,7500.0,FAILED,REF-00004257,07-30-2026,Merchant_C,Processor_B,NGN,MOBILE_MONEY,SET-0036
TXN105485,250000.0,SUCCESS,REF-00005485,07-13-2026,Merchant_B,Processor_B,NGN,BANK_TRANSFER,SET-0006
TXN107445,25000.0,SUCCESS,REF-00007445,07-14-2026,Merchant_D,Processor_B,NGN,BANK_TRANSFER,SET-0020
TXN104590,10000.0,SUCCESS,REF-00004590,07-23-2026,Merchant_C,Processor_B,NGN,BANK_TRANSFER,SET-0002
TXN100282,5000.0,FAILED,REF-00000282,07-27-2026,Merchant_E,Processor_B,NGN,BANK_TRANSFER,SET-0012
TXN109294,100000.0,REFUNDED,REF-00009294,07-18-2026,Merchant_D,Processor_B,NGN,CARD,SET-0003
TXN108603,1500.0,SUCCESS,REF-00008603,07-22-2026,Merchant_B,Processor_B,NGN,USSD,SET-0020
TXN105380,2500.0,FAILED,REF-00005380,07-06-2026,Merchant_D,Processor_B,NGN,CARD,SET-0012
TXN103919,50000.0,SUCCESS,REF-00003919,07-25-2026,Merchant_E,Processor_B,NGN,CARD,SET-0037
TXN104206,10000.0,SUCCESS,REF-00004206,07-28-2026,Merchant_A,Processor_B,NGN,CARD,SET-0003
TXN103601,10000.0,SUCCESS,REF-00003601,07-11-2026,Merchant_E,Processor_B,NGN,BANK_TRANSFER,SET-0037
TXN109588,5000.0,SUCCESS,REF-00009588,07-07-2026,Merchant_B,Processor_B,NGN,CARD,SET-0038
TXN108664,10000.0,SUCCESS,REF-00008664,07-18-2026,Merchant_A,Processor_B,NGN,BANK_TRANSFER,SET-0004
TXN105432,15000.0,SUCCESS,REF-00005432,07-21-2026,Merchant_B,Processor_B,NGN,MOBILE_MONEY,SET-0004
TXN105338,100000.0,SUCCESS,REF-00005338,07-28-2026,Merchant_C,Processor_B,NGN,BANK_TRANSFER,SET-0044
TXN100303,15000.0,REFUNDED,REF-00000303,07-24-2026,Merchant_E,Processor_B,NGN,BANK_TRANSFER,SET-0042
TXN108797,10000.0,FAILED,REF-00008797,07-15-2026,Merchant_E,Processor_B,NGN,MOBILE_MONEY,SET-0014
TXN104052,50000.0,SUCCESS,REF-00004052,07-28-2026,Merchant_B,Processor_B,NGN,BANK_TRANSFER,SET-0049
TXN103055,250000.0,SUCCESS,REF-00003055,07-16-2026,Merchant_B,Processor_B,NGN,BANK_TRANSFER,SET-0041
TXN104105,15000.0,SUCCESS,REF-00004105,07-01-2026,Merchant_E,Processor_B,NGN,BANK_TRANSFER,SET-0006
TXN107935,1500.0,SUCCESS,REF-00007935,07-02-2026,Merchant_C,Processor_B,NGN,BANK_TRANSFER,SET-0047
TXN105589,15000.0,SUCCESS,REF-00005589,07-26-2026,Merchant_D,Processor_B,NGN,USSD,SET-0021
TXN107983,2500.0,SUCCESS,REF-00007983,07-27-2026,Merchant_D,Processor_B,NGN,CARD,SET-0004
TXN101278,1500.0,SUCCESS,REF-00001278,07-01-2026,Merchant_E,Processor_B,NGN,BANK_TRANSFER,SET-0039
TXN108847,15000.0,SUCCESS,REF-00008847,07-05-2026,Merchant_C,Processor_B,NGN,CARD,SET-0038
TXN102213,250000.0,REFUNDED,REF-00002213,07-02-2026,Merchant_A,Processor_B,NGN,CARD,SET-0024
TXN100631,100000.0,SUCCESS,REF-00000631,07-19-2026,Merchant_E,Processor_B,NGN,USSD,SET-0002
TXN107938,5000.0,REFUNDED,REF-00007938,07-14-2026,Merchant_E,Processor_B,NGN,CARD,SET-0042
TXN103406,50000.0,SUCCESS,REF-00003406,07-17-2026,Merchant_D,Processor_B,NGN,BANK_TRANSFER,SET-0027
TXN108176,2500.0,SUCCESS,REF-00008176,07-25-2026,Merchant_A,Processor_B,NGN,CARD,SET-0023
TXN106107,1000.0,SUCCESS,REF-00006107,07-11-2026,Merchant_C,Processor_B,NGN,BANK_TRANSFER,SET-0015
TXN105482,7500.0,SUCCESS,REF-00005482,07-03-2026,Merchant_E,Processor_B,NGN,USSD,SET-0047
TXN105595,10000.0,SUCCESS,REF-00005595,07-15-2026,Merchant_B,Processor_B,NGN,CARD,SET-0046
TXN108408,10000.0,SUCCESS,REF-00008408,07-22-2026,Merchant_D,Processor_B,NGN,USSD,SET-0006
TXN104222,100000.0,SUCCESS,REF-00004222,07-25-2026,Merchant_D,Processor_B,NGN,USSD,SET-0025
TXN109788,10000.0,FAILED,REF-00009788,07-22-2026,Merchant_B,Processor_B,NGN,MOBILE_MONEY,SET-0035
TXN105463,5000.0,SUCCESS,REF-00005463,07-28-2026,Merchant_B,Processor_B,NGN,BANK_TRANSFER,SET-0015
TXN107596,2500.0,SUCCESS,REF-00007596,07-18-2026,Merchant_B,Processor_B,NGN,USSD,SET-0041
TXN108453,7500.0,SUCCESS,REF-00008453,07-15-2026,Merchant_E,Processor_B,NGN,CARD,SET-0028
TXN102974,5000.0,REFUNDED,REF-00002974,07-30-2026,Merchant_A,Processor_B,NGN,USSD,SET-0031
TXN101386,25000.0,SUCCESS,REF-00001386,07-18-2026,Merchant_C,Processor_B,NGN,BANK_TRANSFER,SET-0015
TXN107161,7500.0,SUCCESS,REF-00007161,07-06-2026,Merchant_A,Processor_B,NGN,BANK_TRANSFER,SET-0047
TXN108050,1500.0,SUCCESS,REF-00008050,07-28-2026,Merchant_E,Processor_B,NGN,USSD,SET-0030
TXN108097,2500.0,REFUNDED,REF-00008097,07-13-2026,Merchant_B,Processor_B,NGN,USSD,SET-0006
TXN109080,5000.0,SUCCESS,REF-00009080,07-25-2026,Merchant_A,Processor_B,NGN,USSD,SET-0037
TXN107056,50000.0,SUCCESS,REF-00007056,07-30-2026,Merchant_A,Processor_B,NGN,BANK_TRANSFER,SET-0009
TXN103728,1500.0,SUCCESS,REF-00003728,07-14-2026,Merchant_E,Processor_B,NGN,USSD,SET-0012
TXN100597,1500.0,SUCCESS,REF-00000597,07-26-2026,Merchant_B,Processor_B,NGN,BANK_TRANSFER,SET-0050
TXN103118,2500.0,REFUNDED,REF-00003118,07-08-2026,Merchant_C,Processor_B,NGN,CARD,SET-0050
TXN109698,10000.0,SUCCESS,REF-00009698,07-09-2026,Merchant_A,Processor_B,NGN,CARD,SET-0039
TXN102695,10000.0,SUCCESS,REF-00002695,07-29-2026,Merchant_A,Processor_B,NGN,BANK_TRANSFER,SET-0043
TXN107240,50000.0,SUCCESS,REF-00007240,07-15-2026,Merchant_E,Processor_B,NGN,USSD,SET-0044
TXN108430,2500.0,FAILED,REF-00008430,07-26-2026,Merchant_B,Processor_B,NGN,USSD,SET-0008
TXN102209,100000.0,SUCCESS,REF-00002209,07-26-2026,Merchant_E,Processor_B,NGN,CARD,SET-0001
TXN108851,10000.0,SUCCESS,REF-00008851,07-09-2026,Merchant_D,Processor_B,NGN,CARD,SET-0046
TXN107845,15000.0,SUCCESS,REF-00007845,07-17-2026,Merchant_C,Processor_B,NGN,USSD,SET-0037
TXN109147,7500.0,FAILED,REF-00009147,07-22-2026,Merchant_D,Processor_B,NGN,CARD,SET-0012
TXN101517,100000.0,SUCCESS,REF-00001517,07-10-2026,Merchant_B,Processor_B,NGN,BANK_TRANSFER,SET-0019
TXN101788,1000.0,SUCCESS,REF-00001788,07-17-2026,Merchant_E,Processor_B,NGN,BANK_TRANSFER,SET-0002
TXN107952,15000.0,SUCCESS,REF-00007952,07-14-2026,Merchant_B,Processor_B,NGN,BANK_TRANSFER,SET-0012
TXN102935,1500.0,SUCCESS,REF-00002935,07-15-2026,Merchant_E,Processor_B,NGN,USSD,SET-0034
TXN105514,1000.0,SUCCESS,REF-00005514,07-13-2026,Merchant_C,Processor_B,NGN,MOBILE_MONEY,SET-0036
TXN109313,5000.0,SUCCESS,REF-00009313,07-08-2026,Merchant_D,Processor_B,NGN,MOBILE_MONEY,SET-0028
TXN101551,15000.0,SUCCESS,REF-00001551,07-28-2026,Merchant_D,Processor_B,NGN,CARD,SET-0043
TXN103336,100000.0,SUCCESS,REF-00003336,07-28-2026,Merchant_C,Processor_B,NGN,CARD,SET-0005
TXN102323,5000.0,SUCCESS,REF-00002323,07-12-2026,Merchant_E,Processor_B,NGN,BANK_TRANSFER,SET-0011
TXN108913,2500.0,SUCCESS,REF-00008913,07-23-2026,Merchant_B,Processor_B,NGN,USSD,SET-0031
TXN100355,15000.0,SUCCESS,REF-00000355,07-07-2026,Merchant_D,Processor_B,NGN,BANK_TRANSFER,SET-0010
TXN109621,1000.0,SUCCESS,REF-00009621,07-12-2026,Merchant_B,Processor_B,NGN,USSD,SET-0037
TXN103206,50250.0,SUCCESS,REF-00003206,07-21-2026,Merchant_B,Processor_B,NGN,MOBILE_MONEY,SET-0015
TXN102471,250000.0,SUCCESS,REF-00002471,07-15-2026,Merchant_C,Processor_B,NGN,CARD,SET-0024
TXN100292,50000.0,SUCCESS,REF-00000292,07-19-2026,Merchant_C,Processor_B,NGN,MOBILE_MONEY,SET-0006
TXN108853,15000.0,SUCCESS,REF-00008853,07-07-2026,Merchant_C,Processor_B,NGN,CARD,SET-0011
TXN109299,1000.0,SUCCESS,REF-00009299,07-29-2026,Merchant_A,Processor_B,NGN,USSD,SET-0050
TXN107730,10000.0,SUCCESS,REF-00007730,07-04-2026,Merchant_E,Processor_B,NGN,BANK_TRANSFER,SET-0013
TXN108795,7500.0,SUCCESS,REF-00008795,07-09-2026,Merchant_D,Processor_B,NGN,MOBILE_MONEY,SET-0039
TXN103680,25000.0,FAILED,REF-00003680,07-17-2026,Merchant_B,Processor_B,NGN,USSD,SET-0010
TXN108940,7500.0,SUCCESS,REF-00008940,07-07-2026,Merchant_E,Processor_B,NGN,USSD,SET-0004
TXN108053,25000.0,SUCCESS,REF-00008053,07-08-2026,Merchant_A,Processor_B,NGN,MOBILE_MONEY,SET-0048
TXN107986,25000.0,SUCCESS,REF-00007986,07-05-2026,Merchant_C,Processor_B,NGN,BANK_TRANSFER,SET-0019
TXN107822,7500.0,SUCCESS,REF-00007822,07-02-2026,Merchant_A,Processor_B,NGN,BANK_TRANSFER,SET-0020
TXN102936,25000.0,SUCCESS,REF-00002936,07-21-2026,Merchant_B,Processor_B,NGN,CARD,SET-0016
TXN101368,1500.0,SUCCESS,REF-00001368,07-31-2026,Merchant_C,Processor_B,NGN,BANK_TRANSFER,SET-0012
TXN107585,15000.0,SUCCESS,REF-00007585,07-11-2026,Merchant_C,Processor_B,NGN,USSD,SET-0029
TXN105813,5000.0,SUCCESS,REF-00005813,07-05-2026,Merchant_B,Processor_B,NGN,MOBILE_MONEY,SET-0036
TXN101097,1500.0,SUCCESS,REF-00001097,07-01-2026,Merchant_B,Processor_B,NGN,BANK_TRANSFER,SET-0009
TXN109384,10000.0,SUCCESS,REF-00009384,07-16-2026,Merchant_C,Processor_B,NGN,MOBILE_MONEY,SET-0005
TXN106377,50000.0,SUCCESS,REF-00006377,07-06-2026,Merchant_C,Processor_B,NGN,MOBILE_MONEY,SET-0002
TXN106533,500.0,SUCCESS,REF-00006533,07-15-2026,Merchant_A,Processor_B,NGN,CARD,SET-0007
TXN103043,7500.0,SUCCESS,REF-00003043,07-18-2026,Merchant_D,Processor_B,NGN,MOBILE_MONEY,SET-0042
TXN103536,2500.0,SUCCESS,REF-00003536,07-31-2026,Merchant_A,Processor_B,NGN,CARD,SET-0011
TXN107908,7500.0,SUCCESS,REF-00007908,07-09-2026,Merchant_B,Processor_B,NGN,MOBILE_MONEY,SET-0035
TXN101973,10000.0,SUCCESS,REF-00001973,07-21-2026,Merchant_C,Processor_B,NGN,MOBILE_MONEY,SET-0035
TXN104540,1500.0,SUCCESS,REF-00004540,07-07-2026,Merchant_D,Processor_B,NGN,CARD,SET-0038
TXN109123,100000.0,REFUNDED,REF-00009123,07-07-2026,Merchant_A,Processor_B,NGN,BANK_TRANSFER,SET-0033
TXN107498,2500.0,SUCCESS,REF-00007498,07-02-2026,Merchant_A,Processor_B,NGN,USSD,SET-0017
TXN105475,7500.0,SUCCESS,REF-00005475,07-16-2026,Merchant_E,Processor_B,NGN,CARD,SET-0012
TXN108794,7500.0,SUCCESS,REF-00008794,07-29-2026,Merchant_E,Processor_B,NGN,USSD,SET-0049
TXN107715,250000.0,SUCCESS,REF-00007715,07-05-2026,Merchant_A,Processor_B,NGN,BANK_TRANSFER,SET-0019
TXN105157,25000.0,SUCCESS,REF-00005157,07-13-2026,Merchant_E,Processor_B,NGN,BANK_TRANSFER,SET-0030
TXN102533,500.0,SUCCESS,REF-00002533,07-11-2026,Merchant_A,Processor_B,NGN,USSD,SET-0031
TXN101617,15000.0,SUCCESS,REF-00001617,07-21-2026,Merchant_E,Processor_B,NGN,USSD,SET-0023
TXN104898,1000.0,SUCCESS,REF-00004898,07-19-2026,Merchant_D,Processor_B,NGN,BANK_TRANSFER,SET-0030
TXN107782,100000.0,SUCCESS,REF-00007782,07-09-2026,Merchant_B,Processor_B,NGN,USSD,SET-0038
TXN103517,5000.0,FAILED,REF-00003517,07-08-2026,Merchant_C,Processor_B,NGN,MOBILE_MONEY,SET-0047
TXN103308,5000.0,FAILED,REF-00003308,07-11-2026,Merchant_C,Processor_B,NGN,CARD,SET-0046
TXN107122,10000.0,SUCCESS,REF-00007122,07-26-2026,Merchant_A,Processor_B,NGN,CARD,SET-0041
TXN106632,15000.0,SUCCESS,REF-00006632,07-05-2026,Merchant_D,Processor_B,NGN,CARD,SET-0028
TXN104840,250000.0,SUCCESS,REF-00004840,07-27-2026,Merchant_D,Processor_B,NGN,CARD,SET-0010
TXN108122,1000.0,SUCCESS,REF-00008122,07-08-2026,Merchant_B,Processor_B,NGN,MOBILE_MONEY,SET-0038
TXN106634,15000.0,SUCCESS,REF-00006634,07-29-2026,Merchant_B,Processor_B,NGN,BANK_TRANSFER,SET-0045
TXN103150,15000.0,SUCCESS,REF-00003150,07-15-2026,Merchant_A,Processor_B,NGN,USSD,SET-0025
TXN109785,25000.0,SUCCESS,REF-00009785,07-22-2026,Merchant_A,Processor_B,NGN,CARD,SET-0010
TXN107731,1500.0,SUCCESS,REF-00007731,07-15-2026,Merchant_E,Processor_B,NGN,CARD,SET-0023
TXN105037,250000.0,SUCCESS,REF-00005037,07-11-2026,Merchant_C,Processor_B,NGN,MOBILE_MONEY,SET-0010
TXN103565,25000.0,SUCCESS,REF-00003565,07-26-2026,Merchant_E,Processor_B,NGN,CARD,SET-0010
TXN100660,5000.0,SUCCESS,REF-00000660,07-10-2026,Merchant_E,Processor_B,NGN,MOBILE_MONEY,SET-0019
TXN109179,500.0,SUCCESS,REF-00009179,07-16-2026,Merchant_C,Processor_B,NGN,CARD,SET-0006
TXN104748,7500.0,SUCCESS,REF-00004748,07-12-2026,Merchant_E,Processor_B,NGN,BANK_TRANSFER,SET-0017
TXN106652,5000.0,SUCCESS,REF-00006652,07-23-2026,Merchant_A,Processor_B,NGN,CARD,SET-0027
TXN106963,15000.0,SUCCESS,REF-00006963,07-31-2026,Merchant_B,Processor_B,NGN,BANK_TRANSFER,SET-0050
TXN100446,250000.0,SUCCESS,REF-00000446,07-28-2026,Merchant_D,Processor_B,NGN,CARD,SET-0043
TXN106977,50000.0,FAILED,REF-00006977,07-29-2026,Merchant_E,Processor_B,NGN,BANK_TRANSFER,SET-0023
TXN100698,1500.0,SUCCESS,REF-00000698,07-01-2026,Merchant_A,Processor_B,NGN,CARD,SET-0019
TXN109388,7500.0,SUCCESS,REF-00009388,07-16-2026,Merchant_B,Processor_B,NGN,MOBILE_MONEY,SET-0028
TXN107116,50000.0,SUCCESS,REF-00007116,07-11-2026,Merchant_C,Processor_B,NGN,BANK_TRANSFER,SET-0047
TXN102799,2500.0,SUCCESS,REF-00002799,07-23-2026,Merchant_C,Processor_B,NGN,BANK_TRANSFER,SET-0027
TXN104462,250000.0,SUCCESS,REF-00004462,07-09-2026,Merchant_B,Processor_B,NGN,BANK_TRANSFER,SET-0027
TXN103827,10000.0,SUCCESS,REF-00003827,07-19-2026,Merchant_B,Processor_B,NGN,MOBILE_MONEY,SET-0037
TXN105118,25000.0,SUCCESS,REF-00005118,07-19-2026,Merchant_E,Processor_B,NGN,USSD,SET-0016
TXN103913,250000.0,FAILED,REF-00003913,07-21-2026,Merchant_A,Processor_B,NGN,BANK_TRANSFER,SET-0007
TXN108151,50000.0,FAILED,REF-00008151,07-06-2026,Merchant_D,Processor_B,NGN,BANK_TRANSFER,SET-0019
TXN105275,2500.0,SUCCESS,REF-00005275,07-13-2026,Merchant_C,Processor_B,NGN,USSD,SET-0004
TXN105265,10000.0,SUCCESS,REF-00005265,07-15-2026,Merchant_E,Processor_B,NGN,MOBILE_MONEY,SET-0042
TXN103273,10000.0,SUCCESS,REF-00003273,07-14-2026,Merchant_E,Processor_B,NGN,CARD,SET-0045
TXN108040,250000.0,SUCCESS,REF-00008040,07-09-2026,Merchant_E,Processor_B,NGN,MOBILE_MONEY,SET-0013
TXN101777,7500.0,SUCCESS,REF-00001777,07-24-2026,Merchant_D,Processor_B,NGN,BANK_TRANSFER,SET-0002
TXN102005,25000.0,FAILED,REF-00002005,07-08-2026,Merchant_A,Processor_B,NGN,CARD,SET-0050
TXN100122,5000.0,FAILED,REF-00000122,07-24-2026,Merchant_A,Processor_B,NGN,BANK_TRANSFER,SET-0008
TXN103587,25000.0,SUCCESS,REF-00003587,07-15-2026,Merchant_C,Processor_B,NGN,MOBILE_MONEY,SET-0005
TXN105955,15000.0,SUCCESS,REF-00005955,07-04-2026,Merchant_E,Processor_B,NGN,CARD,SET-0034
TXN104287,10000.0,SUCCESS,REF-00004287,07-27-2026,Merchant_C,Processor_B,NGN,MOBILE_MONEY,SET-0029
TXN100675,250000.0,SUCCESS,REF-00000675,07-04-2026,Merchant_C,Processor_B,NGN,MOBILE_MONEY,SET-0023
TXN103383,2500.0,SUCCESS,REF-00003383,07-21-2026,Merchant_B,Processor_B,NGN,USSD,SET-0016
TXN105937,2500.0,SUCCESS,REF-00005937,07-03-2026,Merchant_E,Processor_B,NGN,MOBILE_MONEY,SET-0022
TXN104025,50000.0,SUCCESS,REF-00004025,07-25-2026,Merchant_E,Processor_B,NGN,USSD,SET-0003
TXN103488,500.0,SUCCESS,REF-00003488,07-20-2026,Merchant_A,Processor_B,NGN,MOBILE_MONEY,SET-0023
TXN100732,15000.0,SUCCESS,REF-00000732,07-11-2026,Merchant_E,Processor_B,NGN,MOBILE_MONEY,SET-0043
TXN106252,5000.0,SUCCESS,REF-00006252,07-26-2026,Merchant_E,Processor_B,NGN,USSD,SET-0015
TXN102511,100000.0,REFUNDED,REF-00002511,07-03-2026,Merchant_E,Processor_B,NGN,BANK_TRANSFER,SET-0050
TXN107798,2500.0,SUCCESS,REF-00007798,07-13-2026,Merchant_B,Processor_B,NGN,CARD,SET-0020
TXN108986,5000.0,SUCCESS,REF-00008986,07-09-2026,Merchant_B,Processor_B,NGN,BANK_TRANSFER,SET-0003
TXN105484,25000.0,SUCCESS,REF-00005484-X,07-13-2026,Merchant_E,Processor_B,NGN,BANK_TRANSFER,SET-0041
TXN106140,7500.0,SUCCESS,REF-00006140,07-03-2026,Merchant_C,Processor_B,NGN,USSD,SET-0007
TXN100966,25000.0,SUCCESS,REF-00000966,07-20-2026,Merchant_E,Processor_B,NGN,USSD,SET-0008
TXN107983,2500.0,SUCCESS,REF-00007983,07-27-2026,Merchant_D,Processor_B,NGN,BANK_TRANSFER,SET-0010
TXN102229,5000.0,SUCCESS,REF-00002229,07-09-2026,Merchant_D,Processor_B,NGN,BANK_TRANSFER,SET-0017
TXN104158,250000.0,SUCCESS,REF-00004158,07-12-2026,Merchant_D,Processor_B,NGN,MOBILE_MONEY,SET-0046
TXN101438,2500.0,FAILED,REF-00001438,07-01-2026,Merchant_A,Processor_B,NGN,MOBILE_MONEY,SET-0024
TXN103695,500.0,SUCCESS,REF-00003695,07-19-2026,Merchant_A,Processor_B,NGN,CARD,SET-0027
TXN108457,5000.0,SUCCESS,REF-00008457,07-15-2026,Merchant_B,Processor_B,NGN,CARD,SET-0027
TXN104433,100000.0,SUCCESS,REF-00004433,07-14-2026,Merchant_B,Processor_B,NGN,CARD,SET-0016
TXN102371,50000.0,SUCCESS,REF-00002371,07-20-2026,Merchant_B,Processor_B,NGN,MOBILE_MONEY,SET-0006
TXN108808,1000.0,SUCCESS,REF-00008808,07-15-2026,Merchant_A,Processor_B,NGN,CARD,SET-0011
TXN106671,50500.0,SUCCESS,REF-00006671,07-20-2026,Merchant_C,Processor_B,NGN,BANK_TRANSFER,SET-0025
TXN108075,2500.0,SUCCESS,REF-00008075,07-26-2026,Merchant_C,Processor_B,NGN,CARD,SET-0032
TXN107358,2500.0,SUCCESS,REF-00007358,07-07-2026,Merchant_C,Processor_B,NGN,USSD,SET-0037
TXN109975,1500.0,SUCCESS,REF-00009975,07-08-2026,Merchant_B,Processor_B,NGN,BANK_TRANSFER,SET-0049
TXN105702,10000.0,SUCCESS,REF-00005702,07-15-2026,Merchant_E,Processor_B,NGN,BANK_TRANSFER,SET-0048
TXN103574,101000.0,SUCCESS,REF-00003574,07-19-2026,Merchant_E,Processor_B,NGN,USSD,SET-0037
TXN106709,100000.0,SUCCESS,REF-00006709,07-15-2026,Merchant_A,Processor_B,NGN,CARD,SET-0049
TXN107178,2500.0,SUCCESS,REF-00007178,07-04-2026,Merchant_A,Processor_B,NGN,BANK_TRANSFER,SET-0003
TXN107712,2500.0,SUCCESS,REF-00007712,07-29-2026,Merchant_B,Processor_B,NGN,BANK_TRANSFER,SET-0040
TXN109120,100000.0,SUCCESS,REF-00009120,07-02-2026,Merchant_A,Processor_B,NGN,CARD,SET-0019
TXN103386,2500.0,SUCCESS,REF-00003386,07-15-2026,Merchant_B,Processor_B,NGN,BANK_TRANSFER,SET-0048
TXN101867,1500.0,SUCCESS,REF-00001867,07-27-2026,Merchant_B,Processor_B,NGN,BANK_TRANSFER,SET-0040
TXN100990,50000.0,SUCCESS,REF-00000990,07-24-2026,Merchant_B,Processor_B,NGN,MOBILE_MONEY,SET-0032
TXN106602,5000.0,SUCCESS,REF-00006602,07-17-2026,Merchant_D,Processor_B,NGN,CARD,SET-0047
TXN104741,1000.0,SUCCESS,REF-00004741,07-26-2026,Merchant_B,Processor_B,NGN,BANK_TRANSFER,SET-0040
TXN102933,10000.0,SUCCESS,REF-00002933,07-23-2026,Merchant_A,Processor_B,NGN,BANK_TRANSFER,SET-0023
TXN108668,2500.0,REFUNDED,REF-00008668,07-21-2026,Merchant_A,Processor_B,NGN,CARD,SET-0012
TXN104289,50000.0,SUCCESS,REF-00004289,07-23-2026,Merchant_B,Processor_B,NGN,MOBILE_MONEY,SET-0029
TXN102738,250100.0,FAILED,REF-00002738,07-26-2026,Merchant_A,Processor_B,NGN,CARD,SET-0035
TXN106391,7500.0,SUCCESS,REF-00006391,07-13-2026,Merchant_D,Processor_B,NGN,USSD,SET-0045
TXN101890,1100.0,SUCCESS,REF-00001890,07-30-2026,Merchant_A,Processor_B,NGN,CARD,SET-0037
TXN104048,50000.0,FAILED,REF-00004048,07-12-2026,Merchant_C,Processor_B,NGN,BANK_TRANSFER,SET-0015
TXN101320,2500.0,SUCCESS,REF-00001320,07-25-2026,Merchant_C,Processor_B,NGN,USSD,SET-0008
TXN101838,100000.0,SUCCESS,REF-00001838,07-25-2026,Merchant_D,Processor_B,NGN,MOBILE_MONEY,SET-0008
TXN104753,10000.0,SUCCESS,REF-00004753,07-01-2026,Merchant_D,Processor_B,NGN,USSD,SET-0037
TXN104933,8500.0,SUCCESS,REF-00004933,07-04-2026,Merchant_A,Processor_B,NGN,USSD,SET-0001
TXN105008,1500.0,SUCCESS,REF-00005008,07-20-2026,Merchant_E,Processor_B,NGN,MOBILE_MONEY,SET-0046
TXN104427,1000.0,SUCCESS,REF-00004427,07-25-2026,Merchant_A,Processor_B,NGN,USSD,SET-0044
TXN108541,15000.0,REFUNDED,REF-00008541,07-09-2026,Merchant_D,Processor_B,NGN,USSD,SET-0015
TXN106368,10000.0,SUCCESS,REF-00006368,07-30-2026,Merchant_C,Processor_B,NGN,BANK_TRANSFER,SET-0045
TXN104866,5000.0,SUCCESS,REF-00004866,07-27-2026,Merchant_D,Processor_B,NGN,CARD,SET-0009
TXN101008,2500.0,SUCCESS,REF-00001008,07-02-2026,Merchant_C,Processor_B,NGN,CARD,SET-0019
TXN101828,50000.0,SUCCESS,REF-00001828,07-21-2026,Merchant_C,Processor_B,NGN,USSD,SET-0013
TXN103682,25000.0,SUCCESS,REF-00003682,07-14-2026,Merchant_A,Processor_B,NGN,MOBILE_MONEY,SET-0024
TXN103814,2500.0,SUCCESS,REF-00003814,07-22-2026,Merchant_E,Processor_B,NGN,USSD,SET-0016
TXN108768,7500.0,SUCCESS,REF-00008768,07-12-2026,Merchant_B,Processor_B,NGN,MOBILE_MONEY,SET-0039
TXN105192,25000.0,SUCCESS,REF-00005192,07-15-2026,Merchant_D,Processor_B,NGN,USSD,SET-0005
TXN107691,100000.0,SUCCESS,REF-00007691,07-31-2026,Merchant_D,Processor_B,NGN,CARD,SET-0035
TXN100158,2500.0,FAILED,REF-00000158,07-09-2026,Merchant_E,Processor_B,NGN,MOBILE_MONEY,SET-0003
TXN108129,2500.0,SUCCESS,REF-00008129,07-26-2026,Merchant_D,Processor_B,NGN,BANK_TRANSFER,SET-0050
TXN107159,10000.0,SUCCESS,REF-00007159,07-28-2026,Merchant_C,Processor_B,NGN,CARD,SET-0023
TXN109207,15000.0,REFUNDED,REF-00009207,07-26-2026,Merchant_B,Processor_B,NGN,CARD,SET-0014
TXN108693,500.0,SUCCESS,REF-00008693,07-31-2026,Merchant_C,Processor_B,NGN,BANK_TRANSFER,SET-0015
TXN106914,5000.0,SUCCESS,REF-00006914,07-20-2026,Merchant_A,Processor_B,NGN,CARD,SET-0004
TXN105800,5000.0,SUCCESS,REF-00005800,07-11-2026,Merchant_C,Processor_B,NGN,BANK_TRANSFER,SET-0032
TXN104833,1500.0,SUCCESS,REF-00004833,07-25-2026,Merchant_C,Processor_B,NGN,BANK_TRANSFER,SET-0005
TXN104184,1500.0,SUCCESS,REF-00004184,07-05-2026,Merchant_D,Processor_B,NGN,MOBILE_MONEY,SET-0015
TXN105911,100000.0,SUCCESS,REF-00005911,07-02-2026,Merchant_E,Processor_B,NGN,BANK_TRANSFER,SET-0027
TXN104208,1000.0,FAILED,REF-00004208,07-08-2026,Merchant_B,Processor_B,NGN,CARD,SET-0007
TXN101667,100000.0,SUCCESS,REF-00001667,07-18-2026,Merchant_E,Processor_B,NGN,BANK_TRANSFER,SET-0004
TXN102119,100000.0,SUCCESS,REF-00002119,07-10-2026,Merchant_D,Processor_B,NGN,BANK_TRANSFER,SET-0013
TXN103670,2500.0,SUCCESS,REF-00003670,07-13-2026,Merchant_E,Processor_B,NGN,BANK_TRANSFER,SET-0030
TXN101250,50000.0,SUCCESS,REF-00001250,07-09-2026,Merchant_E,Processor_B,NGN,BANK_TRANSFER,SET-0039
TXN103284,7500.0,SUCCESS,REF-00003284,07-13-2026,Merchant_B,Processor_B,NGN,MOBILE_MONEY,SET-0045
TXN101929,1000.0,SUCCESS,REF-00001929,07-17-2026,Merchant_A,Processor_B,NGN,USSD,SET-0033
TXN100195,5000.0,FAILED,REF-00000195,07-13-2026,Merchant_C,Processor_B,NGN,MOBILE_MONEY,SET-0048
TXN108828,7500.0,SUCCESS,REF-00008828,07-09-2026,Merchant_A,Processor_B,NGN,BANK_TRANSFER,SET-0006
TXN109479,1000.0,SUCCESS,REF-00009479,07-02-2026,Merchant_C,Processor_B,NGN,BANK_TRANSFER,SET-0050
TXN109897,15000.0,SUCCESS,REF-00009897,07-25-2026,Merchant_E,Processor_B,NGN,MOBILE_MONEY,SET-0021
TXN103018,1000.0,SUCCESS,REF-00003018,07-25-2026,Merchant_C,Processor_B,NGN,BANK_TRANSFER,SET-0036
TXN101845,2500.0,SUCCESS,REF-00001845,07-21-2026,Merchant_E,Processor_B,NGN,USSD,SET-0017
TXN106891,100000.0,SUCCESS,REF-00006891,07-24-2026,Merchant_C,Processor_B,NGN,USSD,SET-0035
TXN104672,25000.0,SUCCESS,REF-00004672,07-18-2026,Merchant_C,Processor_B,NGN,MOBILE_MONEY,SET-0010
TXN101656,10000.0,REFUNDED,REF-00001656,07-13-2026,Merchant_D,Processor_B,NGN,USSD,SET-0039
TXN104185,15000.0,SUCCESS,REF-00004185,07-12-2026,Merchant_A,Processor_B,NGN,BANK_TRANSFER,SET-0048
TXN108939,5000.0,SUCCESS,REF-00008939,07-13-2026,Merchant_B,Processor_B,NGN,USSD,SET-0028
TXN106430,25000.0,SUCCESS,REF-00006430,07-15-2026,Merchant_D,Processor_B,NGN,USSD,SET-0010
TXN103008,15000.0,SUCCESS,REF-00003008,07-21-2026,Merchant_C,Processor_B,NGN,BANK_TRANSFER,SET-0004
TXN104766,50000.0,SUCCESS,REF-00004766,07-17-2026,Merchant_E,Processor_B,NGN,BANK_TRANSFER,SET-0007
TXN108849,1000.0,SUCCESS,REF-00008849,07-28-2026,Merchant_A,Processor_B,NGN,BANK_TRANSFER,SET-0006
TXN107383,10000.0,SUCCESS,REF-00007383,07-21-2026,Merchant_B,Processor_B,NGN,CARD,SET-0028
TXN109198,15000.0,SUCCESS,REF-00009198,07-17-2026,Merchant_C,Processor_B,NGN,CARD,SET-0021
TXN109984,100000.0,SUCCESS,REF-00009984,07-01-2026,Merchant_B,Processor_B,NGN,CARD,SET-0005
TXN105734,15000.0,SUCCESS,REF-00005734,07-27-2026,Merchant_C,Processor_B,NGN,BANK_TRANSFER,SET-0037
TXN101298,15000.0,SUCCESS,REF-00001298,07-19-2026,Merchant_A,Processor_B,NGN,CARD,SET-0026
TXN101516,15000.0,SUCCESS,REF-00001516,07-30-2026,Merchant_B,Processor_B,NGN,CARD,SET-0016
TXN103306,5000.0,SUCCESS,REF-00003306,07-06-2026,Merchant_A,Processor_B,NGN,CARD,SET-0019
TXN101758,1000.0,FAILED,REF-00001758,07-02-2026,Merchant_E,Processor_B,NGN,USSD,SET-0023
TXN107799,2500.0,SUCCESS,REF-00007799,07-10-2026,Merchant_B,Processor_B,NGN,CARD,SET-0022
TXN101939,1000.0,SUCCESS,REF-00001939,07-19-2026,Merchant_C,Processor_B,NGN,MOBILE_MONEY,SET-0049
TXN109167,1500.0,SUCCESS,REF-00009167,07-27-2026,Merchant_D,Processor_B,NGN,CARD,SET-0010
TXN105758,7500.0,SUCCESS,REF-00005758,07-04-2026,Merchant_D,Processor_B,NGN,USSD,SET-0015
TXN105818,100000.0,SUCCESS,REF-00005818,07-23-2026,Merchant_E,Processor_B,NGN,MOBILE_MONEY,SET-0024
TXN104626,5000.0,SUCCESS,REF-00004626,07-04-2026,Merchant_A,Processor_B,NGN,USSD,SET-0026
TXN109530,1000.0,SUCCESS,REF-00009530,07-15-2026,Merchant_C,Processor_B,NGN,CARD,SET-0040
TXN101968,5000.0,SUCCESS,REF-00001968,07-22-2026,Merchant_C,Processor_B,NGN,BANK_TRANSFER,SET-0021
TXN101886,500.0,SUCCESS,REF-00001886,07-03-2026,Merchant_D,Processor_B,NGN,BANK_TRANSFER,SET-0039
TXN109371,2500.0,SUCCESS,REF-00009371,07-01-2026,Merchant_B,Processor_B,NGN,BANK_TRANSFER,SET-0013
TXN103836,100000.0,REFUNDED,REF-00003836,07-04-2026,Merchant_D,Processor_B,NGN,BANK_TRANSFER,SET-0001
TXN101442,15000.0,SUCCESS,REF-00001442,07-14-2026,Merchant_D,Processor_B,NGN,BANK_TRANSFER,SET-0040
TXN109452,1500.0,SUCCESS,REF-00009452,07-15-2026,Merchant_C,Processor_B,NGN,BANK_TRANSFER,SET-0045
TXN108580,2500.0,SUCCESS,REF-00008580,07-15-2026,Merchant_A,Processor_B,NGN,MOBILE_MONEY,SET-0006
TXN109034,7500.0,SUCCESS,REF-00009034,07-14-2026,Merchant_E,Processor_B,NGN,BANK_TRANSFER,SET-0041
TXN107356,250000.0,SUCCESS,REF-00007356,07-30-2026,Merchant_D,Processor_B,NGN,USSD,SET-0018
TXN106600,10000.0,SUCCESS,REF-00006600,07-29-2026,Merchant_D,Processor_B,NGN,USSD,SET-0012
TXN106022,50000.0,SUCCESS,REF-00006022,07-19-2026,Merchant_D,Processor_B,NGN,BANK_TRANSFER,SET-0017
TXN102567,5000.0,SUCCESS,REF-00002567,07-21-2026,Merchant_D,Processor_B,NGN,BANK_TRANSFER,SET-0019
TXN103663,500.0,SUCCESS,REF-00003663,07-14-2026,Merchant_A,Processor_B,NGN,CARD,SET-0041
TXN103542,1500.0,SUCCESS,REF-00003542,07-27-2026,Merchant_C,Processor_B,NGN,MOBILE_MONEY,SET-0001
TXN105075,10000.0,SUCCESS,REF-00005075,07-15-2026,Merchant_E,Processor_B,NGN,CARD,SET-0035
TXN101583,10000.0,SUCCESS,REF-00001583,07-09-2026,Merchant_C,Processor_B,NGN,CARD,SET-0039
TXN108455,1500.0,SUCCESS,REF-00008455,07-06-2026,Merchant_E,Processor_B,NGN,BANK_TRANSFER,SET-0045
TXN100140,250000.0,SUCCESS,REF-00000140,07-08-2026,Merchant_E,Processor_B,NGN,BANK_TRANSFER,SET-0021
TXN102574,2500.0,SUCCESS,REF-00002574,07-19-2026,Merchant_D,Processor_B,NGN,USSD,SET-0025
TXN103960,10000.0,SUCCESS,REF-00003960,07-22-2026,Merchant_E,Processor_B,NGN,MOBILE_MONEY,SET-0005
TXN103216,1500.0,SUCCESS,REF-00003216,07-23-2026,Merchant_D,Processor_B,NGN,USSD,SET-0017
TXN102155,2500.0,SUCCESS,REF-00002155,07-29-2026,Merchant_D,Processor_B,NGN,CARD,SET-0028
TXN104611,1000.0,SUCCESS,REF-00004611,07-03-2026,Merchant_C,Processor_B,NGN,CARD,SET-0013
TXN104985,1500.0,SUCCESS,REF-00004985,07-01-2026,Merchant_C,Processor_B,NGN,BANK_TRANSFER,SET-0032
TXN107615,7500.0,SUCCESS,REF-00007615,07-24-2026,Merchant_A,Processor_B,NGN,USSD,SET-0008
TXN109822,15000.0,FAILED,REF-00009822,07-21-2026,Merchant_E,Processor_B,NGN,BANK_TRANSFER,SET-0002
TXN105781,7500.0,SUCCESS,REF-00005781,07-01-2026,Merchant_B,Processor_B,NGN,MOBILE_MONEY,SET-0023
TXN107203,1000.0,SUCCESS,REF-00007203,07-04-2026,Merchant_C,Processor_B,NGN,BANK_TRANSFER,SET-0022
TXN105583,25000.0,SUCCESS,REF-00005583,07-14-2026,Merchant_A,Processor_B,NGN,USSD,SET-0044
TXN107564,10000.0,SUCCESS,REF-00007564,07-10-2026,Merchant_B,Processor_B,NGN,BANK_TRANSFER,SET-0020
TXN104097,1000.0,REFUNDED,REF-00004097,07-22-2026,Merchant_A,Processor_B,NGN,BANK_TRANSFER,SET-0040
TXN106471,50000.0,SUCCESS,REF-00006471,07-22-2026,Merchant_C,Processor_B,NGN,MOBILE_MONEY,SET-0009
TXN106985,5000.0,SUCCESS,REF-00006985,07-14-2026,Merchant_B,Processor_B,NGN,BANK_TRANSFER,SET-0017
TXN104834,10000.0,SUCCESS,REF-00004834,07-19-2026,Merchant_C,Processor_B,NGN,CARD,SET-0045
TXN107118,25000.0,SUCCESS,REF-00007118,07-11-2026,Merchant_C,Processor_B,NGN,CARD,SET-0006
TXN103940,25000.0,SUCCESS,REF-00003940,07-18-2026,Merchant_D,Processor_B,NGN,BANK_TRANSFER,SET-0036
TXN107250,50000.0,SUCCESS,REF-00007250,07-31-2026,Merchant_E,Processor_B,NGN,USSD,SET-0004
TXN103557,10000.0,SUCCESS,REF-00003557,07-18-2026,Merchant_A,Processor_B,NGN,BANK_TRANSFER,SET-0016
TXN109972,250000.0,SUCCESS,REF-00009972,07-24-2026,Merchant_B,Processor_B,NGN,USSD,SET-0014
TXN108803,250000.0,SUCCESS,REF-00008803,07-09-2026,Merchant_A,Processor_B,NGN,MOBILE_MONEY,SET-0045
TXN105761,100000.0,SUCCESS,REF-00005761,07-17-2026,Merchant_D,Processor_B,NGN,CARD,SET-0035
TXN100822,5000.0,REFUNDED,REF-00000822,07-15-2026,Merchant_D,Processor_B,NGN,MOBILE_MONEY,SET-0050
TXN104921,25000.0,FAILED,REF-00004921,07-31-2026,Merchant_A,Processor_B,NGN,USSD,SET-0045
TXN103775,100000.0,FAILED,REF-00003775,07-27-2026,Merchant_C,Processor_B,NGN,MOBILE_MONEY,SET-0028
TXN104660,10000.0,SUCCESS,REF-00004660,07-08-2026,Merchant_D,Processor_B,NGN,BANK_TRANSFER,SET-0023
TXN102870,100000.0,SUCCESS,REF-00002870,07-25-2026,Merchant_D,Processor_B,NGN,USSD,SET-0047
TXN104632,50000.0,SUCCESS,REF-00004632,07-24-2026,Merchant_B,Processor_B,NGN,USSD,SET-0005
TXN104713,25000.0,SUCCESS,REF-00004713,07-29-2026,Merchant_E,Processor_B,NGN,USSD,SET-0009
TXN108947,100000.0,SUCCESS,REF-00008947,07-24-2026,Merchant_A,Processor_B,NGN,MOBILE_MONEY,SET-0012
TXN106460,2500.0,SUCCESS,REF-00006460,07-17-2026,Merchant_A,Processor_B,NGN,BANK_TRANSFER,SET-0024
TXN103819,10000.0,SUCCESS,REF-00003819,07-13-2026,Merchant_A,Processor_B,NGN,USSD,SET-0016
TXN100993,15000.0,SUCCESS,REF-00000993,07-01-2026,Merchant_B,Processor_B,NGN,CARD,SET-0020
TXN104856,1500.0,SUCCESS,REF-00004856,07-13-2026,Merchant_C,Processor_B,NGN,USSD,SET-0021
TXN101921,500.0,SUCCESS,REF-00001921,07-12-2026,Merchant_A,Processor_B,NGN,BANK_TRANSFER,SET-0027
TXN106429,15000.0,SUCCESS,REF-00006429,07-24-2026,Merchant_B,Processor_B,NGN,USSD,SET-0033
TXN109687,5000.0,SUCCESS,REF-00009687,07-07-2026,Merchant_E,Processor_B,NGN,CARD,SET-0004
TXN101990,25000.0,SUCCESS,REF-00001990,07-27-2026,Merchant_A,Processor_B,NGN,BANK_TRANSFER,SET-0046
TXN109498,250000.0,SUCCESS,REF-00009498,07-23-2026,Merchant_A,Processor_B,NGN,BANK_TRANSFER,SET-0035
TXN108470,2500.0,SUCCESS,REF-00008470,07-19-2026,Merchant_D,Processor_B,NGN,MOBILE_MONEY,SET-0022
TXN104011,7500.0,FAILED,REF-00004011,07-22-2026,Merchant_A,Processor_B,NGN,BANK_TRANSFER,SET-0032
TXN103518,1000.0,SUCCESS,REF-00003518,07-08-2026,Merchant_E,Processor_B,NGN,CARD,SET-0038
TXN106376,25000.0,SUCCESS,REF-00006376,07-22-2026,Merchant_A,Processor_B,NGN,CARD,SET-0046
TXN105780,15000.0,SUCCESS,REF-00005780,07-25-2026,Merchant_D,Processor_B,NGN,MOBILE_MONEY,SET-0026
TXN107963,7500.0,SUCCESS,REF-00007963,07-04-2026,Merchant_E,Processor_B,NGN,MOBILE_MONEY,SET-0043
TXN105416,5000.0,SUCCESS,REF-00005416,07-23-2026,Merchant_E,Processor_B,NGN,BANK_TRANSFER,SET-0049
TXN108180,500.0,SUCCESS,REF-00008180,07-14-2026,Merchant_D,Processor_B,NGN,MOBILE_MONEY,SET-0030
TXN102379,50000.0,FAILED,REF-00002379,07-26-2026,Merchant_E,Processor_B,NGN,USSD,SET-0022
TXN109050,50000.0,SUCCESS,REF-00009050,07-18-2026,Merchant_B,Processor_B,NGN,MOBILE_MONEY,SET-0044
TXN100385,50000.0,SUCCESS,REF-00000385,07-24-2026,Merchant_C,Processor_B,NGN,USSD,SET-0031
TXN102381,50000.0,SUCCESS,REF-00002381,07-06-2026,Merchant_C,Processor_B,NGN,USSD,SET-0019
TXN106024,1000.0,SUCCESS,REF-00006024,07-28-2026,Merchant_B,Processor_B,NGN,USSD,SET-0040
TXN106871,1000.0,FAILED,REF-00006871,07-10-2026,Merchant_E,Processor_B,NGN,CARD,SET-0028
TXN102137,25000.0,SUCCESS,REF-00002137,07-03-2026,Merchant_A,Processor_B,NGN,MOBILE_MONEY,SET-0022
TXN105105,1000.0,FAILED,REF-00005105,07-01-2026,Merchant_C,Processor_B,NGN,BANK_TRANSFER,SET-0003
TXN106025,2500.0,SUCCESS,REF-00006025,07-17-2026,Merchant_E,Processor_B,NGN,BANK_TRANSFER,SET-0021
TXN106982,100000.0,REFUNDED,REF-00006982,07-30-2026,Merchant_A,Processor_B,NGN,USSD,SET-0016
TXN104589,25000.0,SUCCESS,REF-00004589,07-25-2026,Merchant_B,Processor_B,NGN,BANK_TRANSFER,SET-0013
TXN105561,250000.0,SUCCESS,REF-00005561,07-23-2026,Merchant_A,Processor_B,NGN,USSD,SET-0039
TXN104200,50000.0,SUCCESS,REF-00004200,07-28-2026,Merchant_D,Processor_B,NGN,BANK_TRANSFER,SET-0042
TXN101841,7500.0,SUCCESS,REF-00001841,07-10-2026,Merchant_C,Processor_B,NGN,MOBILE_MONEY,SET-0009
TXN101188,5000.0,SUCCESS,REF-00001188,07-26-2026,Merchant_E,Processor_B,NGN,MOBILE_MONEY,SET-0043
TXN104530,2500.0,SUCCESS,REF-00004530,07-28-2026,Merchant_B,Processor_B,NGN,BANK_TRANSFER,SET-0021
TXN109677,1000.0,SUCCESS,REF-00009677,07-07-2026,Merchant_B,Processor_B,NGN,USSD,SET-0007
TXN104160,10000.0,SUCCESS,REF-00004160,07-30-2026,Merchant_B,Processor_B,NGN,USSD,SET-0030
TXN104456,25000.0,SUCCESS,REF-00004456,07-17-2026,Merchant_A,Processor_B,NGN,BANK_TRANSFER,SET-0013
TXN106476,10000.0,SUCCESS,REF-00006476,07-29-2026,Merchant_E,Processor_B,NGN,CARD,SET-0011
TXN101477,25000.0,SUCCESS,REF-00001477,07-22-2026,Merchant_E,Processor_B,NGN,USSD,SET-0032
TXN100976,15000.0,FAILED,REF-00000976,07-18-2026,Merchant_B,Processor_B,NGN,BANK_TRANSFER,SET-0030
TXN106611,25000.0,SUCCESS,REF-00006611,07-30-2026,Merchant_E,Processor_B,NGN,CARD,SET-0049
TXN107664,5000.0,SUCCESS,REF-00007664,07-06-2026,Merchant_C,Processor_B,NGN,CARD,SET-0015
TXN102369,25000.0,SUCCESS,REF-00002369,07-05-2026,Merchant_E,Processor_B,NGN,USSD,SET-0006
TXN103920,100000.0,SUCCESS,REF-00003920,07-05-2026,Merchant_D,Processor_B,NGN,CARD,SET-0036
TXN108442,15000.0,REFUNDED,REF-00008442,07-26-2026,Merchant_B,Processor_B,NGN,USSD,SET-0036
TXN104335,1000.0,REFUNDED,REF-00004335,07-30-2026,Merchant_B,Processor_B,NGN,BANK_TRANSFER,SET-0001
TXN100844,1500.0,SUCCESS,REF-00000844,07-06-2026,Merchant_B,Processor_B,NGN,BANK_TRANSFER,SET-0026
TXN108357,10000.0,SUCCESS,REF-00008357,07-30-2026,Merchant_B,Processor_B,NGN,BANK_TRANSFER,SET-0049
TXN106335,25000.0,REFUNDED,REF-00006335,07-26-2026,Merchant_B,Processor_B,NGN,USSD,SET-0033
TXN101981,50000.0,SUCCESS,REF-00001981,07-23-2026,Merchant_B,Processor_B,NGN,CARD,SET-0046
TXN103516,1000.0,SUCCESS,REF-00003516,07-31-2026,Merchant_C,Processor_B,NGN,BANK_TRANSFER,SET-0020
TXN103715,5000.0,SUCCESS,REF-00003715,07-10-2026,Merchant_D,Processor_B,NGN,BANK_TRANSFER,SET-0036
TXN106201,7500.0,SUCCESS,REF-00006201,07-19-2026,Merchant_E,Processor_B,NGN,CARD,SET-0044
TXN109564,5000.0,SUCCESS,REF-00009564,07-08-2026,Merchant_B,Processor_B,NGN,MOBILE_MONEY,SET-0036
TXN108449,25000.0,SUCCESS,REF-00008449,07-19-2026,Merchant_B,Processor_B,NGN,MOBILE_MONEY,SET-0013
TXN105683,2500.0,SUCCESS,REF-00005683,07-27-2026,Merchant_E,Processor_B,NGN,BANK_TRANSFER,SET-0032
TXN100230,50000.0,SUCCESS,REF-00000230,07-30-2026,Merchant_C,Processor_B,NGN,MOBILE_MONEY,SET-0024
TXN107491,7500.0,SUCCESS,REF-00007491,07-16-2026,Merchant_D,Processor_B,NGN,MOBILE_MONEY,SET-0022
TXN102822,15000.0,SUCCESS,REF-00002822,07-31-2026,Merchant_C,Processor_B,NGN,CARD,SET-0050
TXN102877,2500.0,SUCCESS,REF-00002877,07-15-2026,Merchant_D,Processor_B,NGN,BANK_TRANSFER,SET-0049
TXN102523,5000.0,SUCCESS,REF-00002523,07-08-2026,Merchant_A,Processor_B,NGN,USSD,SET-0015
TXN105188,100000.0,SUCCESS,REF-00005188,07-22-2026,Merchant_A,Processor_B,NGN,MOBILE_MONEY,SET-0017
TXN107974,10000.0,SUCCESS,REF-00007974,07-01-2026,Merchant_D,Processor_B,NGN,CARD,SET-0046
TXN104586,7500.0,REFUNDED,REF-00004586,07-17-2026,Merchant_C,Processor_B,NGN,USSD,SET-0040
TXN105773,25000.0,FAILED,REF-00005773,07-23-2026,Merchant_A,Processor_B,NGN,USSD,SET-0041
TXN104939,50000.0,SUCCESS,REF-00004939,07-08-2026,Merchant_A,Processor_B,NGN,BANK_TRANSFER,SET-0007
TXN100805,25000.0,SUCCESS,REF-00000805,07-25-2026,Merchant_A,Processor_B,NGN,CARD,SET-0024
TXN109704,5000.0,REFUNDED,REF-00009704,07-26-2026,Merchant_C,Processor_B,NGN,CARD,SET-0028
TXN106254,7500.0,SUCCESS,REF-00006254,07-15-2026,Merchant_E,Processor_B,NGN,USSD,SET-0045
TXN101800,250000.0,SUCCESS,REF-00001800,07-14-2026,Merchant_A,Processor_B,NGN,USSD,SET-0009
TXN106898,5000.0,FAILED,REF-00006898,07-18-2026,Merchant_D,Processor_B,NGN,USSD,SET-0024
TXN102754,100000.0,SUCCESS,REF-00002754,07-20-2026,Merchant_A,Processor_B,NGN,MOBILE_MONEY,SET-0046
TXN106858,100000.0,SUCCESS,REF-00006858,07-31-2026,Merchant_E,Processor_B,NGN,USSD,SET-0015
TXN106222,2500.0,SUCCESS,REF-00006222,07-15-2026,Merchant_A,Processor_B,NGN,BANK_TRANSFER,SET-0047
TXN103305,6000.0,SUCCESS,REF-00003305,07-31-2026,Merchant_D,Processor_B,NGN,CARD,SET-0040
TXN103256,25000.0,SUCCESS,REF-00003256,07-02-2026,Merchant_B,Processor_B,NGN,MOBILE_MONEY,SET-0034
TXN107117,1000.0,SUCCESS,REF-00007117,07-07-2026,Merchant_E,Processor_B,NGN,USSD,SET-0035
TXN109359,15000.0,SUCCESS,REF-00009359,07-06-2026,Merchant_B,Processor_B,NGN,MOBILE_MONEY,SET-0043
TXN102477,50000.0,SUCCESS,REF-00002477,07-01-2026,Merchant_C,Processor_B,NGN,MOBILE_MONEY,SET-0021
TXN109354,1000.0,SUCCESS,REF-00009354,07-21-2026,Merchant_D,Processor_B,NGN,CARD,SET-0005
TXN109490,10000.0,FAILED,REF-00009490,07-16-2026,Merchant_A,Processor_B,NGN,USSD,SET-0039
TXN108233,15000.0,SUCCESS,REF-00008233,07-30-2026,Merchant_E,Processor_B,NGN,USSD,SET-0030
TXN103854,15000.0,SUCCESS,REF-00003854,07-12-2026,Merchant_A,Processor_B,NGN,BANK_TRANSFER,SET-0018
TXN103011,5000.0,SUCCESS,REF-00003011,07-09-2026,Merchant_A,Processor_B,NGN,MOBILE_MONEY,SET-0038
TXN105218,2500.0,SUCCESS,REF-00005218,07-25-2026,Merchant_E,Processor_B,NGN,BANK_TRANSFER,SET-0034
TXN100055,100000.0,SUCCESS,REF-00000055,07-03-2026,Merchant_D,Processor_B,NGN,MOBILE_MONEY,SET-0017
TXN101469,25000.0,SUCCESS,REF-00001469,07-01-2026,Merchant_C,Processor_B,NGN,BANK_TRANSFER,SET-0021
TXN103384,500.0,SUCCESS,REF-00003384,07-22-2026,Merchant_A,Processor_B,NGN,MOBILE_MONEY,SET-0013
TXN105343,1500.0,SUCCESS,REF-00005343,07-14-2026,Merchant_D,Processor_B,NGN,MOBILE_MONEY,SET-0023
TXN104727,50000.0,SUCCESS,REF-00004727,07-17-2026,Merchant_E,Processor_B,NGN,USSD,SET-0010
TXN108459,5000.0,SUCCESS,REF-00008459,07-13-2026,Merchant_A,Processor_B,NGN,CARD,SET-0018
TXN106144,25000.0,SUCCESS,REF-00006144,07-25-2026,Merchant_B,Processor_B,NGN,CARD,SET-0020
TXN107469,5000.0,SUCCESS,REF-00007469,07-29-2026,Merchant_B,Processor_B,NGN,CARD,SET-0017
TXN105996,10000.0,SUCCESS,REF-00005996,07-14-2026,Merchant_E,Processor_B,NGN,BANK_TRANSFER,SET-0012
TXN107097,1000.0,SUCCESS,REF-00007097,07-09-2026,Merchant_B,Processor_B,NGN,BANK_TRANSFER,SET-0028
TXN102056,7500.0,SUCCESS,REF-00002056,07-30-2026,Merchant_D,Processor_B,NGN,BANK_TRANSFER,SET-0036
TXN105786,2500.0,SUCCESS,REF-00005786,07-01-2026,Merchant_D,Processor_B,NGN,CARD,SET-0027
TXN104306,10000.0,SUCCESS,REF-00004306,07-24-2026,Merchant_B,Processor_B,NGN,BANK_TRANSFER,SET-0047
TXN106836,5000.0,SUCCESS,REF-00006836,07-08-2026,Merchant_E,Processor_B,NGN,USSD,SET-0044
TXN105308,100000.0,SUCCESS,REF-00005308,07-27-2026,Merchant_C,Processor_B,NGN,USSD,SET-0015
TXN103042,1000.0,REFUNDED,REF-00003042,07-23-2026,Merchant_A,Processor_B,NGN,MOBILE_MONEY,SET-0046
TXN108090,50000.0,REFUNDED,REF-00008090,07-28-2026,Merchant_E,Processor_B,NGN,CARD,SET-0027
TXN101025,10000.0,SUCCESS,REF-00001025,07-23-2026,Merchant_B,Processor_B,NGN,MOBILE_MONEY,SET-0019
TXN108555,15000.0,REFUNDED,REF-00008555,07-16-2026,Merchant_E,Processor_B,NGN,CARD,SET-0045
TXN109176,2500.0,SUCCESS,REF-00009176,07-28-2026,Merchant_D,Processor_B,NGN,CARD,SET-0023
TXN106544,10000.0,SUCCESS,REF-00006544,07-01-2026,Merchant_D,Processor_B,NGN,USSD,SET-0026
TXN103884,100000.0,SUCCESS,REF-00003884,07-06-2026,Merchant_E,Processor_B,NGN,USSD,SET-0039
TXN108726,7500.0,SUCCESS,REF-00008726,07-03-2026,Merchant_A,Processor_B,NGN,USSD,SET-0030
TXN108894,500.0,SUCCESS,REF-00008894,07-20-2026,Merchant_C,Processor_B,NGN,USSD,SET-0008
TXN104869,50000.0,SUCCESS,REF-00004869,07-15-2026,Merchant_B,Processor_B,NGN,CARD,SET-0011
TXN106093,10000.0,SUCCESS,REF-00006093,07-17-2026,Merchant_A,Processor_B,NGN,BANK_TRANSFER,SET-0041
TXN100981,25000.0,SUCCESS,REF-00000981,07-02-2026,Merchant_A,Processor_B,NGN,MOBILE_MONEY,SET-0026
TXN102942,5000.0,SUCCESS,REF-00002942,07-19-2026,Merchant_B,Processor_B,NGN,CARD,SET-0033
TXN105253,1000.0,SUCCESS,REF-00005253,07-20-2026,Merchant_C,Processor_B,NGN,MOBILE_MONEY,SET-0044
TXN102211,50000.0,SUCCESS,REF-00002211,07-24-2026,Merchant_E,Processor_B,NGN,BANK_TRANSFER,SET-0011
TXN105151,2500.0,SUCCESS,REF-00005151,07-11-2026,Merchant_C,Processor_B,NGN,USSD,SET-0011
TXN105216,7500.0,SUCCESS,REF-00005216,07-29-2026,Merchant_C,Processor_B,NGN,USSD,SET-0047
TXN100329,2500.0,SUCCESS,REF-00000329,07-04-2026,Merchant_C,Processor_B,NGN,CARD,SET-0024
TXN104242,25000.0,SUCCESS,REF-00004242,07-27-2026,Merchant_A,Processor_B,NGN,USSD,SET-0037
TXN103705,100000.0,SUCCESS,REF-00003705,07-22-2026,Merchant_E,Processor_B,NGN,BANK_TRANSFER,SET-0007
TXN103437,15000.0,SUCCESS,REF-00003437,07-17-2026,Merchant_B,Processor_B,NGN,MOBILE_MONEY,SET-0001
TXN106119,15000.0,SUCCESS,REF-00006119,07-28-2026,Merchant_A,Processor_B,NGN,BANK_TRANSFER,SET-0001
TXN103623,100000.0,SUCCESS,REF-00003623,07-12-2026,Merchant_C,Processor_B,NGN,BANK_TRANSFER,SET-0017
TXN103562,1000.0,SUCCESS,REF-00003562,07-27-2026,Merchant_C,Processor_B,NGN,BANK_TRANSFER,SET-0012
TXN100235,25000.0,SUCCESS,REF-00000235,07-28-2026,Merchant_C,Processor_B,NGN,BANK_TRANSFER,SET-0014
TXN106991,2500.0,SUCCESS,REF-00006991,07-17-2026,Merchant_E,Processor_B,NGN,BANK_TRANSFER,SET-0026
TXN104059,250000.0,REFUNDED,REF-00004059,07-23-2026,Merchant_B,Processor_B,NGN,CARD,SET-0030
TXN104662,7500.0,SUCCESS,REF-00004662,07-16-2026,Merchant_B,Processor_B,NGN,MOBILE_MONEY,SET-0047
TXN101988,7500.0,SUCCESS,REF-00001988,07-03-2026,Merchant_C,Processor_B,NGN,MOBILE_MONEY,SET-0041
TXN103048,7500.0,REFUNDED,REF-00003048,07-12-2026,Merchant_B,Processor_B,NGN,CARD,SET-0047
TXN100363,10000.0,SUCCESS,REF-00000363,07-17-2026,Merchant_B,Processor_B,NGN,CARD,SET-0027
TXN104023,50000.0,SUCCESS,REF-00004023,07-31-2026,Merchant_A,Processor_B,NGN,MOBILE_MONEY,SET-0025
TXN107961,5000.0,SUCCESS,REF-00007961,07-24-2026,Merchant_D,Processor_B,NGN,CARD,SET-0011
TXN104498,2500.0,SUCCESS,REF-00004498,07-16-2026,Merchant_A,Processor_B,NGN,USSD,SET-0047
TXN102666,1500.0,SUCCESS,REF-00002666-X,07-02-2026,Merchant_E,Processor_B,NGN,CARD,SET-0016
TXN107186,15000.0,SUCCESS,REF-00007186,07-14-2026,Merchant_E,Processor_B,NGN,USSD,SET-0033
TXN104010,500.0,SUCCESS,REF-00004010,07-15-2026,Merchant_E,Processor_B,NGN,USSD,SET-0032
TXN100861,7500.0,SUCCESS,REF-00000861,07-31-2026,Merchant_A,Processor_B,NGN,MOBILE_MONEY,SET-0044
TXN101108,25000.0,SUCCESS,REF-00001108,07-04-2026,Merchant_C,Processor_B,NGN,BANK_TRANSFER,SET-0028
TXN100411,250000.0,SUCCESS,REF-00000411,07-04-2026,Merchant_B,Processor_B,NGN,USSD,SET-0031
TXN103908,10000.0,SUCCESS,REF-00003908,07-20-2026,Merchant_E,Processor_B,NGN,CARD,SET-0007
TXN104429,50000.0,SUCCESS,REF-00004429,07-13-2026,Merchant_D,Processor_B,NGN,CARD,SET-0032
TXN106656,2500.0,SUCCESS,REF-00006656,07-02-2026,Merchant_C,Processor_B,NGN,CARD,SET-0037
TXN101254,15000.0,SUCCESS,REF-00001254,07-04-2026,Merchant_E,Processor_B,NGN,BANK_TRANSFER,SET-0003
TXN101470,10000.0,SUCCESS,REF-00001470,07-29-2026,Merchant_A,Processor_B,NGN,MOBILE_MONEY,SET-0004
TXN103581,50000.0,SUCCESS,REF-00003581,07-30-2026,Merchant_D,Processor_B,NGN,MOBILE_MONEY,SET-0032
TXN105427,2500.0,SUCCESS,REF-00005427,07-29-2026,Merchant_E,Processor_B,NGN,BANK_TRANSFER,SET-0006
TXN106300,25000.0,SUCCESS,REF-00006300,07-15-2026,Merchant_D,Processor_B,NGN,CARD,SET-0037
TXN103584,7500.0,SUCCESS,REF-00003584,07-17-2026,Merchant_D,Processor_B,NGN,MOBILE_MONEY,SET-0003
TXN107726,1000.0,SUCCESS,REF-00007726,07-05-2026,Merchant_E,Processor_B,NGN,BANK_TRANSFER,SET-0043
TXN108113,15000.0,SUCCESS,REF-00008113,07-22-2026,Merchant_C,Processor_B,NGN,BANK_TRANSFER,SET-0005
TXN107444,5000.0,SUCCESS,REF-00007444,07-14-2026,Merchant_D,Processor_B,NGN,MOBILE_MONEY,SET-0011
TXN105238,500.0,SUCCESS,REF-00005238,07-10-2026,Merchant_E,Processor_B,NGN,BANK_TRANSFER,SET-0017
TXN103700,15000.0,FAILED,REF-00003700,07-29-2026,Merchant_C,Processor_B,NGN,USSD,SET-0018
TXN106987,10000.0,SUCCESS,REF-00006987,07-10-2026,Merchant_A,Processor_B,NGN,BANK_TRANSFER,SET-0013
TXN105048,5000.0,SUCCESS,REF-00005048,07-18-2026,Merchant_B,Processor_B,NGN,BANK_TRANSFER,SET-0030
TXN100766,25000.0,SUCCESS,REF-00000766,07-17-2026,Merchant_C,Processor_B,NGN,MOBILE_MONEY,SET-0020
TXN101457,15000.0,SUCCESS,REF-00001457,07-15-2026,Merchant_C,Processor_B,NGN,MOBILE_MONEY,SET-0021
TXN109228,5000.0,SUCCESS,REF-00009228,07-26-2026,Merchant_D,Processor_B,NGN,BANK_TRANSFER,SET-0008
TXN103674,15000.0,REFUNDED,REF-00003674,07-22-2026,Merchant_C,Processor_B,NGN,CARD,SET-0049
TXN102065,25000.0,SUCCESS,REF-00002065,07-03-2026,Merchant_B,Processor_B,NGN,USSD,SET-0032
TXN105452,2500.0,REFUNDED,REF-00005452,07-18-2026,Merchant_E,Processor_B,NGN,BANK_TRANSFER,SET-0029
TXN106786,100000.0,SUCCESS,REF-00006786,07-25-2026,Merchant_E,Processor_B,NGN,MOBILE_MONEY,SET-0044
TXN106542,250000.0,SUCCESS,REF-00006542,07-20-2026,Merchant_D,Processor_B,NGN,USSD,SET-0008
TXN104652,10000.0,SUCCESS,REF-00004652,07-31-2026,Merchant_D,Processor_B,NGN,USSD,SET-0029
TXN107468,15000.0,REFUNDED,REF-00007468,07-29-2026,Merchant_C,Processor_B,NGN,CARD,SET-0048
TXN107042,15000.0,SUCCESS,REF-00007042,07-13-2026,Merchant_B,Processor_B,NGN,BANK_TRANSFER,SET-0028
TXN103177,100000.0,SUCCESS,REF-00003177,07-08-2026,Merchant_A,Processor_B,NGN,CARD,SET-0005
TXN100345,15000.0,SUCCESS,REF-00000345,07-11-2026,Merchant_E,Processor_B,NGN,USSD,SET-0026
TXN103083,10000.0,SUCCESS,REF-00003083,07-07-2026,Merchant_D,Processor_B,NGN,MOBILE_MONEY,SET-0015
TXN108549,1000.0,SUCCESS,REF-00008549,07-02-2026,Merchant_B,Processor_B,NGN,MOBILE_MONEY,SET-0012
TXN100781,10000.0,SUCCESS,REF-00000781,07-19-2026,Merchant_E,Processor_B,NGN,CARD,SET-0038
TXN105834,50000.0,SUCCESS,REF-00005834,07-21-2026,Merchant_E,Processor_B,NGN,CARD,SET-0045
TXN103907,5000.0,SUCCESS,REF-00003907,07-11-2026,Merchant_C,Processor_B,NGN,USSD,SET-0013
TXN109467,100000.0,SUCCESS,REF-00009467,07-06-2026,Merchant_D,Processor_B,NGN,BANK_TRANSFER,SET-0007
TXN102893,15000.0,REFUNDED,REF-00002893,07-14-2026,Merchant_D,Processor_B,NGN,MOBILE_MONEY,SET-0006
TXN109072,7500.0,SUCCESS,REF-00009072,07-17-2026,Merchant_B,Processor_B,NGN,CARD,SET-0024
TXN108439,7500.0,SUCCESS,REF-00008439,07-10-2026,Merchant_D,Processor_B,NGN,USSD,SET-0011
TXN106883,7500.0,SUCCESS,REF-00006883,07-23-2026,Merchant_D,Processor_B,NGN,USSD,SET-0015
TXN101844,100000.0,REFUNDED,REF-00001844,07-26-2026,Merchant_B,Processor_B,NGN,MOBILE_MONEY,SET-0034
TXN108232,50000.0,SUCCESS,REF-00008232,07-14-2026,Merchant_C,Processor_B,NGN,USSD,SET-0045
TXN100431,25000.0,SUCCESS,REF-00000431,07-22-2026,Merchant_D,Processor_B,NGN,BANK_TRANSFER,SET-0043
TXN100846,1000.0,SUCCESS,REF-00000846,07-08-2026,Merchant_D,Processor_B,NGN,CARD,SET-0041
TXN109481,5000.0,SUCCESS,REF-00009481,07-28-2026,Merchant_B,Processor_B,NGN,MOBILE_MONEY,SET-0035
TXN108534,10000.0,SUCCESS,REF-00008534,07-31-2026,Merchant_B,Processor_B,NGN,USSD,SET-0038
TXN109875,1000.0,SUCCESS,REF-00009875,07-18-2026,Merchant_C,Processor_B,NGN,BANK_TRANSFER,SET-0013
TXN108057,2500.0,SUCCESS,REF-00008057,07-12-2026,Merchant_C,Processor_B,NGN,USSD,SET-0029
TXN107591,50500.0,SUCCESS,REF-00007591,07-28-2026,Merchant_A,Processor_B,NGN,CARD,SET-0008
TXN103872,1500.0,SUCCESS,REF-00003872,07-23-2026,Merchant_B,Processor_B,NGN,MOBILE_MONEY,SET-0016
TXN105330,2500.0,SUCCESS,REF-00005330,07-11-2026,Merchant_A,Processor_B,NGN,MOBILE_MONEY,SET-0028
TXN101717,25000.0,SUCCESS,REF-00001717,07-08-2026,Merchant_E,Processor_B,NGN,USSD,SET-0012
TXN106650,1000.0,SUCCESS,REF-00006650,07-16-2026,Merchant_A,Processor_B,NGN,CARD,SET-0008
TXN108616,250000.0,SUCCESS,REF-00008616,07-20-2026,Merchant_D,Processor_B,NGN,BANK_TRANSFER,SET-0002
TXN109899,1000.0,SUCCESS,REF-00009899,07-10-2026,Merchant_D,Processor_B,NGN,CARD,SET-0030
TXN103844,1500.0,SUCCESS,REF-00003844,07-03-2026,Merchant_B,Processor_B,NGN,BANK_TRANSFER,SET-0035
TXN105497,100000.0,SUCCESS,REF-00005497,07-29-2026,Merchant_C,Processor_B,NGN,MOBILE_MONEY,SET-0024
TXN105125,15000.0,SUCCESS,REF-00005125,07-16-2026,Merchant_A,Processor_B,NGN,BANK_TRANSFER,SET-0040
TXN108069,10000.0,SUCCESS,REF-00008069,07-03-2026,Merchant_E,Processor_B,NGN,CARD,SET-0013
TXN107142,25000.0,SUCCESS,REF-00007142,07-11-2026,Merchant_C,Processor_B,NGN,BANK_TRANSFER,SET-0049
TXN102527,250000.0,SUCCESS,REF-00002527,07-20-2026,Merchant_A,Processor_B,NGN,USSD,SET-0019
TXN104904,100000.0,SUCCESS,REF-00004904,07-07-2026,Merchant_D,Processor_B,NGN,USSD,SET-0015
TXN100751,100000.0,SUCCESS,REF-00000751,07-17-2026,Merchant_D,Processor_B,NGN,MOBILE_MONEY,SET-0007
TXN101884,1500.0,SUCCESS,REF-00001884,07-20-2026,Merchant_A,Processor_B,NGN,MOBILE_MONEY,SET-0027
TXN103107,500.0,FAILED,REF-00003107,07-07-2026,Merchant_C,Processor_B,NGN,BANK_TRANSFER,SET-0002
TXN105699,5000.0,SUCCESS,REF-00005699,07-04-2026,Merchant_C,Processor_B,NGN,MOBILE_MONEY,SET-0042
TXN100796,100000.0,SUCCESS,REF-00000796,07-12-2026,Merchant_A,Processor_B,NGN,MOBILE_MONEY,SET-0048
TXN103926,15000.0,SUCCESS,REF-00003926,07-23-2026,Merchant_D,Processor_B,NGN,USSD,SET-0046
TXN107483,10000.0,SUCCESS,REF-00007483,07-15-2026,Merchant_D,Processor_B,NGN,BANK_TRANSFER,SET-0014
TXN100829,7500.0,SUCCESS,REF-00000829,07-29-2026,Merchant_E,Processor_B,NGN,BANK_TRANSFER,SET-0043
TXN105849,10000.0,SUCCESS,REF-00005849,07-27-2026,Merchant_E,Processor_B,NGN,BANK_TRANSFER,SET-0025
TXN104268,50000.0,FAILED,REF-00004268,07-06-2026,Merchant_A,Processor_B,NGN,BANK_TRANSFER,SET-0020
TXN104343,50000.0,FAILED,REF-00004343,07-18-2026,Merchant_B,Processor_B,NGN,USSD,SET-0018
TXN108200,2500.0,FAILED,REF-00008200,07-11-2026,Merchant_A,Processor_B,NGN,MOBILE_MONEY,SET-0047
TXN106295,100000.0,SUCCESS,REF-00006295,07-22-2026,Merchant_C,Processor_B,NGN,USSD,SET-0021
TXN105107,1000.0,SUCCESS,REF-00005107,07-12-2026,Merchant_C,Processor_B,NGN,MOBILE_MONEY,SET-0004
TXN100184,2500.0,SUCCESS,REF-00000184,07-23-2026,Merchant_C,Processor_B,NGN,USSD,SET-0037
TXN107936,10000.0,SUCCESS,REF-00007936,07-31-2026,Merchant_E,Processor_B,NGN,BANK_TRANSFER,SET-0024
TXN102662,2500.0,SUCCESS,REF-00002662,07-24-2026,Merchant_E,Processor_B,NGN,BANK_TRANSFER,SET-0029
TXN107602,10000.0,SUCCESS,REF-00007602,07-10-2026,Merchant_A,Processor_B,NGN,CARD,SET-0005
TXN108740,15000.0,SUCCESS,REF-00008740,07-30-2026,Merchant_D,Processor_B,NGN,MOBILE_MONEY,SET-0020
TXN106433,10000.0,SUCCESS,REF-00006433,07-04-2026,Merchant_B,Processor_B,NGN,USSD,SET-0003
TXN107179,10000.0,SUCCESS,REF-00007179,07-23-2026,Merchant_E,Processor_B,NGN,BANK_TRANSFER,SET-0030
TXN100640,500.0,SUCCESS,REF-00000640,07-17-2026,Merchant_B,Processor_B,NGN,USSD,SET-0010
TXN101505,7500.0,SUCCESS,REF-00001505,07-31-2026,Merchant_A,Processor_B,NGN,CARD,SET-0038
TXN107362,10000.0,FAILED,REF-00007362,07-24-2026,Merchant_E,Processor_B,NGN,CARD,SET-0044
TXN105857,500.0,SUCCESS,REF-00005857,07-05-2026,Merchant_B,Processor_B,NGN,BANK_TRANSFER,SET-0030
TXN105857,500.0,SUCCESS,REF-00005857,07-05-2026,Merchant_B,Processor_B,NGN,USSD,SET-0049
TXN106096,1000.0,SUCCESS,REF-00006096,07-01-2026,Merchant_C,Processor_B,NGN,BANK_TRANSFER,SET-0036
TXN103017,7500.0,SUCCESS,REF-00003017,07-26-2026,Merchant_E,Processor_B,NGN,MOBILE_MONEY,SET-0041
TXN102514,15000.0,SUCCESS,REF-00002514,07-09-2026,Merchant_A,Processor_B,NGN,CARD,SET-0022
TXN109844,1000.0,SUCCESS,REF-00009844,07-20-2026,Merchant_C,Processor_B,NGN,CARD,SET-0035
TXN101075,7500.0,SUCCESS,REF-00001075,07-21-2026,Merchant_E,Processor_B,NGN,MOBILE_MONEY,SET-0005
TXN104880,2500.0,SUCCESS,REF-00004880,07-03-2026,Merchant_C,Processor_B,NGN,CARD,SET-0029
TXN107149,15000.0,SUCCESS,REF-00007149,07-08-2026,Merchant_E,Processor_B,NGN,CARD,SET-0011
TXN108821,250000.0,SUCCESS,REF-00008821,07-13-2026,Merchant_B,Processor_B,NGN,USSD,SET-0030
TXN102819,5000.0,SUCCESS,REF-00002819,07-01-2026,Merchant_C,Processor_B,NGN,USSD,SET-0036
TXN103918,15000.0,FAILED,REF-00003918,07-14-2026,Merchant_D,Processor_B,NGN,MOBILE_MONEY,SET-0020
TXN107022,250000.0,SUCCESS,REF-00007022,07-04-2026,Merchant_C,Processor_B,NGN,MOBILE_MONEY,SET-0019
TXN102252,15000.0,SUCCESS,REF-00002252,07-11-2026,Merchant_A,Processor_B,NGN,USSD,SET-0004
TXN100286,7500.0,SUCCESS,REF-00000286,07-28-2026,Merchant_B,Processor_B,NGN,CARD,SET-0002
TXN106424,7500.0,SUCCESS,REF-00006424,07-28-2026,Merchant_E,Processor_B,NGN,BANK_TRANSFER,SET-0039
TXN102588,2500.0,FAILED,REF-00002588,07-31-2026,Merchant_C,Processor_B,NGN,BANK_TRANSFER,SET-0043
TXN102731,10000.0,SUCCESS,REF-00002731,07-18-2026,Merchant_E,Processor_B,NGN,CARD,SET-0009
TXN109016,1000.0,SUCCESS,REF-00009016,07-18-2026,Merchant_C,Processor_B,NGN,BANK_TRANSFER,SET-0035
TXN101575,1000.0,SUCCESS,REF-00001575,07-31-2026,Merchant_D,Processor_B,NGN,BANK_TRANSFER,SET-0047
TXN103751,100000.0,SUCCESS,REF-00003751,07-19-2026,Merchant_D,Processor_B,NGN,CARD,SET-0013
TXN106238,50000.0,SUCCESS,REF-00006238,07-06-2026,Merchant_C,Processor_B,NGN,MOBILE_MONEY,SET-0043
TXN101900,10000.0,SUCCESS,REF-00001900,07-09-2026,Merchant_B,Processor_B,NGN,BANK_TRANSFER,SET-0014
TXN103791,1000.0,SUCCESS,REF-00003791,07-27-2026,Merchant_B,Processor_B,NGN,USSD,SET-0025
TXN100510,15000.0,SUCCESS,REF-00000510,07-22-2026,Merchant_C,Processor_B,NGN,CARD,SET-0038
TXN106426,100000.0,SUCCESS,REF-00006426,07-28-2026,Merchant_E,Processor_B,NGN,BANK_TRANSFER,SET-0004
TXN104650,1000.0,SUCCESS,REF-00004650,07-11-2026,Merchant_E,Processor_B,NGN,CARD,SET-0024
TXN108123,15000.0,SUCCESS,REF-00008123,07-20-2026,Merchant_A,Processor_B,NGN,MOBILE_MONEY,SET-0008
TXN102800,50000.0,SUCCESS,REF-00002800,07-23-2026,Merchant_E,Processor_B,NGN,USSD,SET-0023
TXN104254,1500.0,SUCCESS,REF-00004254,07-30-2026,Merchant_A,Processor_B,NGN,MOBILE_MONEY,SET-0035
TXN105373,25000.0,SUCCESS,REF-00005373,07-10-2026,Merchant_D,Processor_B,NGN,BANK_TRANSFER,SET-0002
TXN107737,2500.0,SUCCESS,REF-00007737,07-21-2026,Merchant_D,Processor_B,NGN,USSD,SET-0045
TXN104522,100000.0,SUCCESS,REF-00004522,07-30-2026,Merchant_A,Processor_B,NGN,USSD,SET-0008
TXN105426,250000.0,SUCCESS,REF-00005426,07-27-2026,Merchant_E,Processor_B,NGN,BANK_TRANSFER,SET-0050
TXN108042,1000.0,SUCCESS,REF-00008042,07-06-2026,Merchant_E,Processor_B,NGN,USSD,SET-0022
TXN103799,10000.0,SUCCESS,REF-00003799,07-09-2026,Merchant_D,Processor_B,NGN,MOBILE_MONEY,SET-0004
TXN107015,50000.0,REFUNDED,REF-00007015,07-18-2026,Merchant_E,Processor_B,NGN,BANK_TRANSFER,SET-0001
TXN101812,2500.0,SUCCESS,REF-00001812,07-21-2026,Merchant_B,Processor_B,NGN,CARD,SET-0003
TXN105244,25000.0,SUCCESS,REF-00005244,07-05-2026,Merchant_B,Processor_B,NGN,MOBILE_MONEY,SET-0026
TXN100423,10000.0,SUCCESS,REF-00000423,07-17-2026,Merchant_D,Processor_B,NGN,BANK_TRANSFER,SET-0026
TXN105009,7500.0,SUCCESS,REF-00005009,07-20-2026,Merchant_B,Processor_B,NGN,USSD,SET-0002
TXN107262,15000.0,SUCCESS,REF-00007262,07-25-2026,Merchant_B,Processor_B,NGN,USSD,SET-0016
TXN105169,25000.0,SUCCESS,REF-00005169,07-28-2026,Merchant_B,Processor_B,NGN,MOBILE_MONEY,SET-0016
TXN108962,7500.0,SUCCESS,REF-00008962,07-30-2026,Merchant_A,Processor_B,NGN,MOBILE_MONEY,SET-0041
TXN102179,10000.0,SUCCESS,REF-00002179,07-25-2026,Merchant_E,Processor_B,NGN,BANK_TRANSFER,SET-0042
TXN105226,10000.0,SUCCESS,REF-00005226,07-23-2026,Merchant_C,Processor_B,NGN,BANK_TRANSFER,SET-0031
TXN109194,50000.0,SUCCESS,REF-00009194,07-11-2026,Merchant_E,Processor_B,NGN,USSD,SET-0036
TXN109150,10000.0,FAILED,REF-00009150,07-23-2026,Merchant_D,Processor_B,NGN,BANK_TRANSFER,SET-0005
TXN100070,25000.0,FAILED,REF-00000070,07-26-2026,Merchant_B,Processor_B,NGN,USSD,SET-0009
TXN108438,15000.0,SUCCESS,REF-00008438,07-27-2026,Merchant_C,Processor_B,NGN,BANK_TRANSFER,SET-0014
TXN100440,1000.0,SUCCESS,REF-00000440,07-27-2026,Merchant_D,Processor_B,NGN,BANK_TRANSFER,SET-0037
TXN102579,15000.0,SUCCESS,REF-00002579,07-27-2026,Merchant_A,Processor_B,NGN,BANK_TRANSFER,SET-0047
TXN109968,25000.0,SUCCESS,REF-00009968,07-14-2026,Merchant_D,Processor_B,NGN,CARD,SET-0031
TXN102703,500.0,SUCCESS,REF-00002703,07-08-2026,Merchant_B,Processor_B,NGN,CARD,SET-0029
TXN107830,2500.0,SUCCESS,REF-00007830,07-21-2026,Merchant_A,Processor_B,NGN,USSD,SET-0042
TXN103675,5000.0,SUCCESS,REF-00003675,07-10-2026,Merchant_D,Processor_B,NGN,CARD,SET-0017
TXN107629,25000.0,SUCCESS,REF-00007629,07-25-2026,Merchant_E,Processor_B,NGN,MOBILE_MONEY,SET-0025
TXN101319,1000.0,FAILED,REF-00001319,07-30-2026,Merchant_C,Processor_B,NGN,CARD,SET-0048
TXN109815,25000.0,SUCCESS,REF-00009815,07-18-2026,Merchant_E,Processor_B,NGN,CARD,SET-0033
TXN102270,1000.0,FAILED,REF-00002270,07-09-2026,Merchant_D,Processor_B,NGN,CARD,SET-0001
TXN102771,5000.0,SUCCESS,REF-00002771,07-18-2026,Merchant_E,Processor_B,NGN,CARD,SET-0001
TXN109923,15000.0,SUCCESS,REF-00009923,07-22-2026,Merchant_C,Processor_B,NGN,CARD,SET-0009
TXN107128,5000.0,SUCCESS,REF-00007128,07-24-2026,Merchant_C,Processor_B,NGN,MOBILE_MONEY,SET-0004
TXN100869,100000.0,SUCCESS,REF-00000869,07-26-2026,Merchant_C,Processor_B,NGN,USSD,SET-0041
TXN104047,10000.0,SUCCESS,REF-00004047,07-24-2026,Merchant_E,Processor_B,NGN,CARD,SET-0010
TXN101636,7500.0,SUCCESS,REF-00001636,07-22-2026,Merchant_E,Processor_B,NGN,CARD,SET-0032
TXN108572,5000.0,SUCCESS,REF-00008572,07-13-2026,Merchant_D,Processor_B,NGN,CARD,SET-0049
TXN105676,10000.0,SUCCESS,REF-00005676,07-22-2026,Merchant_A,Processor_B,NGN,CARD,SET-0018
TXN100856,500.0,SUCCESS,REF-00000856,07-13-2026,Merchant_D,Processor_B,NGN,CARD,SET-0005
TXN100800,25000.0,SUCCESS,REF-00000800,07-21-2026,Merchant_B,Processor_B,NGN,BANK_TRANSFER,SET-0001
TXN102073,100000.0,REFUNDED,REF-00002073,07-30-2026,Merchant_D,Processor_B,NGN,USSD,SET-0040
TXN100863,7500.0,SUCCESS,REF-00000863,07-29-2026,Merchant_B,Processor_B,NGN,MOBILE_MONEY,SET-0018
TXN107804,1000.0,REFUNDED,REF-00007804,07-04-2026,Merchant_B,Processor_B,NGN,CARD,SET-0029
TXN107252,2500.0,SUCCESS,REF-00007252,07-20-2026,Merchant_A,Processor_B,NGN,MOBILE_MONEY,SET-0010
TXN102241,500.0,SUCCESS,REF-00002241,07-07-2026,Merchant_B,Processor_B,NGN,CARD,SET-0020
TXN104681,2500.0,SUCCESS,REF-00004681,07-04-2026,Merchant_C,Processor_B,NGN,BANK_TRANSFER,SET-0005
TXN105562,2500.0,SUCCESS,REF-00005562,07-07-2026,Merchant_B,Processor_B,NGN,BANK_TRANSFER,SET-0046
TXN109234,25000.0,SUCCESS,REF-00009234,07-10-2026,Merchant_A,Processor_B,NGN,CARD,SET-0047
TXN107832,2500.0,SUCCESS,REF-00007832,07-11-2026,Merchant_B,Processor_B,NGN,USSD,SET-0010
TXN105069,500.0,FAILED,REF-00005069,07-27-2026,Merchant_D,Processor_B,NGN,CARD,SET-0039
TXN105705,2500.0,SUCCESS,REF-00005705,07-21-2026,Merchant_A,Processor_B,NGN,CARD,SET-0002
TXN102727,2500.0,SUCCESS,REF-00002727,07-12-2026,Merchant_B,Processor_B,NGN,CARD,SET-0026
TXN105100,7500.0,SUCCESS,REF-00005100,07-21-2026,Merchant_B,Processor_B,NGN,CARD,SET-0037
TXN100242,100000.0,SUCCESS,REF-00000242,07-27-2026,Merchant_C,Processor_B,NGN,CARD,SET-0034
TXN107977,25000.0,SUCCESS,REF-00007977,07-20-2026,Merchant_C,Processor_B,NGN,BANK_TRANSFER,SET-0019
TXN105288,1000.0,SUCCESS,REF-00005288,07-15-2026,Merchant_C,Processor_B,NGN,USSD,SET-0032
TXN108323,7500.0,SUCCESS,REF-00008323,07-30-2026,Merchant_A,Processor_B,NGN,BANK_TRANSFER,SET-0002
TXN102898,7500.0,FAILED,REF-00002898,07-09-2026,Merchant_A,Processor_B,NGN,USSD,SET-0046
TXN100045,15000.0,SUCCESS,REF-00000045,07-15-2026,Merchant_E,Processor_B,NGN,MOBILE_MONEY,SET-0024
TXN102618,50000.0,SUCCESS,REF-00002618,07-02-2026,Merchant_E,Processor_B,NGN,MOBILE_MONEY,SET-0036
TXN102446,2500.0,SUCCESS,REF-00002446,07-21-2026,Merchant_E,Processor_B,NGN,BANK_TRANSFER,SET-0013
TXN108636,50000.0,SUCCESS,REF-00008636,07-28-2026,Merchant_A,Processor_B,NGN,MOBILE_MONEY,SET-0001
TXN101537,15000.0,SUCCESS,REF-00001537,07-28-2026,Merchant_D,Processor_B,NGN,MOBILE_MONEY,SET-0026
TXN108070,7500.0,SUCCESS,REF-00008070,07-20-2026,Merchant_C,Processor_B,NGN,USSD,SET-0047
TXN101195,100000.0,SUCCESS,REF-00001195,07-20-2026,Merchant_D,Processor_B,NGN,CARD,SET-0030
TXN105318,1500.0,SUCCESS,REF-00005318,07-13-2026,Merchant_C,Processor_B,NGN,CARD,SET-0027
TXN103948,1500.0,SUCCESS,REF-00003948,07-23-2026,Merchant_E,Processor_B,NGN,CARD,SET-0031
TXN104164,15000.0,SUCCESS,REF-00004164,07-28-2026,Merchant_D,Processor_B,NGN,USSD,SET-0029
TXN107648,5000.0,SUCCESS,REF-00007648,07-12-2026,Merchant_C,Processor_B,NGN,MOBILE_MONEY,SET-0032
TXN105091,1000.0,SUCCESS,REF-00005091,07-01-2026,Merchant_B,Processor_B,NGN,BANK_TRANSFER,SET-0027
TXN104780,1000.0,FAILED,REF-00004780,07-28-2026,Merchant_C,Processor_B,NGN,CARD,SET-0009
TXN109196,25000.0,SUCCESS,REF-00009196,07-29-2026,Merchant_D,Processor_B,NGN,MOBILE_MONEY,SET-0001
TXN105501,1000.0,SUCCESS,REF-00005501,07-20-2026,Merchant_A,Processor_B,NGN,BANK_TRANSFER,SET-0030
TXN101098,25000.0,SUCCESS,REF-00001098,07-24-2026,Merchant_C,Processor_B,NGN,BANK_TRANSFER,SET-0027
TXN106924,15000.0,SUCCESS,REF-00006924,07-12-2026,Merchant_E,Processor_B,NGN,CARD,SET-0004
TXN107403,7500.0,SUCCESS,REF-00007403,07-14-2026,Merchant_B,Processor_B,NGN,USSD,SET-0001
TXN106550,5000.0,SUCCESS,REF-00006550,07-22-2026,Merchant_B,Processor_B,NGN,USSD,SET-0046
TXN105186,15000.0,SUCCESS,REF-00005186,07-17-2026,Merchant_C,Processor_B,NGN,USSD,SET-0015
TXN106270,5000.0,SUCCESS,REF-00006270,07-22-2026,Merchant_B,Processor_B,NGN,MOBILE_MONEY,SET-0029
TXN106996,15000.0,SUCCESS,REF-00006996,07-05-2026,Merchant_A,Processor_B,NGN,USSD,SET-0040
TXN107882,10000.0,SUCCESS,REF-00007882,07-20-2026,Merchant_E,Processor_B,NGN,MOBILE_MONEY,SET-0025
TXN104092,10000.0,SUCCESS,REF-00004092,07-05-2026,Merchant_B,Processor_B,NGN,USSD,SET-0007
TXN101654,1000.0,FAILED,REF-00001654,07-29-2026,Merchant_C,Processor_B,NGN,USSD,SET-0035
TXN109351,5000.0,SUCCESS,REF-00009351,07-01-2026,Merchant_B,Processor_B,NGN,CARD,SET-0029
TXN100621,2500.0,SUCCESS,REF-00000621,07-07-2026,Merchant_C,Processor_B,NGN,CARD,SET-0044
TXN104061,2500.0,REFUNDED,REF-00004061,07-15-2026,Merchant_A,Processor_B,NGN,BANK_TRANSFER,SET-0013
TXN103291,100000.0,SUCCESS,REF-00003291,07-25-2026,Merchant_A,Processor_B,NGN,USSD,SET-0050
TXN109653,2500.0,SUCCESS,REF-00009653,07-12-2026,Merchant_A,Processor_B,NGN,CARD,SET-0042
TXN100026,2500.0,FAILED,REF-00000026,07-06-2026,Merchant_B,Processor_B,NGN,BANK_TRANSFER,SET-0035
TXN105759,5000.0,SUCCESS,REF-00005759,07-04-2026,Merchant_B,Processor_B,NGN,MOBILE_MONEY,SET-0024
TXN100893,7500.0,SUCCESS,REF-00000893,07-31-2026,Merchant_B,Processor_B,NGN,MOBILE_MONEY,SET-0021
TXN103932,15000.0,SUCCESS,REF-00003932,07-19-2026,Merchant_E,Processor_B,NGN,BANK_TRANSFER,SET-0003
TXN101258,1000.0,FAILED,REF-00001258,07-15-2026,Merchant_C,Processor_B,NGN,MOBILE_MONEY,SET-0001
TXN107480,5000.0,SUCCESS,REF-00007480,07-14-2026,Merchant_B,Processor_B,NGN,MOBILE_MONEY,SET-0015
TXN100304,25000.0,SUCCESS,REF-00000304,07-27-2026,Merchant_E,Processor_B,NGN,MOBILE_MONEY,SET-0003
TXN105383,500.0,SUCCESS,REF-00005383,07-12-2026,Merchant_B,Processor_B,NGN,USSD,SET-0034
TXN100390,250000.0,FAILED,REF-00000390,07-04-2026,Merchant_C,Processor_B,NGN,CARD,SET-0043
TXN100353,1500.0,SUCCESS,REF-00000353,07-10-2026,Merchant_E,Processor_B,NGN,USSD,SET-0001
TXN107951,1000.0,SUCCESS,REF-00007951,07-14-2026,Merchant_A,Processor_B,NGN,MOBILE_MONEY,SET-0016
TXN109592,25000.0,SUCCESS,REF-00009592,07-20-2026,Merchant_D,Processor_B,NGN,MOBILE_MONEY,SET-0024
TXN103540,2500.0,SUCCESS,REF-00003540,07-04-2026,Merchant_A,Processor_B,NGN,BANK_TRANSFER,SET-0048
TXN106698,50000.0,SUCCESS,REF-00006698,07-19-2026,Merchant_D,Processor_B,NGN,MOBILE_MONEY,SET-0017
TXN108721,25000.0,SUCCESS,REF-00008721,07-13-2026,Merchant_D,Processor_B,NGN,MOBILE_MONEY,SET-0031
TXN105332,1000.0,SUCCESS,REF-00005332,07-17-2026,Merchant_C,Processor_B,NGN,BANK_TRANSFER,SET-0015
TXN100335,1000.0,SUCCESS,REF-00000335,07-20-2026,Merchant_C,Processor_B,NGN,USSD,SET-0050
TXN106649,50000.0,SUCCESS,REF-00006649,07-20-2026,Merchant_D,Processor_B,NGN,MOBILE_MONEY,SET-0027
TXN109548,10000.0,FAILED,REF-00009548,07-01-2026,Merchant_D,Processor_B,NGN,USSD,SET-0011
TXN107267,5000.0,SUCCESS,REF-00007267,07-21-2026,Merchant_C,Processor_B,NGN,USSD,SET-0041
TXN109385,100000.0,FAILED,REF-00009385,07-23-2026,Merchant_A,Processor_B,NGN,USSD,SET-0007
TXN109845,7500.0,SUCCESS,REF-00009845,07-10-2026,Merchant_B,Processor_B,NGN,USSD,SET-0040
TXN106851,100000.0,SUCCESS,REF-00006851,07-22-2026,Merchant_B,Processor_B,NGN,USSD,SET-0011
TXN107465,5000.0,SUCCESS,REF-00007465,07-12-2026,Merchant_D,Processor_B,NGN,USSD,SET-0043
TXN101994,25000.0,REFUNDED,REF-00001994,07-14-2026,Merchant_B,Processor_B,NGN,MOBILE_MONEY,SET-0038
TXN105548,2500.0,SUCCESS,REF-00005548,07-11-2026,Merchant_B,Processor_B,NGN,MOBILE_MONEY,SET-0032
TXN103332,1500.0,SUCCESS,REF-00003332,07-09-2026,Merchant_E,Processor_B,NGN,MOBILE_MONEY,SET-0013
TXN105905,15000.0,SUCCESS,REF-00005905,07-17-2026,Merchant_D,Processor_B,NGN,MOBILE_MONEY,SET-0040
TXN101773,250000.0,SUCCESS,REF-00001773,07-20-2026,Merchant_B,Processor_B,NGN,USSD,SET-0020
TXN105711,250000.0,FAILED,REF-00005711,07-25-2026,Merchant_B,Processor_B,NGN,BANK_TRANSFER,SET-0043
TXN108642,5000.0,SUCCESS,REF-00008642,07-08-2026,Merchant_E,Processor_B,NGN,MOBILE_MONEY,SET-0008
TXN102660,10000.0,SUCCESS,REF-00002660,07-15-2026,Merchant_A,Processor_B,NGN,CARD,SET-0043
TXN109660,10000.0,REFUNDED,REF-00009660,07-02-2026,Merchant_C,Processor_B,NGN,BANK_TRANSFER,SET-0045
TXN105331,5000.0,FAILED,REF-00005331,07-01-2026,Merchant_B,Processor_B,NGN,BANK_TRANSFER,SET-0046
TXN104644,25000.0,SUCCESS,REF-00004644,07-29-2026,Merchant_E,Processor_B,NGN,BANK_TRANSFER,SET-0037
TXN106633,10000.0,SUCCESS,REF-00006633,07-21-2026,Merchant_D,Processor_B,NGN,BANK_TRANSFER,SET-0001
TXN100598,2500.0,SUCCESS,REF-00000598,07-21-2026,Merchant_A,Processor_B,NGN,BANK_TRANSFER,SET-0001
TXN102362,5000.0,SUCCESS,REF-00002362,07-12-2026,Merchant_E,Processor_B,NGN,CARD,SET-0011
TXN107295,250000.0,SUCCESS,REF-00007295,07-11-2026,Merchant_E,Processor_B,NGN,USSD,SET-0042
TXN104272,1500.0,SUCCESS,REF-00004272,07-25-2026,Merchant_C,Processor_B,NGN,MOBILE_MONEY,SET-0006
TXN107510,50000.0,SUCCESS,REF-00007510,07-02-2026,Merchant_A,Processor_B,NGN,BANK_TRANSFER,SET-0044
TXN102424,5000.0,SUCCESS,REF-00002424,07-17-2026,Merchant_C,Processor_B,NGN,MOBILE_MONEY,SET-0043
TXN108277,7500.0,SUCCESS,REF-00008277,07-17-2026,Merchant_C,Processor_B,NGN,BANK_TRANSFER,SET-0008
TXN105831,10000.0,SUCCESS,REF-00005831,07-17-2026,Merchant_C,Processor_B,NGN,USSD,SET-0004
TXN105948,15000.0,SUCCESS,REF-00005948,07-10-2026,Merchant_A,Processor_B,NGN,USSD,SET-0030
TXN104629,10000.0,SUCCESS,REF-00004629,07-24-2026,Merchant_C,Processor_B,NGN,CARD,SET-0012
TXN107707,25000.0,SUCCESS,REF-00007707,07-26-2026,Merchant_E,Processor_B,NGN,MOBILE_MONEY,SET-0012
TXN108923,50000.0,SUCCESS,REF-00008923,07-25-2026,Merchant_C,Processor_B,NGN,CARD,SET-0024
TXN104471,250000.0,REFUNDED,REF-00004471,07-19-2026,Merchant_D,Processor_B,NGN,USSD,SET-0042
TXN107026,1000.0,SUCCESS,REF-00007026,07-13-2026,Merchant_C,Processor_B,NGN,MOBILE_MONEY,SET-0028
TXN109097,1000.0,SUCCESS,REF-00009097,07-17-2026,Merchant_C,Processor_B,NGN,MOBILE_MONEY,SET-0030
TXN103957,7500.0,SUCCESS,REF-00003957,07-11-2026,Merchant_D,Processor_B,NGN,USSD,SET-0028
TXN100761,5000.0,SUCCESS,REF-00000761,07-23-2026,Merchant_A,Processor_B,NGN,MOBILE_MONEY,SET-0025
TXN100194,5000.0,SUCCESS,REF-00000194,07-28-2026,Merchant_D,Processor_B,NGN,MOBILE_MONEY,SET-0024
TXN102156,1500.0,SUCCESS,REF-00002156,07-15-2026,Merchant_A,Processor_B,NGN,MOBILE_MONEY,SET-0002
TXN103252,15000.0,SUCCESS,REF-00003252,07-21-2026,Merchant_C,Processor_B,NGN,USSD,SET-0003
TXN101152,25000.0,SUCCESS,REF-00001152,07-19-2026,Merchant_C,Processor_B,NGN,USSD,SET-0038
TXN101745,10000.0,SUCCESS,REF-00001745,07-19-2026,Merchant_C,Processor_B,NGN,BANK_TRANSFER,SET-0014
TXN105952,50000.0,SUCCESS,REF-00005952,07-06-2026,Merchant_E,Processor_B,NGN,USSD,SET-0006
TXN106822,250000.0,SUCCESS,REF-00006822,07-20-2026,Merchant_C,Processor_B,NGN,USSD,SET-0014
TXN106839,250000.0,SUCCESS,REF-00006839,07-24-2026,Merchant_B,Processor_B,NGN,MOBILE_MONEY,SET-0028
TXN101489,7500.0,SUCCESS,REF-00001489,07-04-2026,Merchant_D,Processor_B,NGN,CARD,SET-0041
TXN106873,5000.0,SUCCESS,REF-00006873,07-14-2026,Merchant_E,Processor_B,NGN,USSD,SET-0042
TXN107525,15000.0,SUCCESS,REF-00007525,07-18-2026,Merchant_D,Processor_B,NGN,USSD,SET-0027
TXN109965,10000.0,SUCCESS,REF-00009965,07-13-2026,Merchant_A,Processor_B,NGN,MOBILE_MONEY,SET-0035
TXN109190,100000.0,SUCCESS,REF-00009190,07-22-2026,Merchant_A,Processor_B,NGN,CARD,SET-0024
TXN108295,50000.0,SUCCESS,REF-00008295,07-18-2026,Merchant_A,Processor_B,NGN,BANK_TRANSFER,SET-0004
TXN105712,7500.0,SUCCESS,REF-00005712,07-19-2026,Merchant_B,Processor_B,NGN,MOBILE_MONEY,SET-0004
TXN103748,7500.0,SUCCESS,REF-00003748,07-17-2026,Merchant_C,Processor_B,NGN,CARD,SET-0019
TXN106147,10000.0,SUCCESS,REF-00006147,07-06-2026,Merchant_E,Processor_B,NGN,CARD,SET-0024
TXN106442,25000.0,SUCCESS,REF-00006442,07-07-2026,Merchant_A,Processor_B,NGN,MOBILE_MONEY,SET-0009
TXN100574,50100.0,FAILED,REF-00000574,07-20-2026,Merchant_B,Processor_B,NGN,MOBILE_MONEY,SET-0020
TXN102188,25000.0,SUCCESS,REF-00002188,07-08-2026,Merchant_E,Processor_B,NGN,CARD,SET-0011
TXN105930,1000.0,SUCCESS,REF-00005930,07-27-2026,Merchant_E,Processor_B,NGN,BANK_TRANSFER,SET-0033
TXN101568,15000.0,SUCCESS,REF-00001568,07-26-2026,Merchant_D,Processor_B,NGN,USSD,SET-0020
TXN107925,2500.0,SUCCESS,REF-00007925,07-07-2026,Merchant_D,Processor_B,NGN,USSD,SET-0012
TXN106656,2500.0,SUCCESS,REF-00006656,07-02-2026,Merchant_C,Processor_B,NGN,BANK_TRANSFER,SET-0017
TXN102690,10000.0,SUCCESS,REF-00002690,07-03-2026,Merchant_D,Processor_B,NGN,BANK_TRANSFER,SET-0022
TXN101088,250000.0,SUCCESS,REF-00001088,07-30-2026,Merchant_A,Processor_B,NGN,BANK_TRANSFER,SET-0012
TXN104612,10000.0,SUCCESS,REF-00004612,07-03-2026,Merchant_C,Processor_B,NGN,BANK_TRANSFER,SET-0036
TXN107772,2500.0,SUCCESS,REF-00007772,07-07-2026,Merchant_D,Processor_B,NGN,USSD,SET-0023
TXN109800,25000.0,FAILED,REF-00009800,07-26-2026,Merchant_B,Processor_B,NGN,USSD,SET-0007
TXN105600,2500.0,SUCCESS,REF-00005600,07-29-2026,Merchant_A,Processor_B,NGN,BANK_TRANSFER,SET-0037
TXN101118,2500.0,SUCCESS,REF-00001118,07-02-2026,Merchant_C,Processor_B,NGN,MOBILE_MONEY,SET-0019
TXN100557,500.0,SUCCESS,REF-00000557,07-06-2026,Merchant_B,Processor_B,NGN,USSD,SET-0018
TXN109804,10250.0,SUCCESS,REF-00009804,07-29-2026,Merchant_A,Processor_B,NGN,USSD,SET-0027
TXN105021,7500.0,SUCCESS,REF-00005021,07-31-2026,Merchant_D,Processor_B,NGN,MOBILE_MONEY,SET-0016
TXN103153,7500.0,SUCCESS,REF-00003153,07-16-2026,Merchant_A,Processor_B,NGN,BANK_TRANSFER,SET-0045
TXN101768,5000.0,SUCCESS,REF-00001768,07-09-2026,Merchant_E,Processor_B,NGN,BANK_TRANSFER,SET-0018
TXN101552,50000.0,SUCCESS,REF-00001552,07-31-2026,Merchant_D,Processor_B,NGN,CARD,SET-0013
TXN106844,100000.0,SUCCESS,REF-00006844,07-17-2026,Merchant_E,Processor_B,NGN,MOBILE_MONEY,SET-0014
TXN104786,100000.0,SUCCESS,REF-00004786,07-19-2026,Merchant_C,Processor_B,NGN,BANK_TRANSFER,SET-0050
TXN108241,15000.0,SUCCESS,REF-00008241,07-19-2026,Merchant_E,Processor_B,NGN,CARD,SET-0040
TXN107104,2500.0,SUCCESS,REF-00007104,07-25-2026,Merchant_C,Processor_B,NGN,MOBILE_MONEY,SET-0034
TXN101262,5000.0,SUCCESS,REF-00001262,07-12-2026,Merchant_B,Processor_B,NGN,CARD,SET-0038
TXN103241,7500.0,SUCCESS,REF-00003241,07-10-2026,Merchant_C,Processor_B,NGN,BANK_TRANSFER,SET-0017
TXN106645,7500.0,REFUNDED,REF-00006645,07-10-2026,Merchant_D,Processor_B,NGN,MOBILE_MONEY,SET-0040
TXN105175,50000.0,SUCCESS,REF-00005175,07-08-2026,Merchant_C,Processor_B,NGN,USSD,SET-0022
TXN100586,1000.0,SUCCESS,REF-00000586,07-30-2026,Merchant_B,Processor_B,NGN,MOBILE_MONEY,SET-0009
TXN101463,15000.0,SUCCESS,REF-00001463,07-07-2026,Merchant_C,Processor_B,NGN,CARD,SET-0017
TXN105213,25000.0,SUCCESS,REF-00005213,07-22-2026,Merchant_C,Processor_B,NGN,USSD,SET-0024
TXN106994,100000.0,SUCCESS,REF-00006994,07-29-2026,Merchant_B,Processor_B,NGN,BANK_TRANSFER,SET-0045
TXN109718,1500.0,FAILED,REF-00009718,07-23-2026,Merchant_C,Processor_B,NGN,CARD,SET-0002
TXN102387,15000.0,SUCCESS,REF-00002387,07-25-2026,Merchant_C,Processor_B,NGN,MOBILE_MONEY,SET-0007
TXN108322,2500.0,SUCCESS,REF-00008322,07-04-2026,Merchant_D,Processor_B,NGN,CARD,SET-0031
TXN103535,1500.0,SUCCESS,REF-00003535,07-30-2026,Merchant_A,Processor_B,NGN,MOBILE_MONEY,SET-0021
TXN103534,2500.0,SUCCESS,REF-00003534,07-23-2026,Merchant_A,Processor_B,NGN,BANK_TRANSFER,SET-0025
TXN104585,250000.0,SUCCESS,REF-00004585,07-30-2026,Merchant_A,Processor_B,NGN,BANK_TRANSFER,SET-0001
TXN106559,250000.0,SUCCESS,REF-00006559,07-14-2026,Merchant_D,Processor_B,NGN,MOBILE_MONEY,SET-0044
TXN105242,10000.0,SUCCESS,REF-00005242,07-09-2026,Merchant_C,Processor_B,NGN,USSD,SET-0019
TXN107561,15000.0,SUCCESS,REF-00007561,07-27-2026,Merchant_D,Processor_B,NGN,CARD,SET-0038
TXN104514,10000.0,SUCCESS,REF-00004514,07-23-2026,Merchant_E,Processor_B,NGN,CARD,SET-0036
TXN104142,1000.0,SUCCESS,REF-00004142,07-06-2026,Merchant_C,Processor_B,NGN,MOBILE_MONEY,SET-0024
TXN104355,15000.0,SUCCESS,REF-00004355,07-29-2026,Merchant_B,Processor_B,NGN,USSD,SET-0023
TXN108009,500.0,SUCCESS,REF-00008009,07-22-2026,Merchant_C,Processor_B,NGN,USSD,SET-0022
TXN100228,100000.0,SUCCESS,REF-00000228,07-12-2026,Merchant_D,Processor_B,NGN,BANK_TRANSFER,SET-0028
TXN107948,100000.0,SUCCESS,REF-00007948,07-24-2026,Merchant_B,Processor_B,NGN,USSD,SET-0035
TXN107533,10000.0,FAILED,REF-00007533,07-11-2026,Merchant_E,Processor_B,NGN,MOBILE_MONEY,SET-0034
TXN100062,50000.0,SUCCESS,REF-00000062,07-18-2026,Merchant_E,Processor_B,NGN,MOBILE_MONEY,SET-0030
TXN105366,15000.0,SUCCESS,REF-00005366,07-06-2026,Merchant_A,Processor_B,NGN,MOBILE_MONEY,SET-0002
TXN104784,7500.0,SUCCESS,REF-00004784,07-04-2026,Merchant_A,Processor_B,NGN,MOBILE_MONEY,SET-0020
TXN105957,5000.0,SUCCESS,REF-00005957,07-28-2026,Merchant_D,Processor_B,NGN,BANK_TRANSFER,SET-0019
TXN106064,2500.0,SUCCESS,REF-00006064,07-18-2026,Merchant_E,Processor_B,NGN,USSD,SET-0047
TXN104130,5000.0,SUCCESS,REF-00004130,07-26-2026,Merchant_A,Processor_B,NGN,USSD,SET-0004
TXN106759,5000.0,SUCCESS,REF-00006759,07-23-2026,Merchant_B,Processor_B,NGN,BANK_TRANSFER,SET-0026
TXN105070,10000.0,FAILED,REF-00005070,07-02-2026,Merchant_A,Processor_B,NGN,MOBILE_MONEY,SET-0049
TXN104618,5000.0,SUCCESS,REF-00004618,07-23-2026,Merchant_E,Processor_B,NGN,BANK_TRANSFER,SET-0026
PROC_ONLY1018,1000.0,SUCCESS,PROC-ONLY-REF-00018,07-07-2026,Merchant_B,Processor_B,NGN,BANK_TRANSFER,SET-0047
TXN109043,2500.0,SUCCESS,REF-00009043,07-24-2026,Merchant_A,Processor_B,NGN,CARD,SET-0001
TXN106755,7500.0,SUCCESS,REF-00006755,07-30-2026,Merchant_B,Processor_B,NGN,USSD,SET-0001
TXN102909,5000.0,FAILED,REF-00002909,07-26-2026,Merchant_E,Processor_B,NGN,CARD,SET-0014
TXN105024,100000.0,SUCCESS,REF-00005024,07-27-2026,Merchant_D,Processor_B,NGN,USSD,SET-0033
TXN109365,10000.0,SUCCESS,REF-00009365,07-13-2026,Merchant_B,Processor_B,NGN,USSD,SET-0044
TXN102644,1000.0,SUCCESS,REF-00002644,07-23-2026,Merchant_D,Processor_B,NGN,MOBILE_MONEY,SET-0007
TXN103300,7500.0,SUCCESS,REF-00003300,07-14-2026,Merchant_A,Processor_B,NGN,MOBILE_MONEY,SET-0049
TXN100436,1000.0,SUCCESS,REF-00000436,07-13-2026,Merchant_D,Processor_B,NGN,BANK_TRANSFER,SET-0043
TXN108888,5000.0,FAILED,REF-00008888,07-03-2026,Merchant_E,Processor_B,NGN,MOBILE_MONEY,SET-0045
TXN102655,7500.0,SUCCESS,REF-00002655,07-09-2026,Merchant_A,Processor_B,NGN,CARD,SET-0050
PROC_ONLY1041,10000.0,FAILED,PROC-ONLY-REF-00041,07-07-2026,Merchant_C,Processor_B,NGN,CARD,SET-0005
TXN106136,7500.0,SUCCESS,REF-00006136,07-28-2026,Merchant_C,Processor_B,NGN,USSD,SET-0028
TXN104457,1500.0,SUCCESS,REF-00004457,07-30-2026,Merchant_E,Processor_B,NGN,CARD,SET-0039
TXN108272,1000.0,SUCCESS,REF-00008272,07-12-2026,Merchant_A,Processor_B,NGN,CARD,SET-0044
TXN105835,15000.0,SUCCESS,REF-00005835,07-11-2026,Merchant_C,Processor_B,NGN,USSD,SET-0019
TXN108465,2500.0,SUCCESS,REF-00008465,07-23-2026,Merchant_C,Processor_B,NGN,MOBILE_MONEY,SET-0008
TXN106783,5000.0,SUCCESS,REF-00006783,07-15-2026,Merchant_C,Processor_B,NGN,CARD,SET-0012
TXN107905,250000.0,FAILED,REF-00007905,07-18-2026,Merchant_D,Processor_B,NGN,USSD,SET-0019
TXN104301,100000.0,SUCCESS,REF-00004301,07-08-2026,Merchant_A,Processor_B,NGN,USSD,SET-0013
TXN104440,100000.0,SUCCESS,REF-00004440,07-13-2026,Merchant_A,Processor_B,NGN,CARD,SET-0050
TXN106232,10000.0,SUCCESS,REF-00006232,07-17-2026,Merchant_B,Processor_B,NGN,USSD,SET-0038
TXN108882,500.0,SUCCESS,REF-00008882,07-26-2026,Merchant_D,Processor_B,NGN,CARD,SET-0009
TXN101372,50000.0,SUCCESS,REF-00001372,07-09-2026,Merchant_B,Processor_B,NGN,MOBILE_MONEY,SET-0011
TXN107373,15000.0,SUCCESS,REF-00007373,07-08-2026,Merchant_C,Processor_B,NGN,USSD,SET-0026
TXN100216,5000.0,SUCCESS,REF-00000216,07-22-2026,Merchant_E,Processor_B,NGN,CARD,SET-0032
TXN109724,1500.0,SUCCESS,REF-00009724,07-23-2026,Merchant_C,Processor_B,NGN,MOBILE_MONEY,SET-0005
TXN108522,1500.0,SUCCESS,REF-00008522,07-05-2026,Merchant_B,Processor_B,NGN,MOBILE_MONEY,SET-0028
TXN103171,2500.0,SUCCESS,REF-00003171,07-28-2026,Merchant_A,Processor_B,NGN,MOBILE_MONEY,SET-0041
TXN102718,50000.0,SUCCESS,REF-00002718,07-17-2026,Merchant_E,Processor_B,NGN,CARD,SET-0016
TXN106087,2500.0,SUCCESS,REF-00006087,07-09-2026,Merchant_D,Processor_B,NGN,MOBILE_MONEY,SET-0031
TXN107492,5000.0,FAILED,REF-00007492,07-30-2026,Merchant_C,Processor_B,NGN,MOBILE_MONEY,SET-0031
TXN109057,2500.0,SUCCESS,REF-00009057,07-04-2026,Merchant_C,Processor_B,NGN,USSD,SET-0041
TXN101092,15000.0,SUCCESS,REF-00001092,07-31-2026,Merchant_D,Processor_B,NGN,MOBILE_MONEY,SET-0008
TXN102838,25000.0,SUCCESS,REF-00002838,07-09-2026,Merchant_E,Processor_B,NGN,CARD,SET-0032
TXN109832,1500.0,SUCCESS,REF-00009832,07-18-2026,Merchant_B,Processor_B,NGN,BANK_TRANSFER,SET-0011
TXN106806,25000.0,SUCCESS,REF-00006806,07-11-2026,Merchant_B,Processor_B,NGN,USSD,SET-0029
TXN109900,500.0,SUCCESS,REF-00009900,07-19-2026,Merchant_D,Processor_B,NGN,MOBILE_MONEY,SET-0028
TXN102138,1500.0,SUCCESS,REF-00002138,07-20-2026,Merchant_D,Processor_B,NGN,CARD,SET-0030
TXN106782,10000.0,SUCCESS,REF-00006782,07-17-2026,Merchant_E,Processor_B,NGN,BANK_TRANSFER,SET-0023
TXN102052,1500.0,SUCCESS,REF-00002052,07-12-2026,Merchant_C,Processor_B,NGN,BANK_TRANSFER,SET-0045
TXN108582,100000.0,SUCCESS,REF-00008582,07-23-2026,Merchant_B,Processor_B,NGN,BANK_TRANSFER,SET-0048
TXN103832,50000.0,SUCCESS,REF-00003832,07-17-2026,Merchant_C,Processor_B,NGN,BANK_TRANSFER,SET-0048
TXN100854,2500.0,SUCCESS,REF-00000854,07-07-2026,Merchant_D,Processor_B,NGN,MOBILE_MONEY,SET-0049
TXN100592,1500.0,SUCCESS,REF-00000592,07-28-2026,Merchant_E,Processor_B,NGN,MOBILE_MONEY,SET-0050
TXN105791,15000.0,SUCCESS,REF-00005791,07-08-2026,Merchant_A,Processor_B,NGN,BANK_TRANSFER,SET-0031
TXN107518,25000.0,FAILED,REF-00007518,07-29-2026,Merchant_C,Processor_B,NGN,MOBILE_MONEY,SET-0035
TXN109946,5000.0,SUCCESS,REF-00009946,07-05-2026,Merchant_E,Processor_B,NGN,BANK_TRANSFER,SET-0044
TXN109372,1000.0,SUCCESS,REF-00009372,07-15-2026,Merchant_A,Processor_B,NGN,BANK_TRANSFER,SET-0026
TXN102649,7500.0,FAILED,REF-00002649,07-02-2026,Merchant_B,Processor_B,NGN,BANK_TRANSFER,SET-0033
TXN106221,25000.0,SUCCESS,REF-00006221,07-29-2026,Merchant_C,Processor_B,NGN,CARD,SET-0023
TXN102756,7500.0,SUCCESS,REF-00002756,07-18-2026,Merchant_C,Processor_B,NGN,MOBILE_MONEY,SET-0039
TXN107604,5000.0,SUCCESS,REF-00007604,07-29-2026,Merchant_B,Processor_B,NGN,MOBILE_MONEY,SET-0040
TXN106279,2500.0,SUCCESS,REF-00006279,07-15-2026,Merchant_D,Processor_B,NGN,MOBILE_MONEY,SET-0006
TXN100528,1000.0,FAILED,REF-00000528,07-20-2026,Merchant_A,Processor_B,NGN,MOBILE_MONEY,SET-0032
TXN106457,7500.0,SUCCESS,REF-00006457,07-06-2026,Merchant_B,Processor_B,NGN,BANK_TRANSFER,SET-0008
TXN106892,100000.0,SUCCESS,REF-00006892,07-02-2026,Merchant_D,Processor_B,NGN,CARD,SET-0007
TXN103777,10000.0,SUCCESS,REF-00003777,07-27-2026,Merchant_D,Processor_B,NGN,CARD,SET-0040
TXN101444,50000.0,SUCCESS,REF-00001444,07-08-2026,Merchant_D,Processor_B,NGN,CARD,SET-0041
TXN102752,2500.0,SUCCESS,REF-00002752,07-12-2026,Merchant_B,Processor_B,NGN,CARD,SET-0048
TXN108719,10000.0,FAILED,REF-00008719,07-06-2026,Merchant_A,Processor_B,NGN,BANK_TRANSFER,SET-0047
TXN100774,50000.0,SUCCESS,REF-00000774,07-27-2026,Merchant_D,Processor_B,NGN,BANK_TRANSFER,SET-0050
TXN102950,50000.0,SUCCESS,REF-00002950,07-14-2026,Merchant_A,Processor_B,NGN,MOBILE_MONEY,SET-0039
TXN105667,50000.0,SUCCESS,REF-00005667,07-30-2026,Merchant_A,Processor_B,NGN,USSD,SET-0005
TXN103716,5000.0,SUCCESS,REF-00003716,07-06-2026,Merchant_B,Processor_B,NGN,USSD,SET-0003
TXN106211,1500.0,SUCCESS,REF-00006211,07-17-2026,Merchant_A,Processor_B,NGN,BANK_TRANSFER,SET-0010
TXN101702,5000.0,SUCCESS,REF-00001702,07-24-2026,Merchant_A,Processor_B,NGN,USSD,SET-0044
TXN104237,25000.0,SUCCESS,REF-00004237,07-18-2026,Merchant_A,Processor_B,NGN,MOBILE_MONEY,SET-0017
TXN102967,10000.0,SUCCESS,REF-00002967,07-18-2026,Merchant_B,Processor_B,NGN,BANK_TRANSFER,SET-0033
TXN107136,50000.0,SUCCESS,REF-00007136,07-22-2026,Merchant_A,Processor_B,NGN,CARD,SET-0013
TXN105433,1000.0,SUCCESS,REF-00005433,07-16-2026,Merchant_E,Processor_B,NGN,BANK_TRANSFER,SET-0030
TXN101747,2500.0,SUCCESS,REF-00001747,07-29-2026,Merchant_A,Processor_B,NGN,CARD,SET-0011
TXN109823,2500.0,SUCCESS,REF-00009823,07-24-2026,Merchant_C,Processor_B,NGN,CARD,SET-0003
TXN101207,7500.0,SUCCESS,REF-00001207,07-02-2026,Merchant_D,Processor_B,NGN,BANK_TRANSFER,SET-0016
PROC_ONLY1026,50000.0,SUCCESS,PROC-ONLY-REF-00026,07-16-2026,Merchant_A,Processor_B,NGN,CARD,SET-0026
TXN103977,10000.0,SUCCESS,REF-00003977,07-10-2026,Merchant_D,Processor_B,NGN,CARD,SET-0021
TXN103036,7500.0,SUCCESS,REF-00003036,07-25-2026,Merchant_B,Processor_B,NGN,USSD,SET-0047
TXN101999,5000.0,SUCCESS,REF-00001999,07-28-2026,Merchant_A,Processor_B,NGN,USSD,SET-0013
TXN107725,1500.0,FAILED,REF-00007725,07-29-2026,Merchant_D,Processor_B,NGN,USSD,SET-0020
TXN102565,5000.0,SUCCESS,REF-00002565,07-29-2026,Merchant_A,Processor_B,NGN,MOBILE_MONEY,SET-0042
TXN101327,25000.0,SUCCESS,REF-00001327,07-13-2026,Merchant_B,Processor_B,NGN,USSD,SET-0017
TXN105503,10000.0,FAILED,REF-00005503,07-21-2026,Merchant_B,Processor_B,NGN,MOBILE_MONEY,SET-0016
TXN102584,10000.0,SUCCESS,REF-00002584,07-03-2026,Merchant_C,Processor_B,NGN,BANK_TRANSFER,SET-0004
TXN107332,100000.0,SUCCESS,REF-00007332,07-09-2026,Merchant_B,Processor_B,NGN,BANK_TRANSFER,SET-0001
TXN107647,2500.0,SUCCESS,REF-00007647,07-02-2026,Merchant_E,Processor_B,NGN,CARD,SET-0009
TXN109664,5000.0,SUCCESS,REF-00009664,07-06-2026,Merchant_B,Processor_B,NGN,MOBILE_MONEY,SET-0010
TXN109521,15000.0,SUCCESS,REF-00009521,07-24-2026,Merchant_C,Processor_B,NGN,MOBILE_MONEY,SET-0031
TXN107414,10000.0,SUCCESS,REF-00007414,07-29-2026,Merchant_C,Processor_B,NGN,BANK_TRANSFER,SET-0013
TXN105506,10000.0,SUCCESS,REF-00005506,07-03-2026,Merchant_E,Processor_B,NGN,MOBILE_MONEY,SET-0027
TXN108956,15000.0,SUCCESS,REF-00008956,07-14-2026,Merchant_B,Processor_B,NGN,USSD,SET-0048
TXN108301,2500.0,SUCCESS,REF-00008301,07-25-2026,Merchant_D,Processor_B,NGN,USSD,SET-0043
TXN103718,7500.0,SUCCESS,REF-00003718,07-04-2026,Merchant_D,Processor_B,NGN,BANK_TRANSFER,SET-0016
TXN100818,1000.0,SUCCESS,REF-00000818,07-29-2026,Merchant_A,Processor_B,NGN,CARD,SET-0035
TXN104578,250000.0,SUCCESS,REF-00004578,07-01-2026,Merchant_B,Processor_B,NGN,CARD,SET-0001
TXN101757,10000.0,SUCCESS,REF-00001757,07-31-2026,Merchant_E,Processor_B,NGN,BANK_TRANSFER,SET-0028
TXN105106,5000.0,SUCCESS,REF-00005106,07-24-2026,Merchant_B,Processor_B,NGN,MOBILE_MONEY,SET-0029
TXN103812,2500.0,SUCCESS,REF-00003812,07-30-2026,Merchant_D,Processor_B,NGN,MOBILE_MONEY,SET-0043
TXN105575,1500.0,SUCCESS,REF-00005575,07-13-2026,Merchant_C,Processor_B,NGN,MOBILE_MONEY,SET-0026
TXN106589,50000.0,SUCCESS,REF-00006589,07-31-2026,Merchant_B,Processor_B,NGN,CARD,SET-0012
TXN107785,10000.0,SUCCESS,REF-00007785,07-18-2026,Merchant_C,Processor_B,NGN,BANK_TRANSFER,SET-0033
TXN106029,1000.0,SUCCESS,REF-00006029,07-10-2026,Merchant_B,Processor_B,NGN,MOBILE_MONEY,SET-0044
TXN107367,10000.0,REFUNDED,REF-00007367,07-20-2026,Merchant_B,Processor_B,NGN,CARD,SET-0018
TXN107631,15000.0,SUCCESS,REF-00007631,07-03-2026,Merchant_C,Processor_B,NGN,BANK_TRANSFER,SET-0008
TXN107628,100000.0,SUCCESS,REF-00007628,07-09-2026,Merchant_A,Processor_B,NGN,CARD,SET-0036
TXN104172,7500.0,SUCCESS,REF-00004172,07-02-2026,Merchant_C,Processor_B,NGN,MOBILE_MONEY,SET-0025
TXN101251,10000.0,SUCCESS,REF-00001251,07-13-2026,Merchant_C,Processor_B,NGN,MOBILE_MONEY,SET-0020
TXN101592,1500.0,SUCCESS,REF-00001592,07-03-2026,Merchant_E,Processor_B,NGN,BANK_TRANSFER,SET-0027
TXN103163,10000.0,SUCCESS,REF-00003163,07-12-2026,Merchant_C,Processor_B,NGN,USSD,SET-0035
TXN107658,10000.0,SUCCESS,REF-00007658,07-18-2026,Merchant_C,Processor_B,NGN,USSD,SET-0008
TXN108379,7500.0,SUCCESS,REF-00008379,07-02-2026,Merchant_B,Processor_B,NGN,USSD,SET-0016
TXN105523,7500.0,SUCCESS,REF-00005523,07-18-2026,Merchant_A,Processor_B,NGN,USSD,SET-0019
TXN105194,2500.0,SUCCESS,REF-00005194,07-10-2026,Merchant_C,Processor_B,NGN,USSD,SET-0023
TXN100370,1000.0,SUCCESS,REF-00000370,07-05-2026,Merchant_E,Processor_B,NGN,CARD,SET-0025
TXN100022,5000.0,FAILED,REF-00000022,07-02-2026,Merchant_A,Processor_B,NGN,USSD,SET-0025
TXN108922,15000.0,SUCCESS,REF-00008922,07-17-2026,Merchant_D,Processor_B,NGN,USSD,SET-0027
TXN101236,50000.0,SUCCESS,REF-00001236,07-17-2026,Merchant_C,Processor_B,NGN,BANK_TRANSFER,SET-0006
TXN104970,10000.0,REFUNDED,REF-00004970,07-02-2026,Merchant_E,Processor_B,NGN,MOBILE_MONEY,SET-0002
TXN108914,1000.0,SUCCESS,REF-00008914,07-14-2026,Merchant_B,Processor_B,NGN,BANK_TRANSFER,SET-0042
TXN106897,500.0,SUCCESS,REF-00006897,07-16-2026,Merchant_A,Processor_B,NGN,BANK_TRANSFER,SET-0030
TXN103551,1500.0,SUCCESS,REF-00003551,07-02-2026,Merchant_D,Processor_B,NGN,MOBILE_MONEY,SET-0008
TXN105046,10000.0,SUCCESS,REF-00005046,07-29-2026,Merchant_B,Processor_B,NGN,MOBILE_MONEY,SET-0030
TXN104027,1500.0,SUCCESS,REF-00004027,07-30-2026,Merchant_C,Processor_B,NGN,USSD,SET-0049
TXN101660,15000.0,SUCCESS,REF-00001660,07-08-2026,Merchant_D,Processor_B,NGN,MOBILE_MONEY,SET-0032
TXN106919,7500.0,SUCCESS,REF-00006919,07-13-2026,Merchant_A,Processor_B,NGN,USSD,SET-0003
TXN105795,50000.0,SUCCESS,REF-00005795,07-03-2026,Merchant_A,Processor_B,NGN,USSD,SET-0038
TXN109643,1500.0,SUCCESS,REF-00009643,07-30-2026,Merchant_E,Processor_B,NGN,CARD,SET-0008
TXN108983,10000.0,SUCCESS,REF-00008983,07-22-2026,Merchant_D,Processor_B,NGN,MOBILE_MONEY,SET-0009
TXN106646,100000.0,FAILED,REF-00006646,07-29-2026,Merchant_B,Processor_B,NGN,MOBILE_MONEY,SET-0002
TXN101701,7500.0,SUCCESS,REF-00001701,07-03-2026,Merchant_A,Processor_B,NGN,USSD,SET-0031
TXN101001,10000.0,FAILED,REF-00001001,07-25-2026,Merchant_A,Processor_B,NGN,MOBILE_MONEY,SET-0003
TXN100264,100000.0,SUCCESS,REF-00000264,07-24-2026,Merchant_C,Processor_B,NGN,CARD,SET-0044
TXN107182,25000.0,SUCCESS,REF-00007182,07-19-2026,Merchant_C,Processor_B,NGN,MOBILE_MONEY,SET-0044
TXN108458,250000.0,SUCCESS,REF-00008458,07-06-2026,Merchant_D,Processor_B,NGN,BANK_TRANSFER,SET-0010
TXN103501,50000.0,SUCCESS,REF-00003501,07-28-2026,Merchant_C,Processor_B,NGN,MOBILE_MONEY,SET-0034
TXN105802,5000.0,SUCCESS,REF-00005802,07-25-2026,Merchant_A,Processor_B,NGN,CARD,SET-0018
TXN103818,50000.0,SUCCESS,REF-00003818,07-27-2026,Merchant_C,Processor_B,NGN,CARD,SET-0023
TXN106380,15000.0,SUCCESS,REF-00006380,07-25-2026,Merchant_E,Processor_B,NGN,CARD,SET-0048
TXN106445,10000.0,FAILED,REF-00006445,07-17-2026,Merchant_E,Processor_B,NGN,MOBILE_MONEY,SET-0043
TXN105509,7500.0,SUCCESS,REF-00005509,07-27-2026,Merchant_B,Processor_B,NGN,MOBILE_MONEY,SET-0023
TXN107284,2500.0,SUCCESS,REF-00007284,07-20-2026,Merchant_E,Processor_B,NGN,MOBILE_MONEY,SET-0036
TXN105528,7500.0,SUCCESS,REF-00005528,07-20-2026,Merchant_A,Processor_B,NGN,USSD,SET-0045
TXN108654,5000.0,SUCCESS,REF-00008654,07-06-2026,Merchant_C,Processor_B,NGN,CARD,SET-0032
TXN104683,5000.0,SUCCESS,REF-00004683,07-27-2026,Merchant_E,Processor_B,NGN,BANK_TRANSFER,SET-0005
TXN105760,25000.0,SUCCESS,REF-00005760,07-18-2026,Merchant_E,Processor_B,NGN,BANK_TRANSFER,SET-0024
TXN102080,500.0,SUCCESS,REF-00002080,07-15-2026,Merchant_D,Processor_B,NGN,CARD,SET-0001
TXN108385,10000.0,SUCCESS,REF-00008385,07-18-2026,Merchant_C,Processor_B,NGN,CARD,SET-0019
TXN100992,5000.0,SUCCESS,REF-00000992,07-22-2026,Merchant_D,Processor_B,NGN,CARD,SET-0022
TXN106078,10000.0,SUCCESS,REF-00006078,07-23-2026,Merchant_A,Processor_B,NGN,MOBILE_MONEY,SET-0022
TXN107889,7500.0,SUCCESS,REF-00007889,07-10-2026,Merchant_C,Processor_B,NGN,CARD,SET-0047
TXN108112,250000.0,SUCCESS,REF-00008112,07-25-2026,Merchant_D,Processor_B,NGN,BANK_TRANSFER,SET-0042
TXN108735,250000.0,FAILED,REF-00008735,07-20-2026,Merchant_D,Processor_B,NGN,USSD,SET-0034
TXN103419,500.0,SUCCESS,REF-00003419,07-02-2026,Merchant_A,Processor_B,NGN,BANK_TRANSFER,SET-0003
TXN106771,100000.0,FAILED,REF-00006771,07-27-2026,Merchant_D,Processor_B,NGN,BANK_TRANSFER,SET-0032
TXN109071,25000.0,SUCCESS,REF-00009071,07-20-2026,Merchant_E,Processor_B,NGN,BANK_TRANSFER,SET-0047
TXN109506,1000.0,SUCCESS,REF-00009506,07-16-2026,Merchant_D,Processor_B,NGN,BANK_TRANSFER,SET-0009
TXN109466,100000.0,FAILED,REF-00009466,07-21-2026,Merchant_B,Processor_B,NGN,CARD,SET-0031
TXN105025,10000.0,FAILED,REF-00005025,07-23-2026,Merchant_C,Processor_B,NGN,USSD,SET-0050
TXN103950,500.0,REFUNDED,REF-00003950,07-17-2026,Merchant_D,Processor_B,NGN,USSD,SET-0021
TXN108302,25000.0,SUCCESS,REF-00008302,07-18-2026,Merchant_D,Processor_B,NGN,BANK_TRANSFER,SET-0011
TXN101359,15000.0,SUCCESS,REF-00001359,07-23-2026,Merchant_D,Processor_B,NGN,BANK_TRANSFER,SET-0038
TXN102742,2500.0,SUCCESS,REF-00002742,07-03-2026,Merchant_A,Processor_B,NGN,CARD,SET-0008
TXN106825,50000.0,SUCCESS,REF-00006825,07-30-2026,Merchant_B,Processor_B,NGN,USSD,SET-0013
TXN103563,7500.0,SUCCESS,REF-00003563,07-14-2026,Merchant_B,Processor_B,NGN,CARD,SET-0029
TXN105670,50000.0,SUCCESS,REF-00005670,07-15-2026,Merchant_A,Processor_B,NGN,USSD,SET-0008
TXN103800,5000.0,FAILED,REF-00003800,07-26-2026,Merchant_B,Processor_B,NGN,BANK_TRANSFER,SET-0008
TXN106638,1000.0,SUCCESS,REF-00006638,07-04-2026,Merchant_D,Processor_B,NGN,MOBILE_MONEY,SET-0049
TXN100108,2500.0,SUCCESS,REF-00000108,07-15-2026,Merchant_A,Processor_B,NGN,CARD,SET-0038
TXN102911,500.0,REFUNDED,REF-00002911,07-12-2026,Merchant_E,Processor_B,NGN,USSD,SET-0020
TXN109298,100000.0,SUCCESS,REF-00009298,07-21-2026,Merchant_B,Processor_B,NGN,MOBILE_MONEY,SET-0029
TXN102937,10000.0,SUCCESS,REF-00002937,07-28-2026,Merchant_D,Processor_B,NGN,BANK_TRANSFER,SET-0018
TXN103720,5000.0,SUCCESS,REF-00003720,07-25-2026,Merchant_D,Processor_B,NGN,MOBILE_MONEY,SET-0004
TXN106813,50000.0,SUCCESS,REF-00006813,07-27-2026,Merchant_E,Processor_B,NGN,BANK_TRANSFER,SET-0028
TXN104174,100000.0,FAILED,REF-00004174,07-19-2026,Merchant_C,Processor_B,NGN,CARD,SET-0016
TXN103817,50000.0,SUCCESS,REF-00003817,07-17-2026,Merchant_A,Processor_B,NGN,USSD,SET-0016
TXN104613,1000.0,SUCCESS,REF-00004613,07-28-2026,Merchant_C,Processor_B,NGN,MOBILE_MONEY,SET-0032
TXN100116,50000.0,SUCCESS,REF-00000116,07-21-2026,Merchant_D,Processor_B,NGN,CARD,SET-0049
TXN104393,1000.0,SUCCESS,REF-00004393,07-28-2026,Merchant_E,Processor_B,NGN,USSD,SET-0024
TXN109149,10000.0,FAILED,REF-00009149,07-02-2026,Merchant_B,Processor_B,NGN,USSD,SET-0004
TXN100465,5000.0,SUCCESS,REF-00000465,07-03-2026,Merchant_D,Processor_B,NGN,CARD,SET-0047
TXN103996,5000.0,FAILED,REF-00003996,07-17-2026,Merchant_E,Processor_B,NGN,USSD,SET-0042
TXN102201,1000.0,SUCCESS,REF-00002201,07-13-2026,Merchant_B,Processor_B,NGN,CARD,SET-0003
TXN106505,50000.0,SUCCESS,REF-00006505,07-18-2026,Merchant_D,Processor_B,NGN,MOBILE_MONEY,SET-0019
TXN109068,500.0,SUCCESS,REF-00009068,07-08-2026,Merchant_D,Processor_B,NGN,BANK_TRANSFER,SET-0039
TXN104925,2500.0,SUCCESS,REF-00004925,07-02-2026,Merchant_C,Processor_B,NGN,CARD,SET-0016
TXN104624,100000.0,SUCCESS,REF-00004624-X,07-25-2026,Merchant_D,Processor_B,NGN,MOBILE_MONEY,SET-0029
TXN109382,10000.0,FAILED,REF-00009382,07-26-2026,Merchant_A,Processor_B,NGN,USSD,SET-0031
TXN101898,5000.0,SUCCESS,REF-00001898,07-21-2026,Merchant_C,Processor_B,NGN,USSD,SET-0019
TXN108881,7500.0,SUCCESS,REF-00008881,07-13-2026,Merchant_B,Processor_B,NGN,CARD,SET-0022
TXN109028,250000.0,SUCCESS,REF-00009028,07-03-2026,Merchant_D,Processor_B,NGN,CARD,SET-0045
TXN104829,10000.0,SUCCESS,REF-00004829,07-23-2026,Merchant_A,Processor_B,NGN,MOBILE_MONEY,SET-0001
TXN103828,50000.0,SUCCESS,REF-00003828,07-05-2026,Merchant_A,Processor_B,NGN,BANK_TRANSFER,SET-0009
TXN107862,500.0,SUCCESS,REF-00007862,07-11-2026,Merchant_C,Processor_B,NGN,CARD,SET-0038
TXN104057,1000.0,SUCCESS,REF-00004057,07-21-2026,Merchant_A,Processor_B,NGN,CARD,SET-0028
TXN105693,15000.0,SUCCESS,REF-00005693,07-17-2026,Merchant_A,Processor_B,NGN,USSD,SET-0044
TXN101727,250000.0,SUCCESS,REF-00001727,07-20-2026,Merchant_E,Processor_B,NGN,USSD,SET-0045
TXN100920,50000.0,SUCCESS,REF-00000920,07-18-2026,Merchant_B,Processor_B,NGN,CARD,SET-0039
TXN106239,100000.0,SUCCESS,REF-00006239,07-12-2026,Merchant_E,Processor_B,NGN,USSD,SET-0006
TXN102670,15000.0,SUCCESS,REF-00002670,07-27-2026,Merchant_C,Processor_B,NGN,BANK_TRANSFER,SET-0021
TXN103440,5000.0,SUCCESS,REF-00003440,07-09-2026,Merchant_A,Processor_B,NGN,BANK_TRANSFER,SET-0010
TXN102365,1000.0,SUCCESS,REF-00002365,07-29-2026,Merchant_E,Processor_B,NGN,USSD,SET-0032
TXN108953,10000.0,SUCCESS,REF-00008953,07-25-2026,Merchant_B,Processor_B,NGN,MOBILE_MONEY,SET-0040
TXN100441,250000.0,SUCCESS,REF-00000441,07-27-2026,Merchant_B,Processor_B,NGN,USSD,SET-0038
TXN100009,25000.0,SUCCESS,REF-00000009,07-26-2026,Merchant_C,Processor_B,NGN,MOBILE_MONEY,SET-0025
TXN106267,1000.0,SUCCESS,REF-00006267,07-22-2026,Merchant_B,Processor_B,NGN,CARD,SET-0015
TXN107820,5000.0,SUCCESS,REF-00007820,07-10-2026,Merchant_C,Processor_B,NGN,MOBILE_MONEY,SET-0022
TXN100173,2500.0,SUCCESS,REF-00000173,07-27-2026,Merchant_B,Processor_B,NGN,USSD,SET-0022
TXN102549,1000.0,SUCCESS,REF-00002549,07-18-2026,Merchant_E,Processor_B,NGN,CARD,SET-0008
TXN107745,15000.0,SUCCESS,REF-00007745,07-06-2026,Merchant_D,Processor_B,NGN,BANK_TRANSFER,SET-0017
TXN109671,25000.0,SUCCESS,REF-00009671-X,07-27-2026,Merchant_C,Processor_B,NGN,BANK_TRANSFER,SET-0049
TXN104460,7500.0,REFUNDED,REF-00004460,07-22-2026,Merchant_A,Processor_B,NGN,USSD,SET-0023
TXN106705,50000.0,SUCCESS,REF-00006705,07-12-2026,Merchant_E,Processor_B,NGN,MOBILE_MONEY,SET-0023
TXN104702,15000.0,SUCCESS,REF-00004702,07-10-2026,Merchant_E,Processor_B,NGN,MOBILE_MONEY,SET-0049
TXN105215,15000.0,SUCCESS,REF-00005215,07-24-2026,Merchant_E,Processor_B,NGN,MOBILE_MONEY,SET-0008
TXN105613,2500.0,SUCCESS,REF-00005613,07-21-2026,Merchant_B,Processor_B,NGN,USSD,SET-0024
TXN103136,25000.0,FAILED,REF-00003136,07-03-2026,Merchant_E,Processor_B,NGN,USSD,SET-0023
TXN109970,1000.0,SUCCESS,REF-00009970,07-15-2026,Merchant_D,Processor_B,NGN,CARD,SET-0018
TXN104563,1000.0,SUCCESS,REF-00004563,07-21-2026,Merchant_A,Processor_B,NGN,MOBILE_MONEY,SET-0002
TXN106754,500.0,SUCCESS,REF-00006754,07-26-2026,Merchant_D,Processor_B,NGN,USSD,SET-0045
TXN106965,1500.0,SUCCESS,REF-00006965,07-24-2026,Merchant_B,Processor_B,NGN,CARD,SET-0003
TXN103211,15000.0,SUCCESS,REF-00003211,07-01-2026,Merchant_C,Processor_B,NGN,CARD,SET-0025
TXN100145,500.0,SUCCESS,REF-00000145,07-17-2026,Merchant_A,Processor_B,NGN,CARD,SET-0034
TXN109666,1000.0,SUCCESS,REF-00009666,07-04-2026,Merchant_D,Processor_B,NGN,MOBILE_MONEY,SET-0001
TXN108142,15000.0,SUCCESS,REF-00008142,07-15-2026,Merchant_A,Processor_B,NGN,BANK_TRANSFER,SET-0040
TXN105269,5000.0,SUCCESS,REF-00005269,07-08-2026,Merchant_C,Processor_B,NGN,USSD,SET-0001
TXN105602,1500.0,SUCCESS,REF-00005602,07-02-2026,Merchant_C,Processor_B,NGN,USSD,SET-0014
TXN100718,1500.0,SUCCESS,REF-00000718,07-29-2026,Merchant_A,Processor_B,NGN,BANK_TRANSFER,SET-0025
TXN101507,10000.0,SUCCESS,REF-00001507,07-19-2026,Merchant_A,Processor_B,NGN,CARD,SET-0045
TXN102256,10000.0,SUCCESS,REF-00002256,07-31-2026,Merchant_D,Processor_B,NGN,CARD,SET-0011
TXN106837,15000.0,SUCCESS,REF-00006837,07-29-2026,Merchant_C,Processor_B,NGN,MOBILE_MONEY,SET-0020
TXN100607,5000.0,SUCCESS,REF-00000607,07-26-2026,Merchant_E,Processor_B,NGN,CARD,SET-0010
TXN102487,50000.0,SUCCESS,REF-00002487,07-13-2026,Merchant_C,Processor_B,NGN,MOBILE_MONEY,SET-0026
TXN105931,5000.0,SUCCESS,REF-00005931,07-09-2026,Merchant_C,Processor_B,NGN,BANK_TRANSFER,SET-0015
PROC_ONLY1038,25000.0,SUCCESS,PROC-ONLY-REF-00038,07-12-2026,Merchant_C,Processor_B,NGN,USSD,SET-0026
TXN107681,10000.0,SUCCESS,REF-00007681,07-27-2026,Merchant_A,Processor_B,NGN,USSD,SET-0007
TXN104071,15000.0,SUCCESS,REF-00004071,07-12-2026,Merchant_E,Processor_B,NGN,USSD,SET-0025
TXN108364,10000.0,SUCCESS,REF-00008364,07-22-2026,Merchant_D,Processor_B,NGN,CARD,SET-0041
TXN103786,10000.0,SUCCESS,REF-00003786,07-06-2026,Merchant_C,Processor_B,NGN,USSD,SET-0006
TXN108227,1500.0,SUCCESS,REF-00008227,07-30-2026,Merchant_E,Processor_B,NGN,CARD,SET-0020
TXN106395,5000.0,SUCCESS,REF-00006395,07-20-2026,Merchant_D,Processor_B,NGN,MOBILE_MONEY,SET-0024
TXN104707,2500.0,SUCCESS,REF-00004707,07-06-2026,Merchant_C,Processor_B,NGN,USSD,SET-0007
TXN109110,100000.0,SUCCESS,REF-00009110,07-05-2026,Merchant_B,Processor_B,NGN,BANK_TRANSFER,SET-0021
TXN106933,1500.0,SUCCESS,REF-00006933,07-16-2026,Merchant_E,Processor_B,NGN,MOBILE_MONEY,SET-0015
TXN104729,1500.0,FAILED,REF-00004729,07-02-2026,Merchant_A,Processor_B,NGN,CARD,SET-0039
TXN104692,5000.0,SUCCESS,REF-00004692,07-27-2026,Merchant_C,Processor_B,NGN,USSD,SET-0001
TXN102342,1000.0,SUCCESS,REF-00002342,07-03-2026,Merchant_E,Processor_B,NGN,MOBILE_MONEY,SET-0014
TXN109415,1000.0,SUCCESS,REF-00009415,07-07-2026,Merchant_A,Processor_B,NGN,BANK_TRANSFER,SET-0047
TXN109255,5000.0,SUCCESS,REF-00009255,07-23-2026,Merchant_A,Processor_B,NGN,MOBILE_MONEY,SET-0027
TXN103515,100000.0,SUCCESS,REF-00003515,07-17-2026,Merchant_D,Processor_B,NGN,MOBILE_MONEY,SET-0045
TXN109004,15000.0,SUCCESS,REF-00009004,07-27-2026,Merchant_C,Processor_B,NGN,USSD,SET-0036
TXN105476,5000.0,SUCCESS,REF-00005476,07-27-2026,Merchant_B,Processor_B,NGN,CARD,SET-0050
TXN103243,25000.0,SUCCESS,REF-00003243,07-14-2026,Merchant_C,Processor_B,NGN,CARD,SET-0047
TXN108749,1000.0,SUCCESS,REF-00008749,07-02-2026,Merchant_E,Processor_B,NGN,MOBILE_MONEY,SET-0008
TXN105991,10000.0,SUCCESS,REF-00005991,07-01-2026,Merchant_D,Processor_B,NGN,CARD,SET-0002
TXN103924,250000.0,SUCCESS,REF-00003924,07-05-2026,Merchant_E,Processor_B,NGN,MOBILE_MONEY,SET-0006
TXN107175,10000.0,SUCCESS,REF-00007175,07-26-2026,Merchant_B,Processor_B,NGN,BANK_TRANSFER,SET-0044
TXN104327,250000.0,SUCCESS,REF-00004327,07-22-2026,Merchant_C,Processor_B,NGN,CARD,SET-0043
TXN102442,25000.0,FAILED,REF-00002442,07-11-2026,Merchant_A,Processor_B,NGN,BANK_TRANSFER,SET-0005
TXN106248,25000.0,SUCCESS,REF-00006248,07-11-2026,Merchant_E,Processor_B,NGN,CARD,SET-0020
TXN104120,5000.0,SUCCESS,REF-00004120,07-23-2026,Merchant_A,Processor_B,NGN,USSD,SET-0019
PROC_ONLY1004,10000.0,SUCCESS,PROC-ONLY-REF-00004,07-04-2026,Merchant_A,Processor_B,NGN,BANK_TRANSFER,SET-0025
TXN105962,7500.0,SUCCESS,REF-00005962,07-19-2026,Merchant_A,Processor_B,NGN,MOBILE_MONEY,SET-0049
TXN107106,500.0,SUCCESS,REF-00007106,07-08-2026,Merchant_D,Processor_B,NGN,USSD,SET-0034
TXN109639,500.0,SUCCESS,REF-00009639,07-15-2026,Merchant_B,Processor_B,NGN,CARD,SET-0010
TXN106403,100000.0,SUCCESS,REF-00006403,07-22-2026,Merchant_E,Processor_B,NGN,MOBILE_MONEY,SET-0001
TXN103486,5000.0,SUCCESS,REF-00003486,07-17-2026,Merchant_A,Processor_B,NGN,BANK_TRANSFER,SET-0015
TXN102883,1000.0,SUCCESS,REF-00002883,07-01-2026,Merchant_C,Processor_B,NGN,MOBILE_MONEY,SET-0035
TXN109694,7500.0,SUCCESS,REF-00009694,07-05-2026,Merchant_E,Processor_B,NGN,CARD,SET-0032
TXN105607,100000.0,SUCCESS,REF-00005607,07-04-2026,Merchant_E,Processor_B,NGN,MOBILE_MONEY,SET-0004
TXN102462,15000.0,REFUNDED,REF-00002462,07-11-2026,Merchant_C,Processor_B,NGN,CARD,SET-0007
TXN101161,1500.0,SUCCESS,REF-00001161,07-06-2026,Merchant_B,Processor_B,NGN,USSD,SET-0013
TXN101746,500.0,SUCCESS,REF-00001746,07-04-2026,Merchant_C,Processor_B,NGN,BANK_TRANSFER,SET-0050
TXN109427,50000.0,SUCCESS,REF-00009427,07-10-2026,Merchant_E,Processor_B,NGN,MOBILE_MONEY,SET-0024
TXN105987,100000.0,SUCCESS,REF-00005987,07-17-2026,Merchant_E,Processor_B,NGN,BANK_TRANSFER,SET-0010
TXN102840,7500.0,SUCCESS,REF-00002840,07-16-2026,Merchant_B,Processor_B,NGN,BANK_TRANSFER,SET-0036
TXN102106,50000.0,SUCCESS,REF-00002106,07-07-2026,Merchant_B,Processor_B,NGN,BANK_TRANSFER,SET-0028
TXN101267,10000.0,SUCCESS,REF-00001267,07-06-2026,Merchant_B,Processor_B,NGN,USSD,SET-0034
TXN104968,250000.0,SUCCESS,REF-00004968,07-31-2026,Merchant_B,Processor_B,NGN,BANK_TRANSFER,SET-0036
TXN100810,250000.0,SUCCESS,REF-00000810,07-26-2026,Merchant_E,Processor_B,NGN,BANK_TRANSFER,SET-0005
TXN109492,5000.0,SUCCESS,REF-00009492,07-08-2026,Merchant_A,Processor_B,NGN,CARD,SET-0043
TXN100398,25000.0,SUCCESS,REF-00000398,07-25-2026,Merchant_E,Processor_B,NGN,CARD,SET-0040
TXN100908,2500.0,SUCCESS,REF-00000908,07-21-2026,Merchant_E,Processor_B,NGN,BANK_TRANSFER,SET-0033
TXN105995,15000.0,SUCCESS,REF-00005995,07-13-2026,Merchant_C,Processor_B,NGN,CARD,SET-0021
TXN108676,1500.0,REFUNDED,REF-00008676,07-24-2026,Merchant_C,Processor_B,NGN,USSD,SET-0041
TXN107144,100000.0,SUCCESS,REF-00007144,07-17-2026,Merchant_C,Processor_B,NGN,CARD,SET-0043
TXN103490,1000.0,SUCCESS,REF-00003490,07-08-2026,Merchant_B,Processor_B,NGN,MOBILE_MONEY,SET-0037
TXN107754,2500.0,SUCCESS,REF-00007754,07-04-2026,Merchant_E,Processor_B,NGN,CARD,SET-0048
TXN100965,5000.0,SUCCESS,REF-00000965,07-21-2026,Merchant_D,Processor_B,NGN,USSD,SET-0049
TXN106128,1500.0,FAILED,REF-00006128,07-04-2026,Merchant_D,Processor_B,NGN,CARD,SET-0023
TXN100740,7500.0,SUCCESS,REF-00000740,07-04-2026,Merchant_A,Processor_B,NGN,BANK_TRANSFER,SET-0011
TXN107888,5000.0,SUCCESS,REF-00007888,07-28-2026,Merchant_A,Processor_B,NGN,CARD,SET-0034
TXN105200,5000.0,SUCCESS,REF-00005200,07-02-2026,Merchant_A,Processor_B,NGN,MOBILE_MONEY,SET-0044
TXN100754,1500.0,SUCCESS,REF-00000754,07-23-2026,Merchant_E,Processor_B,NGN,USSD,SET-0043
TXN102076,2500.0,SUCCESS,REF-00002076,07-16-2026,Merchant_A,Processor_B,NGN,USSD,SET-0019
TXN109932,2500.0,SUCCESS,REF-00009932,07-26-2026,Merchant_E,Processor_B,NGN,MOBILE_MONEY,SET-0026
TXN100677,7500.0,SUCCESS,REF-00000677,07-24-2026,Merchant_A,Processor_B,NGN,USSD,SET-0045
TXN109444,10000.0,SUCCESS,REF-00009444,07-18-2026,Merchant_B,Processor_B,NGN,CARD,SET-0015
TXN101428,15000.0,SUCCESS,REF-00001428,07-19-2026,Merchant_E,Processor_B,NGN,MOBILE_MONEY,SET-0011
TXN105994,1000.0,FAILED,REF-00005994,07-09-2026,Merchant_E,Processor_B,NGN,USSD,SET-0002
TXN108542,50000.0,SUCCESS,REF-00008542,07-08-2026,Merchant_B,Processor_B,NGN,USSD,SET-0002
TXN106423,2500.0,SUCCESS,REF-00006423,07-09-2026,Merchant_A,Processor_B,NGN,BANK_TRANSFER,SET-0037
TXN102457,15000.0,SUCCESS,REF-00002457,07-01-2026,Merchant_A,Processor_B,NGN,BANK_TRANSFER,SET-0042
TXN105615,50000.0,SUCCESS,REF-00005615,07-20-2026,Merchant_D,Processor_B,NGN,CARD,SET-0002
TXN109930,50000.0,SUCCESS,REF-00009930,07-27-2026,Merchant_E,Processor_B,NGN,BANK_TRANSFER,SET-0014
TXN109859,1500.0,SUCCESS,REF-00009859,07-07-2026,Merchant_A,Processor_B,NGN,MOBILE_MONEY,SET-0017
TXN105302,25000.0,SUCCESS,REF-00005302,07-11-2026,Merchant_B,Processor_B,NGN,CARD,SET-0018
TXN107347,10000.0,SUCCESS,REF-00007347,07-13-2026,Merchant_A,Processor_B,NGN,CARD,SET-0021
TXN100696,5000.0,REFUNDED,REF-00000696,07-12-2026,Merchant_C,Processor_B,NGN,USSD,SET-0029
TXN101627,10000.0,SUCCESS,REF-00001627,07-18-2026,Merchant_B,Processor_B,NGN,MOBILE_MONEY,SET-0041
TXN102204,25000.0,SUCCESS,REF-00002204,07-08-2026,Merchant_A,Processor_B,NGN,USSD,SET-0036
TXN100868,50000.0,SUCCESS,REF-00000868,07-10-2026,Merchant_A,Processor_B,NGN,CARD,SET-0048
TXN103395,250000.0,SUCCESS,REF-00003395,07-13-2026,Merchant_E,Processor_B,NGN,USSD,SET-0024
TXN104278,1500.0,SUCCESS,REF-00004278,07-19-2026,Merchant_D,Processor_B,NGN,CARD,SET-0009
TXN109712,2500.0,SUCCESS,REF-00009712,07-10-2026,Merchant_C,Processor_B,NGN,USSD,SET-0050
TXN100050,250000.0,SUCCESS,REF-00000050,07-19-2026,Merchant_A,Processor_B,NGN,CARD,SET-0004
TXN108834,100000.0,SUCCESS,REF-00008834,07-09-2026,Merchant_E,Processor_B,NGN,CARD,SET-0031
TXN107132,15000.0,SUCCESS,REF-00007132,07-06-2026,Merchant_B,Processor_B,NGN,CARD,SET-0014
TXN108098,7500.0,SUCCESS,REF-00008098,07-20-2026,Merchant_E,Processor_B,NGN,MOBILE_MONEY,SET-0030
TXN101040,10000.0,SUCCESS,REF-00001040,07-13-2026,Merchant_A,Processor_B,NGN,CARD,SET-0001
TXN100501,10000.0,SUCCESS,REF-00000501,07-27-2026,Merchant_A,Processor_B,NGN,BANK_TRANSFER,SET-0006
TXN103556,5000.0,SUCCESS,REF-00003556,07-08-2026,Merchant_C,Processor_B,NGN,USSD,SET-0019
TXN106299,5000.0,SUCCESS,REF-00006299,07-16-2026,Merchant_B,Processor_B,NGN,CARD,SET-0026
TXN103376,25000.0,FAILED,REF-00003376,07-22-2026,Merchant_A,Processor_B,NGN,MOBILE_MONEY,SET-0011
TXN103525,1500.0,SUCCESS,REF-00003525,07-17-2026,Merchant_A,Processor_B,NGN,CARD,SET-0018
TXN107459,2500.0,SUCCESS,REF-00007459,07-19-2026,Merchant_A,Processor_B,NGN,BANK_TRANSFER,SET-0013
TXN101832,10000.0,SUCCESS,REF-00001832,07-06-2026,Merchant_B,Processor_B,NGN,MOBILE_MONEY,SET-0006
TXN104334,5000.0,SUCCESS,REF-00004334,07-29-2026,Merchant_E,Processor_B,NGN,BANK_TRANSFER,SET-0045
TXN101168,500.0,SUCCESS,REF-00001168,07-02-2026,Merchant_A,Processor_B,NGN,BANK_TRANSFER,SET-0045
TXN102808,10000.0,SUCCESS,REF-00002808,07-26-2026,Merchant_E,Processor_B,NGN,USSD,SET-0050
TXN106730,7500.0,SUCCESS,REF-00006730,07-28-2026,Merchant_A,Processor_B,NGN,USSD,SET-0047
TXN106710,1000.0,SUCCESS,REF-00006710,07-17-2026,Merchant_D,Processor_B,NGN,MOBILE_MONEY,SET-0003
TXN102164,10000.0,SUCCESS,REF-00002164,07-09-2026,Merchant_B,Processor_B,NGN,CARD,SET-0008
TXN102489,5000.0,SUCCESS,REF-00002489,07-01-2026,Merchant_D,Processor_B,NGN,CARD,SET-0035
TXN104486,500.0,SUCCESS,REF-00004486,07-01-2026,Merchant_D,Processor_B,NGN,MOBILE_MONEY,SET-0012
TXN100379,5000.0,SUCCESS,REF-00000379,07-03-2026,Merchant_D,Processor_B,NGN,MOBILE_MONEY,SET-0002
TXN101882,15000.0,SUCCESS,REF-00001882,07-04-2026,Merchant_B,Processor_B,NGN,BANK_TRANSFER,SET-0039
TXN100947,100000.0,FAILED,REF-00000947,07-28-2026,Merchant_D,Processor_B,NGN,MOBILE_MONEY,SET-0049
TXN101133,2500.0,SUCCESS,REF-00001133,07-16-2026,Merchant_A,Processor_B,NGN,USSD,SET-0006
TXN107780,7500.0,SUCCESS,REF-00007780,07-25-2026,Merchant_D,Processor_B,NGN,BANK_TRANSFER,SET-0032
TXN105337,10000.0,SUCCESS,REF-00005337,07-22-2026,Merchant_E,Processor_B,NGN,BANK_TRANSFER,SET-0021
PROC_ONLY1033,1000.0,SUCCESS,PROC-ONLY-REF-00033,07-05-2026,Merchant_A,Processor_B,NGN,MOBILE_MONEY,SET-0027
TXN102125,15000.0,FAILED,REF-00002125,07-17-2026,Merchant_E,Processor_B,NGN,MOBILE_MONEY,SET-0049
TXN103127,1000.0,SUCCESS,REF-00003127,07-03-2026,Merchant_D,Processor_B,NGN,CARD,SET-0049
TXN106670,5000.0,SUCCESS,REF-00006670,07-10-2026,Merchant_C,Processor_B,NGN,USSD,SET-0005
TXN108703,2500.0,SUCCESS,REF-00008703,07-05-2026,Merchant_D,Processor_B,NGN,BANK_TRANSFER,SET-0040
TXN104614,2500.0,SUCCESS,REF-00004614,07-12-2026,Merchant_A,Processor_B,NGN,BANK_TRANSFER,SET-0021
TXN109247,7500.0,SUCCESS,REF-00009247,07-17-2026,Merchant_E,Processor_B,NGN,USSD,SET-0041
TXN108431,10000.0,SUCCESS,REF-00008431,07-13-2026,Merchant_C,Processor_B,NGN,BANK_TRANSFER,SET-0047
TXN103344,10000.0,SUCCESS,REF-00003344,07-01-2026,Merchant_B,Processor_B,NGN,BANK_TRANSFER,SET-0011
TXN103661,10000.0,SUCCESS,REF-00003661,07-10-2026,Merchant_E,Processor_B,NGN,USSD,SET-0043
TXN109172,500.0,SUCCESS,REF-00009172,07-10-2026,Merchant_C,Processor_B,NGN,USSD,SET-0013
TXN104452,50000.0,SUCCESS,REF-00004452,07-26-2026,Merchant_C,Processor_B,NGN,USSD,SET-0022
TXN105138,15000.0,SUCCESS,REF-00005138,07-07-2026,Merchant_B,Processor_B,NGN,MOBILE_MONEY,SET-0002
TXN109014,2500.0,SUCCESS,REF-00009014,07-21-2026,Merchant_C,Processor_B,NGN,MOBILE_MONEY,SET-0007
TXN100960,1000.0,SUCCESS,REF-00000960,07-22-2026,Merchant_C,Processor_B,NGN,BANK_TRANSFER,SET-0007
TXN100604,1500.0,SUCCESS,REF-00000604,07-21-2026,Merchant_B,Processor_B,NGN,USSD,SET-0041
TXN103954,2500.0,REFUNDED,REF-00003954,07-02-2026,Merchant_B,Processor_B,NGN,BANK_TRANSFER,SET-0021
TXN108419,1500.0,REFUNDED,REF-00008419,07-27-2026,Merchant_A,Processor_B,NGN,MOBILE_MONEY,SET-0032
TXN109417,2500.0,FAILED,REF-00009417,07-07-2026,Merchant_D,Processor_B,NGN,MOBILE_MONEY,SET-0034
TXN106604,10000.0,SUCCESS,REF-00006604,07-20-2026,Merchant_E,Processor_B,NGN,MOBILE_MONEY,SET-0011
TXN109834,1000.0,SUCCESS,REF-00009834,07-28-2026,Merchant_A,Processor_B,NGN,USSD,SET-0002
TXN106863,1000.0,SUCCESS,REF-00006863,07-31-2026,Merchant_D,Processor_B,NGN,BANK_TRANSFER,SET-0009
TXN100294,1500.0,SUCCESS,REF-00000294,07-02-2026,Merchant_A,Processor_B,NGN,MOBILE_MONEY,SET-0020
TXN107389,7500.0,SUCCESS,REF-00007389,07-13-2026,Merchant_D,Processor_B,NGN,USSD,SET-0049
TXN100471,250000.0,SUCCESS,REF-00000471,07-17-2026,Merchant_E,Processor_B,NGN,MOBILE_MONEY,SET-0037
TXN100311,1000.0,SUCCESS,REF-00000311,07-02-2026,Merchant_A,Processor_B,NGN,USSD,SET-0037
TXN107127,5000.0,SUCCESS,REF-00007127,07-23-2026,Merchant_C,Processor_B,NGN,CARD,SET-0011
TXN109994,1500.0,FAILED,REF-00009994,07-16-2026,Merchant_C,Processor_B,NGN,MOBILE_MONEY,SET-0014
TXN107461,5000.0,SUCCESS,REF-00007461,07-04-2026,Merchant_E,Processor_B,NGN,USSD,SET-0024
TXN106798,1000.0,SUCCESS,REF-00006798,07-12-2026,Merchant_A,Processor_B,NGN,MOBILE_MONEY,SET-0026
TXN106912,2500.0,FAILED,REF-00006912,07-09-2026,Merchant_C,Processor_B,NGN,BANK_TRANSFER,SET-0016
TXN106900,2500.0,SUCCESS,REF-00006900,07-12-2026,Merchant_C,Processor_B,NGN,BANK_TRANSFER,SET-0031
TXN108727,2500.0,SUCCESS,REF-00008727,07-23-2026,Merchant_C,Processor_B,NGN,CARD,SET-0004
TXN107624,10000.0,SUCCESS,REF-00007624,07-26-2026,Merchant_B,Processor_B,NGN,CARD,SET-0035
TXN109470,7500.0,SUCCESS,REF-00009470,07-24-2026,Merchant_D,Processor_B,NGN,USSD,SET-0047
TXN108628,5000.0,REFUNDED,REF-00008628,07-06-2026,Merchant_B,Processor_B,NGN,CARD,SET-0033
TXN103129,50000.0,SUCCESS,REF-00003129,07-06-2026,Merchant_D,Processor_B,NGN,CARD,SET-0038
TXN106271,100000.0,SUCCESS,REF-00006271,07-15-2026,Merchant_A,Processor_B,NGN,MOBILE_MONEY,SET-0006
TXN104495,15000.0,SUCCESS,REF-00004495,07-13-2026,Merchant_A,Processor_B,NGN,CARD,SET-0014
TXN108571,5000.0,SUCCESS,REF-00008571,07-23-2026,Merchant_C,Processor_B,NGN,MOBILE_MONEY,SET-0014
TXN101441,1000.0,SUCCESS,REF-00001441,07-02-2026,Merchant_E,Processor_B,NGN,USSD,SET-0021
TXN107218,100000.0,SUCCESS,REF-00007218,07-31-2026,Merchant_D,Processor_B,NGN,MOBILE_MONEY,SET-0018
TXN107503,1500.0,SUCCESS,REF-00007503,07-24-2026,Merchant_D,Processor_B,NGN,CARD,SET-0014
TXN105172,500.0,SUCCESS,REF-00005172,07-12-2026,Merchant_D,Processor_B,NGN,MOBILE_MONEY,SET-0001
TXN108179,1000.0,SUCCESS,REF-00008179,07-06-2026,Merchant_C,Processor_B,NGN,USSD,SET-0044
TXN108501,5000.0,SUCCESS,REF-00008501,07-14-2026,Merchant_D,Processor_B,NGN,USSD,SET-0029
TXN107027,250000.0,SUCCESS,REF-00007027,07-17-2026,Merchant_A,Processor_B,NGN,CARD,SET-0002
TXN106947,2500.0,FAILED,REF-00006947,07-19-2026,Merchant_B,Processor_B,NGN,USSD,SET-0036
TXN101187,1000.0,SUCCESS,REF-00001187,07-17-2026,Merchant_C,Processor_B,NGN,MOBILE_MONEY,SET-0036
TXN102279,1000.0,SUCCESS,REF-00002279,07-16-2026,Merchant_E,Processor_B,NGN,CARD,SET-0047
TXN109813,25000.0,SUCCESS,REF-00009813,07-17-2026,Merchant_C,Processor_B,NGN,BANK_TRANSFER,SET-0046
TXN100283,1000.0,SUCCESS,REF-00000283,07-17-2026,Merchant_D,Processor_B,NGN,CARD,SET-0010
TXN103943,7500.0,SUCCESS,REF-00003943,07-31-2026,Merchant_B,Processor_B,NGN,CARD,SET-0016
TXN108873,500.0,SUCCESS,REF-00008873,07-18-2026,Merchant_C,Processor_B,NGN,CARD,SET-0036
TXN109297,50000.0,SUCCESS,REF-00009297,07-20-2026,Merchant_E,Processor_B,NGN,USSD,SET-0044
TXN106694,10000.0,SUCCESS,REF-00006694,07-09-2026,Merchant_A,Processor_B,NGN,BANK_TRANSFER,SET-0045
TXN106067,5000.0,SUCCESS,REF-00006067,07-19-2026,Merchant_E,Processor_B,NGN,MOBILE_MONEY,SET-0025
TXN107138,15000.0,SUCCESS,REF-00007138,07-09-2026,Merchant_A,Processor_B,NGN,MOBILE_MONEY,SET-0015
TXN100401,100000.0,SUCCESS,REF-00000401,07-29-2026,Merchant_D,Processor_B,NGN,CARD,SET-0031
TXN100085,5000.0,SUCCESS,REF-00000085,07-04-2026,Merchant_B,Processor_B,NGN,USSD,SET-0037
TXN106958,25000.0,FAILED,REF-00006958,07-08-2026,Merchant_E,Processor_B,NGN,BANK_TRANSFER,SET-0008
TXN106699,5000.0,SUCCESS,REF-00006699,07-01-2026,Merchant_C,Processor_B,NGN,CARD,SET-0050
TXN102068,1500.0,SUCCESS,REF-00002068,07-24-2026,Merchant_C,Processor_B,NGN,USSD,SET-0045
TXN104067,250000.0,SUCCESS,REF-00004067,07-10-2026,Merchant_C,Processor_B,NGN,CARD,SET-0044
TXN105423,7500.0,SUCCESS,REF-00005423,07-12-2026,Merchant_E,Processor_B,NGN,USSD,SET-0015
TXN106964,5000.0,SUCCESS,REF-00006964,07-06-2026,Merchant_D,Processor_B,NGN,USSD,SET-0003
TXN104709,15000.0,SUCCESS,REF-00004709,07-18-2026,Merchant_C,Processor_B,NGN,MOBILE_MONEY,SET-0029
TXN102088,50000.0,SUCCESS,REF-00002088,07-27-2026,Merchant_E,Processor_B,NGN,CARD,SET-0029
TXN105020,15000.0,SUCCESS,REF-00005020,07-30-2026,Merchant_B,Processor_B,NGN,USSD,SET-0040
TXN101361,2500.0,SUCCESS,REF-00001361,07-12-2026,Merchant_E,Processor_B,NGN,CARD,SET-0026
TXN106014,7500.0,SUCCESS,REF-00006014,07-15-2026,Merchant_A,Processor_B,NGN,MOBILE_MONEY,SET-0002
TXN107109,7500.0,SUCCESS,REF-00007109,07-12-2026,Merchant_E,Processor_B,NGN,BANK_TRANSFER,SET-0024
TXN101818,15000.0,SUCCESS,REF-00001818,07-17-2026,Merchant_D,Processor_B,NGN,CARD,SET-0004
TXN100458,1000.0,SUCCESS,REF-00000458,07-12-2026,Merchant_D,Processor_B,NGN,USSD,SET-0003
TXN102177,15000.0,SUCCESS,REF-00002177,07-15-2026,Merchant_A,Processor_B,NGN,USSD,SET-0009
TXN107312,5000.0,SUCCESS,REF-00007312,07-10-2026,Merchant_B,Processor_B,NGN,CARD,SET-0030
TXN109009,10000.0,SUCCESS,REF-00009009,07-23-2026,Merchant_C,Processor_B,NGN,MOBILE_MONEY,SET-0041
TXN109696,3000.0,SUCCESS,REF-00009696,07-21-2026,Merchant_A,Processor_B,NGN,MOBILE_MONEY,SET-0018
TXN104770,500.0,SUCCESS,REF-00004770,07-08-2026,Merchant_C,Processor_B,NGN,USSD,SET-0021
TXN101751,2500.0,SUCCESS,REF-00001751,07-01-2026,Merchant_A,Processor_B,NGN,CARD,SET-0038
TXN104114,15000.0,SUCCESS,REF-00004114,07-04-2026,Merchant_B,Processor_B,NGN,MOBILE_MONEY,SET-0021
TXN105004,50000.0,SUCCESS,REF-00005004,07-10-2026,Merchant_D,Processor_B,NGN,CARD,SET-0024
TXN107400,1000.0,SUCCESS,REF-00007400,07-06-2026,Merchant_B,Processor_B,NGN,MOBILE_MONEY,SET-0049
TXN107947,25000.0,SUCCESS,REF-00007947,07-07-2026,Merchant_E,Processor_B,NGN,MOBILE_MONEY,SET-0033
TXN104053,10000.0,SUCCESS,REF-00004053,07-28-2026,Merchant_D,Processor_B,NGN,MOBILE_MONEY,SET-0014
TXN106161,5000.0,SUCCESS,REF-00006161,07-20-2026,Merchant_B,Processor_B,NGN,USSD,SET-0013
TXN106449,10000.0,SUCCESS,REF-00006449,07-12-2026,Merchant_D,Processor_B,NGN,MOBILE_MONEY,SET-0024
TXN107317,15000.0,SUCCESS,REF-00007317,07-23-2026,Merchant_C,Processor_B,NGN,USSD,SET-0012
TXN106560,2500.0,SUCCESS,REF-00006560,07-18-2026,Merchant_A,Processor_B,NGN,CARD,SET-0036
TXN109571,1000.0,REFUNDED,REF-00009571,07-14-2026,Merchant_D,Processor_B,NGN,USSD,SET-0005
TXN101308,5000.0,SUCCESS,REF-00001308,07-28-2026,Merchant_A,Processor_B,NGN,MOBILE_MONEY,SET-0011
TXN106042,7500.0,SUCCESS,REF-00006042,07-01-2026,Merchant_A,Processor_B,NGN,MOBILE_MONEY,SET-0042
TXN103851,1000.0,SUCCESS,REF-00003851,07-22-2026,Merchant_B,Processor_B,NGN,CARD,SET-0046
TXN108577,1500.0,SUCCESS,REF-00008577,07-15-2026,Merchant_D,Processor_B,NGN,CARD,SET-0045
TXN103856,5000.0,SUCCESS,REF-00003856,07-25-2026,Merchant_A,Processor_B,NGN,USSD,SET-0014
TXN100658,15000.0,SUCCESS,REF-00000658,07-23-2026,Merchant_B,Processor_B,NGN,MOBILE_MONEY,SET-0046
TXN101553,100000.0,FAILED,REF-00001553,07-26-2026,Merchant_E,Processor_B,NGN,USSD,SET-0027
TXN102195,7500.0,SUCCESS,REF-00002195,07-05-2026,Merchant_D,Processor_B,NGN,MOBILE_MONEY,SET-0050
TXN108902,25000.0,FAILED,REF-00008902,07-15-2026,Merchant_E,Processor_B,NGN,USSD,SET-0019
TXN106227,250000.0,FAILED,REF-00006227,07-20-2026,Merchant_E,Processor_B,NGN,USSD,SET-0029
TXN101774,25000.0,REFUNDED,REF-00001774,07-26-2026,Merchant_C,Processor_B,NGN,CARD,SET-0033
TXN103855,1000.0,SUCCESS,REF-00003855,07-28-2026,Merchant_C,Processor_B,NGN,CARD,SET-0040
TXN104068,15000.0,SUCCESS,REF-00004068,07-28-2026,Merchant_A,Processor_B,NGN,USSD,SET-0043
TXN106627,25000.0,SUCCESS,REF-00006627,07-11-2026,Merchant_E,Processor_B,NGN,MOBILE_MONEY,SET-0025
TXN109918,500.0,SUCCESS,REF-00009918,07-25-2026,Merchant_B,Processor_B,NGN,BANK_TRANSFER,SET-0034
TXN109361,50000.0,SUCCESS,REF-00009361,07-01-2026,Merchant_E,Processor_B,NGN,BANK_TRANSFER,SET-0043
TXN102711,10000.0,SUCCESS,REF-00002711,07-25-2026,Merchant_B,Processor_B,NGN,MOBILE_MONEY,SET-0016
TXN108509,5000.0,SUCCESS,REF-00008509,07-17-2026,Merchant_A,Processor_B,NGN,BANK_TRANSFER,SET-0048
TXN103808,1000.0,SUCCESS,REF-00003808,07-03-2026,Merchant_A,Processor_B,NGN,MOBILE_MONEY,SET-0023
TXN109912,1000.0,SUCCESS,REF-00009912,07-24-2026,Merchant_E,Processor_B,NGN,MOBILE_MONEY,SET-0017
TXN109635,2500.0,SUCCESS,REF-00009635,07-02-2026,Merchant_D,Processor_B,NGN,USSD,SET-0017
TXN109628,1000.0,SUCCESS,REF-00009628,07-12-2026,Merchant_A,Processor_B,NGN,CARD,SET-0025
TXN108225,10000.0,SUCCESS,REF-00008225,07-14-2026,Merchant_A,Processor_B,NGN,MOBILE_MONEY,SET-0011
TXN107980,2500.0,SUCCESS,REF-00007980,07-03-2026,Merchant_E,Processor_B,NGN,BANK_TRANSFER,SET-0011
TXN102116,7500.0,SUCCESS,REF-00002116,07-19-2026,Merchant_E,Processor_B,NGN,BANK_TRANSFER,SET-0046
TXN108855,1500.0,SUCCESS,REF-00008855,07-22-2026,Merchant_D,Processor_B,NGN,USSD,SET-0048
TXN102217,5000.0,SUCCESS,REF-00002217,07-13-2026,Merchant_A,Processor_B,NGN,BANK_TRANSFER,SET-0005
TXN105709,100000.0,SUCCESS,REF-00005709,07-01-2026,Merchant_D,Processor_B,NGN,CARD,SET-0038
TXN108500,7500.0,SUCCESS,REF-00008500,07-16-2026,Merchant_E,Processor_B,NGN,BANK_TRANSFER,SET-0039
TXN101536,1500.0,FAILED,REF-00001536,07-08-2026,Merchant_B,Processor_B,NGN,MOBILE_MONEY,SET-0015
TXN100224,2500.0,SUCCESS,REF-00000224,07-06-2026,Merchant_E,Processor_B,NGN,USSD,SET-0047
TXN103878,10000.0,SUCCESS,REF-00003878,07-16-2026,Merchant_D,Processor_B,NGN,USSD,SET-0041
TXN108325,50000.0,SUCCESS,REF-00008325,07-22-2026,Merchant_B,Processor_B,NGN,USSD,SET-0041
TXN102748,50000.0,SUCCESS,REF-00002748,07-01-2026,Merchant_E,Processor_B,NGN,CARD,SET-0035
TXN109265,1000.0,FAILED,REF-00009265,07-29-2026,Merchant_E,Processor_B,NGN,USSD,SET-0036
TXN109205,1000.0,SUCCESS,REF-00009205,07-26-2026,Merchant_C,Processor_B,NGN,MOBILE_MONEY,SET-0037
TXN102352,15000.0,SUCCESS,REF-00002352,07-02-2026,Merchant_C,Processor_B,NGN,MOBILE_MONEY,SET-0041
TXN100922,100000.0,SUCCESS,REF-00000922,07-09-2026,Merchant_A,Processor_B,NGN,BANK_TRANSFER,SET-0043
TXN106051,250000.0,SUCCESS,REF-00006051,07-29-2026,Merchant_D,Processor_B,NGN,CARD,SET-0005
TXN105903,5000.0,SUCCESS,REF-00005903,07-17-2026,Merchant_E,Processor_B,NGN,CARD,SET-0018
TXN102824,5000.0,FAILED,REF-00002824,07-14-2026,Merchant_A,Processor_B,NGN,CARD,SET-0034
TXN102480,5000.0,SUCCESS,REF-00002480,07-18-2026,Merchant_C,Processor_B,NGN,BANK_TRANSFER,SET-0048
TXN102728,2500.0,SUCCESS,REF-00002728,07-27-2026,Merchant_D,Processor_B,NGN,CARD,SET-0042
TXN100499,250000.0,SUCCESS,REF-00000499,07-02-2026,Merchant_C,Processor_B,NGN,USSD,SET-0030
TXN100454,1000.0,SUCCESS,REF-00000454,07-04-2026,Merchant_D,Processor_B,NGN,BANK_TRANSFER,SET-0025
TXN104494,25000.0,SUCCESS,REF-00004494,07-21-2026,Merchant_B,Processor_B,NGN,MOBILE_MONEY,SET-0005
TXN101356,100000.0,SUCCESS,REF-00001356,07-24-2026,Merchant_C,Processor_B,NGN,BANK_TRANSFER,SET-0021
TXN103886,100000.0,SUCCESS,REF-00003886,07-09-2026,Merchant_C,Processor_B,NGN,USSD,SET-0035
TXN103339,15000.0,SUCCESS,REF-00003339,07-19-2026,Merchant_C,Processor_B,NGN,USSD,SET-0018
TXN108486,1000.0,SUCCESS,REF-00008486,07-07-2026,Merchant_B,Processor_B,NGN,MOBILE_MONEY,SET-0042
TXN103824,2500.0,SUCCESS,REF-00003824,07-03-2026,Merchant_E,Processor_B,NGN,CARD,SET-0036
TXN100919,1500.0,SUCCESS,REF-00000919,07-25-2026,Merchant_E,Processor_B,NGN,USSD,SET-0035
TXN105251,250000.0,SUCCESS,REF-00005251,07-26-2026,Merchant_A,Processor_B,NGN,MOBILE_MONEY,SET-0018
TXN108906,15000.0,SUCCESS,REF-00008906,07-09-2026,Merchant_B,Processor_B,NGN,MOBILE_MONEY,SET-0012
TXN105923,15000.0,SUCCESS,REF-00005923,07-23-2026,Merchant_E,Processor_B,NGN,USSD,SET-0008
TXN105449,1500.0,SUCCESS,REF-00005449,07-27-2026,Merchant_B,Processor_B,NGN,CARD,SET-0041
TXN100880,2500.0,SUCCESS,REF-00000880,07-20-2026,Merchant_E,Processor_B,NGN,CARD,SET-0040
TXN102504,2500.0,SUCCESS,REF-00002504,07-10-2026,Merchant_E,Processor_B,NGN,USSD,SET-0019
TXN103567,15000.0,SUCCESS,REF-00003567,07-18-2026,Merchant_B,Processor_B,NGN,USSD,SET-0022
TXN107791,2500.0,SUCCESS,REF-00007791,07-05-2026,Merchant_A,Processor_B,NGN,CARD,SET-0034
TXN106674,1500.0,SUCCESS,REF-00006674,07-14-2026,Merchant_B,Processor_B,NGN,CARD,SET-0028
TXN106315,100000.0,SUCCESS,REF-00006315,07-17-2026,Merchant_D,Processor_B,NGN,BANK_TRANSFER,SET-0020
TXN106547,10000.0,SUCCESS,REF-00006547,07-01-2026,Merchant_D,Processor_B,NGN,MOBILE_MONEY,SET-0013
TXN107809,500.0,SUCCESS,REF-00007809,07-03-2026,Merchant_A,Processor_B,NGN,MOBILE_MONEY,SET-0037
TXN104379,10000.0,SUCCESS,REF-00004379,07-20-2026,Merchant_D,Processor_B,NGN,BANK_TRANSFER,SET-0015
TXN102361,7500.0,SUCCESS,REF-00002361,07-30-2026,Merchant_C,Processor_B,NGN,MOBILE_MONEY,SET-0037
TXN102421,500.0,SUCCESS,REF-00002421,07-30-2026,Merchant_E,Processor_B,NGN,USSD,SET-0037
TXN100149,5000.0,SUCCESS,REF-00000149,07-01-2026,Merchant_C,Processor_B,NGN,USSD,SET-0028
TXN105643,5000.0,SUCCESS,REF-00005643,07-15-2026,Merchant_B,Processor_B,NGN,USSD,SET-0045
TXN109109,25000.0,SUCCESS,REF-00009109,07-03-2026,Merchant_C,Processor_B,NGN,USSD,SET-0015
TXN107306,50000.0,SUCCESS,REF-00007306,07-22-2026,Merchant_E,Processor_B,NGN,BANK_TRANSFER,SET-0007
TXN105006,25000.0,SUCCESS,REF-00005006,07-08-2026,Merchant_D,Processor_B,NGN,BANK_TRANSFER,SET-0004
TXN106421,7500.0,SUCCESS,REF-00006421,07-30-2026,Merchant_E,Processor_B,NGN,USSD,SET-0042
TXN109419,10000.0,SUCCESS,REF-00009419,07-02-2026,Merchant_B,Processor_B,NGN,BANK_TRANSFER,SET-0047
TXN102944,25000.0,SUCCESS,REF-00002944,07-04-2026,Merchant_E,Processor_B,NGN,MOBILE_MONEY,SET-0005
TXN107302,5000.0,SUCCESS,REF-00007302,07-18-2026,Merchant_D,Processor_B,NGN,CARD,SET-0013
TXN104096,500.0,SUCCESS,REF-00004096,07-14-2026,Merchant_E,Processor_B,NGN,USSD,SET-0038
TXN102328,15000.0,SUCCESS,REF-00002328,07-06-2026,Merchant_E,Processor_B,NGN,USSD,SET-0005
TXN108901,100000.0,SUCCESS,REF-00008901,07-30-2026,Merchant_A,Processor_B,NGN,USSD,SET-0016
TXN100794,500.0,SUCCESS,REF-00000794,07-05-2026,Merchant_D,Processor_B,NGN,BANK_TRANSFER,SET-0004
TXN108850,100000.0,REFUNDED,REF-00008850,07-24-2026,Merchant_A,Processor_B,NGN,CARD,SET-0029
TXN101260,2500.0,SUCCESS,REF-00001260,07-08-2026,Merchant_A,Processor_B,NGN,CARD,SET-0023
TXN106132,10000.0,FAILED,REF-00006132,07-11-2026,Merchant_B,Processor_B,NGN,CARD,SET-0020
TXN102158,7500.0,SUCCESS,REF-00002158,07-09-2026,Merchant_C,Processor_B,NGN,CARD,SET-0011
TXN102854,1000.0,SUCCESS,REF-00002854,07-06-2026,Merchant_E,Processor_B,NGN,USSD,SET-0021
TXN106678,10000.0,SUCCESS,REF-00006678,07-18-2026,Merchant_A,Processor_B,NGN,CARD,SET-0037
TXN102960,2500.0,SUCCESS,REF-00002960,07-28-2026,Merchant_A,Processor_B,NGN,MOBILE_MONEY,SET-0010
TXN109376,25000.0,SUCCESS,REF-00009376,07-27-2026,Merchant_E,Processor_B,NGN,CARD,SET-0009
TXN108996,1500.0,SUCCESS,REF-00008996,07-27-2026,Merchant_D,Processor_B,NGN,BANK_TRANSFER,SET-0016
TXN100916,5000.0,SUCCESS,REF-00000916,07-03-2026,Merchant_A,Processor_B,NGN,BANK_TRANSFER,SET-0020
TXN104063,2500.0,SUCCESS,REF-00004063,07-16-2026,Merchant_A,Processor_B,NGN,BANK_TRANSFER,SET-0020
TXN105061,100000.0,SUCCESS,REF-00005061,07-29-2026,Merchant_D,Processor_B,NGN,CARD,SET-0030
TXN103250,10000.0,SUCCESS,REF-00003250,07-09-2026,Merchant_A,Processor_B,NGN,BANK_TRANSFER,SET-0003
TXN100974,500.0,SUCCESS,REF-00000974,07-29-2026,Merchant_C,Processor_B,NGN,MOBILE_MONEY,SET-0044
TXN100400,1000.0,SUCCESS,REF-00000400,07-25-2026,Merchant_C,Processor_B,NGN,CARD,SET-0017
TXN107870,50000.0,SUCCESS,REF-00007870,07-03-2026,Merchant_D,Processor_B,NGN,MOBILE_MONEY,SET-0011
TXN103328,1500.0,SUCCESS,REF-00003328,07-15-2026,Merchant_E,Processor_B,NGN,CARD,SET-0024
TXN102546,1000.0,SUCCESS,REF-00002546,07-10-2026,Merchant_A,Processor_B,NGN,USSD,SET-0007
TXN102888,50000.0,REFUNDED,REF-00002888,07-06-2026,Merchant_A,Processor_B,NGN,USSD,SET-0039
TXN108224,5000.0,SUCCESS,REF-00008224,07-14-2026,Merchant_B,Processor_B,NGN,MOBILE_MONEY,SET-0011
TXN106536,15000.0,SUCCESS,REF-00006536,07-23-2026,Merchant_A,Processor_B,NGN,CARD,SET-0018
TXN101972,5000.0,SUCCESS,REF-00001972,07-15-2026,Merchant_D,Processor_B,NGN,USSD,SET-0025
TXN103015,5000.0,SUCCESS,REF-00003015,07-10-2026,Merchant_B,Processor_B,NGN,USSD,SET-0037
TXN108148,5000.0,SUCCESS,REF-00008148,07-10-2026,Merchant_B,Processor_B,NGN,USSD,SET-0003
TXN109888,1500.0,SUCCESS,REF-00009888,07-11-2026,Merchant_B,Processor_B,NGN,USSD,SET-0024
TXN107884,1000.0,SUCCESS,REF-00007884,07-28-2026,Merchant_B,Processor_B,NGN,USSD,SET-0039
TXN108904,15000.0,SUCCESS,REF-00008904,07-16-2026,Merchant_A,Processor_B,NGN,USSD,SET-0008
TXN105504,5000.0,SUCCESS,REF-00005504,07-30-2026,Merchant_B,Processor_B,NGN,MOBILE_MONEY,SET-0048
TXN109453,1500.0,SUCCESS,REF-00009453,07-25-2026,Merchant_E,Processor_B,NGN,MOBILE_MONEY,SET-0028
TXN103570,5000.0,SUCCESS,REF-00003570,07-30-2026,Merchant_A,Processor_B,NGN,CARD,SET-0021
TXN105860,7500.0,SUCCESS,REF-00005860,07-30-2026,Merchant_A,Processor_B,NGN,BANK_TRANSFER,SET-0045
TXN100073,50000.0,SUCCESS,REF-00000073,07-20-2026,Merchant_E,Processor_B,NGN,USSD,SET-0019
TXN109431,1500.0,SUCCESS,REF-00009431,07-10-2026,Merchant_D,Processor_B,NGN,BANK_TRANSFER,SET-0024
TXN106855,5000.0,REFUNDED,REF-00006855,07-06-2026,Merchant_A,Processor_B,NGN,CARD,SET-0042
TXN107039,15000.0,SUCCESS,REF-00007039,07-26-2026,Merchant_B,Processor_B,NGN,MOBILE_MONEY,SET-0043
TXN107748,5000.0,SUCCESS,REF-00007748,07-02-2026,Merchant_E,Processor_B,NGN,BANK_TRANSFER,SET-0029
TXN102625,250000.0,SUCCESS,REF-00002625,07-19-2026,Merchant_E,Processor_B,NGN,CARD,SET-0025
TXN109052,1000.0,REFUNDED,REF-00009052,07-15-2026,Merchant_C,Processor_B,NGN,BANK_TRANSFER,SET-0001
TXN102816,10000.0,SUCCESS,REF-00002816,07-25-2026,Merchant_E,Processor_B,NGN,BANK_TRANSFER,SET-0042
TXN108388,15000.0,SUCCESS,REF-00008388,07-11-2026,Merchant_A,Processor_B,NGN,CARD,SET-0016
TXN109929,100000.0,REFUNDED,REF-00009929,07-08-2026,Merchant_D,Processor_B,NGN,CARD,SET-0013
TXN101116,1000.0,FAILED,REF-00001116,07-24-2026,Merchant_A,Processor_B,NGN,BANK_TRANSFER,SET-0015
TXN107735,15000.0,SUCCESS,REF-00007735,07-13-2026,Merchant_A,Processor_B,NGN,CARD,SET-0026
TXN108394,25000.0,SUCCESS,REF-00008394,07-01-2026,Merchant_B,Processor_B,NGN,MOBILE_MONEY,SET-0033
TXN109166,50000.0,SUCCESS,REF-00009166,07-18-2026,Merchant_B,Processor_B,NGN,MOBILE_MONEY,SET-0012
TXN106765,100000.0,SUCCESS,REF-00006765,07-16-2026,Merchant_E,Processor_B,NGN,CARD,SET-0032
TXN107072,15000.0,SUCCESS,REF-00007072,07-08-2026,Merchant_D,Processor_B,NGN,BANK_TRANSFER,SET-0031
TXN102813,1500.0,SUCCESS,REF-00002813,07-12-2026,Merchant_B,Processor_B,NGN,USSD,SET-0024
TXN108643,2500.0,SUCCESS,REF-00008643,07-12-2026,Merchant_A,Processor_B,NGN,CARD,SET-0001
TXN109770,25000.0,SUCCESS,REF-00009770,07-28-2026,Merchant_B,Processor_B,NGN,MOBILE_MONEY,SET-0036
TXN103942,1000.0,SUCCESS,REF-00003942,07-04-2026,Merchant_C,Processor_B,NGN,MOBILE_MONEY,SET-0016
TXN105694,25000.0,SUCCESS,REF-00005694,07-11-2026,Merchant_C,Processor_B,NGN,BANK_TRANSFER,SET-0046
TXN102809,25000.0,SUCCESS,REF-00002809,07-08-2026,Merchant_B,Processor_B,NGN,CARD,SET-0021
TXN101693,1500.0,FAILED,REF-00001693,07-28-2026,Merchant_C,Processor_B,NGN,BANK_TRANSFER,SET-0014
TXN105438,500.0,SUCCESS,REF-00005438,07-13-2026,Merchant_D,Processor_B,NGN,MOBILE_MONEY,SET-0014
TXN108403,10000.0,SUCCESS,REF-00008403,07-04-2026,Merchant_D,Processor_B,NGN,BANK_TRANSFER,SET-0020
TXN104847,1500.0,REFUNDED,REF-00004847,07-04-2026,Merchant_E,Processor_B,NGN,USSD,SET-0039
TXN107174,1000.0,SUCCESS,REF-00007174,07-20-2026,Merchant_C,Processor_B,NGN,BANK_TRANSFER,SET-0028
TXN105254,50000.0,SUCCESS,REF-00005254,07-25-2026,Merchant_C,Processor_B,NGN,BANK_TRANSFER,SET-0015
TXN104221,15000.0,REFUNDED,REF-00004221,07-03-2026,Merchant_D,Processor_B,NGN,BANK_TRANSFER,SET-0050
TXN108733,7500.0,FAILED,REF-00008733,07-18-2026,Merchant_A,Processor_B,NGN,USSD,SET-0031
TXN103047,5000.0,SUCCESS,REF-00003047,07-03-2026,Merchant_C,Processor_B,NGN,BANK_TRANSFER,SET-0050
TXN105681,10000.0,SUCCESS,REF-00005681,07-17-2026,Merchant_D,Processor_B,NGN,BANK_TRANSFER,SET-0016
TXN107618,250000.0,REFUNDED,REF-00007618,07-25-2026,Merchant_B,Processor_B,NGN,USSD,SET-0045
TXN100358,100000.0,SUCCESS,REF-00000358,07-26-2026,Merchant_A,Processor_B,NGN,MOBILE_MONEY,SET-0032
TXN107103,15000.0,SUCCESS,REF-00007103,07-25-2026,Merchant_A,Processor_B,NGN,USSD,SET-0009
TXN103966,5000.0,REFUNDED,REF-00003966,07-06-2026,Merchant_D,Processor_B,NGN,USSD,SET-0009
TXN101012,100000.0,REFUNDED,REF-00001012,07-01-2026,Merchant_B,Processor_B,NGN,CARD,SET-0040
TXN102491,2500.0,SUCCESS,REF-00002491,07-20-2026,Merchant_D,Processor_B,NGN,USSD,SET-0023
TXN104828,5000.0,SUCCESS,REF-00004828,07-24-2026,Merchant_D,Processor_B,NGN,CARD,SET-0011
TXN102938,250000.0,SUCCESS,REF-00002938,07-15-2026,Merchant_D,Processor_B,NGN,BANK_TRANSFER,SET-0041
TXN106482,15000.0,SUCCESS,REF-00006482,07-08-2026,Merchant_D,Processor_B,NGN,USSD,SET-0013
TXN108530,100000.0,SUCCESS,REF-00008530,07-28-2026,Merchant_A,Processor_B,NGN,USSD,SET-0026
TXN101031,15000.0,SUCCESS,REF-00001031,07-19-2026,Merchant_B,Processor_B,NGN,MOBILE_MONEY,SET-0025
TXN100982,1000.0,SUCCESS,REF-00000982,07-10-2026,Merchant_D,Processor_B,NGN,CARD,SET-0034
TXN107157,7500.0,SUCCESS,REF-00007157,07-24-2026,Merchant_E,Processor_B,NGN,CARD,SET-0025
TXN109260,7500.0,SUCCESS,REF-00009260,07-29-2026,Merchant_B,Processor_B,NGN,CARD,SET-0040
TXN102127,1500.0,REFUNDED,REF-00002127,07-03-2026,Merchant_D,Processor_B,NGN,MOBILE_MONEY,SET-0043
TXN108866,7500.0,SUCCESS,REF-00008866,07-26-2026,Merchant_A,Processor_B,NGN,USSD,SET-0006
TXN100038,15000.0,SUCCESS,REF-00000038,07-27-2026,Merchant_C,Processor_B,NGN,BANK_TRANSFER,SET-0040
TXN108081,1500.0,SUCCESS,REF-00008081,07-29-2026,Merchant_C,Processor_B,NGN,CARD,SET-0037
TXN106255,10000.0,REFUNDED,REF-00006255,07-28-2026,Merchant_A,Processor_B,NGN,BANK_TRANSFER,SET-0038
TXN105390,1500.0,SUCCESS,REF-00005390,07-11-2026,Merchant_B,Processor_B,NGN,CARD,SET-0005
TXN102389,15000.0,SUCCESS,REF-00002389,07-12-2026,Merchant_A,Processor_B,NGN,BANK_TRANSFER,SET-0016
TXN109277,10000.0,FAILED,REF-00009277,07-17-2026,Merchant_A,Processor_B,NGN,BANK_TRANSFER,SET-0046
TXN100275,10000.0,SUCCESS,REF-00000275,07-02-2026,Merchant_A,Processor_B,NGN,BANK_TRANSFER,SET-0047
TXN100364,100000.0,SUCCESS,REF-00000364,07-02-2026,Merchant_D,Processor_B,NGN,BANK_TRANSFER,SET-0013
TXN107593,100000.0,SUCCESS,REF-00007593,07-23-2026,Merchant_E,Processor_B,NGN,BANK_TRANSFER,SET-0019
TXN109701,2500.0,SUCCESS,REF-00009701,07-29-2026,Merchant_A,Processor_B,NGN,USSD,SET-0043
TXN106681,2500.0,SUCCESS,REF-00006681,07-22-2026,Merchant_E,Processor_B,NGN,BANK_TRANSFER,SET-0042
TXN105568,50000.0,SUCCESS,REF-00005568,07-04-2026,Merchant_A,Processor_B,NGN,BANK_TRANSFER,SET-0018
TXN107411,7500.0,SUCCESS,REF-00007411,07-29-2026,Merchant_E,Processor_B,NGN,USSD,SET-0024
TXN108020,10000.0,SUCCESS,REF-00008020,07-14-2026,Merchant_A,Processor_B,NGN,USSD,SET-0046
TXN105691,1500.0,SUCCESS,REF-00005691,07-30-2026,Merchant_D,Processor_B,NGN,CARD,SET-0041
TXN107271,250000.0,SUCCESS,REF-00007271,07-20-2026,Merchant_E,Processor_B,NGN,USSD,SET-0034
TXN105470,15000.0,SUCCESS,REF-00005470,07-28-2026,Merchant_E,Processor_B,NGN,USSD,SET-0007
TXN104886,5000.0,SUCCESS,REF-00004886,07-16-2026,Merchant_D,Processor_B,NGN,USSD,SET-0007
TXN101541,1000.0,SUCCESS,REF-00001541,07-04-2026,Merchant_A,Processor_B,NGN,BANK_TRANSFER,SET-0040
TXN105444,1100.0,SUCCESS,REF-00005444,07-30-2026,Merchant_D,Processor_B,NGN,MOBILE_MONEY,SET-0003
TXN106637,10000.0,SUCCESS,REF-00006637,07-25-2026,Merchant_B,Processor_B,NGN,BANK_TRANSFER,SET-0002
TXN103806,7500.0,SUCCESS,REF-00003806,07-10-2026,Merchant_C,Processor_B,NGN,BANK_TRANSFER,SET-0044
TXN109670,7500.0,SUCCESS,REF-00009670,07-20-2026,Merchant_E,Processor_B,NGN,BANK_TRANSFER,SET-0003
TXN102852,2500.0,SUCCESS,REF-00002852,07-14-2026,Merchant_E,Processor_B,NGN,USSD,SET-0010
TXN103369,25000.0,SUCCESS,REF-00003369,07-27-2026,Merchant_C,Processor_B,NGN,USSD,SET-0006
TXN106538,7500.0,SUCCESS,REF-00006538,07-24-2026,Merchant_D,Processor_B,NGN,MOBILE_MONEY,SET-0042
TXN101233,500.0,SUCCESS,REF-00001233,07-10-2026,Merchant_B,Processor_B,NGN,USSD,SET-0019
TXN102768,10000.0,SUCCESS,REF-00002768,07-24-2026,Merchant_E,Processor_B,NGN,USSD,SET-0039
TXN107450,10000.0,REFUNDED,REF-00007450,07-15-2026,Merchant_D,Processor_B,NGN,MOBILE_MONEY,SET-0041
TXN101429,50000.0,SUCCESS,REF-00001429,07-29-2026,Merchant_E,Processor_B,NGN,CARD,SET-0036
TXN106002,100000.0,SUCCESS,REF-00006002,07-10-2026,Merchant_C,Processor_B,NGN,CARD,SET-0010
TXN108246,2500.0,SUCCESS,REF-00008246,07-21-2026,Merchant_C,Processor_B,NGN,USSD,SET-0045
TXN104982,15000.0,REFUNDED,REF-00004982,07-07-2026,Merchant_E,Processor_B,NGN,BANK_TRANSFER,SET-0026
TXN107484,7500.0,SUCCESS,REF-00007484,07-15-2026,Merchant_D,Processor_B,NGN,BANK_TRANSFER,SET-0010
TXN104343,50000.0,FAILED,REF-00004343,07-18-2026,Merchant_B,Processor_B,NGN,BANK_TRANSFER,SET-0030
TXN103568,25000.0,REFUNDED,REF-00003568,07-22-2026,Merchant_B,Processor_B,NGN,BANK_TRANSFER,SET-0034
TXN104909,10000.0,SUCCESS,REF-00004909,07-04-2026,Merchant_E,Processor_B,NGN,MOBILE_MONEY,SET-0023
TXN109317,5000.0,REFUNDED,REF-00009317,07-01-2026,Merchant_E,Processor_B,NGN,MOBILE_MONEY,SET-0018
TXN105809,7500.0,SUCCESS,REF-00005809,07-24-2026,Merchant_C,Processor_B,NGN,MOBILE_MONEY,SET-0023
TXN106382,500.0,SUCCESS,REF-00006382,07-04-2026,Merchant_A,Processor_B,NGN,MOBILE_MONEY,SET-0016
TXN102472,100000.0,SUCCESS,REF-00002472,07-16-2026,Merchant_C,Processor_B,NGN,MOBILE_MONEY,SET-0022
TXN105891,10000.0,SUCCESS,REF-00005891,07-02-2026,Merchant_B,Processor_B,NGN,MOBILE_MONEY,SET-0032
TXN109606,50000.0,FAILED,REF-00009606,07-20-2026,Merchant_E,Processor_B,NGN,MOBILE_MONEY,SET-0049
TXN103719,2500.0,SUCCESS,REF-00003719,07-28-2026,Merchant_A,Processor_B,NGN,CARD,SET-0036
TXN108080,5000.0,SUCCESS,REF-00008080,07-02-2026,Merchant_D,Processor_B,NGN,USSD,SET-0028
TXN108921,500.0,SUCCESS,REF-00008921,07-19-2026,Merchant_A,Processor_B,NGN,BANK_TRANSFER,SET-0019
TXN106487,5000.0,SUCCESS,REF-00006487,07-27-2026,Merchant_C,Processor_B,NGN,USSD,SET-0030
TXN108763,100000.0,SUCCESS,REF-00008763,07-10-2026,Merchant_B,Processor_B,NGN,CARD,SET-0022
TXN103147,15000.0,SUCCESS,REF-00003147,07-13-2026,Merchant_E,Processor_B,NGN,MOBILE_MONEY,SET-0010
TXN105526,15000.0,SUCCESS,REF-00005526,07-26-2026,Merchant_B,Processor_B,NGN,USSD,SET-0042
TXN101835,15000.0,SUCCESS,REF-00001835,07-02-2026,Merchant_D,Processor_B,NGN,MOBILE_MONEY,SET-0010
TXN103909,5000.0,SUCCESS,REF-00003909,07-24-2026,Merchant_D,Processor_B,NGN,CARD,SET-0045
TXN109658,15000.0,SUCCESS,REF-00009658,07-16-2026,Merchant_E,Processor_B,NGN,USSD,SET-0012
TXN109740,500.0,SUCCESS,REF-00009740,07-10-2026,Merchant_E,Processor_B,NGN,CARD,SET-0022
TXN106325,2500.0,SUCCESS,REF-00006325,07-17-2026,Merchant_E,Processor_B,NGN,MOBILE_MONEY,SET-0042
TXN108210,1500.0,SUCCESS,REF-00008210,07-13-2026,Merchant_E,Processor_B,NGN,CARD,SET-0049
TXN105201,250000.0,SUCCESS,REF-00005201,07-22-2026,Merchant_C,Processor_B,NGN,BANK_TRANSFER,SET-0049
TXN109853,10000.0,SUCCESS,REF-00009853,07-20-2026,Merchant_E,Processor_B,NGN,MOBILE_MONEY,SET-0018
TXN100369,1000.0,SUCCESS,REF-00000369,07-05-2026,Merchant_B,Processor_B,NGN,USSD,SET-0028
TXN100211,25000.0,SUCCESS,REF-00000211,07-04-2026,Merchant_B,Processor_B,NGN,USSD,SET-0017
TXN106046,1000.0,FAILED,REF-00006046,07-11-2026,Merchant_C,Processor_B,NGN,BANK_TRANSFER,SET-0045
TXN102161,15000.0,SUCCESS,REF-00002161-X,07-05-2026,Merchant_D,Processor_B,NGN,CARD,SET-0024
TXN103896,1500.0,SUCCESS,REF-00003896,07-21-2026,Merchant_A,Processor_B,NGN,CARD,SET-0040
TXN105434,15000.0,SUCCESS,REF-00005434,07-02-2026,Merchant_A,Processor_B,NGN,CARD,SET-0013
TXN109763,100000.0,SUCCESS,REF-00009763,07-31-2026,Merchant_B,Processor_B,NGN,MOBILE_MONEY,SET-0005
TXN107738,15000.0,SUCCESS,REF-00007738,07-05-2026,Merchant_B,Processor_B,NGN,MOBILE_MONEY,SET-0032
TXN109589,50000.0,SUCCESS,REF-00009589,07-28-2026,Merchant_C,Processor_B,NGN,MOBILE_MONEY,SET-0040
TXN104035,250000.0,SUCCESS,REF-00004035,07-06-2026,Merchant_E,Processor_B,NGN,USSD,SET-0026
TXN105440,7500.0,SUCCESS,REF-00005440,07-08-2026,Merchant_A,Processor_B,NGN,BANK_TRANSFER,SET-0028
TXN103910,500.0,SUCCESS,REF-00003910,07-15-2026,Merchant_B,Processor_B,NGN,MOBILE_MONEY,SET-0022
TXN109618,25000.0,SUCCESS,REF-00009618,07-17-2026,Merchant_B,Processor_B,NGN,CARD,SET-0010
TXN107351,1000.0,SUCCESS,REF-00007351,07-29-2026,Merchant_A,Processor_B,NGN,USSD,SET-0042
TXN101076,5000.0,SUCCESS,REF-00001076,07-14-2026,Merchant_B,Processor_B,NGN,BANK_TRANSFER,SET-0015
TXN105597,15000.0,SUCCESS,REF-00005597,07-27-2026,Merchant_A,Processor_B,NGN,CARD,SET-0034
TXN100945,500.0,SUCCESS,REF-00000945,07-08-2026,Merchant_A,Processor_B,NGN,MOBILE_MONEY,SET-0005
TXN107627,7500.0,SUCCESS,REF-00007627,07-31-2026,Merchant_C,Processor_B,NGN,BANK_TRANSFER,SET-0008
TXN109676,100000.0,SUCCESS,REF-00009676,07-08-2026,Merchant_B,Processor_B,NGN,USSD,SET-0006
TXN106978,25000.0,SUCCESS,REF-00006978,07-06-2026,Merchant_C,Processor_B,NGN,USSD,SET-0013
TXN104724,2500.0,FAILED,REF-00004724,07-05-2026,Merchant_E,Processor_B,NGN,BANK_TRANSFER,SET-0010
TXN103367,2500.0,SUCCESS,REF-00003367,07-03-2026,Merchant_E,Processor_B,NGN,BANK_TRANSFER,SET-0028
TXN109484,100000.0,SUCCESS,REF-00009484,07-09-2026,Merchant_D,Processor_B,NGN,CARD,SET-0007
TXN105727,1000.0,SUCCESS,REF-00005727,07-26-2026,Merchant_C,Processor_B,NGN,CARD,SET-0037
TXN107652,1000.0,SUCCESS,REF-00007652,07-22-2026,Merchant_B,Processor_B,NGN,CARD,SET-0013
TXN107004,5000.0,FAILED,REF-00007004,07-21-2026,Merchant_E,Processor_B,NGN,BANK_TRANSFER,SET-0017
TXN108432,1000.0,SUCCESS,REF-00008432,07-22-2026,Merchant_B,Processor_B,NGN,USSD,SET-0019
TXN103955,50000.0,SUCCESS,REF-00003955,07-28-2026,Merchant_E,Processor_B,NGN,MOBILE_MONEY,SET-0028
TXN100904,7500.0,SUCCESS,REF-00000904,07-13-2026,Merchant_E,Processor_B,NGN,CARD,SET-0004
TXN104757,25000.0,SUCCESS,REF-00004757,07-29-2026,Merchant_B,Processor_B,NGN,BANK_TRANSFER,SET-0016
TXN109554,15000.0,FAILED,REF-00009554,07-12-2026,Merchant_C,Processor_B,NGN,USSD,SET-0022
TXN106079,5000.0,SUCCESS,REF-00006079,07-24-2026,Merchant_A,Processor_B,NGN,CARD,SET-0005
TXN106578,5000.0,SUCCESS,REF-00006578,07-11-2026,Merchant_E,Processor_B,NGN,CARD,SET-0006
TXN104929,100000.0,SUCCESS,REF-00004929,07-09-2026,Merchant_B,Processor_B,NGN,USSD,SET-0027
TXN105724,1500.0,FAILED,REF-00005724,07-01-2026,Merchant_C,Processor_B,NGN,CARD,SET-0005
TXN100726,1500.0,SUCCESS,REF-00000726,07-07-2026,Merchant_B,Processor_B,NGN,MOBILE_MONEY,SET-0047
TXN107900,10000.0,SUCCESS,REF-00007900,07-16-2026,Merchant_C,Processor_B,NGN,CARD,SET-0019
TXN106010,50000.0,SUCCESS,REF-00006010,07-21-2026,Merchant_A,Processor_B,NGN,BANK_TRANSFER,SET-0001
TXN102064,1000.0,FAILED,REF-00002064,07-17-2026,Merchant_C,Processor_B,NGN,MOBILE_MONEY,SET-0023
TXN102701,250000.0,SUCCESS,REF-00002701,07-05-2026,Merchant_C,Processor_B,NGN,BANK_TRANSFER,SET-0023
TXN106802,2500.0,SUCCESS,REF-00006802,07-30-2026,Merchant_C,Processor_B,NGN,MOBILE_MONEY,SET-0009
TXN105978,10000.0,SUCCESS,REF-00005978,07-30-2026,Merchant_A,Processor_B,NGN,USSD,SET-0019
TXN100382,15000.0,SUCCESS,REF-00000382,07-22-2026,Merchant_C,Processor_B,NGN,CARD,SET-0032
TXN105628,10000.0,FAILED,REF-00005628,07-22-2026,Merchant_B,Processor_B,NGN,BANK_TRANSFER,SET-0013
TXN105371,5000.0,SUCCESS,REF-00005371,07-18-2026,Merchant_D,Processor_B,NGN,CARD,SET-0013
TXN104636,5000.0,SUCCESS,REF-00004636,07-04-2026,Merchant_B,Processor_B,NGN,BANK_TRANSFER,SET-0002
TXN100902,1500.0,SUCCESS,REF-00000902,07-26-2026,Merchant_B,Processor_B,NGN,USSD,SET-0046
TXN101946,7500.0,SUCCESS,REF-00001946,07-22-2026,Merchant_C,Processor_B,NGN,CARD,SET-0036
TXN106329,1000.0,FAILED,REF-00006329,07-29-2026,Merchant_B,Processor_B,NGN,CARD,SET-0048
TXN107806,25000.0,SUCCESS,REF-00007806,07-10-2026,Merchant_C,Processor_B,NGN,MOBILE_MONEY,SET-0041
TXN101664,250000.0,SUCCESS,REF-00001664,07-14-2026,Merchant_B,Processor_B,NGN,USSD,SET-0016
TXN106481,10000.0,SUCCESS,REF-00006481,07-08-2026,Merchant_C,Processor_B,NGN,CARD,SET-0048
TXN100328,7500.0,SUCCESS,REF-00000328,07-27-2026,Merchant_E,Processor_B,NGN,USSD,SET-0013
TXN101585,1500.0,SUCCESS,REF-00001585,07-09-2026,Merchant_B,Processor_B,NGN,USSD,SET-0014
TXN100627,25000.0,SUCCESS,REF-00000627,07-03-2026,Merchant_D,Processor_B,NGN,USSD,SET-0039
TXN102160,15000.0,SUCCESS,REF-00002160,07-14-2026,Merchant_E,Processor_B,NGN,CARD,SET-0014
TXN108108,25000.0,SUCCESS,REF-00008108,07-11-2026,Merchant_B,Processor_B,NGN,MOBILE_MONEY,SET-0002
TXN108605,7500.0,SUCCESS,REF-00008605,07-18-2026,Merchant_E,Processor_B,NGN,BANK_TRANSFER,SET-0045
TXN104225,25000.0,SUCCESS,REF-00004225,07-14-2026,Merchant_C,Processor_B,NGN,USSD,SET-0012
TXN106998,5000.0,SUCCESS,REF-00006998,07-20-2026,Merchant_D,Processor_B,NGN,MOBILE_MONEY,SET-0039
TXN107831,7500.0,SUCCESS,REF-00007831,07-31-2026,Merchant_C,Processor_B,NGN,BANK_TRANSFER,SET-0029
TXN108027,2500.0,SUCCESS,REF-00008027,07-17-2026,Merchant_A,Processor_B,NGN,CARD,SET-0019
TXN104309,25000.0,SUCCESS,REF-00004309,07-14-2026,Merchant_C,Processor_B,NGN,BANK_TRANSFER,SET-0044
TXN109070,100000.0,SUCCESS,REF-00009070,07-30-2026,Merchant_E,Processor_B,NGN,MOBILE_MONEY,SET-0025
TXN102536,25000.0,SUCCESS,REF-00002536,07-04-2026,Merchant_D,Processor_B,NGN,USSD,SET-0009
TXN100534,25000.0,SUCCESS,REF-00000534,07-12-2026,Merchant_D,Processor_B,NGN,CARD,SET-0001
TXN104329,50000.0,SUCCESS,REF-00004329,07-24-2026,Merchant_C,Processor_B,NGN,USSD,SET-0044
TXN102837,1000.0,SUCCESS,REF-00002837,07-01-2026,Merchant_D,Processor_B,NGN,MOBILE_MONEY,SET-0050
TXN105964,10000.0,SUCCESS,REF-00005964,07-25-2026,Merchant_E,Processor_B,NGN,USSD,SET-0033
TXN104792,1000.0,SUCCESS,REF-00004792,07-22-2026,Merchant_C,Processor_B,NGN,MOBILE_MONEY,SET-0010
TXN100343,7500.0,SUCCESS,REF-00000343-X,07-08-2026,Merchant_E,Processor_B,NGN,CARD,SET-0028
TXN101924,50000.0,SUCCESS,REF-00001924,07-12-2026,Merchant_A,Processor_B,NGN,BANK_TRANSFER,SET-0050
TXN105481,5000.0,SUCCESS,REF-00005481,07-29-2026,Merchant_C,Processor_B,NGN,CARD,SET-0007
TXN100011,250000.0,SUCCESS,REF-00000011,07-23-2026,Merchant_A,Processor_B,NGN,BANK_TRANSFER,SET-0040
TXN100197,100000.0,SUCCESS,REF-00000197,07-31-2026,Merchant_E,Processor_B,NGN,MOBILE_MONEY,SET-0032
TXN105152,100000.0,REFUNDED,REF-00005152,07-22-2026,Merchant_C,Processor_B,NGN,BANK_TRANSFER,SET-0035
TXN101391,1000.0,SUCCESS,REF-00001391,07-09-2026,Merchant_B,Processor_B,NGN,BANK_TRANSFER,SET-0032
TXN100017,10000.0,SUCCESS,REF-00000017,07-08-2026,Merchant_A,Processor_B,NGN,CARD,SET-0021
TXN103717,1000.0,SUCCESS,REF-00003717,07-14-2026,Merchant_E,Processor_B,NGN,MOBILE_MONEY,SET-0044
TXN102763,7500.0,SUCCESS,REF-00002763,07-18-2026,Merchant_D,Processor_B,NGN,USSD,SET-0006
TXN100635,7500.0,REFUNDED,REF-00000635,07-29-2026,Merchant_B,Processor_B,NGN,BANK_TRANSFER,SET-0023
TXN103192,250000.0,SUCCESS,REF-00003192,07-16-2026,Merchant_E,Processor_B,NGN,MOBILE_MONEY,SET-0017
TXN100673,10000.0,SUCCESS,REF-00000673,07-05-2026,Merchant_D,Processor_B,NGN,BANK_TRANSFER,SET-0010
TXN108216,10000.0,SUCCESS,REF-00008216,07-25-2026,Merchant_B,Processor_B,NGN,CARD,SET-0021
TXN103479,7500.0,SUCCESS,REF-00003479,07-11-2026,Merchant_E,Processor_B,NGN,MOBILE_MONEY,SET-0016
TXN108413,7500.0,REFUNDED,REF-00008413,07-10-2026,Merchant_B,Processor_B,NGN,MOBILE_MONEY,SET-0003
TXN107580,15000.0,SUCCESS,REF-00007580,07-01-2026,Merchant_B,Processor_B,NGN,BANK_TRANSFER,SET-0024
TXN104499,7500.0,SUCCESS,REF-00004499,07-01-2026,Merchant_B,Processor_B,NGN,MOBILE_MONEY,SET-0012
TXN104725,500.0,SUCCESS,REF-00004725,07-05-2026,Merchant_A,Processor_B,NGN,USSD,SET-0016
TXN109352,100000.0,SUCCESS,REF-00009352,07-22-2026,Merchant_B,Processor_B,NGN,BANK_TRANSFER,SET-0041
TXN109963,10000.0,FAILED,REF-00009963,07-10-2026,Merchant_C,Processor_B,NGN,BANK_TRANSFER,SET-0050
TXN107827,5000.0,SUCCESS,REF-00007827,07-16-2026,Merchant_B,Processor_B,NGN,BANK_TRANSFER,SET-0034
TXN108694,10000.0,SUCCESS,REF-00008694,07-21-2026,Merchant_D,Processor_B,NGN,USSD,SET-0041
TXN105859,10000.0,SUCCESS,REF-00005859,07-02-2026,Merchant_A,Processor_B,NGN,BANK_TRANSFER,SET-0007
TXN107896,25000.0,SUCCESS,REF-00007896,07-10-2026,Merchant_A,Processor_B,NGN,CARD,SET-0025
TXN106975,7500.0,SUCCESS,REF-00006975,07-16-2026,Merchant_B,Processor_B,NGN,USSD,SET-0012
TXN105826,15000.0,SUCCESS,REF-00005826,07-20-2026,Merchant_B,Processor_B,NGN,CARD,SET-0039
TXN105170,7500.0,SUCCESS,REF-00005170,07-06-2026,Merchant_E,Processor_B,NGN,USSD,SET-0047
TXN103860,50000.0,SUCCESS,REF-00003860,07-25-2026,Merchant_E,Processor_B,NGN,USSD,SET-0020
TXN104552,1500.0,SUCCESS,REF-00004552,07-18-2026,Merchant_A,Processor_B,NGN,BANK_TRANSFER,SET-0015
TXN107286,10000.0,SUCCESS,REF-00007286,07-14-2026,Merchant_D,Processor_B,NGN,MOBILE_MONEY,SET-0004
TXN101847,2500.0,SUCCESS,REF-00001847,07-30-2026,Merchant_C,Processor_B,NGN,BANK_TRANSFER,SET-0050
TXN109096,5000.0,SUCCESS,REF-00009096,07-02-2026,Merchant_A,Processor_B,NGN,CARD,SET-0020
TXN104409,10000.0,SUCCESS,REF-00004409,07-08-2026,Merchant_E,Processor_B,NGN,USSD,SET-0017
TXN100326,10000.0,SUCCESS,REF-00000326,07-20-2026,Merchant_C,Processor_B,NGN,USSD,SET-0025
TXN106713,50000.0,FAILED,REF-00006713,07-14-2026,Merchant_D,Processor_B,NGN,BANK_TRANSFER,SET-0032
TXN107662,25000.0,REFUNDED,REF-00007662,07-26-2026,Merchant_E,Processor_B,NGN,BANK_TRANSFER,SET-0035
TXN103500,5000.0,SUCCESS,REF-00003500,07-19-2026,Merchant_C,Processor_B,NGN,USSD,SET-0005
TXN108211,25000.0,SUCCESS,REF-00008211,07-23-2026,Merchant_A,Processor_B,NGN,BANK_TRANSFER,SET-0015
TXN100644,1000.0,SUCCESS,REF-00000644,07-20-2026,Merchant_C,Processor_B,NGN,USSD,SET-0030
TXN100188,10000.0,SUCCESS,REF-00000188,07-27-2026,Merchant_B,Processor_B,NGN,USSD,SET-0042
TXN109084,5000.0,FAILED,REF-00009084,07-22-2026,Merchant_E,Processor_B,NGN,BANK_TRANSFER,SET-0011
TXN106108,2500.0,SUCCESS,REF-00006108,07-27-2026,Merchant_B,Processor_B,NGN,CARD,SET-0046
TXN106498,2500.0,SUCCESS,REF-00006498,07-26-2026,Merchant_C,Processor_B,NGN,USSD,SET-0039
TXN101595,10000.0,SUCCESS,REF-00001595,07-25-2026,Merchant_D,Processor_B,NGN,BANK_TRANSFER,SET-0029
TXN100357,10000.0,SUCCESS,REF-00000357,07-16-2026,Merchant_E,Processor_B,NGN,CARD,SET-0032
TXN106312,15000.0,SUCCESS,REF-00006312,07-13-2026,Merchant_D,Processor_B,NGN,MOBILE_MONEY,SET-0004
TXN103730,1500.0,SUCCESS,REF-00003730,07-24-2026,Merchant_D,Processor_B,NGN,USSD,SET-0010
TXN108286,7500.0,SUCCESS,REF-00008286,07-18-2026,Merchant_D,Processor_B,NGN,BANK_TRANSFER,SET-0018
TXN105827,1000.0,SUCCESS,REF-00005827,07-16-2026,Merchant_D,Processor_B,NGN,BANK_TRANSFER,SET-0049
TXN109605,25000.0,SUCCESS,REF-00009605,07-13-2026,Merchant_E,Processor_B,NGN,MOBILE_MONEY,SET-0021
TXN107825,50000.0,SUCCESS,REF-00007825,07-17-2026,Merchant_C,Processor_B,NGN,CARD,SET-0025
TXN106124,50000.0,SUCCESS,REF-00006124,07-11-2026,Merchant_B,Processor_B,NGN,CARD,SET-0040
TXN101445,1500.0,SUCCESS,REF-00001445,07-08-2026,Merchant_D,Processor_B,NGN,MOBILE_MONEY,SET-0036
TXN104867,1500.0,SUCCESS,REF-00004867,07-05-2026,Merchant_E,Processor_B,NGN,CARD,SET-0045
TXN108971,15000.0,SUCCESS,REF-00008971,07-26-2026,Merchant_C,Processor_B,NGN,MOBILE_MONEY,SET-0031
TXN107663,10000.0,REFUNDED,REF-00007663,07-16-2026,Merchant_D,Processor_B,NGN,USSD,SET-0028
TXN108049,1500.0,FAILED,REF-00008049,07-05-2026,Merchant_E,Processor_B,NGN,MOBILE_MONEY,SET-0046
TXN105212,5000.0,SUCCESS,REF-00005212,07-12-2026,Merchant_E,Processor_B,NGN,BANK_TRANSFER,SET-0011
TXN107111,100000.0,SUCCESS,REF-00007111,07-11-2026,Merchant_E,Processor_B,NGN,BANK_TRANSFER,SET-0028
TXN102760,1500.0,SUCCESS,REF-00002760,07-30-2026,Merchant_A,Processor_B,NGN,MOBILE_MONEY,SET-0036
TXN104848,25000.0,SUCCESS,REF-00004848,07-07-2026,Merchant_D,Processor_B,NGN,BANK_TRANSFER,SET-0013
TXN103088,10000.0,SUCCESS,REF-00003088,07-04-2026,Merchant_D,Processor_B,NGN,CARD,SET-0018
TXN103102,100000.0,SUCCESS,REF-00003102,07-08-2026,Merchant_C,Processor_B,NGN,MOBILE_MONEY,SET-0040
TXN102641,1000.0,SUCCESS,REF-00002641,07-04-2026,Merchant_B,Processor_B,NGN,USSD,SET-0037
TXN103946,15000.0,SUCCESS,REF-00003946,07-07-2026,Merchant_A,Processor_B,NGN,USSD,SET-0038
TXN107523,25000.0,SUCCESS,REF-00007523,07-10-2026,Merchant_C,Processor_B,NGN,BANK_TRANSFER,SET-0001
TXN101041,50000.0,SUCCESS,REF-00001041,07-04-2026,Merchant_D,Processor_B,NGN,MOBILE_MONEY,SET-0031
TXN106282,25000.0,SUCCESS,REF-00006282,07-01-2026,Merchant_B,Processor_B,NGN,MOBILE_MONEY,SET-0033
TXN100080,50000.0,SUCCESS,REF-00000080,07-08-2026,Merchant_B,Processor_B,NGN,USSD,SET-0049
TXN101414,10000.0,SUCCESS,REF-00001414,07-14-2026,Merchant_D,Processor_B,NGN,CARD,SET-0010
TXN101560,5000.0,SUCCESS,REF-00001560,07-09-2026,Merchant_A,Processor_B,NGN,BANK_TRANSFER,SET-0044
TXN102163,50000.0,SUCCESS,REF-00002163,07-11-2026,Merchant_A,Processor_B,NGN,BANK_TRANSFER,SET-0013
TXN100150,100000.0,FAILED,REF-00000150,07-27-2026,Merchant_A,Processor_B,NGN,BANK_TRANSFER,SET-0032
TXN101903,500.0,SUCCESS,REF-00001903-X,07-01-2026,Merchant_D,Processor_B,NGN,MOBILE_MONEY,SET-0002
TXN100840,500.0,SUCCESS,REF-00000840,07-02-2026,Merchant_E,Processor_B,NGN,USSD,SET-0043
TXN108744,10000.0,SUCCESS,REF-00008744,07-13-2026,Merchant_C,Processor_B,NGN,BANK_TRANSFER,SET-0047
TXN103805,250000.0,SUCCESS,REF-00003805,07-29-2026,Merchant_C,Processor_B,NGN,BANK_TRANSFER,SET-0016
TXN108838,100000.0,FAILED,REF-00008838,07-03-2026,Merchant_C,Processor_B,NGN,CARD,SET-0021
TXN101857,7500.0,SUCCESS,REF-00001857,07-04-2026,Merchant_E,Processor_B,NGN,BANK_TRANSFER,SET-0003
TXN106053,7500.0,SUCCESS,REF-00006053,07-03-2026,Merchant_E,Processor_B,NGN,MOBILE_MONEY,SET-0014
TXN103811,7500.0,SUCCESS,REF-00003811,07-17-2026,Merchant_E,Processor_B,NGN,CARD,SET-0006
TXN103152,25000.0,SUCCESS,REF-00003152,07-23-2026,Merchant_D,Processor_B,NGN,BANK_TRANSFER,SET-0002
TXN100959,25000.0,SUCCESS,REF-00000959,07-27-2026,Merchant_C,Processor_B,NGN,CARD,SET-0001
TXN100130,7500.0,REFUNDED,REF-00000130,07-29-2026,Merchant_D,Processor_B,NGN,MOBILE_MONEY,SET-0049
TXN100307,5000.0,SUCCESS,REF-00000307,07-06-2026,Merchant_E,Processor_B,NGN,USSD,SET-0048
TXN107057,2500.0,FAILED,REF-00007057,07-07-2026,Merchant_C,Processor_B,NGN,BANK_TRANSFER,SET-0007
TXN103231,15000.0,SUCCESS,REF-00003231,07-12-2026,Merchant_C,Processor_B,NGN,USSD,SET-0033
TXN106745,250000.0,SUCCESS,REF-00006745,07-08-2026,Merchant_B,Processor_B,NGN,CARD,SET-0015
TXN106677,2500.0,SUCCESS,REF-00006677,07-29-2026,Merchant_C,Processor_B,NGN,BANK_TRANSFER,SET-0019
TXN103443,250000.0,SUCCESS,REF-00003443,07-28-2026,Merchant_D,Processor_B,NGN,MOBILE_MONEY,SET-0014
TXN107996,2500.0,SUCCESS,REF-00007996,07-12-2026,Merchant_B,Processor_B,NGN,USSD,SET-0039
TXN106779,1000.0,SUCCESS,REF-00006779,07-20-2026,Merchant_B,Processor_B,NGN,MOBILE_MONEY,SET-0020
TXN105406,250000.0,SUCCESS,REF-00005406,07-26-2026,Merchant_E,Processor_B,NGN,MOBILE_MONEY,SET-0011
TXN105148,15000.0,FAILED,REF-00005148,07-09-2026,Merchant_E,Processor_B,NGN,MOBILE_MONEY,SET-0007
TXN103307,1000.0,FAILED,REF-00003307,07-29-2026,Merchant_A,Processor_B,NGN,MOBILE_MONEY,SET-0048
TXN105806,5000.0,SUCCESS,REF-00005806,07-12-2026,Merchant_B,Processor_B,NGN,MOBILE_MONEY,SET-0028
TXN109193,50000.0,SUCCESS,REF-00009193,07-05-2026,Merchant_D,Processor_B,NGN,USSD,SET-0011
TXN101558,50000.0,SUCCESS,REF-00001558,07-14-2026,Merchant_C,Processor_B,NGN,USSD,SET-0034
TXN106734,1500.0,SUCCESS,REF-00006734,07-13-2026,Merchant_A,Processor_B,NGN,MOBILE_MONEY,SET-0003
TXN104216,1000.0,SUCCESS,REF-00004216,07-15-2026,Merchant_E,Processor_B,NGN,CARD,SET-0024
TXN107608,5000.0,SUCCESS,REF-00007608,07-20-2026,Merchant_B,Processor_B,NGN,USSD,SET-0016
TXN108742,7500.0,SUCCESS,REF-00008742,07-04-2026,Merchant_D,Processor_B,NGN,USSD,SET-0018
TXN101799,500.0,SUCCESS,REF-00001799,07-11-2026,Merchant_C,Processor_B,NGN,BANK_TRANSFER,SET-0040
TXN104399,1500.0,SUCCESS,REF-00004399,07-03-2026,Merchant_D,Processor_B,NGN,BANK_TRANSFER,SET-0012
TXN107896,25000.0,SUCCESS,REF-00007896,07-10-2026,Merchant_A,Processor_B,NGN,MOBILE_MONEY,SET-0019
TXN100172,10000.0,SUCCESS,REF-00000172,07-22-2026,Merchant_C,Processor_B,NGN,CARD,SET-0001
TXN109206,10000.0,REFUNDED,REF-00009206,07-02-2026,Merchant_A,Processor_B,NGN,USSD,SET-0006
TXN101993,1500.0,SUCCESS,REF-00001993,07-17-2026,Merchant_D,Processor_B,NGN,BANK_TRANSFER,SET-0003
TXN100267,25000.0,SUCCESS,REF-00000267,07-17-2026,Merchant_D,Processor_B,NGN,BANK_TRANSFER,SET-0047
TXN101984,1500.0,SUCCESS,REF-00001984,07-31-2026,Merchant_D,Processor_B,NGN,CARD,SET-0008
TXN105525,500.0,SUCCESS,REF-00005525,07-26-2026,Merchant_E,Processor_B,NGN,USSD,SET-0022
TXN100780,25000.0,REFUNDED,REF-00000780,07-09-2026,Merchant_D,Processor_B,NGN,USSD,SET-0037
TXN105051,50000.0,SUCCESS,REF-00005051,07-17-2026,Merchant_D,Processor_B,NGN,USSD,SET-0043
TXN101024,100000.0,SUCCESS,REF-00001024,07-21-2026,Merchant_A,Processor_B,NGN,BANK_TRANSFER,SET-0001
TXN102694,250000.0,SUCCESS,REF-00002694,07-10-2026,Merchant_A,Processor_B,NGN,CARD,SET-0015
TXN105697,7500.0,SUCCESS,REF-00005697,07-25-2026,Merchant_D,Processor_B,NGN,CARD,SET-0032
TXN105871,2500.0,SUCCESS,REF-00005871,07-14-2026,Merchant_D,Processor_B,NGN,CARD,SET-0038
TXN107789,10000.0,SUCCESS,REF-00007789,07-30-2026,Merchant_B,Processor_B,NGN,CARD,SET-0007
TXN102293,10000.0,SUCCESS,REF-00002293,07-29-2026,Merchant_D,Processor_B,NGN,MOBILE_MONEY,SET-0002
TXN106404,1000.0,SUCCESS,REF-00006404,07-14-2026,Merchant_C,Processor_B,NGN,USSD,SET-0028
TXN108789,15000.0,SUCCESS,REF-00008789-X,07-20-2026,Merchant_E,Processor_B,NGN,USSD,SET-0018
TXN100123,1000.0,SUCCESS,REF-00000123,07-26-2026,Merchant_D,Processor_B,NGN,CARD,SET-0031
TXN106443,500.0,SUCCESS,REF-00006443,07-26-2026,Merchant_B,Processor_B,NGN,CARD,SET-0040
TXN100567,7500.0,SUCCESS,REF-00000567,07-12-2026,Merchant_A,Processor_B,NGN,USSD,SET-0024
TXN104345,5000.0,SUCCESS,REF-00004345,07-31-2026,Merchant_B,Processor_B,NGN,CARD,SET-0029
TXN106216,1500.0,SUCCESS,REF-00006216,07-30-2026,Merchant_E,Processor_B,NGN,MOBILE_MONEY,SET-0042
TXN107643,2500.0,SUCCESS,REF-00007643,07-07-2026,Merchant_C,Processor_B,NGN,CARD,SET-0046
TXN100191,100000.0,SUCCESS,REF-00000191,07-15-2026,Merchant_E,Processor_B,NGN,USSD,SET-0044
TXN105493,5000.0,SUCCESS,REF-00005493,07-02-2026,Merchant_C,Processor_B,NGN,BANK_TRANSFER,SET-0009
TXN107976,100000.0,SUCCESS,REF-00007976,07-04-2026,Merchant_B,Processor_B,NGN,CARD,SET-0017
TXN106608,100000.0,SUCCESS,REF-00006608,07-19-2026,Merchant_A,Processor_B,NGN,USSD,SET-0023
TXN100380,1000.0,SUCCESS,REF-00000380,07-20-2026,Merchant_B,Processor_B,NGN,USSD,SET-0032
TXN102403,5000.0,SUCCESS,REF-00002403,07-15-2026,Merchant_D,Processor_B,NGN,USSD,SET-0013
TXN106462,100000.0,SUCCESS,REF-00006462,07-23-2026,Merchant_E,Processor_B,NGN,CARD,SET-0010
TXN106294,50000.0,SUCCESS,REF-00006294,07-13-2026,Merchant_E,Processor_B,NGN,BANK_TRANSFER,SET-0008
TXN102284,1500.0,SUCCESS,REF-00002284,07-10-2026,Merchant_D,Processor_B,NGN,MOBILE_MONEY,SET-0004
TXN101615,15000.0,SUCCESS,REF-00001615,07-20-2026,Merchant_C,Processor_B,NGN,BANK_TRANSFER,SET-0004
TXN103060,5000.0,SUCCESS,REF-00003060,07-07-2026,Merchant_A,Processor_B,NGN,BANK_TRANSFER,SET-0006
TXN107724,100000.0,SUCCESS,REF-00007724,07-28-2026,Merchant_B,Processor_B,NGN,BANK_TRANSFER,SET-0022
TXN100455,10000.0,SUCCESS,REF-00000455,07-03-2026,Merchant_B,Processor_B,NGN,CARD,SET-0030
TXN100689,1500.0,SUCCESS,REF-00000689,07-28-2026,Merchant_A,Processor_B,NGN,MOBILE_MONEY,SET-0032
TXN103941,100000.0,SUCCESS,REF-00003941,07-21-2026,Merchant_D,Processor_B,NGN,USSD,SET-0009
TXN105954,1000.0,SUCCESS,REF-00005954,07-27-2026,Merchant_A,Processor_B,NGN,MOBILE_MONEY,SET-0045
TXN101325,5000.0,SUCCESS,REF-00001325,07-26-2026,Merchant_E,Processor_B,NGN,BANK_TRANSFER,SET-0005
TXN107313,5000.0,SUCCESS,REF-00007313,07-25-2026,Merchant_D,Processor_B,NGN,CARD,SET-0040
TXN104008,15000.0,SUCCESS,REF-00004008,07-08-2026,Merchant_C,Processor_B,NGN,USSD,SET-0033
TXN106369,50000.0,SUCCESS,REF-00006369,07-25-2026,Merchant_D,Processor_B,NGN,BANK_TRANSFER,SET-0045
TXN103938,1500.0,SUCCESS,REF-00003938,07-09-2026,Merchant_B,Processor_B,NGN,USSD,SET-0003
TXN109715,10000.0,SUCCESS,REF-00009715,07-03-2026,Merchant_A,Processor_B,NGN,USSD,SET-0037
TXN106381,10000.0,SUCCESS,REF-00006381,07-08-2026,Merchant_C,Processor_B,NGN,MOBILE_MONEY,SET-0017
TXN101277,250000.0,SUCCESS,REF-00001277,07-25-2026,Merchant_B,Processor_B,NGN,MOBILE_MONEY,SET-0027
TXN106276,2500.0,SUCCESS,REF-00006276,07-11-2026,Merchant_A,Processor_B,NGN,CARD,SET-0001
TXN101720,1500.0,SUCCESS,REF-00001720,07-24-2026,Merchant_A,Processor_B,NGN,USSD,SET-0014
TXN109059,2500.0,FAILED,REF-00009059,07-08-2026,Merchant_D,Processor_B,NGN,BANK_TRANSFER,SET-0007
TXN109192,100000.0,SUCCESS,REF-00009192,07-17-2026,Merchant_A,Processor_B,NGN,BANK_TRANSFER,SET-0016
TXN107212,2500.0,SUCCESS,REF-00007212,07-31-2026,Merchant_E,Processor_B,NGN,BANK_TRANSFER,SET-0038
TXN105428,15000.0,SUCCESS,REF-00005428,07-02-2026,Merchant_E,Processor_B,NGN,USSD,SET-0004
TXN102306,1000.0,SUCCESS,REF-00002306,07-22-2026,Merchant_E,Processor_B,NGN,CARD,SET-0027
TXN101123,50000.0,SUCCESS,REF-00001123,07-30-2026,Merchant_D,Processor_B,NGN,USSD,SET-0013
TXN100657,5000.0,SUCCESS,REF-00000657,07-05-2026,Merchant_B,Processor_B,NGN,MOBILE_MONEY,SET-0017
TXN108739,15000.0,SUCCESS,REF-00008739,07-03-2026,Merchant_E,Processor_B,NGN,MOBILE_MONEY,SET-0004
TXN105845,2500.0,SUCCESS,REF-00005845,07-14-2026,Merchant_B,Processor_B,NGN,CARD,SET-0007
TXN100748,100000.0,SUCCESS,REF-00000748,07-16-2026,Merchant_B,Processor_B,NGN,CARD,SET-0006
TXN102339,7500.0,SUCCESS,REF-00002339,07-29-2026,Merchant_D,Processor_B,NGN,MOBILE_MONEY,SET-0025
TXN106427,25000.0,SUCCESS,REF-00006427,07-02-2026,Merchant_C,Processor_B,NGN,MOBILE_MONEY,SET-0001
TXN101288,500.0,SUCCESS,REF-00001288,07-11-2026,Merchant_E,Processor_B,NGN,CARD,SET-0038
TXN101997,1000.0,SUCCESS,REF-00001997,07-03-2026,Merchant_B,Processor_B,NGN,USSD,SET-0027
TXN100693,2500.0,SUCCESS,REF-00000693,07-19-2026,Merchant_D,Processor_B,NGN,USSD,SET-0026
TXN106529,50000.0,REFUNDED,REF-00006529,07-10-2026,Merchant_E,Processor_B,NGN,BANK_TRANSFER,SET-0026
TXN104639,50000.0,SUCCESS,REF-00004639,07-01-2026,Merchant_B,Processor_B,NGN,USSD,SET-0008
TXN106361,7500.0,SUCCESS,REF-00006361,07-09-2026,Merchant_E,Processor_B,NGN,CARD,SET-0009
TXN106137,100000.0,SUCCESS,REF-00006137,07-15-2026,Merchant_B,Processor_B,NGN,USSD,SET-0037
TXN109403,5000.0,SUCCESS,REF-00009403,07-03-2026,Merchant_A,Processor_B,NGN,MOBILE_MONEY,SET-0024
TXN108593,100000.0,SUCCESS,REF-00008593,07-12-2026,Merchant_B,Processor_B,NGN,CARD,SET-0012
TXN109187,500.0,SUCCESS,REF-00009187,07-13-2026,Merchant_B,Processor_B,NGN,MOBILE_MONEY,SET-0009
TXN101338,1000.0,SUCCESS,REF-00001338,07-17-2026,Merchant_D,Processor_B,NGN,CARD,SET-0023
TXN104338,5000.0,SUCCESS,REF-00004338,07-30-2026,Merchant_C,Processor_B,NGN,BANK_TRANSFER,SET-0043
TXN102140,50000.0,SUCCESS,REF-00002140,07-17-2026,Merchant_E,Processor_B,NGN,CARD,SET-0027
TXN108030,5000.0,SUCCESS,REF-00008030,07-14-2026,Merchant_A,Processor_B,NGN,USSD,SET-0006
TXN108764,1500.0,FAILED,REF-00008764,07-19-2026,Merchant_C,Processor_B,NGN,CARD,SET-0012
TXN106032,25000.0,SUCCESS,REF-00006032,07-13-2026,Merchant_B,Processor_B,NGN,CARD,SET-0009
TXN105574,15000.0,SUCCESS,REF-00005574,07-20-2026,Merchant_C,Processor_B,NGN,USSD,SET-0015
TXN108349,15000.0,SUCCESS,REF-00008349,07-24-2026,Merchant_A,Processor_B,NGN,USSD,SET-0004
TXN103499,25000.0,SUCCESS,REF-00003499,07-07-2026,Merchant_D,Processor_B,NGN,CARD,SET-0022
TXN100225,2500.0,SUCCESS,REF-00000225,07-28-2026,Merchant_E,Processor_B,NGN,BANK_TRANSFER,SET-0034
TXN108100,50000.0,SUCCESS,REF-00008100,07-07-2026,Merchant_A,Processor_B,NGN,USSD,SET-0006
TXN104321,100000.0,SUCCESS,REF-00004321,07-28-2026,Merchant_C,Processor_B,NGN,CARD,SET-0039
TXN105547,1000.0,SUCCESS,REF-00005547,07-05-2026,Merchant_A,Processor_B,NGN,BANK_TRANSFER,SET-0047
TXN104909,10000.0,SUCCESS,REF-00004909,07-04-2026,Merchant_E,Processor_B,NGN,MOBILE_MONEY,SET-0017
TXN105900,15000.0,SUCCESS,REF-00005900,07-26-2026,Merchant_E,Processor_B,NGN,MOBILE_MONEY,SET-0017
TXN101424,250000.0,SUCCESS,REF-00001424,07-08-2026,Merchant_B,Processor_B,NGN,USSD,SET-0027
TXN101544,250000.0,SUCCESS,REF-00001544,07-05-2026,Merchant_A,Processor_B,NGN,MOBILE_MONEY,SET-0015
TXN101181,5000.0,FAILED,REF-00001181,07-24-2026,Merchant_C,Processor_B,NGN,BANK_TRANSFER,SET-0023
TXN101112,2500.0,SUCCESS,REF-00001112,07-10-2026,Merchant_E,Processor_B,NGN,MOBILE_MONEY,SET-0037
TXN108115,5000.0,SUCCESS,REF-00008115,07-20-2026,Merchant_B,Processor_B,NGN,CARD,SET-0020
TXN106385,15000.0,SUCCESS,REF-00006385,07-20-2026,Merchant_B,Processor_B,NGN,MOBILE_MONEY,SET-0046
TXN104807,250000.0,SUCCESS,REF-00004807,07-14-2026,Merchant_D,Processor_B,NGN,CARD,SET-0034
TXN109575,5000.0,SUCCESS,REF-00009575,07-29-2026,Merchant_E,Processor_B,NGN,CARD,SET-0022
TXN102057,7500.0,SUCCESS,REF-00002057,07-25-2026,Merchant_D,Processor_B,NGN,BANK_TRANSFER,SET-0009
TXN103702,5000.0,SUCCESS,REF-00003702,07-20-2026,Merchant_C,Processor_B,NGN,USSD,SET-0048
TXN100175,1500.0,SUCCESS,REF-00000175,07-01-2026,Merchant_A,Processor_B,NGN,BANK_TRANSFER,SET-0004
TXN102560,50000.0,SUCCESS,REF-00002560,07-23-2026,Merchant_A,Processor_B,NGN,MOBILE_MONEY,SET-0015
TXN109402,10000.0,SUCCESS,REF-00009402,07-07-2026,Merchant_E,Processor_B,NGN,CARD,SET-0014
TXN108263,500.0,FAILED,REF-00008263,07-07-2026,Merchant_C,Processor_B,NGN,USSD,SET-0033
TXN103766,15000.0,SUCCESS,REF-00003766,07-30-2026,Merchant_D,Processor_B,NGN,CARD,SET-0033
TXN100622,5000.0,SUCCESS,REF-00000622,07-31-2026,Merchant_D,Processor_B,NGN,CARD,SET-0017
TXN106501,1000.0,SUCCESS,REF-00006501,07-12-2026,Merchant_B,Processor_B,NGN,BANK_TRANSFER,SET-0012
TXN101074,250000.0,SUCCESS,REF-00001074,07-05-2026,Merchant_C,Processor_B,NGN,CARD,SET-0043
TXN105362,10000.0,SUCCESS,REF-00005362,07-26-2026,Merchant_D,Processor_B,NGN,CARD,SET-0035
TXN108469,500.0,SUCCESS,REF-00008469,07-04-2026,Merchant_E,Processor_B,NGN,MOBILE_MONEY,SET-0049
TXN109609,25000.0,SUCCESS,REF-00009609,07-20-2026,Merchant_D,Processor_B,NGN,CARD,SET-0033
TXN109247,7500.0,SUCCESS,REF-00009247,07-17-2026,Merchant_E,Processor_B,NGN,CARD,SET-0039
TXN109003,7500.0,SUCCESS,REF-00009003,07-01-2026,Merchant_B,Processor_B,NGN,USSD,SET-0002
TXN100027,10000.0,FAILED,REF-00000027,07-02-2026,Merchant_C,Processor_B,NGN,BANK_TRANSFER,SET-0006
TXN107357,100000.0,SUCCESS,REF-00007357,07-09-2026,Merchant_B,Processor_B,NGN,BANK_TRANSFER,SET-0013
TXN105732,15000.0,FAILED,REF-00005732,07-17-2026,Merchant_D,Processor_B,NGN,MOBILE_MONEY,SET-0049
TXN105408,5000.0,SUCCESS,REF-00005408,07-25-2026,Merchant_D,Processor_B,NGN,USSD,SET-0028
TXN102120,50000.0,SUCCESS,REF-00002120,07-11-2026,Merchant_D,Processor_B,NGN,MOBILE_MONEY,SET-0040
TXN100710,25000.0,SUCCESS,REF-00000710,07-29-2026,Merchant_C,Processor_B,NGN,USSD,SET-0035
TXN104752,15000.0,SUCCESS,REF-00004752,07-19-2026,Merchant_B,Processor_B,NGN,BANK_TRANSFER,SET-0022
TXN101127,7500.0,SUCCESS,REF-00001127,07-11-2026,Merchant_D,Processor_B,NGN,CARD,SET-0045
TXN104657,10000.0,SUCCESS,REF-00004657,07-17-2026,Merchant_A,Processor_B,NGN,MOBILE_MONEY,SET-0013
TXN102775,7500.0,SUCCESS,REF-00002775,07-20-2026,Merchant_E,Processor_B,NGN,MOBILE_MONEY,SET-0050
TXN107382,250000.0,SUCCESS,REF-00007382,07-10-2026,Merchant_B,Processor_B,NGN,CARD,SET-0031
TXN106004,1500.0,REFUNDED,REF-00006004,07-27-2026,Merchant_B,Processor_B,NGN,BANK_TRANSFER,SET-0012
TXN108046,25000.0,SUCCESS,REF-00008046,07-22-2026,Merchant_C,Processor_B,NGN,BANK_TRANSFER,SET-0002
TXN103662,1000.0,SUCCESS,REF-00003662,07-21-2026,Merchant_E,Processor_B,NGN,BANK_TRANSFER,SET-0014
TXN107517,2500.0,SUCCESS,REF-00007517,07-10-2026,Merchant_A,Processor_B,NGN,USSD,SET-0039
TXN105738,500.0,SUCCESS,REF-00005738,07-13-2026,Merchant_A,Processor_B,NGN,CARD,SET-0026
TXN102205,100000.0,SUCCESS,REF-00002205,07-13-2026,Merchant_C,Processor_B,NGN,BANK_TRANSFER,SET-0042
TXN100118,100000.0,SUCCESS,REF-00000118,07-13-2026,Merchant_A,Processor_B,NGN,MOBILE_MONEY,SET-0028
TXN102591,50000.0,SUCCESS,REF-00002591,07-07-2026,Merchant_D,Processor_B,NGN,USSD,SET-0045
TXN101608,2500.0,SUCCESS,REF-00001608,07-12-2026,Merchant_C,Processor_B,NGN,CARD,SET-0045
TXN108400,10000.0,SUCCESS,REF-00008400,07-04-2026,Merchant_B,Processor_B,NGN,USSD,SET-0044
TXN104033,250000.0,SUCCESS,REF-00004033,07-20-2026,Merchant_A,Processor_B,NGN,BANK_TRANSFER,SET-0032
TXN103445,15000.0,FAILED,REF-00003445,07-29-2026,Merchant_C,Processor_B,NGN,BANK_TRANSFER,SET-0015
TXN103105,7500.0,SUCCESS,REF-00003105,07-06-2026,Merchant_E,Processor_B,NGN,USSD,SET-0040
TXN101073,500.0,SUCCESS,REF-00001073,07-15-2026,Merchant_C,Processor_B,NGN,BANK_TRANSFER,SET-0047
TXN101987,10000.0,SUCCESS,REF-00001987,07-07-2026,Merchant_B,Processor_B,NGN,MOBILE_MONEY,SET-0034
TXN101017,10000.0,FAILED,REF-00001017,07-28-2026,Merchant_B,Processor_B,NGN,CARD,SET-0037
TXN102891,25000.0,SUCCESS,REF-00002891,07-03-2026,Merchant_C,Processor_B,NGN,MOBILE_MONEY,SET-0046
TXN103990,1000.0,SUCCESS,REF-00003990,07-28-2026,Merchant_D,Processor_B,NGN,CARD,SET-0037
TXN103116,25000.0,SUCCESS,REF-00003116,07-27-2026,Merchant_B,Processor_B,NGN,MOBILE_MONEY,SET-0045
TXN101407,50000.0,SUCCESS,REF-00001407,07-30-2026,Merchant_D,Processor_B,NGN,MOBILE_MONEY,SET-0014
TXN108687,1000.0,SUCCESS,REF-00008687,07-06-2026,Merchant_B,Processor_B,NGN,USSD,SET-0016
TXN104100,15000.0,SUCCESS,REF-00004100,07-12-2026,Merchant_B,Processor_B,NGN,BANK_TRANSFER,SET-0032
TXN109279,1000.0,SUCCESS,REF-00009279,07-14-2026,Merchant_A,Processor_B,NGN,BANK_TRANSFER,SET-0036
TXN104582,25000.0,SUCCESS,REF-00004582,07-26-2026,Merchant_D,Processor_B,NGN,BANK_TRANSFER,SET-0028
TXN103736,15000.0,SUCCESS,REF-00003736,07-04-2026,Merchant_C,Processor_B,NGN,USSD,SET-0044
TXN106189,1500.0,SUCCESS,REF-00006189,07-10-2026,Merchant_B,Processor_B,NGN,CARD,SET-0023
TXN104592,10000.0,SUCCESS,REF-00004592,07-25-2026,Merchant_E,Processor_B,NGN,MOBILE_MONEY,SET-0004
TXN108673,2500.0,SUCCESS,REF-00008673,07-13-2026,Merchant_C,Processor_B,NGN,MOBILE_MONEY,SET-0031
TXN103721,50000.0,SUCCESS,REF-00003721,07-13-2026,Merchant_A,Processor_B,NGN,USSD,SET-0035
TXN105000,7500.0,SUCCESS,REF-00005000,07-23-2026,Merchant_C,Processor_B,NGN,USSD,SET-0019
TXN103726,1000.0,REFUNDED,REF-00003726,07-04-2026,Merchant_E,Processor_B,NGN,CARD,SET-0046
TXN109338,5000.0,SUCCESS,REF-00009338,07-07-2026,Merchant_E,Processor_B,NGN,CARD,SET-0009
TXN100217,25000.0,SUCCESS,REF-00000217,07-28-2026,Merchant_B,Processor_B,NGN,MOBILE_MONEY,SET-0033
TXN103506,250000.0,SUCCESS,REF-00003506,07-05-2026,Merchant_E,Processor_B,NGN,USSD,SET-0019
TXN102458,10000.0,SUCCESS,REF-00002458,07-28-2026,Merchant_A,Processor_B,NGN,MOBILE_MONEY,SET-0049
TXN105435,25000.0,SUCCESS,REF-00005435,07-02-2026,Merchant_A,Processor_B,NGN,CARD,SET-0009
TXN106580,100000.0,SUCCESS,REF-00006580,07-22-2026,Merchant_B,Processor_B,NGN,BANK_TRANSFER,SET-0034
TXN107967,500.0,SUCCESS,REF-00007967,07-14-2026,Merchant_A,Processor_B,NGN,USSD,SET-0028
TXN108800,25000.0,SUCCESS,REF-00008800,07-08-2026,Merchant_B,Processor_B,NGN,MOBILE_MONEY,SET-0003
TXN106225,15000.0,FAILED,REF-00006225,07-13-2026,Merchant_E,Processor_B,NGN,CARD,SET-0009
TXN100371,500.0,FAILED,REF-00000371,07-27-2026,Merchant_D,Processor_B,NGN,BANK_TRANSFER,SET-0050
TXN103432,25000.0,SUCCESS,REF-00003432,07-21-2026,Merchant_E,Processor_B,NGN,MOBILE_MONEY,SET-0020
TXN102802,100000.0,SUCCESS,REF-00002802,07-11-2026,Merchant_D,Processor_B,NGN,BANK_TRANSFER,SET-0021
TXN102792,10000.0,SUCCESS,REF-00002792,07-06-2026,Merchant_A,Processor_B,NGN,CARD,SET-0025
TXN102484,7500.0,SUCCESS,REF-00002484,07-01-2026,Merchant_A,Processor_B,NGN,CARD,SET-0042
TXN104516,10000.0,SUCCESS,REF-00004516,07-15-2026,Merchant_B,Processor_B,NGN,CARD,SET-0038
TXN103615,1000.0,SUCCESS,REF-00003615,07-20-2026,Merchant_B,Processor_B,NGN,CARD,SET-0031
TXN101506,10000.0,FAILED,REF-00001506,07-19-2026,Merchant_A,Processor_B,NGN,BANK_TRANSFER,SET-0041
TXN109907,500.0,SUCCESS,REF-00009907,07-27-2026,Merchant_B,Processor_B,NGN,USSD,SET-0035
TXN107055,1000.0,SUCCESS,REF-00007055,07-17-2026,Merchant_A,Processor_B,NGN,MOBILE_MONEY,SET-0029
TXN105884,10000.0,SUCCESS,REF-00005884,07-25-2026,Merchant_B,Processor_B,NGN,CARD,SET-0013
TXN107169,2500.0,SUCCESS,REF-00007169,07-17-2026,Merchant_C,Processor_B,NGN,MOBILE_MONEY,SET-0005
TXN105782,15000.0,SUCCESS,REF-00005782,07-17-2026,Merchant_C,Processor_B,NGN,BANK_TRANSFER,SET-0006
TXN104065,1000.0,FAILED,REF-00004065,07-08-2026,Merchant_B,Processor_B,NGN,BANK_TRANSFER,SET-0002
TXN102681,50000.0,SUCCESS,REF-00002681,07-12-2026,Merchant_C,Processor_B,NGN,CARD,SET-0021
TXN102492,25000.0,SUCCESS,REF-00002492,07-26-2026,Merchant_B,Processor_B,NGN,MOBILE_MONEY,SET-0045
TXN109750,5000.0,REFUNDED,REF-00009750,07-19-2026,Merchant_C,Processor_B,NGN,USSD,SET-0014
TXN107438,5000.0,SUCCESS,REF-00007438,07-27-2026,Merchant_B,Processor_B,NGN,USSD,SET-0022
TXN104956,5000.0,FAILED,REF-00004956,07-02-2026,Merchant_B,Processor_B,NGN,USSD,SET-0048
TXN108622,10000.0,SUCCESS,REF-00008622,07-03-2026,Merchant_B,Processor_B,NGN,CARD,SET-0026
TXN108557,15000.0,SUCCESS,REF-00008557,07-16-2026,Merchant_E,Processor_B,NGN,BANK_TRANSFER,SET-0001
TXN108409,5000.0,SUCCESS,REF-00008409,07-02-2026,Merchant_C,Processor_B,NGN,BANK_TRANSFER,SET-0035
TXN101945,10000.0,SUCCESS,REF-00001945,07-05-2026,Merchant_A,Processor_B,NGN,USSD,SET-0018
TXN100479,10000.0,SUCCESS,REF-00000479,07-31-2026,Merchant_D,Processor_B,NGN,MOBILE_MONEY,SET-0011
TXN100109,1000.0,SUCCESS,REF-00000109,07-08-2026,Merchant_C,Processor_B,NGN,CARD,SET-0006
TXN109580,5000.0,SUCCESS,REF-00009580,07-25-2026,Merchant_C,Processor_B,NGN,BANK_TRANSFER,SET-0050
TXN102133,10000.0,SUCCESS,REF-00002133,07-15-2026,Merchant_C,Processor_B,NGN,MOBILE_MONEY,SET-0039
TXN100258,10000.0,SUCCESS,REF-00000258,07-10-2026,Merchant_B,Processor_B,NGN,CARD,SET-0033
TXN109867,2500.0,SUCCESS,REF-00009867,07-05-2026,Merchant_E,Processor_B,NGN,USSD,SET-0039
TXN103577,10000.0,SUCCESS,REF-00003577,07-24-2026,Merchant_B,Processor_B,NGN,USSD,SET-0005
TXN108256,2500.0,SUCCESS,REF-00008256,07-17-2026,Merchant_D,Processor_B,NGN,CARD,SET-0008
TXN108659,100000.0,REFUNDED,REF-00008659,07-11-2026,Merchant_D,Processor_B,NGN,BANK_TRANSFER,SET-0002
TXN105368,25000.0,SUCCESS,REF-00005368,07-30-2026,Merchant_B,Processor_B,NGN,USSD,SET-0050
TXN103468,50000.0,SUCCESS,REF-00003468,07-19-2026,Merchant_E,Processor_B,NGN,BANK_TRANSFER,SET-0038
TXN103921,7500.0,SUCCESS,REF-00003921,07-26-2026,Merchant_D,Processor_B,NGN,CARD,SET-0004
TXN100606,2500.0,SUCCESS,REF-00000606,07-26-2026,Merchant_B,Processor_B,NGN,CARD,SET-0042
TXN101523,1000.0,SUCCESS,REF-00001523,07-15-2026,Merchant_D,Processor_B,NGN,BANK_TRANSFER,SET-0037
TXN104949,50000.0,SUCCESS,REF-00004949,07-27-2026,Merchant_A,Processor_B,NGN,MOBILE_MONEY,SET-0040
TXN101486,7500.0,SUCCESS,REF-00001486,07-13-2026,Merchant_C,Processor_B,NGN,CARD,SET-0014
TXN108273,10000.0,SUCCESS,REF-00008273,07-21-2026,Merchant_B,Processor_B,NGN,BANK_TRANSFER,SET-0039
TXN105442,1500.0,SUCCESS,REF-00005442,07-04-2026,Merchant_C,Processor_B,NGN,CARD,SET-0040
TXN104070,5000.0,SUCCESS,REF-00004070,07-06-2026,Merchant_D,Processor_B,NGN,MOBILE_MONEY,SET-0012
TXN104472,2500.0,SUCCESS,REF-00004472,07-27-2026,Merchant_C,Processor_B,NGN,BANK_TRANSFER,SET-0026
TXN107037,7500.0,SUCCESS,REF-00007037,07-08-2026,Merchant_C,Processor_B,NGN,MOBILE_MONEY,SET-0029
TXN109131,25000.0,SUCCESS,REF-00009131,07-05-2026,Merchant_D,Processor_B,NGN,CARD,SET-0045
TXN106125,25000.0,SUCCESS,REF-00006125,07-26-2026,Merchant_A,Processor_B,NGN,BANK_TRANSFER,SET-0035
TXN104547,15000.0,SUCCESS,REF-00004547,07-19-2026,Merchant_B,Processor_B,NGN,BANK_TRANSFER,SET-0035
TXN103635,10000.0,SUCCESS,REF-00003635,07-23-2026,Merchant_D,Processor_B,NGN,BANK_TRANSFER,SET-0049
TXN107873,100000.0,SUCCESS,REF-00007873,07-17-2026,Merchant_B,Processor_B,NGN,USSD,SET-0029
TXN104172,7500.0,SUCCESS,REF-00004172,07-02-2026,Merchant_C,Processor_B,NGN,MOBILE_MONEY,SET-0009
TXN106576,100000.0,SUCCESS,REF-00006576,07-02-2026,Merchant_D,Processor_B,NGN,BANK_TRANSFER,SET-0018
TXN108423,500.0,SUCCESS,REF-00008423,07-07-2026,Merchant_A,Processor_B,NGN,CARD,SET-0041
TXN104934,10000.0,SUCCESS,REF-00004934,07-30-2026,Merchant_D,Processor_B,NGN,USSD,SET-0045
TXN103559,7500.0,SUCCESS,REF-00003559,07-09-2026,Merchant_B,Processor_B,NGN,CARD,SET-0002
TXN104555,10000.0,SUCCESS,REF-00004555,07-09-2026,Merchant_E,Processor_B,NGN,CARD,SET-0040
TXN107482,7500.0,SUCCESS,REF-00007482,07-16-2026,Merchant_E,Processor_B,NGN,BANK_TRANSFER,SET-0009
TXN102858,500.0,SUCCESS,REF-00002858,07-18-2026,Merchant_A,Processor_B,NGN,CARD,SET-0024
TXN107743,5000.0,SUCCESS,REF-00007743,07-20-2026,Merchant_E,Processor_B,NGN,MOBILE_MONEY,SET-0021
TXN102251,100000.0,SUCCESS,REF-00002251,07-10-2026,Merchant_A,Processor_B,NGN,BANK_TRANSFER,SET-0015
TXN107929,1500.0,SUCCESS,REF-00007929,07-19-2026,Merchant_B,Processor_B,NGN,USSD,SET-0019
TXN100656,5000.0,SUCCESS,REF-00000656,07-30-2026,Merchant_D,Processor_B,NGN,MOBILE_MONEY,SET-0025
TXN102180,5000.0,SUCCESS,REF-00002180,07-05-2026,Merchant_A,Processor_B,NGN,USSD,SET-0043
PROC_ONLY1020,5000.0,SUCCESS,PROC-ONLY-REF-00020,07-03-2026,Merchant_B,Processor_B,NGN,BANK_TRANSFER,SET-0017
TXN103469,1500.0,SUCCESS,REF-00003469,07-05-2026,Merchant_C,Processor_B,NGN,BANK_TRANSFER,SET-0014
TXN108620,250000.0,SUCCESS,REF-00008620,07-05-2026,Merchant_D,Processor_B,NGN,BANK_TRANSFER,SET-0034
TXN107194,50000.0,SUCCESS,REF-00007194,07-16-2026,Merchant_C,Processor_B,NGN,MOBILE_MONEY,SET-0044
TXN103585,5000.0,SUCCESS,REF-00003585,07-12-2026,Merchant_D,Processor_B,NGN,CARD,SET-0010
TXN103198,1000.0,SUCCESS,REF-00003198,07-14-2026,Merchant_E,Processor_B,NGN,BANK_TRANSFER,SET-0009
TXN106400,15000.0,SUCCESS,REF-00006400,07-03-2026,Merchant_A,Processor_B,NGN,BANK_TRANSFER,SET-0031
TXN103191,100000.0,SUCCESS,REF-00003191,07-21-2026,Merchant_C,Processor_B,NGN,BANK_TRANSFER,SET-0001
TXN107699,5000.0,SUCCESS,REF-00007699,07-31-2026,Merchant_A,Processor_B,NGN,USSD,SET-0026
TXN103498,2500.0,SUCCESS,REF-00003498,07-19-2026,Merchant_E,Processor_B,NGN,CARD,SET-0026
TXN104407,1500.0,SUCCESS,REF-00004407,07-09-2026,Merchant_C,Processor_B,NGN,BANK_TRANSFER,SET-0021
TXN108258,15000.0,SUCCESS,REF-00008258,07-17-2026,Merchant_B,Processor_B,NGN,CARD,SET-0037
TXN102647,10000.0,SUCCESS,REF-00002647,07-14-2026,Merchant_B,Processor_B,NGN,CARD,SET-0040
TXN100393,25000.0,SUCCESS,REF-00000393,07-20-2026,Merchant_E,Processor_B,NGN,MOBILE_MONEY,SET-0016
TXN109833,250000.0,REFUNDED,REF-00009833,07-24-2026,Merchant_E,Processor_B,NGN,BANK_TRANSFER,SET-0005
TXN102550,5000.0,SUCCESS,REF-00002550,07-22-2026,Merchant_C,Processor_B,NGN,BANK_TRANSFER,SET-0041
TXN108116,25000.0,SUCCESS,REF-00008116,07-15-2026,Merchant_B,Processor_B,NGN,USSD,SET-0012
TXN102145,50000.0,SUCCESS,REF-00002145,07-18-2026,Merchant_E,Processor_B,NGN,CARD,SET-0008
TXN109525,7500.0,SUCCESS,REF-00009525,07-12-2026,Merchant_C,Processor_B,NGN,BANK_TRANSFER,SET-0044
TXN107369,100000.0,SUCCESS,REF-00007369,07-12-2026,Merchant_C,Processor_B,NGN,BANK_TRANSFER,SET-0040
TXN100738,7500.0,SUCCESS,REF-00000738,07-29-2026,Merchant_D,Processor_B,NGN,BANK_TRANSFER,SET-0013
TXN100200,15000.0,SUCCESS,REF-00000200,07-20-2026,Merchant_C,Processor_B,NGN,MOBILE_MONEY,SET-0050
TXN107343,10000.0,SUCCESS,REF-00007343,07-12-2026,Merchant_E,Processor_B,NGN,MOBILE_MONEY,SET-0038
TXN101154,15000.0,SUCCESS,REF-00001154,07-05-2026,Merchant_B,Processor_B,NGN,CARD,SET-0025
TXN108520,7500.0,SUCCESS,REF-00008520,07-06-2026,Merchant_B,Processor_B,NGN,BANK_TRANSFER,SET-0042
TXN106596,1000.0,SUCCESS,REF-00006596,07-03-2026,Merchant_C,Processor_B,NGN,MOBILE_MONEY,SET-0029
TXN109392,2500.0,SUCCESS,REF-00009392,07-03-2026,Merchant_C,Processor_B,NGN,MOBILE_MONEY,SET-0040
TXN101156,1500.0,FAILED,REF-00001156,07-28-2026,Merchant_D,Processor_B,NGN,CARD,SET-0035
TXN104024,15000.0,SUCCESS,REF-00004024,07-02-2026,Merchant_C,Processor_B,NGN,USSD,SET-0033
TXN108358,1000.0,SUCCESS,REF-00008358,07-25-2026,Merchant_A,Processor_B,NGN,BANK_TRANSFER,SET-0003
TXN105576,15000.0,SUCCESS,REF-00005576,07-29-2026,Merchant_B,Processor_B,NGN,MOBILE_MONEY,SET-0041
TXN101783,15000.0,SUCCESS,REF-00001783,07-14-2026,Merchant_E,Processor_B,NGN,MOBILE_MONEY,SET-0037
TXN106235,50000.0,SUCCESS,REF-00006235,07-21-2026,Merchant_E,Processor_B,NGN,MOBILE_MONEY,SET-0021
TXN103837,1000.0,SUCCESS,REF-00003837,07-06-2026,Merchant_D,Processor_B,NGN,BANK_TRANSFER,SET-0023
TXN105347,2500.0,SUCCESS,REF-00005347,07-18-2026,Merchant_A,Processor_B,NGN,BANK_TRANSFER,SET-0037
TXN102616,5000.0,SUCCESS,REF-00002616,07-02-2026,Merchant_A,Processor_B,NGN,MOBILE_MONEY,SET-0004
TXN109716,2500.0,SUCCESS,REF-00009716,07-23-2026,Merchant_D,Processor_B,NGN,CARD,SET-0037
TXN106852,100000.0,SUCCESS,REF-00006852,07-04-2026,Merchant_B,Processor_B,NGN,CARD,SET-0038
TXN104580,100000.0,SUCCESS,REF-00004580,07-13-2026,Merchant_C,Processor_B,NGN,CARD,SET-0043
TXN100105,2500.0,SUCCESS,REF-00000105,07-14-2026,Merchant_D,Processor_B,NGN,MOBILE_MONEY,SET-0037
TXN107946,15000.0,SUCCESS,REF-00007946,07-29-2026,Merchant_E,Processor_B,NGN,BANK_TRANSFER,SET-0028
TXN108447,50000.0,SUCCESS,REF-00008447,07-15-2026,Merchant_E,Processor_B,NGN,CARD,SET-0003
TXN106363,7500.0,SUCCESS,REF-00006363,07-15-2026,Merchant_C,Processor_B,NGN,CARD,SET-0038
TXN108993,10000.0,SUCCESS,REF-00008993,07-22-2026,Merchant_E,Processor_B,NGN,BANK_TRANSFER,SET-0035
TXN102928,25000.0,SUCCESS,REF-00002928,07-11-2026,Merchant_C,Processor_B,NGN,USSD,SET-0012
TXN104634,1500.0,SUCCESS,REF-00004634,07-05-2026,Merchant_E,Processor_B,NGN,USSD,SET-0026
TXN103380,5000.0,SUCCESS,REF-00003380,07-02-2026,Merchant_B,Processor_B,NGN,USSD,SET-0042
TXN108126,1500.0,SUCCESS,REF-00008126,07-26-2026,Merchant_B,Processor_B,NGN,USSD,SET-0049
TXN106629,25000.0,SUCCESS,REF-00006629,07-03-2026,Merchant_E,Processor_B,NGN,USSD,SET-0017
TXN107372,1000.0,SUCCESS,REF-00007372,07-22-2026,Merchant_D,Processor_B,NGN,USSD,SET-0047
TXN105546,1000.0,SUCCESS,REF-00005546,07-04-2026,Merchant_E,Processor_B,NGN,BANK_TRANSFER,SET-0010
TXN102000,2500.0,SUCCESS,REF-00002000,07-13-2026,Merchant_E,Processor_B,NGN,MOBILE_MONEY,SET-0043
TXN108196,15000.0,SUCCESS,REF-00008196,07-25-2026,Merchant_B,Processor_B,NGN,MOBILE_MONEY,SET-0009
TXN102166,15000.0,SUCCESS,REF-00002166,07-03-2026,Merchant_E,Processor_B,NGN,BANK_TRANSFER,SET-0021
TXN101205,25000.0,FAILED,REF-00001205,07-14-2026,Merchant_A,Processor_B,NGN,BANK_TRANSFER,SET-0001
TXN104468,100000.0,SUCCESS,REF-00004468,07-17-2026,Merchant_C,Processor_B,NGN,CARD,SET-0031
TXN104859,100000.0,SUCCESS,REF-00004859,07-17-2026,Merchant_C,Processor_B,NGN,USSD,SET-0045
TXN102488,10000.0,SUCCESS,REF-00002488,07-30-2026,Merchant_D,Processor_B,NGN,CARD,SET-0030
TXN101837,5000.0,SUCCESS,REF-00001837,07-13-2026,Merchant_A,Processor_B,NGN,USSD,SET-0017
TXN100330,5000.0,SUCCESS,REF-00000330,07-19-2026,Merchant_E,Processor_B,NGN,USSD,SET-0003
TXN101231,2500.0,SUCCESS,REF-00001231,07-05-2026,Merchant_B,Processor_B,NGN,USSD,SET-0022
TXN104777,5000.0,SUCCESS,REF-00004777,07-07-2026,Merchant_A,Processor_B,NGN,CARD,SET-0025
TXN107790,10000.0,FAILED,REF-00007790,07-11-2026,Merchant_C,Processor_B,NGN,CARD,SET-0048
TXN109817,7500.0,FAILED,REF-00009817,07-24-2026,Merchant_C,Processor_B,NGN,CARD,SET-0013
TXN100255,10000.0,SUCCESS,REF-00000255,07-05-2026,Merchant_D,Processor_B,NGN,BANK_TRANSFER,SET-0022
TXN108770,2500.0,SUCCESS,REF-00008770,07-23-2026,Merchant_C,Processor_B,NGN,BANK_TRANSFER,SET-0015
TXN106138,15000.0,FAILED,REF-00006138,07-01-2026,Merchant_E,Processor_B,NGN,CARD,SET-0018
TXN102264,15000.0,SUCCESS,REF-00002264,07-07-2026,Merchant_B,Processor_B,NGN,CARD,SET-0023
TXN107502,1500.0,FAILED,REF-00007502,07-08-2026,Merchant_C,Processor_B,NGN,MOBILE_MONEY,SET-0001
TXN104797,25000.0,SUCCESS,REF-00004797,07-21-2026,Merchant_E,Processor_B,NGN,USSD,SET-0021
TXN100039,7500.0,SUCCESS,REF-00000039,07-27-2026,Merchant_A,Processor_B,NGN,CARD,SET-0050
TXN107192,10000.0,SUCCESS,REF-00007192,07-10-2026,Merchant_C,Processor_B,NGN,MOBILE_MONEY,SET-0030
TXN100790,1500.0,SUCCESS,REF-00000790,07-26-2026,Merchant_C,Processor_B,NGN,CARD,SET-0036
TXN103203,50000.0,SUCCESS,REF-00003203,07-13-2026,Merchant_D,Processor_B,NGN,BANK_TRANSFER,SET-0010
TXN103545,1500.0,SUCCESS,REF-00003545,07-22-2026,Merchant_A,Processor_B,NGN,MOBILE_MONEY,SET-0019
TXN104245,100000.0,SUCCESS,REF-00004245,07-27-2026,Merchant_C,Processor_B,NGN,CARD,SET-0045
TXN109411,15000.0,SUCCESS,REF-00009411,07-29-2026,Merchant_E,Processor_B,NGN,BANK_TRANSFER,SET-0005
TXN109404,1500.0,SUCCESS,REF-00009404,07-26-2026,Merchant_C,Processor_B,NGN,CARD,SET-0042
TXN108019,100000.0,SUCCESS,REF-00008019,07-27-2026,Merchant_C,Processor_B,NGN,CARD,SET-0048
TXN109093,25000.0,SUCCESS,REF-00009093,07-08-2026,Merchant_A,Processor_B,NGN,CARD,SET-0012
TXN104631,5000.0,SUCCESS,REF-00004631,07-02-2026,Merchant_C,Processor_B,NGN,USSD,SET-0012
TXN107152,250000.0,REFUNDED,REF-00007152,07-28-2026,Merchant_E,Processor_B,NGN,USSD,SET-0048
TXN108018,7500.0,SUCCESS,REF-00008018,07-08-2026,Merchant_B,Processor_B,NGN,MOBILE_MONEY,SET-0019
TXN108630,15000.0,FAILED,REF-00008630,07-30-2026,Merchant_C,Processor_B,NGN,CARD,SET-0030
TXN104967,25000.0,SUCCESS,REF-00004967,07-15-2026,Merchant_A,Processor_B,NGN,USSD,SET-0018
TXN102557,5000.0,SUCCESS,REF-00002557,07-19-2026,Merchant_D,Processor_B,NGN,CARD,SET-0017
TXN106543,2500.0,SUCCESS,REF-00006543,07-12-2026,Merchant_B,Processor_B,NGN,CARD,SET-0022
TXN102683,5000.0,SUCCESS,REF-00002683,07-04-2026,Merchant_C,Processor_B,NGN,CARD,SET-0009
TXN101476,50000.0,SUCCESS,REF-00001476,07-04-2026,Merchant_B,Processor_B,NGN,CARD,SET-0025
TXN106801,1000.0,SUCCESS,REF-00006801,07-10-2026,Merchant_E,Processor_B,NGN,MOBILE_MONEY,SET-0024
TXN105229,15000.0,FAILED,REF-00005229,07-15-2026,Merchant_B,Processor_B,NGN,MOBILE_MONEY,SET-0014
TXN100957,1000.0,SUCCESS,REF-00000957,07-09-2026,Merchant_E,Processor_B,NGN,CARD,SET-0037
TXN108283,5000.0,SUCCESS,REF-00008283,07-01-2026,Merchant_E,Processor_B,NGN,CARD,SET-0014
TXN101538,1500.0,SUCCESS,REF-00001538,07-11-2026,Merchant_D,Processor_B,NGN,MOBILE_MONEY,SET-0030
TXN103967,1000.0,FAILED,REF-00003967,07-02-2026,Merchant_D,Processor_B,NGN,MOBILE_MONEY,SET-0047
TXN103052,2500.0,REFUNDED,REF-00003052,07-21-2026,Merchant_E,Processor_B,NGN,BANK_TRANSFER,SET-0029
TXN108222,1000.0,SUCCESS,REF-00008222,07-01-2026,Merchant_D,Processor_B,NGN,MOBILE_MONEY,SET-0014
TXN109424,100000.0,SUCCESS,REF-00009424,07-28-2026,Merchant_E,Processor_B,NGN,BANK_TRANSFER,SET-0021
TXN109416,15000.0,SUCCESS,REF-00009416,07-10-2026,Merchant_A,Processor_B,NGN,USSD,SET-0048
TXN108197,5000.0,SUCCESS,REF-00008197,07-20-2026,Merchant_D,Processor_B,NGN,CARD,SET-0007
TXN109837,2500.0,SUCCESS,REF-00009837,07-12-2026,Merchant_A,Processor_B,NGN,BANK_TRANSFER,SET-0028
TXN105227,100000.0,SUCCESS,REF-00005227,07-28-2026,Merchant_B,Processor_B,NGN,MOBILE_MONEY,SET-0022
TXN107589,1000.0,SUCCESS,REF-00007589,07-03-2026,Merchant_A,Processor_B,NGN,USSD,SET-0033
TXN105239,5000.0,SUCCESS,REF-00005239,07-27-2026,Merchant_E,Processor_B,NGN,CARD,SET-0018
TXN106104,1500.0,SUCCESS,REF-00006104,07-02-2026,Merchant_C,Processor_B,NGN,BANK_TRANSFER,SET-0023
TXN101013,500.0,SUCCESS,REF-00001013,07-21-2026,Merchant_C,Processor_B,NGN,USSD,SET-0039
TXN109562,25000.0,SUCCESS,REF-00009562,07-26-2026,Merchant_B,Processor_B,NGN,USSD,SET-0013
TXN103890,25000.0,SUCCESS,REF-00003890,07-11-2026,Merchant_D,Processor_B,NGN,USSD,SET-0020
TXN104815,100000.0,SUCCESS,REF-00004815,07-16-2026,Merchant_E,Processor_B,NGN,MOBILE_MONEY,SET-0014
TXN101648,25000.0,SUCCESS,REF-00001648,07-19-2026,Merchant_E,Processor_B,NGN,BANK_TRANSFER,SET-0026
TXN107040,25000.0,SUCCESS,REF-00007040,07-15-2026,Merchant_E,Processor_B,NGN,MOBILE_MONEY,SET-0019
TXN107310,250000.0,SUCCESS,REF-00007310,07-08-2026,Merchant_C,Processor_B,NGN,USSD,SET-0037
TXN107429,15000.0,SUCCESS,REF-00007429,07-25-2026,Merchant_C,Processor_B,NGN,MOBILE_MONEY,SET-0038
TXN106691,2500.0,SUCCESS,REF-00006691,07-27-2026,Merchant_D,Processor_B,NGN,MOBILE_MONEY,SET-0036
TXN103668,500.0,FAILED,REF-00003668-X,07-09-2026,Merchant_D,Processor_B,NGN,USSD,SET-0002
TXN108985,25000.0,SUCCESS,REF-00008985,07-07-2026,Merchant_D,Processor_B,NGN,CARD,SET-0006
TXN102867,25000.0,SUCCESS,REF-00002867,07-30-2026,Merchant_B,Processor_B,NGN,USSD,SET-0004
TXN105208,50000.0,SUCCESS,REF-00005208,07-03-2026,Merchant_C,Processor_B,NGN,CARD,SET-0043
TXN106349,25000.0,SUCCESS,REF-00006349,07-09-2026,Merchant_D,Processor_B,NGN,BANK_TRANSFER,SET-0023
TXN103039,10000.0,SUCCESS,REF-00003039,07-04-2026,Merchant_C,Processor_B,NGN,USSD,SET-0036
TXN103280,7500.0,SUCCESS,REF-00003280,07-03-2026,Merchant_B,Processor_B,NGN,USSD,SET-0037
TXN108965,15000.0,SUCCESS,REF-00008965,07-03-2026,Merchant_D,Processor_B,NGN,MOBILE_MONEY,SET-0011
TXN108031,15000.0,SUCCESS,REF-00008031,07-22-2026,Merchant_C,Processor_B,NGN,USSD,SET-0047
TXN102990,1500.0,FAILED,REF-00002990,07-24-2026,Merchant_E,Processor_B,NGN,CARD,SET-0036
TXN104946,15000.0,SUCCESS,REF-00004946,07-13-2026,Merchant_A,Processor_B,NGN,USSD,SET-0039
TXN100427,100000.0,SUCCESS,REF-00000427,07-27-2026,Merchant_E,Processor_B,NGN,CARD,SET-0039
TXN109348,15000.0,SUCCESS,REF-00009348,07-22-2026,Merchant_A,Processor_B,NGN,MOBILE_MONEY,SET-0005
TXN108496,250000.0,REFUNDED,REF-00008496-X,07-12-2026,Merchant_E,Processor_B,NGN,BANK_TRANSFER,SET-0040
TXN108278,7500.0,SUCCESS,REF-00008278,07-04-2026,Merchant_D,Processor_B,NGN,BANK_TRANSFER,SET-0018
TXN101728,50000.0,FAILED,REF-00001728,07-05-2026,Merchant_A,Processor_B,NGN,MOBILE_MONEY,SET-0008
TXN104340,7500.0,SUCCESS,REF-00004340,07-03-2026,Merchant_E,Processor_B,NGN,CARD,SET-0031
TXN102099,7500.0,SUCCESS,REF-00002099,07-14-2026,Merchant_A,Processor_B,NGN,CARD,SET-0001
TXN103597,10000.0,SUCCESS,REF-00003597,07-14-2026,Merchant_E,Processor_B,NGN,MOBILE_MONEY,SET-0020
TXN102687,7500.0,SUCCESS,REF-00002687,07-31-2026,Merchant_E,Processor_B,NGN,CARD,SET-0027
TXN101454,500.0,REFUNDED,REF-00001454,07-08-2026,Merchant_A,Processor_B,NGN,USSD,SET-0045
TXN101666,2500.0,SUCCESS,REF-00001666,07-15-2026,Merchant_D,Processor_B,NGN,MOBILE_MONEY,SET-0024
TXN103433,7500.0,SUCCESS,REF-00003433,07-10-2026,Merchant_A,Processor_B,NGN,BANK_TRANSFER,SET-0015
TXN103368,2500.0,SUCCESS,REF-00003368,07-07-2026,Merchant_E,Processor_B,NGN,USSD,SET-0001
TXN108319,10000.0,SUCCESS,REF-00008319,07-16-2026,Merchant_A,Processor_B,NGN,MOBILE_MONEY,SET-0001
TXN101532,25000.0,FAILED,REF-00001532,07-18-2026,Merchant_C,Processor_B,NGN,CARD,SET-0021
TXN101891,7500.0,SUCCESS,REF-00001891,07-27-2026,Merchant_E,Processor_B,NGN,CARD,SET-0003
TXN108657,2500.0,SUCCESS,REF-00008657,07-23-2026,Merchant_C,Processor_B,NGN,BANK_TRANSFER,SET-0040
TXN104903,5000.0,SUCCESS,REF-00004903,07-08-2026,Merchant_E,Processor_B,NGN,BANK_TRANSFER,SET-0020
TXN103046,7500.0,SUCCESS,REF-00003046,07-17-2026,Merchant_C,Processor_B,NGN,USSD,SET-0030
TXN105687,100000.0,SUCCESS,REF-00005687,07-10-2026,Merchant_C,Processor_B,NGN,USSD,SET-0039
TXN103455,1500.0,SUCCESS,REF-00003455,07-23-2026,Merchant_D,Processor_B,NGN,CARD,SET-0010
TXN108282,100000.0,SUCCESS,REF-00008282,07-04-2026,Merchant_A,Processor_B,NGN,BANK_TRANSFER,SET-0039
TXN109418,10000.0,SUCCESS,REF-00009418,07-26-2026,Merchant_B,Processor_B,NGN,CARD,SET-0028
TXN100340,10000.0,SUCCESS,REF-00000340,07-08-2026,Merchant_C,Processor_B,NGN,MOBILE_MONEY,SET-0038
TXN102207,50000.0,SUCCESS,REF-00002207,07-29-2026,Merchant_D,Processor_B,NGN,MOBILE_MONEY,SET-0013
TXN109273,5000.0,SUCCESS,REF-00009273,07-16-2026,Merchant_D,Processor_B,NGN,BANK_TRANSFER,SET-0042
TXN105824,1500.0,SUCCESS,REF-00005824,07-19-2026,Merchant_C,Processor_B,NGN,CARD,SET-0025
TXN103234,7500.0,SUCCESS,REF-00003234,07-10-2026,Merchant_E,Processor_B,NGN,USSD,SET-0005
TXN105317,250000.0,SUCCESS,REF-00005317,07-27-2026,Merchant_D,Processor_B,NGN,BANK_TRANSFER,SET-0013
TXN102495,10000.0,REFUNDED,REF-00002495,07-02-2026,Merchant_D,Processor_B,NGN,BANK_TRANSFER,SET-0050
TXN100346,15000.0,SUCCESS,REF-00000346,07-28-2026,Merchant_D,Processor_B,NGN,CARD,SET-0020
TXN101955,100000.0,SUCCESS,REF-00001955,07-27-2026,Merchant_A,Processor_B,NGN,CARD,SET-0016
TXN109159,7500.0,SUCCESS,REF-00009159,07-31-2026,Merchant_A,Processor_B,NGN,BANK_TRANSFER,SET-0031
TXN109033,50000.0,SUCCESS,REF-00009033,07-20-2026,Merchant_B,Processor_B,NGN,CARD,SET-0029
TXN109795,10000.0,SUCCESS,REF-00009795,07-24-2026,Merchant_E,Processor_B,NGN,BANK_TRANSFER,SET-0038
TXN101899,25000.0,SUCCESS,REF-00001899,07-09-2026,Merchant_A,Processor_B,NGN,USSD,SET-0034
TXN101054,250000.0,REFUNDED,REF-00001054,07-22-2026,Merchant_D,Processor_B,NGN,USSD,SET-0050
TXN100749,15000.0,SUCCESS,REF-00000749,07-04-2026,Merchant_A,Processor_B,NGN,MOBILE_MONEY,SET-0005
TXN107927,50000.0,SUCCESS,REF-00007927,07-02-2026,Merchant_D,Processor_B,NGN,BANK_TRANSFER,SET-0027
TXN108396,10000.0,SUCCESS,REF-00008396,07-27-2026,Merchant_D,Processor_B,NGN,CARD,SET-0022
TXN108519,50000.0,SUCCESS,REF-00008519,07-11-2026,Merchant_E,Processor_B,NGN,USSD,SET-0047
TXN100129,10000.0,SUCCESS,REF-00000129,07-09-2026,Merchant_C,Processor_B,NGN,BANK_TRANSFER,SET-0015
TXN109318,15000.0,REFUNDED,REF-00009318,07-04-2026,Merchant_B,Processor_B,NGN,BANK_TRANSFER,SET-0014
TXN102966,25000.0,SUCCESS,REF-00002966,07-30-2026,Merchant_C,Processor_B,NGN,MOBILE_MONEY,SET-0043
TXN102627,15000.0,FAILED,REF-00002627,07-26-2026,Merchant_E,Processor_B,NGN,CARD,SET-0041
TXN102349,500.0,SUCCESS,REF-00002349,07-29-2026,Merchant_A,Processor_B,NGN,BANK_TRANSFER,SET-0046
TXN103647,7500.0,SUCCESS,REF-00003647,07-16-2026,Merchant_E,Processor_B,NGN,USSD,SET-0018
TXN103385,100000.0,SUCCESS,REF-00003385,07-06-2026,Merchant_C,Processor_B,NGN,MOBILE_MONEY,SET-0021
TXN100012,50000.0,FAILED,REF-00000012-X,07-11-2026,Merchant_B,Processor_B,NGN,USSD,SET-0025
TXN104696,10000.0,SUCCESS,REF-00004696,07-30-2026,Merchant_C,Processor_B,NGN,CARD,SET-0002
TXN106816,2500.0,SUCCESS,REF-00006816,07-06-2026,Merchant_E,Processor_B,NGN,MOBILE_MONEY,SET-0003
TXN109614,250000.0,SUCCESS,REF-00009614,07-02-2026,Merchant_C,Processor_B,NGN,CARD,SET-0050
TXN107342,25000.0,SUCCESS,REF-00007342,07-28-2026,Merchant_A,Processor_B,NGN,BANK_TRANSFER,SET-0024
TXN103225,100000.0,SUCCESS,REF-00003225,07-15-2026,Merchant_D,Processor_B,NGN,MOBILE_MONEY,SET-0036
TXN102515,100000.0,SUCCESS,REF-00002515,07-06-2026,Merchant_C,Processor_B,NGN,USSD,SET-0004
TXN102030,2500.0,SUCCESS,REF-00002030,07-02-2026,Merchant_C,Processor_B,NGN,CARD,SET-0047
TXN105041,15000.0,SUCCESS,REF-00005041,07-15-2026,Merchant_B,Processor_B,NGN,USSD,SET-0002
TXN106932,7500.0,SUCCESS,REF-00006932,07-18-2026,Merchant_C,Processor_B,NGN,MOBILE_MONEY,SET-0011
TXN107700,250000.0,SUCCESS,REF-00007700,07-29-2026,Merchant_C,Processor_B,NGN,MOBILE_MONEY,SET-0018
TXN106972,1000.0,SUCCESS,REF-00006972,07-13-2026,Merchant_D,Processor_B,NGN,BANK_TRANSFER,SET-0021
TXN106509,15000.0,SUCCESS,REF-00006509,07-06-2026,Merchant_C,Processor_B,NGN,CARD,SET-0049
TXN103449,1000.0,SUCCESS,REF-00003449,07-26-2026,Merchant_B,Processor_B,NGN,CARD,SET-0025
TXN101708,15000.0,SUCCESS,REF-00001708,07-22-2026,Merchant_E,Processor_B,NGN,CARD,SET-0023
TXN100142,10000.0,FAILED,REF-00000142,07-31-2026,Merchant_E,Processor_B,NGN,BANK_TRANSFER,SET-0049
TXN102562,1000.0,SUCCESS,REF-00002562,07-04-2026,Merchant_B,Processor_B,NGN,BANK_TRANSFER,SET-0016
TXN105843,500.0,SUCCESS,REF-00005843,07-25-2026,Merchant_E,Processor_B,NGN,USSD,SET-0001
TXN108104,50000.0,SUCCESS,REF-00008104,07-19-2026,Merchant_A,Processor_B,NGN,USSD,SET-0006
TXN105357,250000.0,FAILED,REF-00005357,07-06-2026,Merchant_E,Processor_B,NGN,CARD,SET-0050
TXN102505,1000.0,REFUNDED,REF-00002505,07-23-2026,Merchant_C,Processor_B,NGN,MOBILE_MONEY,SET-0032
TXN103353,10000.0,SUCCESS,REF-00003353,07-20-2026,Merchant_D,Processor_B,NGN,USSD,SET-0028
TXN103496,50000.0,FAILED,REF-00003496,07-20-2026,Merchant_C,Processor_B,NGN,MOBILE_MONEY,SET-0008
TXN107419,25000.0,SUCCESS,REF-00007419,07-21-2026,Merchant_C,Processor_B,NGN,CARD,SET-0024
TXN105593,250000.0,SUCCESS,REF-00005593,07-01-2026,Merchant_A,Processor_B,NGN,MOBILE_MONEY,SET-0022
TXN102904,10000.0,SUCCESS,REF-00002904,07-02-2026,Merchant_E,Processor_B,NGN,CARD,SET-0029
TXN107920,15000.0,SUCCESS,REF-00007920,07-10-2026,Merchant_E,Processor_B,NGN,USSD,SET-0005
TXN101162,5000.0,SUCCESS,REF-00001162,07-01-2026,Merchant_D,Processor_B,NGN,MOBILE_MONEY,SET-0019
TXN107549,25000.0,SUCCESS,REF-00007549,07-10-2026,Merchant_E,Processor_B,NGN,MOBILE_MONEY,SET-0048
TXN106986,7500.0,SUCCESS,REF-00006986,07-03-2026,Merchant_C,Processor_B,NGN,MOBILE_MONEY,SET-0018
TXN100061,5000.0,SUCCESS,REF-00000061,07-07-2026,Merchant_D,Processor_B,NGN,CARD,SET-0038
TXN102042,10000.0,SUCCESS,REF-00002042,07-29-2026,Merchant_B,Processor_B,NGN,CARD,SET-0043
TXN100103,10000.0,SUCCESS,REF-00000103,07-30-2026,Merchant_D,Processor_B,NGN,USSD,SET-0004
TXN108629,15000.0,SUCCESS,REF-00008629,07-13-2026,Merchant_D,Processor_B,NGN,USSD,SET-0042
TXN109485,15000.0,SUCCESS,REF-00009485,07-04-2026,Merchant_A,Processor_B,NGN,USSD,SET-0010
TXN108412,5000.0,FAILED,REF-00008412,07-06-2026,Merchant_B,Processor_B,NGN,BANK_TRANSFER,SET-0039
TXN101559,100000.0,SUCCESS,REF-00001559,07-08-2026,Merchant_E,Processor_B,NGN,BANK_TRANSFER,SET-0023
TXN107232,1000.0,SUCCESS,REF-00007232,07-03-2026,Merchant_E,Processor_B,NGN,USSD,SET-0035
TXN102764,1500.0,SUCCESS,REF-00002764,07-29-2026,Merchant_E,Processor_B,NGN,BANK_TRANSFER,SET-0007
TXN105418,10000.0,SUCCESS,REF-00005418,07-22-2026,Merchant_E,Processor_B,NGN,MOBILE_MONEY,SET-0048
TXN105529,5000.0,SUCCESS,REF-00005529,07-20-2026,Merchant_E,Processor_B,NGN,MOBILE_MONEY,SET-0033
TXN101599,100000.0,SUCCESS,REF-00001599,07-02-2026,Merchant_A,Processor_B,NGN,CARD,SET-0032
TXN108182,1000.0,SUCCESS,REF-00008182,07-11-2026,Merchant_A,Processor_B,NGN,CARD,SET-0046
TXN105014,2500.0,SUCCESS,REF-00005014,07-14-2026,Merchant_E,Processor_B,NGN,USSD,SET-0049
TXN109791,10000.0,SUCCESS,REF-00009791,07-18-2026,Merchant_A,Processor_B,NGN,CARD,SET-0033
TXN100681,2500.0,REFUNDED,REF-00000681,07-17-2026,Merchant_D,Processor_B,NGN,MOBILE_MONEY,SET-0022
TXN102374,15000.0,FAILED,REF-00002374,07-25-2026,Merchant_D,Processor_B,NGN,BANK_TRANSFER,SET-0047
TXN104137,5000.0,SUCCESS,REF-00004137,07-29-2026,Merchant_D,Processor_B,NGN,USSD,SET-0022
TXN107475,10250.0,SUCCESS,REF-00007475,07-03-2026,Merchant_A,Processor_B,NGN,BANK_TRANSFER,SET-0014
TXN100429,1000.0,SUCCESS,REF-00000429,07-22-2026,Merchant_A,Processor_B,NGN,MOBILE_MONEY,SET-0043
TXN108798,1500.0,SUCCESS,REF-00008798,07-04-2026,Merchant_D,Processor_B,NGN,USSD,SET-0015
TXN104964,10000.0,SUCCESS,REF-00004964,07-26-2026,Merchant_C,Processor_B,NGN,BANK_TRANSFER,SET-0039
TXN108468,5000.0,SUCCESS,REF-00008468,07-15-2026,Merchant_A,Processor_B,NGN,MOBILE_MONEY,SET-0007
TXN101865,100000.0,SUCCESS,REF-00001865,07-04-2026,Merchant_A,Processor_B,NGN,MOBILE_MONEY,SET-0041
TXN108010,50000.0,SUCCESS,REF-00008010,07-15-2026,Merchant_E,Processor_B,NGN,USSD,SET-0002
TXN109624,5000.0,SUCCESS,REF-00009624,07-14-2026,Merchant_C,Processor_B,NGN,USSD,SET-0040
TXN103963,10000.0,SUCCESS,REF-00003963,07-02-2026,Merchant_A,Processor_B,NGN,CARD,SET-0005
TXN101698,250000.0,FAILED,REF-00001698,07-01-2026,Merchant_B,Processor_B,NGN,BANK_TRANSFER,SET-0022
TXN109797,15000.0,SUCCESS,REF-00009797,07-07-2026,Merchant_E,Processor_B,NGN,MOBILE_MONEY,SET-0035
TXN105164,1500.0,SUCCESS,REF-00005164,07-08-2026,Merchant_A,Processor_B,NGN,BANK_TRANSFER,SET-0046
TXN105334,250000.0,SUCCESS,REF-00005334,07-20-2026,Merchant_B,Processor_B,NGN,MOBILE_MONEY,SET-0029
TXN106095,25000.0,REFUNDED,REF-00006095,07-28-2026,Merchant_B,Processor_B,NGN,BANK_TRANSFER,SET-0021
TXN100362,7500.0,REFUNDED,REF-00000362,07-28-2026,Merchant_E,Processor_B,NGN,CARD,SET-0043
TXN109961,10250.0,SUCCESS,REF-00009961,07-05-2026,Merchant_A,Processor_B,NGN,BANK_TRANSFER,SET-0042
TXN105922,1500.0,SUCCESS,REF-00005922,07-11-2026,Merchant_A,Processor_B,NGN,MOBILE_MONEY,SET-0028
TXN108715,50000.0,SUCCESS,REF-00008715,07-06-2026,Merchant_D,Processor_B,NGN,USSD,SET-0014
TXN102934,25000.0,SUCCESS,REF-00002934,07-16-2026,Merchant_E,Processor_B,NGN,CARD,SET-0048
TXN109935,1000.0,SUCCESS,REF-00009935,07-02-2026,Merchant_A,Processor_B,NGN,USSD,SET-0021
TXN100524,50000.0,SUCCESS,REF-00000524,07-07-2026,Merchant_C,Processor_B,NGN,USSD,SET-0044
TXN103426,10000.0,SUCCESS,REF-00003426,07-09-2026,Merchant_E,Processor_B,NGN,MOBILE_MONEY,SET-0007
TXN102966,25000.0,SUCCESS,REF-00002966,07-30-2026,Merchant_C,Processor_B,NGN,MOBILE_MONEY,SET-0044
TXN102082,7500.0,SUCCESS,REF-00002082,07-15-2026,Merchant_A,Processor_B,NGN,MOBILE_MONEY,SET-0002
TXN101809,1000.0,SUCCESS,REF-00001809,07-11-2026,Merchant_A,Processor_B,NGN,CARD,SET-0028
TXN100495,5000.0,SUCCESS,REF-00000495,07-18-2026,Merchant_E,Processor_B,NGN,BANK_TRANSFER,SET-0045
TXN100835,7500.0,SUCCESS,REF-00000835,07-10-2026,Merchant_B,Processor_B,NGN,CARD,SET-0041
TXN107497,50000.0,SUCCESS,REF-00007497,07-13-2026,Merchant_E,Processor_B,NGN,BANK_TRANSFER,SET-0013
TXN109406,2500.0,SUCCESS,REF-00009406,07-18-2026,Merchant_E,Processor_B,NGN,BANK_TRANSFER,SET-0038
TXN103188,50000.0,REFUNDED,REF-00003188,07-08-2026,Merchant_D,Processor_B,NGN,MOBILE_MONEY,SET-0022
TXN109457,100000.0,SUCCESS,REF-00009457,07-31-2026,Merchant_E,Processor_B,NGN,USSD,SET-0008
TXN109631,25000.0,SUCCESS,REF-00009631,07-28-2026,Merchant_E,Processor_B,NGN,MOBILE_MONEY,SET-0045
TXN107573,25000.0,SUCCESS,REF-00007573,07-19-2026,Merchant_E,Processor_B,NGN,USSD,SET-0011
TXN103210,1500.0,SUCCESS,REF-00003210,07-09-2026,Merchant_B,Processor_B,NGN,BANK_TRANSFER,SET-0029
TXN107440,15000.0,SUCCESS,REF-00007440,07-18-2026,Merchant_A,Processor_B,NGN,BANK_TRANSFER,SET-0020
TXN106541,50000.0,SUCCESS,REF-00006541,07-05-2026,Merchant_E,Processor_B,NGN,USSD,SET-0004
TXN103710,500.0,SUCCESS,REF-00003710,07-21-2026,Merchant_E,Processor_B,NGN,MOBILE_MONEY,SET-0046
TXN100052,100000.0,FAILED,REF-00000052,07-23-2026,Merchant_C,Processor_B,NGN,USSD,SET-0007
TXN109967,1000.0,SUCCESS,REF-00009967,07-21-2026,Merchant_E,Processor_B,NGN,BANK_TRANSFER,SET-0048
TXN101631,5000.0,FAILED,REF-00001631,07-17-2026,Merchant_B,Processor_B,NGN,BANK_TRANSFER,SET-0024
TXN101964,10000.0,SUCCESS,REF-00001964,07-17-2026,Merchant_B,Processor_B,NGN,BANK_TRANSFER,SET-0010
TXN109074,5000.0,SUCCESS,REF-00009074,07-01-2026,Merchant_A,Processor_B,NGN,USSD,SET-0001
TXN108973,1000.0,SUCCESS,REF-00008973,07-21-2026,Merchant_E,Processor_B,NGN,MOBILE_MONEY,SET-0041
TXN109171,50000.0,FAILED,REF-00009171,07-28-2026,Merchant_B,Processor_B,NGN,MOBILE_MONEY,SET-0021
TXN104439,2500.0,SUCCESS,REF-00004439,07-17-2026,Merchant_B,Processor_B,NGN,MOBILE_MONEY,SET-0034
TXN102875,10000.0,SUCCESS,REF-00002875,07-26-2026,Merchant_E,Processor_B,NGN,BANK_TRANSFER,SET-0018
TXN108554,7500.0,SUCCESS,REF-00008554,07-06-2026,Merchant_C,Processor_B,NGN,CARD,SET-0015
TXN106864,10000.0,SUCCESS,REF-00006864,07-23-2026,Merchant_A,Processor_B,NGN,MOBILE_MONEY,SET-0003
TXN102407,2500.0,SUCCESS,REF-00002407,07-20-2026,Merchant_A,Processor_B,NGN,BANK_TRANSFER,SET-0034
TXN100630,25000.0,SUCCESS,REF-00000630,07-16-2026,Merchant_C,Processor_B,NGN,MOBILE_MONEY,SET-0043
TXN106122,500.0,SUCCESS,REF-00006122,07-31-2026,Merchant_A,Processor_B,NGN,USSD,SET-0006
TXN105278,100000.0,SUCCESS,REF-00005278,07-04-2026,Merchant_A,Processor_B,NGN,CARD,SET-0009
TXN107322,10000.0,SUCCESS,REF-00007322,07-13-2026,Merchant_A,Processor_B,NGN,CARD,SET-0017
TXN109898,50000.0,FAILED,REF-00009898,07-04-2026,Merchant_D,Processor_B,NGN,BANK_TRANSFER,SET-0024
TXN106723,7500.0,SUCCESS,REF-00006723,07-12-2026,Merchant_C,Processor_B,NGN,USSD,SET-0035
TXN106143,100000.0,REFUNDED,REF-00006143,07-18-2026,Merchant_C,Processor_B,NGN,CARD,SET-0047
TXN104984,10000.0,SUCCESS,REF-00004984,07-07-2026,Merchant_A,Processor_B,NGN,CARD,SET-0050
TXN108160,250000.0,SUCCESS,REF-00008160,07-10-2026,Merchant_D,Processor_B,NGN,MOBILE_MONEY,SET-0030
TXN103143,10000.0,SUCCESS,REF-00003143,07-12-2026,Merchant_D,Processor_B,NGN,CARD,SET-0027
TXN101406,50000.0,SUCCESS,REF-00001406,07-28-2026,Merchant_A,Processor_B,NGN,BANK_TRANSFER,SET-0035
TXN102860,50000.0,SUCCESS,REF-00002860,07-09-2026,Merchant_D,Processor_B,NGN,MOBILE_MONEY,SET-0027
TXN109958,15000.0,SUCCESS,REF-00009958,07-15-2026,Merchant_C,Processor_B,NGN,USSD,SET-0011
TXN108014,15000.0,SUCCESS,REF-00008014,07-13-2026,Merchant_C,Processor_B,NGN,USSD,SET-0040
TXN101915,25000.0,REFUNDED,REF-00001915-X,07-12-2026,Merchant_A,Processor_B,NGN,MOBILE_MONEY,SET-0010
TXN109327,2500.0,SUCCESS,REF-00009327,07-21-2026,Merchant_D,Processor_B,NGN,CARD,SET-0003
TXN103642,7500.0,SUCCESS,REF-00003642,07-05-2026,Merchant_B,Processor_B,NGN,BANK_TRANSFER,SET-0024
TXN103474,50000.0,SUCCESS,REF-00003474,07-08-2026,Merchant_B,Processor_B,NGN,USSD,SET-0013
TXN104170,1500.0,SUCCESS,REF-00004170,07-03-2026,Merchant_D,Processor_B,NGN,CARD,SET-0032
TXN109105,5000.0,SUCCESS,REF-00009105,07-21-2026,Merchant_C,Processor_B,NGN,MOBILE_MONEY,SET-0039
TXN104504,10000.0,SUCCESS,REF-00004504,07-26-2026,Merchant_C,Processor_B,NGN,MOBILE_MONEY,SET-0004
TXN109762,250000.0,FAILED,REF-00009762,07-25-2026,Merchant_E,Processor_B,NGN,CARD,SET-0026
TXN103845,15000.0,SUCCESS,REF-00003845,07-01-2026,Merchant_E,Processor_B,NGN,CARD,SET-0033
TXN109601,25000.0,SUCCESS,REF-00009601,07-07-2026,Merchant_D,Processor_B,NGN,MOBILE_MONEY,SET-0028
TXN108309,10000.0,SUCCESS,REF-00008309,07-27-2026,Merchant_C,Processor_B,NGN,MOBILE_MONEY,SET-0019
TXN104719,100000.0,SUCCESS,REF-00004719,07-17-2026,Merchant_D,Processor_B,NGN,USSD,SET-0028
TXN100442,5000.0,SUCCESS,REF-00000442,07-02-2026,Merchant_E,Processor_B,NGN,MOBILE_MONEY,SET-0023
TXN105012,10000.0,REFUNDED,REF-00005012,07-18-2026,Merchant_A,Processor_B,NGN,USSD,SET-0030
TXN102866,10000.0,SUCCESS,REF-00002866,07-24-2026,Merchant_A,Processor_B,NGN,BANK_TRANSFER,SET-0018
TXN108395,25000.0,SUCCESS,REF-00008395,07-12-2026,Merchant_D,Processor_B,NGN,USSD,SET-0031
TXN109728,1500.0,SUCCESS,REF-00009728,07-10-2026,Merchant_E,Processor_B,NGN,MOBILE_MONEY,SET-0044
TXN102629,5000.0,SUCCESS,REF-00002629,07-29-2026,Merchant_D,Processor_B,NGN,MOBILE_MONEY,SET-0030
TXN105640,10000.0,SUCCESS,REF-00005640,07-03-2026,Merchant_E,Processor_B,NGN,BANK_TRANSFER,SET-0017
TXN108660,7500.0,SUCCESS,REF-00008660,07-23-2026,Merchant_A,Processor_B,NGN,MOBILE_MONEY,SET-0031
TXN105513,25000.0,SUCCESS,REF-00005513,07-18-2026,Merchant_E,Processor_B,NGN,MOBILE_MONEY,SET-0019
TXN106527,50000.0,SUCCESS,REF-00006527,07-07-2026,Merchant_E,Processor_B,NGN,BANK_TRANSFER,SET-0045
TXN100284,10000.0,SUCCESS,REF-00000284,07-02-2026,Merchant_D,Processor_B,NGN,CARD,SET-0002
TXN109483,50000.0,REFUNDED,REF-00009483,07-24-2026,Merchant_E,Processor_B,NGN,BANK_TRANSFER,SET-0022
TXN107536,25000.0,FAILED,REF-00007536,07-23-2026,Merchant_A,Processor_B,NGN,MOBILE_MONEY,SET-0050
TXN100700,10000.0,SUCCESS,REF-00000700,07-08-2026,Merchant_C,Processor_B,NGN,CARD,SET-0048
TXN100302,10000.0,SUCCESS,REF-00000302,07-11-2026,Merchant_A,Processor_B,NGN,MOBILE_MONEY,SET-0028
TXN104263,5000.0,SUCCESS,REF-00004263,07-25-2026,Merchant_C,Processor_B,NGN,BANK_TRANSFER,SET-0021
TXN104260,1000.0,SUCCESS,REF-00004260,07-27-2026,Merchant_C,Processor_B,NGN,MOBILE_MONEY,SET-0018
TXN104857,100000.0,SUCCESS,REF-00004857,07-17-2026,Merchant_C,Processor_B,NGN,MOBILE_MONEY,SET-0036
TXN101750,10000.0,SUCCESS,REF-00001750,07-02-2026,Merchant_D,Processor_B,NGN,BANK_TRANSFER,SET-0045
TXN101868,1500.0,SUCCESS,REF-00001868,07-07-2026,Merchant_B,Processor_B,NGN,MOBILE_MONEY,SET-0029
TXN104990,250000.0,FAILED,REF-00004990,07-13-2026,Merchant_D,Processor_B,NGN,CARD,SET-0040
TXN106218,5000.0,REFUNDED,REF-00006218,07-31-2026,Merchant_A,Processor_B,NGN,MOBILE_MONEY,SET-0007
TXN106526,500.0,SUCCESS,REF-00006526,07-04-2026,Merchant_A,Processor_B,NGN,BANK_TRANSFER,SET-0023
TXN101177,1000.0,REFUNDED,REF-00001177-X,07-15-2026,Merchant_B,Processor_B,NGN,USSD,SET-0015
TXN103465,25000.0,SUCCESS,REF-00003465,07-23-2026,Merchant_E,Processor_B,NGN,MOBILE_MONEY,SET-0028
TXN106661,7500.0,SUCCESS,REF-00006661,07-27-2026,Merchant_E,Processor_B,NGN,CARD,SET-0050
TXN108369,1000.0,SUCCESS,REF-00008369,07-22-2026,Merchant_C,Processor_B,NGN,USSD,SET-0001
TXN104954,7500.0,SUCCESS,REF-00004954,07-17-2026,Merchant_A,Processor_B,NGN,BANK_TRANSFER,SET-0049
TXN106061,5000.0,SUCCESS,REF-00006061,07-16-2026,Merchant_D,Processor_B,NGN,BANK_TRANSFER,SET-0046
TXN108959,50000.0,SUCCESS,REF-00008959,07-26-2026,Merchant_E,Processor_B,NGN,USSD,SET-0001
TXN109534,7500.0,SUCCESS,REF-00009534,07-19-2026,Merchant_E,Processor_B,NGN,BANK_TRANSFER,SET-0047
TXN109104,1500.0,SUCCESS,REF-00009104,07-20-2026,Merchant_B,Processor_B,NGN,MOBILE_MONEY,SET-0010
TXN101357,7500.0,FAILED,REF-00001357,07-10-2026,Merchant_E,Processor_B,NGN,CARD,SET-0007
TXN106790,50000.0,SUCCESS,REF-00006790,07-21-2026,Merchant_D,Processor_B,NGN,CARD,SET-0019
TXN103931,1500.0,FAILED,REF-00003931,07-19-2026,Merchant_E,Processor_B,NGN,BANK_TRANSFER,SET-0003
TXN108606,15000.0,SUCCESS,REF-00008606,07-12-2026,Merchant_A,Processor_B,NGN,USSD,SET-0033
TXN106033,3500.0,SUCCESS,REF-00006033,07-08-2026,Merchant_C,Processor_B,NGN,USSD,SET-0017
TXN102635,15000.0,SUCCESS,REF-00002635,07-21-2026,Merchant_A,Processor_B,NGN,CARD,SET-0016
TXN109744,2500.0,FAILED,REF-00009744,07-21-2026,Merchant_E,Processor_B,NGN,BANK_TRANSFER,SET-0007
TXN101856,25000.0,SUCCESS,REF-00001856,07-21-2026,Merchant_C,Processor_B,NGN,MOBILE_MONEY,SET-0022
TXN107053,10000.0,SUCCESS,REF-00007053,07-18-2026,Merchant_E,Processor_B,NGN,BANK_TRANSFER,SET-0019
TXN109305,1500.0,SUCCESS,REF-00009305,07-27-2026,Merchant_E,Processor_B,NGN,MOBILE_MONEY,SET-0028
TXN105243,100000.0,REFUNDED,REF-00005243,07-02-2026,Merchant_B,Processor_B,NGN,MOBILE_MONEY,SET-0007
TXN100733,10000.0,SUCCESS,REF-00000733,07-29-2026,Merchant_B,Processor_B,NGN,MOBILE_MONEY,SET-0045
TXN104814,25000.0,SUCCESS,REF-00004814,07-26-2026,Merchant_E,Processor_B,NGN,MOBILE_MONEY,SET-0030
TXN104243,7500.0,SUCCESS,REF-00004243,07-23-2026,Merchant_D,Processor_B,NGN,MOBILE_MONEY,SET-0018
TXN106515,2500.0,SUCCESS,REF-00006515,07-30-2026,Merchant_A,Processor_B,NGN,CARD,SET-0034
TXN105807,250000.0,SUCCESS,REF-00005807,07-23-2026,Merchant_D,Processor_B,NGN,MOBILE_MONEY,SET-0007
TXN107428,15000.0,REFUNDED,REF-00007428,07-23-2026,Merchant_A,Processor_B,NGN,CARD,SET-0028
TXN105292,500.0,SUCCESS,REF-00005292,07-26-2026,Merchant_C,Processor_B,NGN,MOBILE_MONEY,SET-0024
TXN101916,100000.0,SUCCESS,REF-00001916,07-12-2026,Merchant_C,Processor_B,NGN,CARD,SET-0042
TXN109997,100000.0,SUCCESS,REF-00009997,07-17-2026,Merchant_D,Processor_B,NGN,CARD,SET-0003
TXN107036,2500.0,SUCCESS,REF-00007036,07-08-2026,Merchant_B,Processor_B,NGN,USSD,SET-0043
TXN107653,50000.0,SUCCESS,REF-00007653,07-27-2026,Merchant_C,Processor_B,NGN,MOBILE_MONEY,SET-0023
TXN109543,7500.0,SUCCESS,REF-00009543,07-17-2026,Merchant_E,Processor_B,NGN,BANK_TRANSFER,SET-0017
TXN105785,100000.0,SUCCESS,REF-00005785,07-21-2026,Merchant_D,Processor_B,NGN,CARD,SET-0041
TXN108717,25000.0,SUCCESS,REF-00008717,07-25-2026,Merchant_E,Processor_B,NGN,USSD,SET-0012
TXN101455,100000.0,SUCCESS,REF-00001455,07-10-2026,Merchant_C,Processor_B,NGN,BANK_TRANSFER,SET-0023
TXN105420,2500.0,SUCCESS,REF-00005420,07-26-2026,Merchant_B,Processor_B,NGN,CARD,SET-0027
TXN105090,500.0,SUCCESS,REF-00005090,07-29-2026,Merchant_B,Processor_B,NGN,BANK_TRANSFER,SET-0010
TXN108502,5000.0,SUCCESS,REF-00008502,07-08-2026,Merchant_A,Processor_B,NGN,BANK_TRANSFER,SET-0037
TXN100399,25000.0,SUCCESS,REF-00000399,07-03-2026,Merchant_C,Processor_B,NGN,USSD,SET-0028
TXN104521,10000.0,FAILED,REF-00004521,07-04-2026,Merchant_B,Processor_B,NGN,CARD,SET-0013
TXN105854,7500.0,SUCCESS,REF-00005854,07-09-2026,Merchant_C,Processor_B,NGN,CARD,SET-0023
TXN104029,5000.0,SUCCESS,REF-00004029,07-08-2026,Merchant_C,Processor_B,NGN,MOBILE_MONEY,SET-0028
TXN107216,10000.0,SUCCESS,REF-00007216,07-13-2026,Merchant_D,Processor_B,NGN,USSD,SET-0021
TXN109806,25000.0,SUCCESS,REF-00009806,07-22-2026,Merchant_C,Processor_B,NGN,BANK_TRANSFER,SET-0041
TXN108778,25000.0,SUCCESS,REF-00008778,07-26-2026,Merchant_E,Processor_B,NGN,CARD,SET-0019
TXN108207,1000.0,SUCCESS,REF-00008207,07-22-2026,Merchant_D,Processor_B,NGN,BANK_TRANSFER,SET-0044
TXN101965,10000.0,SUCCESS,REF-00001965,07-23-2026,Merchant_B,Processor_B,NGN,USSD,SET-0042
TXN105264,250000.0,SUCCESS,REF-00005264,07-04-2026,Merchant_A,Processor_B,NGN,CARD,SET-0046
TXN107398,15000.0,SUCCESS,REF-00007398,07-13-2026,Merchant_A,Processor_B,NGN,USSD,SET-0013
TXN100515,500.0,SUCCESS,REF-00000515,07-23-2026,Merchant_D,Processor_B,NGN,CARD,SET-0045
TXN103448,15000.0,SUCCESS,REF-00003448,07-18-2026,Merchant_D,Processor_B,NGN,CARD,SET-0049
TXN101813,500.0,SUCCESS,REF-00001813,07-10-2026,Merchant_D,Processor_B,NGN,BANK_TRANSFER,SET-0016
TXN106496,5000.0,SUCCESS,REF-00006496-X,07-16-2026,Merchant_B,Processor_B,NGN,BANK_TRANSFER,SET-0046
TXN108169,2500.0,SUCCESS,REF-00008169,07-15-2026,Merchant_C,Processor_B,NGN,BANK_TRANSFER,SET-0029
TXN105685,25000.0,SUCCESS,REF-00005685,07-31-2026,Merchant_B,Processor_B,NGN,BANK_TRANSFER,SET-0040
TXN108859,15000.0,SUCCESS,REF-00008859,07-07-2026,Merchant_B,Processor_B,NGN,CARD,SET-0039
TXN100553,10000.0,SUCCESS,REF-00000553,07-22-2026,Merchant_D,Processor_B,NGN,MOBILE_MONEY,SET-0010
TXN108570,7500.0,SUCCESS,REF-00008570,07-10-2026,Merchant_B,Processor_B,NGN,USSD,SET-0028
TXN106853,25000.0,REFUNDED,REF-00006853,07-31-2026,Merchant_C,Processor_B,NGN,CARD,SET-0039
TXN100813,100000.0,SUCCESS,REF-00000813,07-31-2026,Merchant_E,Processor_B,NGN,MOBILE_MONEY,SET-0048
TXN102317,7500.0,SUCCESS,REF-00002317,07-12-2026,Merchant_D,Processor_B,NGN,MOBILE_MONEY,SET-0018
TXN101164,1500.0,SUCCESS,REF-00001164,07-09-2026,Merchant_A,Processor_B,NGN,MOBILE_MONEY,SET-0010
TXN100354,1000.0,SUCCESS,REF-00000354,07-03-2026,Merchant_C,Processor_B,NGN,BANK_TRANSFER,SET-0010
TXN100564,5000.0,SUCCESS,REF-00000564,07-08-2026,Merchant_D,Processor_B,NGN,USSD,SET-0027
TXN102513,10000.0,SUCCESS,REF-00002513,07-06-2026,Merchant_C,Processor_B,NGN,MOBILE_MONEY,SET-0019
TXN106774,7500.0,SUCCESS,REF-00006774,07-24-2026,Merchant_A,Processor_B,NGN,USSD,SET-0041
TXN104244,7500.0,SUCCESS,REF-00004244,07-27-2026,Merchant_A,Processor_B,NGN,BANK_TRANSFER,SET-0009
TXN105081,1000.0,SUCCESS,REF-00005081,07-16-2026,Merchant_D,Processor_B,NGN,USSD,SET-0039
TXN104987,15000.0,SUCCESS,REF-00004987,07-09-2026,Merchant_C,Processor_B,NGN,CARD,SET-0023
TXN109784,10000.0,SUCCESS,REF-00009784,07-16-2026,Merchant_B,Processor_B,NGN,BANK_TRANSFER,SET-0016
TXN105018,10250.0,SUCCESS,REF-00005018,07-15-2026,Merchant_B,Processor_B,NGN,BANK_TRANSFER,SET-0031
TXN109722,25000.0,SUCCESS,REF-00009722,07-06-2026,Merchant_E,Processor_B,NGN,BANK_TRANSFER,SET-0019
TXN103460,5000.0,REFUNDED,REF-00003460,07-08-2026,Merchant_B,Processor_B,NGN,CARD,SET-0006
TXN104895,1000.0,SUCCESS,REF-00004895,07-30-2026,Merchant_E,Processor_B,NGN,CARD,SET-0031
TXN107162,15000.0,SUCCESS,REF-00007162,07-23-2026,Merchant_B,Processor_B,NGN,BANK_TRANSFER,SET-0045
TXN105166,2500.0,SUCCESS,REF-00005166,07-04-2026,Merchant_D,Processor_B,NGN,MOBILE_MONEY,SET-0001
TXN102563,1000.0,FAILED,REF-00002563,07-13-2026,Merchant_D,Processor_B,NGN,BANK_TRANSFER,SET-0007
TXN104677,250000.0,SUCCESS,REF-00004677,07-27-2026,Merchant_A,Processor_B,NGN,MOBILE_MONEY,SET-0038
TXN106697,5000.0,SUCCESS,REF-00006697,07-22-2026,Merchant_E,Processor_B,NGN,MOBILE_MONEY,SET-0013
TXN101918,7500.0,SUCCESS,REF-00001918,07-30-2026,Merchant_B,Processor_B,NGN,CARD,SET-0017
TXN100008,15000.0,SUCCESS,REF-00000008,07-07-2026,Merchant_C,Processor_B,NGN,USSD,SET-0027
TXN106412,50000.0,SUCCESS,REF-00006412,07-20-2026,Merchant_A,Processor_B,NGN,BANK_TRANSFER,SET-0033
TXN102081,1000.0,SUCCESS,REF-00002081,07-09-2026,Merchant_D,Processor_B,NGN,BANK_TRANSFER,SET-0009
TXN109809,10000.0,SUCCESS,REF-00009809,07-23-2026,Merchant_A,Processor_B,NGN,MOBILE_MONEY,SET-0012
TXN108772,10000.0,SUCCESS,REF-00008772,07-02-2026,Merchant_C,Processor_B,NGN,BANK_TRANSFER,SET-0045
TXN104816,100000.0,SUCCESS,REF-00004816,07-12-2026,Merchant_B,Processor_B,NGN,CARD,SET-0022
TXN109318,15000.0,REFUNDED,REF-00009318,07-04-2026,Merchant_B,Processor_B,NGN,USSD,SET-0043
TXN103830,5000.0,SUCCESS,REF-00003830,07-05-2026,Merchant_B,Processor_B,NGN,BANK_TRANSFER,SET-0018
TXN109569,50000.0,SUCCESS,REF-00009569,07-07-2026,Merchant_B,Processor_B,NGN,BANK_TRANSFER,SET-0011
TXN107333,10000.0,FAILED,REF-00007333,07-27-2026,Merchant_C,Processor_B,NGN,BANK_TRANSFER,SET-0036
TXN104485,25000.0,SUCCESS,REF-00004485,07-13-2026,Merchant_B,Processor_B,NGN,CARD,SET-0018
TXN105436,2500.0,SUCCESS,REF-00005436,07-23-2026,Merchant_D,Processor_B,NGN,MOBILE_MONEY,SET-0042
TXN103418,2500.0,SUCCESS,REF-00003418,07-04-2026,Merchant_B,Processor_B,NGN,CARD,SET-0050
TXN109686,5000.0,SUCCESS,REF-00009686,07-16-2026,Merchant_D,Processor_B,NGN,BANK_TRANSFER,SET-0036
TXN104800,1500.0,REFUNDED,REF-00004800,07-07-2026,Merchant_E,Processor_B,NGN,CARD,SET-0004
TXN105892,10000.0,SUCCESS,REF-00005892,07-06-2026,Merchant_B,Processor_B,NGN,USSD,SET-0022
TXN101976,2500.0,SUCCESS,REF-00001976,07-19-2026,Merchant_A,Processor_B,NGN,BANK_TRANSFER,SET-0006
TXN102035,5000.0,SUCCESS,REF-00002035,07-13-2026,Merchant_D,Processor_B,NGN,CARD,SET-0005
TXN103740,100000.0,SUCCESS,REF-00003740,07-02-2026,Merchant_B,Processor_B,NGN,BANK_TRANSFER,SET-0044
TXN100898,500.0,SUCCESS,REF-00000898,07-01-2026,Merchant_D,Processor_B,NGN,USSD,SET-0024
TXN101934,15000.0,SUCCESS,REF-00001934,07-15-2026,Merchant_E,Processor_B,NGN,BANK_TRANSFER,SET-0022
TXN104228,7500.0,SUCCESS,REF-00004228,07-04-2026,Merchant_D,Processor_B,NGN,USSD,SET-0023
TXN104369,1500.0,SUCCESS,REF-00004369,07-08-2026,Merchant_C,Processor_B,NGN,USSD,SET-0005
TXN102123,7500.0,REFUNDED,REF-00002123,07-26-2026,Merchant_D,Processor_B,NGN,CARD,SET-0006
TXN103813,15000.0,SUCCESS,REF-00003813,07-30-2026,Merchant_E,Processor_B,NGN,BANK_TRANSFER,SET-0044
TXN105191,25000.0,SUCCESS,REF-00005191,07-12-2026,Merchant_B,Processor_B,NGN,USSD,SET-0009
TXN102906,250000.0,SUCCESS,REF-00002906,07-28-2026,Merchant_C,Processor_B,NGN,BANK_TRANSFER,SET-0032
TXN107850,5000.0,SUCCESS,REF-00007850,07-15-2026,Merchant_B,Processor_B,NGN,USSD,SET-0050
TXN107872,100000.0,REFUNDED,REF-00007872,07-27-2026,Merchant_E,Processor_B,NGN,CARD,SET-0008
TXN103866,7500.0,SUCCESS,REF-00003866,07-10-2026,Merchant_C,Processor_B,NGN,USSD,SET-0013
TXN104112,1000.0,SUCCESS,REF-00004112,07-13-2026,Merchant_D,Processor_B,NGN,CARD,SET-0035
TXN104133,15000.0,SUCCESS,REF-00004133,07-05-2026,Merchant_A,Processor_B,NGN,MOBILE_MONEY,SET-0028
TXN106624,50000.0,SUCCESS,REF-00006624,07-04-2026,Merchant_E,Processor_B,NGN,USSD,SET-0031
TXN104424,5000.0,SUCCESS,REF-00004424,07-28-2026,Merchant_B,Processor_B,NGN,MOBILE_MONEY,SET-0018
TXN106008,15000.0,SUCCESS,REF-00006008,07-20-2026,Merchant_E,Processor_B,NGN,BANK_TRANSFER,SET-0002
TXN104510,1500.0,FAILED,REF-00004510,07-23-2026,Merchant_D,Processor_B,NGN,CARD,SET-0011
TXN104900,500.0,SUCCESS,REF-00004900,07-08-2026,Merchant_B,Processor_B,NGN,MOBILE_MONEY,SET-0028
TXN103994,10000.0,SUCCESS,REF-00003994,07-19-2026,Merchant_C,Processor_B,NGN,CARD,SET-0017
TXN109765,2500.0,SUCCESS,REF-00009765,07-09-2026,Merchant_A,Processor_B,NGN,MOBILE_MONEY,SET-0012
TXN109836,100000.0,SUCCESS,REF-00009836,07-20-2026,Merchant_A,Processor_B,NGN,CARD,SET-0046
TXN104838,500.0,SUCCESS,REF-00004838,07-21-2026,Merchant_D,Processor_B,NGN,BANK_TRANSFER,SET-0049
TXN103154,7500.0,SUCCESS,REF-00003154,07-10-2026,Merchant_D,Processor_B,NGN,CARD,SET-0033
TXN102402,7500.0,SUCCESS,REF-00002402,07-08-2026,Merchant_A,Processor_B,NGN,BANK_TRANSFER,SET-0009
TXN107898,2500.0,SUCCESS,REF-00007898,07-05-2026,Merchant_C,Processor_B,NGN,BANK_TRANSFER,SET-0023
TXN108955,5000.0,FAILED,REF-00008955,07-17-2026,Merchant_A,Processor_B,NGN,MOBILE_MONEY,SET-0028
TXN104704,7500.0,FAILED,REF-00004704,07-05-2026,Merchant_E,Processor_B,NGN,CARD,SET-0029
TXN107668,100000.0,SUCCESS,REF-00007668,07-15-2026,Merchant_E,Processor_B,NGN,BANK_TRANSFER,SET-0004
TXN107994,1000.0,SUCCESS,REF-00007994,07-14-2026,Merchant_D,Processor_B,NGN,USSD,SET-0043
TXN107719,250000.0,SUCCESS,REF-00007719,07-14-2026,Merchant_D,Processor_B,NGN,BANK_TRANSFER,SET-0015
TXN105339,500.0,SUCCESS,REF-00005339,07-25-2026,Merchant_C,Processor_B,NGN,CARD,SET-0031
TXN109241,25000.0,SUCCESS,REF-00009241,07-27-2026,Merchant_B,Processor_B,NGN,BANK_TRANSFER,SET-0019
TXN105057,5000.0,SUCCESS,REF-00005057,07-06-2026,Merchant_A,Processor_B,NGN,BANK_TRANSFER,SET-0010
TXN103526,250000.0,SUCCESS,REF-00003526,07-04-2026,Merchant_C,Processor_B,NGN,CARD,SET-0001
TXN107595,250000.0,SUCCESS,REF-00007595,07-01-2026,Merchant_E,Processor_B,NGN,USSD,SET-0004
TXN103183,2500.0,SUCCESS,REF-00003183,07-21-2026,Merchant_B,Processor_B,NGN,USSD,SET-0005
TXN101609,10000.0,SUCCESS,REF-00001609,07-27-2026,Merchant_E,Processor_B,NGN,USSD,SET-0005
TXN109489,5000.0,SUCCESS,REF-00009489,07-18-2026,Merchant_A,Processor_B,NGN,BANK_TRANSFER,SET-0028
TXN104940,5000.0,SUCCESS,REF-00004940,07-03-2026,Merchant_E,Processor_B,NGN,MOBILE_MONEY,SET-0045
TXN108159,25000.0,SUCCESS,REF-00008159,07-17-2026,Merchant_A,Processor_B,NGN,BANK_TRANSFER,SET-0008
TXN109665,25000.0,SUCCESS,REF-00009665,07-13-2026,Merchant_C,Processor_B,NGN,MOBILE_MONEY,SET-0021
TXN107466,50000.0,SUCCESS,REF-00007466,07-08-2026,Merchant_D,Processor_B,NGN,MOBILE_MONEY,SET-0024
TXN105161,1000.0,SUCCESS,REF-00005161,07-02-2026,Merchant_D,Processor_B,NGN,USSD,SET-0044
TXN105668,1000.0,SUCCESS,REF-00005668,07-16-2026,Merchant_D,Processor_B,NGN,BANK_TRANSFER,SET-0024
TXN100277,15000.0,SUCCESS,REF-00000277,07-17-2026,Merchant_C,Processor_B,NGN,CARD,SET-0039
TXN103064,15000.0,SUCCESS,REF-00003064,07-14-2026,Merchant_B,Processor_B,NGN,USSD,SET-0044
TXN101671,100000.0,SUCCESS,REF-00001671,07-17-2026,Merchant_E,Processor_B,NGN,MOBILE_MONEY,SET-0042
TXN108136,7500.0,SUCCESS,REF-00008136,07-24-2026,Merchant_A,Processor_B,NGN,CARD,SET-0039
TXN102581,100000.0,FAILED,REF-00002581,07-28-2026,Merchant_E,Processor_B,NGN,USSD,SET-0024
TXN104390,1500.0,SUCCESS,REF-00004390,07-04-2026,Merchant_D,Processor_B,NGN,MOBILE_MONEY,SET-0006
TXN108583,2500.0,SUCCESS,REF-00008583,07-11-2026,Merchant_D,Processor_B,NGN,USSD,SET-0021
TXN105508,2500.0,SUCCESS,REF-00005508,07-07-2026,Merchant_C,Processor_B,NGN,USSD,SET-0033
TXN103125,15000.0,SUCCESS,REF-00003125,07-29-2026,Merchant_A,Processor_B,NGN,USSD,SET-0008
TXN100578,10000.0,SUCCESS,REF-00000578,07-23-2026,Merchant_D,Processor_B,NGN,CARD,SET-0022
TXN101145,100000.0,SUCCESS,REF-00001145,07-03-2026,Merchant_E,Processor_B,NGN,CARD,SET-0001
TXN108289,10000.0,SUCCESS,REF-00008289,07-03-2026,Merchant_D,Processor_B,NGN,MOBILE_MONEY,SET-0023
TXN102610,50000.0,SUCCESS,REF-00002610,07-17-2026,Merchant_A,Processor_B,NGN,BANK_TRANSFER,SET-0039
TXN101161,1500.0,SUCCESS,REF-00001161,07-06-2026,Merchant_B,Processor_B,NGN,MOBILE_MONEY,SET-0026
TXN108215,10000.0,SUCCESS,REF-00008215,07-15-2026,Merchant_D,Processor_B,NGN,BANK_TRANSFER,SET-0015
TXN109641,10000.0,FAILED,REF-00009641,07-23-2026,Merchant_E,Processor_B,NGN,MOBILE_MONEY,SET-0025
TXN103100,1000.0,SUCCESS,REF-00003100,07-03-2026,Merchant_E,Processor_B,NGN,USSD,SET-0040
TXN107894,10000.0,SUCCESS,REF-00007894,07-09-2026,Merchant_B,Processor_B,NGN,CARD,SET-0021
TXN104392,15000.0,SUCCESS,REF-00004392,07-07-2026,Merchant_D,Processor_B,NGN,MOBILE_MONEY,SET-0014
TXN107805,1000.0,SUCCESS,REF-00007805,07-19-2026,Merchant_A,Processor_B,NGN,USSD,SET-0043
TXN102876,10000.0,SUCCESS,REF-00002876,07-07-2026,Merchant_D,Processor_B,NGN,USSD,SET-0009
TXN104633,50000.0,SUCCESS,REF-00004633,07-28-2026,Merchant_C,Processor_B,NGN,BANK_TRANSFER,SET-0042
TXN108103,1000.0,SUCCESS,REF-00008103,07-22-2026,Merchant_E,Processor_B,NGN,BANK_TRANSFER,SET-0023
TXN105553,15000.0,SUCCESS,REF-00005553,07-12-2026,Merchant_E,Processor_B,NGN,BANK_TRANSFER,SET-0015
TXN108004,10000.0,SUCCESS,REF-00008004,07-14-2026,Merchant_C,Processor_B,NGN,BANK_TRANSFER,SET-0041
TXN106374,2500.0,SUCCESS,REF-00006374,07-02-2026,Merchant_A,Processor_B,NGN,USSD,SET-0018
TXN102435,5000.0,REFUNDED,REF-00002435,07-22-2026,Merchant_D,Processor_B,NGN,BANK_TRANSFER,SET-0048
TXN105141,1500.0,REFUNDED,REF-00005141,07-18-2026,Merchant_A,Processor_B,NGN,BANK_TRANSFER,SET-0014
TXN107229,7500.0,SUCCESS,REF-00007229,07-08-2026,Merchant_B,Processor_B,NGN,BANK_TRANSFER,SET-0010
TXN101497,7500.0,SUCCESS,REF-00001497,07-05-2026,Merchant_C,Processor_B,NGN,MOBILE_MONEY,SET-0042
TXN109134,25000.0,SUCCESS,REF-00009134,07-19-2026,Merchant_E,Processor_B,NGN,CARD,SET-0029
TXN109092,10000.0,SUCCESS,REF-00009092,07-14-2026,Merchant_B,Processor_B,NGN,USSD,SET-0003
TXN108718,100000.0,SUCCESS,REF-00008718,07-29-2026,Merchant_B,Processor_B,NGN,BANK_TRANSFER,SET-0027
TXN102363,10000.0,SUCCESS,REF-00002363,07-24-2026,Merchant_E,Processor_B,NGN,BANK_TRANSFER,SET-0044
TXN105462,1000.0,SUCCESS,REF-00005462,07-28-2026,Merchant_B,Processor_B,NGN,MOBILE_MONEY,SET-0039
TXN100560,25000.0,SUCCESS,REF-00000560,07-11-2026,Merchant_D,Processor_B,NGN,USSD,SET-0022
TXN106468,100000.0,SUCCESS,REF-00006468,07-10-2026,Merchant_D,Processor_B,NGN,CARD,SET-0004
TXN109075,25000.0,SUCCESS,REF-00009075,07-02-2026,Merchant_C,Processor_B,NGN,USSD,SET-0038
TXN106148,15000.0,SUCCESS,REF-00006148,07-21-2026,Merchant_B,Processor_B,NGN,BANK_TRANSFER,SET-0016
TXN108967,25000.0,SUCCESS,REF-00008967,07-06-2026,Merchant_A,Processor_B,NGN,MOBILE_MONEY,SET-0044
TXN106724,15000.0,SUCCESS,REF-00006724,07-08-2026,Merchant_D,Processor_B,NGN,USSD,SET-0002
TXN105266,5000.0,SUCCESS,REF-00005266,07-19-2026,Merchant_E,Processor_B,NGN,CARD,SET-0049
TXN101089,2500.0,SUCCESS,REF-00001089,07-15-2026,Merchant_C,Processor_B,NGN,MOBILE_MONEY,SET-0007
TXN106885,100000.0,SUCCESS,REF-00006885,07-31-2026,Merchant_C,Processor_B,NGN,CARD,SET-0003
TXN101232,2500.0,SUCCESS,REF-00001232,07-28-2026,Merchant_A,Processor_B,NGN,CARD,SET-0040
TXN104998,50000.0,SUCCESS,REF-00004998,07-31-2026,Merchant_B,Processor_B,NGN,BANK_TRANSFER,SET-0018
TXN101142,15500.0,SUCCESS,REF-00001142,07-24-2026,Merchant_C,Processor_B,NGN,MOBILE_MONEY,SET-0030
TXN107757,100000.0,SUCCESS,REF-00007757,07-19-2026,Merchant_B,Processor_B,NGN,BANK_TRANSFER,SET-0022
TXN104490,2500.0,SUCCESS,REF-00004490,07-12-2026,Merchant_D,Processor_B,NGN,MOBILE_MONEY,SET-0003
TXN103483,100000.0,SUCCESS,REF-00003483,07-24-2026,Merchant_D,Processor_B,NGN,BANK_TRANSFER,SET-0035
TXN109168,5000.0,SUCCESS,REF-00009168,07-11-2026,Merchant_C,Processor_B,NGN,MOBILE_MONEY,SET-0029
TXN104420,1000.0,REFUNDED,REF-00004420,07-26-2026,Merchant_D,Processor_B,NGN,BANK_TRANSFER,SET-0016
TXN107904,1000.0,SUCCESS,REF-00007904,07-20-2026,Merchant_C,Processor_B,NGN,CARD,SET-0005
TXN105981,500.0,SUCCESS,REF-00005981,07-28-2026,Merchant_A,Processor_B,NGN,USSD,SET-0040
TXN103459,15000.0,SUCCESS,REF-00003459,07-22-2026,Merchant_A,Processor_B,NGN,MOBILE_MONEY,SET-0006
TXN104025,50000.0,SUCCESS,REF-00004025,07-25-2026,Merchant_E,Processor_B,NGN,CARD,SET-0006
TXN107586,7500.0,SUCCESS,REF-00007586,07-13-2026,Merchant_D,Processor_B,NGN,USSD,SET-0005
TXN100180,5000.0,SUCCESS,REF-00000180,07-03-2026,Merchant_E,Processor_B,NGN,MOBILE_MONEY,SET-0008
TXN106083,2500.0,REFUNDED,REF-00006083,07-19-2026,Merchant_A,Processor_B,NGN,CARD,SET-0009
TXN103519,2500.0,SUCCESS,REF-00003519,07-25-2026,Merchant_E,Processor_B,NGN,USSD,SET-0013
TXN109114,5000.0,SUCCESS,REF-00009114,07-17-2026,Merchant_B,Processor_B,NGN,USSD,SET-0018
TXN101464,250000.0,SUCCESS,REF-00001464,07-27-2026,Merchant_E,Processor_B,NGN,BANK_TRANSFER,SET-0017
TXN101091,15000.0,SUCCESS,REF-00001091,07-19-2026,Merchant_D,Processor_B,NGN,BANK_TRANSFER,SET-0002
TXN106617,5000.0,SUCCESS,REF-00006617,07-22-2026,Merchant_D,Processor_B,NGN,CARD,SET-0010
TXN102308,1000.0,SUCCESS,REF-00002308,07-22-2026,Merchant_E,Processor_B,NGN,MOBILE_MONEY,SET-0034
TXN106689,1000.0,SUCCESS,REF-00006689,07-23-2026,Merchant_D,Processor_B,NGN,CARD,SET-0023
TXN102385,10000.0,SUCCESS,REF-00002385,07-03-2026,Merchant_D,Processor_B,NGN,USSD,SET-0041
TXN103223,500.0,FAILED,REF-00003223,07-22-2026,Merchant_E,Processor_B,NGN,MOBILE_MONEY,SET-0039
TXN102630,15000.0,SUCCESS,REF-00002630,07-12-2026,Merchant_D,Processor_B,NGN,USSD,SET-0001
TXN100959,25000.0,SUCCESS,REF-00000959,07-27-2026,Merchant_C,Processor_B,NGN,USSD,SET-0022
TXN108095,100000.0,SUCCESS,REF-00008095,07-12-2026,Merchant_C,Processor_B,NGN,USSD,SET-0030
TXN106908,50000.0,FAILED,REF-00006908,07-23-2026,Merchant_D,Processor_B,NGN,CARD,SET-0014
TXN103053,5000.0,SUCCESS,REF-00003053,07-17-2026,Merchant_A,Processor_B,NGN,CARD,SET-0040
TXN103801,100000.0,SUCCESS,REF-00003801,07-16-2026,Merchant_D,Processor_B,NGN,BANK_TRANSFER,SET-0039
TXN101363,15000.0,SUCCESS,REF-00001363,07-13-2026,Merchant_D,Processor_B,NGN,MOBILE_MONEY,SET-0030
TXN109748,500.0,REFUNDED,REF-00009748,07-18-2026,Merchant_D,Processor_B,NGN,USSD,SET-0002
TXN102460,250000.0,SUCCESS,REF-00002460,07-09-2026,Merchant_A,Processor_B,NGN,MOBILE_MONEY,SET-0018
TXN106828,15000.0,SUCCESS,REF-00006828,07-08-2026,Merchant_D,Processor_B,NGN,MOBILE_MONEY,SET-0028
TXN102988,25000.0,SUCCESS,REF-00002988,07-29-2026,Merchant_D,Processor_B,NGN,BANK_TRANSFER,SET-0006
TXN105841,1500.0,FAILED,REF-00005841,07-01-2026,Merchant_C,Processor_B,NGN,USSD,SET-0013
TXN100562,1500.0,SUCCESS,REF-00000562,07-05-2026,Merchant_A,Processor_B,NGN,MOBILE_MONEY,SET-0006
TXN100444,50000.0,SUCCESS,REF-00000444,07-30-2026,Merchant_B,Processor_B,NGN,MOBILE_MONEY,SET-0005
TXN104651,25000.0,SUCCESS,REF-00004651,07-15-2026,Merchant_E,Processor_B,NGN,CARD,SET-0013
TXN108109,25000.0,SUCCESS,REF-00008109,07-13-2026,Merchant_E,Processor_B,NGN,MOBILE_MONEY,SET-0031
TXN107213,10000.0,SUCCESS,REF-00007213,07-24-2026,Merchant_E,Processor_B,NGN,MOBILE_MONEY,SET-0029
TXN102097,15000.0,SUCCESS,REF-00002097,07-24-2026,Merchant_E,Processor_B,NGN,BANK_TRANSFER,SET-0004
TXN104428,1500.0,SUCCESS,REF-00004428,07-29-2026,Merchant_D,Processor_B,NGN,USSD,SET-0011
TXN103390,5000.0,SUCCESS,REF-00003390,07-26-2026,Merchant_C,Processor_B,NGN,USSD,SET-0039
TXN107687,5000.0,SUCCESS,REF-00007687,07-31-2026,Merchant_A,Processor_B,NGN,MOBILE_MONEY,SET-0004
TXN103073,5000.0,SUCCESS,REF-00003073,07-21-2026,Merchant_A,Processor_B,NGN,MOBILE_MONEY,SET-0007
TXN108990,2500.0,SUCCESS,REF-00008990,07-31-2026,Merchant_E,Processor_B,NGN,BANK_TRANSFER,SET-0032
TXN104669,25000.0,SUCCESS,REF-00004669,07-04-2026,Merchant_E,Processor_B,NGN,CARD,SET-0024
TXN105774,500.0,REFUNDED,REF-00005774,07-04-2026,Merchant_C,Processor_B,NGN,BANK_TRANSFER,SET-0025
TXN109209,10000.0,REFUNDED,REF-00009209,07-03-2026,Merchant_D,Processor_B,NGN,CARD,SET-0029
TXN106659,5000.0,SUCCESS,REF-00006659,07-05-2026,Merchant_C,Processor_B,NGN,USSD,SET-0004
TXN100101,15000.0,SUCCESS,REF-00000101,07-02-2026,Merchant_B,Processor_B,NGN,CARD,SET-0003
TXN102353,100000.0,SUCCESS,REF-00002353,07-15-2026,Merchant_D,Processor_B,NGN,CARD,SET-0038
TXN107534,50000.0,FAILED,REF-00007534,07-30-2026,Merchant_D,Processor_B,NGN,CARD,SET-0009
TXN104361,15000.0,SUCCESS,REF-00004361,07-17-2026,Merchant_B,Processor_B,NGN,BANK_TRANSFER,SET-0002
TXN108786,10000.0,SUCCESS,REF-00008786,07-10-2026,Merchant_E,Processor_B,NGN,MOBILE_MONEY,SET-0037
TXN104084,2500.0,SUCCESS,REF-00004084,07-28-2026,Merchant_E,Processor_B,NGN,BANK_TRANSFER,SET-0004
TXN106332,10000.0,SUCCESS,REF-00006332,07-29-2026,Merchant_D,Processor_B,NGN,BANK_TRANSFER,SET-0019
TXN104018,5000.0,REFUNDED,REF-00004018,07-08-2026,Merchant_A,Processor_B,NGN,CARD,SET-0021
TXN108615,250000.0,SUCCESS,REF-00008615,07-27-2026,Merchant_E,Processor_B,NGN,CARD,SET-0050
TXN107685,25000.0,REFUNDED,REF-00007685,07-08-2026,Merchant_D,Processor_B,NGN,MOBILE_MONEY,SET-0012
TXN108242,500.0,SUCCESS,REF-00008242,07-06-2026,Merchant_B,Processor_B,NGN,USSD,SET-0039
TXN106016,1500.0,REFUNDED,REF-00006016,07-04-2026,Merchant_E,Processor_B,NGN,USSD,SET-0023
TXN100667,1500.0,SUCCESS,REF-00000667,07-10-2026,Merchant_A,Processor_B,NGN,USSD,SET-0035
TXN106082,5000.0,SUCCESS,REF-00006082,07-08-2026,Merchant_A,Processor_B,NGN,MOBILE_MONEY,SET-0038
TXN106975,7500.0,SUCCESS,REF-00006975,07-16-2026,Merchant_B,Processor_B,NGN,MOBILE_MONEY,SET-0014
TXN101793,15000.0,SUCCESS,REF-00001793,07-13-2026,Merchant_C,Processor_B,NGN,BANK_TRANSFER,SET-0010
TXN107170,10000.0,SUCCESS,REF-00007170,07-11-2026,Merchant_E,Processor_B,NGN,USSD,SET-0032
TXN103840,10000.0,SUCCESS,REF-00003840,07-30-2026,Merchant_A,Processor_B,NGN,USSD,SET-0005
TXN106562,1500.0,SUCCESS,REF-00006562,07-06-2026,Merchant_E,Processor_B,NGN,BANK_TRANSFER,SET-0041
TXN108440,5000.0,SUCCESS,REF-00008440,07-27-2026,Merchant_C,Processor_B,NGN,USSD,SET-0050
TXN106101,25000.0,SUCCESS,REF-00006101,07-24-2026,Merchant_E,Processor_B,NGN,USSD,SET-0022
TXN101925,1000.0,SUCCESS,REF-00001925,07-27-2026,Merchant_C,Processor_B,NGN,MOBILE_MONEY,SET-0036
TXN109379,5000.0,SUCCESS,REF-00009379,07-29-2026,Merchant_C,Processor_B,NGN,USSD,SET-0004
TXN104507,500.0,SUCCESS,REF-00004507,07-25-2026,Merchant_E,Processor_B,NGN,MOBILE_MONEY,SET-0016
TXN108421,2500.0,SUCCESS,REF-00008421,07-31-2026,Merchant_B,Processor_B,NGN,MOBILE_MONEY,SET-0048
TXN103788,1000.0,SUCCESS,REF-00003788,07-20-2026,Merchant_E,Processor_B,NGN,BANK_TRANSFER,SET-0003
TXN105566,25000.0,SUCCESS,REF-00005566,07-21-2026,Merchant_C,Processor_B,NGN,MOBILE_MONEY,SET-0025
TXN101670,5000.0,SUCCESS,REF-00001670,07-28-2026,Merchant_D,Processor_B,NGN,BANK_TRANSFER,SET-0032
TXN109906,50000.0,SUCCESS,REF-00009906,07-23-2026,Merchant_B,Processor_B,NGN,MOBILE_MONEY,SET-0048
TXN108011,7500.0,REFUNDED,REF-00008011,07-12-2026,Merchant_C,Processor_B,NGN,BANK_TRANSFER,SET-0033
TXN108793,25000.0,REFUNDED,REF-00008793,07-20-2026,Merchant_A,Processor_B,NGN,BANK_TRANSFER,SET-0021
TXN100521,5000.0,SUCCESS,REF-00000521,07-13-2026,Merchant_E,Processor_B,NGN,MOBILE_MONEY,SET-0039
TXN105309,100000.0,SUCCESS,REF-00005309,07-26-2026,Merchant_B,Processor_B,NGN,MOBILE_MONEY,SET-0020
TXN102912,25000.0,REFUNDED,REF-00002912,07-05-2026,Merchant_C,Processor_B,NGN,CARD,SET-0050
TXN108044,7500.0,SUCCESS,REF-00008044,07-25-2026,Merchant_E,Processor_B,NGN,USSD,SET-0004
TXN106030,15000.0,SUCCESS,REF-00006030,07-18-2026,Merchant_C,Processor_B,NGN,CARD,SET-0034
TXN107541,1000.0,SUCCESS,REF-00007541,07-26-2026,Merchant_B,Processor_B,NGN,USSD,SET-0036
TXN103235,2500.0,FAILED,REF-00003235,07-06-2026,Merchant_E,Processor_B,NGN,USSD,SET-0026
TXN101422,1000.0,FAILED,REF-00001422,07-18-2026,Merchant_A,Processor_B,NGN,MOBILE_MONEY,SET-0006
TXN108471,5000.0,SUCCESS,REF-00008471,07-21-2026,Merchant_C,Processor_B,NGN,CARD,SET-0038
TXN102227,15000.0,SUCCESS,REF-00002227,07-27-2026,Merchant_D,Processor_B,NGN,MOBILE_MONEY,SET-0017
TXN106789,10000.0,REFUNDED,REF-00006789,07-31-2026,Merchant_A,Processor_B,NGN,CARD,SET-0010
TXN100064,5000.0,SUCCESS,REF-00000064,07-25-2026,Merchant_C,Processor_B,NGN,CARD,SET-0045
TXN109879,10000.0,SUCCESS,REF-00009879,07-08-2026,Merchant_E,Processor_B,NGN,BANK_TRANSFER,SET-0045
TXN101379,15000.0,SUCCESS,REF-00001379,07-30-2026,Merchant_C,Processor_B,NGN,MOBILE_MONEY,SET-0017
TXN103530,5000.0,FAILED,REF-00003530,07-09-2026,Merchant_B,Processor_B,NGN,MOBILE_MONEY,SET-0032
TXN106847,7500.0,SUCCESS,REF-00006847,07-13-2026,Merchant_E,Processor_B,NGN,MOBILE_MONEY,SET-0013
TXN102864,7500.0,SUCCESS,REF-00002864,07-11-2026,Merchant_C,Processor_B,NGN,MOBILE_MONEY,SET-0021
TXN103621,2500.0,SUCCESS,REF-00003621,07-23-2026,Merchant_B,Processor_B,NGN,MOBILE_MONEY,SET-0047
TXN107163,25000.0,FAILED,REF-00007163,07-05-2026,Merchant_B,Processor_B,NGN,CARD,SET-0007
TXN108331,15000.0,SUCCESS,REF-00008331,07-04-2026,Merchant_A,Processor_B,NGN,MOBILE_MONEY,SET-0049
TXN104466,1500.0,SUCCESS,REF-00004466,07-17-2026,Merchant_D,Processor_B,NGN,BANK_TRANSFER,SET-0032
TXN107045,5000.0,SUCCESS,REF-00007045,07-17-2026,Merchant_D,Processor_B,NGN,USSD,SET-0031
TXN102334,1000.0,SUCCESS,REF-00002334,07-23-2026,Merchant_D,Processor_B,NGN,MOBILE_MONEY,SET-0029
TXN109858,5000.0,REFUNDED,REF-00009858,07-31-2026,Merchant_D,Processor_B,NGN,MOBILE_MONEY,SET-0018
TXN104962,5000.0,SUCCESS,REF-00004962,07-02-2026,Merchant_B,Processor_B,NGN,MOBILE_MONEY,SET-0040
TXN100367,100000.0,SUCCESS,REF-00000367,07-30-2026,Merchant_D,Processor_B,NGN,MOBILE_MONEY,SET-0017
TXN108528,15000.0,SUCCESS,REF-00008528,07-11-2026,Merchant_A,Processor_B,NGN,USSD,SET-0033
TXN109288,7500.0,SUCCESS,REF-00009288,07-23-2026,Merchant_A,Processor_B,NGN,BANK_TRANSFER,SET-0026
TXN106316,25000.0,SUCCESS,REF-00006316,07-03-2026,Merchant_C,Processor_B,NGN,MOBILE_MONEY,SET-0048
TXN104380,1000.0,FAILED,REF-00004380,07-29-2026,Merchant_D,Processor_B,NGN,USSD,SET-0032
TXN100923,50000.0,SUCCESS,REF-00000923,07-17-2026,Merchant_D,Processor_B,NGN,BANK_TRANSFER,SET-0047
TXN103699,2500.0,SUCCESS,REF-00003699,07-15-2026,Merchant_B,Processor_B,NGN,CARD,SET-0009
TXN101389,7500.0,SUCCESS,REF-00001389,07-24-2026,Merchant_E,Processor_B,NGN,MOBILE_MONEY,SET-0004
TXN106434,25000.0,SUCCESS,REF-00006434,07-08-2026,Merchant_D,Processor_B,NGN,CARD,SET-0037
TXN104826,25000.0,SUCCESS,REF-00004826,07-01-2026,Merchant_A,Processor_B,NGN,CARD,SET-0008
TXN109065,7500.0,SUCCESS,REF-00009065,07-09-2026,Merchant_C,Processor_B,NGN,USSD,SET-0036
TXN103290,1000.0,SUCCESS,REF-00003290,07-04-2026,Merchant_C,Processor_B,NGN,CARD,SET-0033
TXN103393,5000.0,FAILED,REF-00003393,07-05-2026,Merchant_A,Processor_B,NGN,MOBILE_MONEY,SET-0046
TXN103834,7500.0,SUCCESS,REF-00003834,07-10-2026,Merchant_C,Processor_B,NGN,MOBILE_MONEY,SET-0021
TXN102576,250000.0,SUCCESS,REF-00002576,07-05-2026,Merchant_E,Processor_B,NGN,BANK_TRANSFER,SET-0032
TXN109295,100000.0,SUCCESS,REF-00009295,07-29-2026,Merchant_D,Processor_B,NGN,MOBILE_MONEY,SET-0004
