transaction_id,amount,status,reference,date,merchant,processor,Currency,Channel,Customer Type
TXN102688,10000.0,SUCCESS,REF-00002688,2026-07-11,Merchant_B,Processor_B,NGN,MOBILE_MONEY,BUSINESS
TXN100233,10000.0,SUCCESS,REF-00000233,2026-07-26,Merchant_B,Processor_A,NGN,MOBILE_MONEY,BUSINESS
TXN109099,5000.0,SUCCESS,REF-00009099,2026-07-14,Merchant_E,Processor_B,NGN,BANK_TRANSFER,RETAIL
TXN108652,2500.0,REFUNDED,REF-00008652,2026-07-09,Merchant_D,Processor_C,NGN,USSD,RETAIL
TXN102842,100000.0,SUCCESS,REF-00002842,2026-07-09,Merchant_A,Processor_A,NGN,MOBILE_MONEY,RETAIL
TXN100283,1000.0,SUCCESS,REF-00000283,2026-07-17,Merchant_D,Processor_B,NGN,BANK_TRANSFER,BUSINESS
TXN107673,10000.0,SUCCESS,REF-00007673,2026-07-28,Merchant_E,Processor_A,NGN,MOBILE_MONEY,RETAIL
TXN101435,500.0,SUCCESS,REF-00001435,2026-07-01,Merchant_B,Processor_A,NGN,USSD,RETAIL
TXN108641,7500.0,SUCCESS,REF-00008641,2026-07-14,Merchant_D,Processor_C,NGN,CARD,BUSINESS
TXN109584,100000.0,SUCCESS,REF-00009584,2026-07-16,Merchant_A,Processor_A,NGN,CARD,RETAIL
TXN106812,500.0,FAILED,REF-00006812,2026-07-02,Merchant_A,Processor_C,NGN,USSD,RETAIL
TXN104629,10000.0,SUCCESS,REF-00004629,2026-07-24,Merchant_C,Processor_B,NGN,MOBILE_MONEY,BUSINESS
TXN104134,15000.0,SUCCESS,REF-00004134,2026-07-03,Merchant_B,Processor_C,NGN,MOBILE_MONEY,BUSINESS
TXN103197,100000.0,SUCCESS,REF-00003197,2026-07-29,Merchant_A,Processor_A,NGN,CARD,BUSINESS
TXN108447,50000.0,SUCCESS,REF-00008447,2026-07-15,Merchant_E,Processor_B,NGN,CARD,RETAIL
TXN102817,500.0,REFUNDED,REF-00002817,2026-07-14,Merchant_D,Processor_C,NGN,CARD,RETAIL
TXN109731,25000.0,SUCCESS,REF-00009731,2026-07-17,Merchant_D,Processor_A,NGN,CARD,RETAIL
TXN107814,2500.0,SUCCESS,REF-00007814,2026-07-19,Merchant_B,Processor_A,NGN,BANK_TRANSFER,RETAIL
TXN100892,50000.0,SUCCESS,REF-00000892,2026-07-25,Merchant_E,Processor_A,NGN,USSD,BUSINESS
TXN105643,5000.0,SUCCESS,REF-00005643,2026-07-15,Merchant_B,Processor_B,NGN,MOBILE_MONEY,RETAIL
TXN106536,15000.0,SUCCESS,REF-00006536,2026-07-23,Merchant_A,Processor_B,NGN,MOBILE_MONEY,BUSINESS
TXN100069,250000.0,FAILED,REF-00000069,2026-07-09,Merchant_C,Processor_C,NGN,USSD,RETAIL
TXN109463,10000.0,SUCCESS,REF-00009463,2026-07-05,Merchant_A,Processor_A,NGN,MOBILE_MONEY,BUSINESS
TXN103537,5000.0,SUCCESS,REF-00003537,2026-07-18,Merchant_A,Processor_A,NGN,MOBILE_MONEY,BUSINESS
TXN104018,5000.0,REFUNDED,REF-00004018,2026-07-08,Merchant_A,Processor_B,NGN,CARD,RETAIL
TXN107474,7500.0,SUCCESS,REF-00007474,2026-07-01,Merchant_D,Processor_A,NGN,MOBILE_MONEY,RETAIL
TXN101049,500.0,SUCCESS,REF-00001049,2026-07-08,Merchant_A,Processor_B,NGN,USSD,BUSINESS
TXN103360,50000.0,SUCCESS,REF-00003360,2026-07-18,Merchant_B,Processor_C,NGN,USSD,BUSINESS
TXN108381,1500.0,SUCCESS,REF-00008381,2026-07-07,Merchant_A,Processor_C,NGN,USSD,RETAIL
TXN108638,15000.0,SUCCESS,REF-00008638,2026-07-03,Merchant_A,Processor_B,NGN,MOBILE_MONEY,BUSINESS
TXN109429,50000.0,SUCCESS,REF-00009429,2026-07-31,Merchant_D,Processor_C,NGN,BANK_TRANSFER,RETAIL
TXN108839,1000.0,SUCCESS,REF-00008839,2026-07-05,Merchant_D,Processor_C,NGN,CARD,RETAIL
TXN108847,15000.0,SUCCESS,REF-00008847,2026-07-05,Merchant_C,Processor_B,NGN,USSD,RETAIL
TXN102948,5000.0,FAILED,REF-00002948,2026-07-19,Merchant_A,Processor_C,NGN,BANK_TRANSFER,RETAIL
TXN101302,1000.0,SUCCESS,REF-00001302,2026-07-04,Merchant_E,Processor_C,NGN,MOBILE_MONEY,BUSINESS
TXN102862,250000.0,SUCCESS,REF-00002862,2026-07-19,Merchant_E,Processor_C,NGN,CARD,BUSINESS
TXN108756,2500.0,SUCCESS,REF-00008756,2026-07-19,Merchant_B,Processor_A,NGN,BANK_TRANSFER,BUSINESS
TXN106708,15000.0,SUCCESS,REF-00006708,2026-07-18,Merchant_E,Processor_A,NGN,MOBILE_MONEY,BUSINESS
TXN103387,10000.0,SUCCESS,REF-00003387,2026-07-21,Merchant_B,Processor_A,NGN,MOBILE_MONEY,BUSINESS
TXN106498,2500.0,SUCCESS,REF-00006498,2026-07-26,Merchant_C,Processor_B,NGN,BANK_TRANSFER,BUSINESS
TXN107521,10000.0,SUCCESS,REF-00007521,2026-07-03,Merchant_C,Processor_C,NGN,BANK_TRANSFER,RETAIL
TXN109449,5000.0,SUCCESS,REF-00009449,2026-07-18,Merchant_A,Processor_B,NGN,USSD,RETAIL
TXN108497,10000.0,SUCCESS,REF-00008497,2026-07-01,Merchant_B,Processor_C,NGN,CARD,BUSINESS
TXN108499,5000.0,SUCCESS,REF-00008499,2026-07-11,Merchant_D,Processor_C,NGN,CARD,RETAIL
TXN103797,1000.0,SUCCESS,REF-00003797,2026-07-11,Merchant_A,Processor_B,NGN,USSD,RETAIL
TXN100706,5000.0,SUCCESS,REF-00000706,2026-07-12,Merchant_C,Processor_C,NGN,CARD,BUSINESS
TXN107438,5000.0,SUCCESS,REF-00007438,2026-07-27,Merchant_B,Processor_B,NGN,CARD,RETAIL
TXN101820,2500.0,FAILED,REF-00001820,2026-07-25,Merchant_B,Processor_A,NGN,MOBILE_MONEY,RETAIL
TXN100699,10000.0,SUCCESS,REF-00000699,2026-07-01,Merchant_C,Processor_A,NGN,BANK_TRANSFER,RETAIL
TXN102860,50000.0,SUCCESS,REF-00002860,2026-07-09,Merchant_D,Processor_B,NGN,USSD,RETAIL
TXN102546,1000.0,SUCCESS,REF-00002546,2026-07-10,Merchant_A,Processor_B,NGN,BANK_TRANSFER,RETAIL
TXN104029,5000.0,SUCCESS,REF-00004029,2026-07-08,Merchant_C,Processor_B,NGN,CARD,RETAIL
TXN102561,25000.0,SUCCESS,REF-00002561,2026-07-14,Merchant_A,Processor_A,NGN,CARD,BUSINESS
TXN104754,50000.0,SUCCESS,REF-00004754,2026-07-28,Merchant_B,Processor_C,NGN,USSD,RETAIL
TXN103839,15000.0,SUCCESS,REF-00003839,2026-07-04,Merchant_C,Processor_C,NGN,BANK_TRANSFER,BUSINESS
TXN108531,500.0,SUCCESS,REF-00008531,2026-07-18,Merchant_E,Processor_A,NGN,MOBILE_MONEY,RETAIL
TXN105897,5000.0,FAILED,REF-00005897,2026-07-09,Merchant_B,Processor_C,NGN,BANK_TRANSFER,RETAIL
TXN100318,1500.0,SUCCESS,REF-00000318,2026-07-01,Merchant_B,Processor_C,NGN,BANK_TRANSFER,BUSINESS
TXN102911,500.0,REFUNDED,REF-00002911,2026-07-12,Merchant_E,Processor_B,NGN,USSD,RETAIL
TXN100620,1500.0,SUCCESS,REF-00000620,2026-07-29,Merchant_C,Processor_C,NGN,MOBILE_MONEY,BUSINESS
TXN102670,15000.0,SUCCESS,REF-00002670,2026-07-27,Merchant_C,Processor_B,NGN,BANK_TRANSFER,RETAIL
TXN101375,100000.0,SUCCESS,REF-00001375,2026-07-24,Merchant_B,Processor_C,NGN,BANK_TRANSFER,BUSINESS
TXN100922,100000.0,SUCCESS,REF-00000922,2026-07-09,Merchant_A,Processor_B,NGN,CARD,BUSINESS
TXN105865,7500.0,SUCCESS,REF-00005865,2026-07-13,Merchant_B,Processor_A,NGN,CARD,RETAIL
TXN103194,5000.0,SUCCESS,REF-00003194,2026-07-06,Merchant_A,Processor_C,NGN,MOBILE_MONEY,RETAIL
TXN105155,5000.0,SUCCESS,REF-00005155,2026-07-01,Merchant_A,Processor_A,NGN,BANK_TRANSFER,BUSINESS
TXN105047,10000.0,SUCCESS,REF-00005047,2026-07-26,Merchant_D,Processor_A,NGN,BANK_TRANSFER,BUSINESS
TXN106933,1500.0,SUCCESS,REF-00006933,2026-07-16,Merchant_E,Processor_B,NGN,CARD,RETAIL
TXN106104,1500.0,SUCCESS,REF-00006104,2026-07-02,Merchant_C,Processor_B,NGN,MOBILE_MONEY,RETAIL
TXN109075,25000.0,SUCCESS,REF-00009075,2026-07-02,Merchant_C,Processor_B,NGN,USSD,RETAIL
TXN109219,1500.0,SUCCESS,REF-00009219,2026-07-01,Merchant_B,Processor_C,NGN,CARD,BUSINESS
TXN102338,1500.0,SUCCESS,REF-00002338,2026-07-02,Merchant_D,Processor_C,NGN,BANK_TRANSFER,RETAIL
TXN107852,50000.0,SUCCESS,REF-00007852,2026-07-21,Merchant_D,Processor_C,NGN,USSD,BUSINESS
TXN100364,100000.0,SUCCESS,REF-00000364,2026-07-02,Merchant_D,Processor_B,NGN,BANK_TRANSFER,BUSINESS
TXN103392,100000.0,SUCCESS,REF-00003392,2026-07-07,Merchant_A,Processor_C,NGN,BANK_TRANSFER,RETAIL
TXN104431,10000.0,FAILED,REF-00004431,2026-07-03,Merchant_D,Processor_A,NGN,BANK_TRANSFER,BUSINESS
TXN106400,15000.0,SUCCESS,REF-00006400,2026-07-03,Merchant_A,Processor_B,NGN,MOBILE_MONEY,BUSINESS
TXN102904,10000.0,SUCCESS,REF-00002904,2026-07-02,Merchant_E,Processor_B,NGN,USSD,BUSINESS
TXN103059,250000.0,SUCCESS,REF-00003059,2026-07-28,Merchant_B,Processor_C,NGN,BANK_TRANSFER,RETAIL
TXN108358,1000.0,SUCCESS,REF-00008358,2026-07-25,Merchant_A,Processor_B,NGN,MOBILE_MONEY,BUSINESS
TXN103578,25000.0,REFUNDED,REF-00003578,2026-07-21,Merchant_E,Processor_C,NGN,USSD,RETAIL
TXN108938,5000.0,SUCCESS,REF-00008938,2026-07-13,Merchant_C,Processor_A,NGN,CARD,RETAIL
TXN109384,10000.0,SUCCESS,REF-00009384,2026-07-16,Merchant_C,Processor_B,NGN,MOBILE_MONEY,BUSINESS
TXN105571,1000.0,SUCCESS,REF-00005571,2026-07-20,Merchant_A,Processor_C,NGN,USSD,RETAIL
TXN101927,10000.0,SUCCESS,REF-00001927,2026-07-17,Merchant_A,Processor_A,NGN,BANK_TRANSFER,RETAIL
TXN106251,1500.0,SUCCESS,REF-00006251,2026-07-14,Merchant_A,Processor_C,NGN,BANK_TRANSFER,RETAIL
TXN102029,15000.0,SUCCESS,REF-00002029,2026-07-10,Merchant_B,Processor_C,NGN,MOBILE_MONEY,RETAIL
TXN104967,25000.0,SUCCESS,REF-00004967,2026-07-15,Merchant_A,Processor_B,NGN,CARD,RETAIL
TXN105193,100000.0,SUCCESS,REF-00005193,2026-07-21,Merchant_C,Processor_A,NGN,MOBILE_MONEY,BUSINESS
TXN106724,15000.0,SUCCESS,REF-00006724,2026-07-08,Merchant_D,Processor_B,NGN,CARD,RETAIL
TXN104957,15000.0,SUCCESS,REF-00004957,2026-07-10,Merchant_E,Processor_C,NGN,CARD,RETAIL
TXN103066,500.0,SUCCESS,REF-00003066,2026-07-29,Merchant_A,Processor_A,NGN,MOBILE_MONEY,RETAIL
TXN107227,1000.0,SUCCESS,REF-00007227,2026-07-26,Merchant_B,Processor_C,NGN,MOBILE_MONEY,BUSINESS
TXN102734,100000.0,SUCCESS,REF-00002734,2026-07-09,Merchant_D,Processor_A,NGN,MOBILE_MONEY,RETAIL
TXN103710,500.0,SUCCESS,REF-00003710,2026-07-21,Merchant_E,Processor_B,NGN,USSD,RETAIL
TXN107194,50000.0,SUCCESS,REF-00007194,2026-07-16,Merchant_C,Processor_B,NGN,USSD,BUSINESS
TXN109943,15000.0,SUCCESS,REF-00009943,2026-07-12,Merchant_B,Processor_C,NGN,MOBILE_MONEY,RETAIL
TXN109816,15000.0,SUCCESS,REF-00009816,2026-07-06,Merchant_B,Processor_A,NGN,USSD,BUSINESS
TXN106316,25000.0,SUCCESS,REF-00006316,2026-07-03,Merchant_C,Processor_B,NGN,USSD,RETAIL
TXN105153,25000.0,SUCCESS,REF-00005153,2026-07-24,Merchant_B,Processor_A,NGN,CARD,RETAIL
TXN101431,10000.0,SUCCESS,REF-00001431,2026-07-01,Merchant_D,Processor_C,NGN,BANK_TRANSFER,RETAIL
TXN105828,5000.0,SUCCESS,REF-00005828,2026-07-08,Merchant_C,Processor_A,NGN,BANK_TRANSFER,BUSINESS
TXN104099,500.0,FAILED,REF-00004099,2026-07-09,Merchant_B,Processor_A,NGN,USSD,BUSINESS
TXN108639,15000.0,SUCCESS,REF-00008639,2026-07-28,Merchant_A,Processor_A,NGN,CARD,BUSINESS
TXN107315,250000.0,SUCCESS,REF-00007315,2026-07-17,Merchant_A,Processor_C,NGN,MOBILE_MONEY,RETAIL
TXN108383,50000.0,SUCCESS,REF-00008383,2026-07-12,Merchant_A,Processor_B,NGN,CARD,BUSINESS
TXN109702,25000.0,SUCCESS,REF-00009702,2026-07-06,Merchant_D,Processor_B,NGN,CARD,BUSINESS
TXN107817,100000.0,SUCCESS,REF-00007817,2026-07-02,Merchant_E,Processor_A,NGN,BANK_TRANSFER,BUSINESS
TXN107805,1000.0,SUCCESS,REF-00007805,2026-07-19,Merchant_A,Processor_B,NGN,MOBILE_MONEY,RETAIL
TXN105351,250000.0,SUCCESS,REF-00005351,2026-07-09,Merchant_E,Processor_B,NGN,BANK_TRANSFER,BUSINESS
TXN106614,1000.0,SUCCESS,REF-00006614,2026-07-16,Merchant_C,Processor_A,NGN,USSD,BUSINESS
TXN103234,7500.0,SUCCESS,REF-00003234,2026-07-10,Merchant_E,Processor_B,NGN,BANK_TRANSFER,BUSINESS
TXN100209,1500.0,SUCCESS,REF-00000209,2026-07-11,Merchant_B,Processor_A,NGN,CARD,BUSINESS
TXN101161,1500.0,SUCCESS,REF-00001161,2026-07-06,Merchant_B,Processor_B,NGN,MOBILE_MONEY,RETAIL
TXN105772,2500.0,SUCCESS,REF-00005772,2026-07-29,Merchant_B,Processor_A,NGN,MOBILE_MONEY,BUSINESS
TXN105686,10000.0,FAILED,REF-00005686,2026-07-10,Merchant_D,Processor_A,NGN,MOBILE_MONEY,BUSINESS
TXN104765,250000.0,SUCCESS,REF-00004765,2026-07-29,Merchant_E,Processor_A,NGN,BANK_TRANSFER,RETAIL
TXN103822,50000.0,REFUNDED,REF-00003822,2026-07-19,Merchant_E,Processor_C,NGN,BANK_TRANSFER,BUSINESS
TXN106298,25000.0,SUCCESS,REF-00006298,2026-07-29,Merchant_B,Processor_C,NGN,BANK_TRANSFER,BUSINESS
TXN101756,250000.0,SUCCESS,REF-00001756,2026-07-10,Merchant_A,Processor_A,NGN,USSD,RETAIL
TXN106153,1000.0,SUCCESS,REF-00006153,2026-07-10,Merchant_D,Processor_C,NGN,BANK_TRANSFER,RETAIL
TXN106770,1000.0,SUCCESS,REF-00006770,2026-07-16,Merchant_B,Processor_A,NGN,USSD,BUSINESS
TXN104499,7500.0,SUCCESS,REF-00004499,2026-07-01,Merchant_B,Processor_B,NGN,BANK_TRANSFER,RETAIL
TXN102515,100000.0,SUCCESS,REF-00002515,2026-07-06,Merchant_C,Processor_B,NGN,USSD,BUSINESS
TXN104410,1000.0,SUCCESS,REF-00004410,2026-07-23,Merchant_D,Processor_C,NGN,CARD,RETAIL
TXN105396,1000.0,SUCCESS,REF-00005396,2026-07-12,Merchant_B,Processor_A,NGN,CARD,BUSINESS
TXN107016,2500.0,SUCCESS,REF-00007016,2026-07-17,Merchant_E,Processor_B,NGN,MOBILE_MONEY,RETAIL
TXN104886,5000.0,SUCCESS,REF-00004886,2026-07-16,Merchant_D,Processor_B,NGN,CARD,RETAIL
TXN107754,2500.0,SUCCESS,REF-00007754,2026-07-04,Merchant_E,Processor_B,NGN,MOBILE_MONEY,RETAIL
TXN101581,7500.0,SUCCESS,REF-00001581,2026-07-21,Merchant_C,Processor_C,NGN,USSD,BUSINESS
TXN103255,1500.0,SUCCESS,REF-00003255,2026-07-27,Merchant_E,Processor_C,NGN,MOBILE_MONEY,RETAIL
TXN104832,15000.0,SUCCESS,REF-00004832,2026-07-11,Merchant_E,Processor_A,NGN,CARD,BUSINESS
TXN109273,5000.0,SUCCESS,REF-00009273,2026-07-16,Merchant_D,Processor_B,NGN,USSD,BUSINESS
TXN105049,10000.0,SUCCESS,REF-00005049,2026-07-22,Merchant_D,Processor_B,NGN,MOBILE_MONEY,RETAIL
TXN100018,7500.0,SUCCESS,REF-00000018,2026-07-24,Merchant_C,Processor_A,NGN,USSD,BUSINESS
TXN106301,7500.0,SUCCESS,REF-00006301,2026-07-13,Merchant_E,Processor_A,NGN,USSD,BUSINESS
TXN106362,2500.0,SUCCESS,REF-00006362,2026-07-13,Merchant_E,Processor_A,NGN,CARD,BUSINESS
TXN104454,50000.0,SUCCESS,REF-00004454,2026-07-21,Merchant_D,Processor_B,NGN,USSD,BUSINESS
TXN107800,500.0,REFUNDED,REF-00007800,2026-07-09,Merchant_D,Processor_A,NGN,BANK_TRANSFER,BUSINESS
TXN103975,100000.0,SUCCESS,REF-00003975,2026-07-25,Merchant_B,Processor_A,NGN,CARD,BUSINESS
TXN101044,100000.0,SUCCESS,REF-00001044,2026-07-17,Merchant_B,Processor_C,NGN,MOBILE_MONEY,RETAIL
TXN108516,250000.0,SUCCESS,REF-00008516,2026-07-04,Merchant_D,Processor_C,NGN,BANK_TRANSFER,BUSINESS
TXN103107,500.0,FAILED,REF-00003107,2026-07-07,Merchant_C,Processor_B,NGN,CARD,BUSINESS
TXN103890,25000.0,SUCCESS,REF-00003890,2026-07-11,Merchant_D,Processor_B,NGN,USSD,RETAIL
TXN104996,1000.0,SUCCESS,REF-00004996,2026-07-25,Merchant_A,Processor_A,NGN,MOBILE_MONEY,RETAIL
TXN106157,25000.0,SUCCESS,REF-00006157,2026-07-07,Merchant_A,Processor_A,NGN,USSD,RETAIL
TXN105616,100000.0,SUCCESS,REF-00005616,2026-07-23,Merchant_D,Processor_C,NGN,USSD,BUSINESS
TXN108675,5000.0,SUCCESS,REF-00008675,2026-07-18,Merchant_D,Processor_A,NGN,MOBILE_MONEY,RETAIL
TXN109277,10000.0,SUCCESS,REF-00009277,2026-07-17,Merchant_A,Processor_B,NGN,MOBILE_MONEY,BUSINESS
TXN107822,7500.0,SUCCESS,REF-00007822,2026-07-02,Merchant_A,Processor_B,NGN,CARD,RETAIL
TXN101998,1000.0,FAILED,REF-00001998,2026-07-12,Merchant_D,Processor_A,NGN,CARD,BUSINESS
TXN102153,50000.0,SUCCESS,REF-00002153,2026-07-13,Merchant_E,Processor_A,NGN,USSD,BUSINESS
TXN105010,1500.0,SUCCESS,REF-00005010,2026-07-18,Merchant_B,Processor_A,NGN,CARD,RETAIL
TXN106823,250000.0,SUCCESS,REF-00006823,2026-07-03,Merchant_D,Processor_B,NGN,BANK_TRANSFER,BUSINESS
TXN100050,250000.0,SUCCESS,REF-00000050,2026-07-19,Merchant_A,Processor_B,NGN,MOBILE_MONEY,RETAIL
TXN107623,25000.0,REFUNDED,REF-00007623,2026-07-14,Merchant_C,Processor_A,NGN,USSD,BUSINESS
TXN106607,10000.0,REFUNDED,REF-00006607,2026-07-21,Merchant_C,Processor_C,NGN,BANK_TRANSFER,RETAIL
TXN108596,10000.0,SUCCESS,REF-00008596,2026-07-01,Merchant_E,Processor_C,NGN,BANK_TRANSFER,BUSINESS
TXN108747,1000.0,SUCCESS,REF-00008747,2026-07-30,Merchant_E,Processor_A,NGN,MOBILE_MONEY,RETAIL
TXN100998,250000.0,SUCCESS,REF-00000998,2026-07-21,Merchant_B,Processor_A,NGN,CARD,RETAIL
TXN100365,5000.0,SUCCESS,REF-00000365,2026-07-01,Merchant_A,Processor_C,NGN,BANK_TRANSFER,RETAIL
TXN107059,100000.0,SUCCESS,REF-00007059,2026-07-18,Merchant_C,Processor_C,NGN,USSD,BUSINESS
TXN109231,1500.0,SUCCESS,REF-00009231,2026-07-27,Merchant_D,Processor_C,NGN,BANK_TRANSFER,BUSINESS
TXN100498,250000.0,SUCCESS,REF-00000498,2026-07-23,Merchant_D,Processor_A,NGN,MOBILE_MONEY,RETAIL
TXN104355,15000.0,SUCCESS,REF-00004355,2026-07-29,Merchant_B,Processor_B,NGN,CARD,BUSINESS
TXN104854,15000.0,SUCCESS,REF-00004854,2026-07-08,Merchant_C,Processor_C,NGN,CARD,BUSINESS
TXN102593,10000.0,SUCCESS,REF-00002593,2026-07-17,Merchant_A,Processor_A,NGN,USSD,RETAIL
TXN101352,7500.0,SUCCESS,REF-00001352,2026-07-03,Merchant_D,Processor_B,NGN,USSD,RETAIL
TXN109896,25000.0,SUCCESS,REF-00009896,2026-07-08,Merchant_B,Processor_A,NGN,USSD,RETAIL
TXN106889,10000.0,SUCCESS,REF-00006889,2026-07-10,Merchant_E,Processor_B,NGN,USSD,BUSINESS
TXN106318,15000.0,SUCCESS,REF-00006318,2026-07-26,Merchant_D,Processor_C,NGN,USSD,BUSINESS
TXN107185,100000.0,SUCCESS,REF-00007185,2026-07-03,Merchant_E,Processor_C,NGN,BANK_TRANSFER,RETAIL
TXN107012,5000.0,SUCCESS,REF-00007012,2026-07-13,Merchant_C,Processor_A,NGN,BANK_TRANSFER,RETAIL
TXN100453,100000.0,FAILED,REF-00000453,2026-07-19,Merchant_D,Processor_A,NGN,MOBILE_MONEY,BUSINESS
TXN104594,7500.0,SUCCESS,REF-00004594,2026-07-28,Merchant_A,Processor_C,NGN,CARD,RETAIL
TXN104950,7500.0,SUCCESS,REF-00004950,2026-07-06,Merchant_C,Processor_A,NGN,BANK_TRANSFER,BUSINESS
TXN107386,1000.0,SUCCESS,REF-00007386,2026-07-22,Merchant_E,Processor_A,NGN,USSD,RETAIL
TXN101782,7500.0,SUCCESS,REF-00001782,2026-07-27,Merchant_E,Processor_A,NGN,MOBILE_MONEY,RETAIL
TXN106744,10000.0,SUCCESS,REF-00006744,2026-07-11,Merchant_D,Processor_C,NGN,USSD,RETAIL
TXN101311,100000.0,SUCCESS,REF-00001311,2026-07-15,Merchant_A,Processor_B,NGN,CARD,RETAIL
TXN109873,2500.0,SUCCESS,REF-00009873,2026-07-29,Merchant_A,Processor_B,NGN,USSD,RETAIL
TXN101639,100000.0,SUCCESS,REF-00001639,2026-07-31,Merchant_E,Processor_C,NGN,MOBILE_MONEY,BUSINESS
TXN104112,1000.0,SUCCESS,REF-00004112,2026-07-13,Merchant_D,Processor_B,NGN,MOBILE_MONEY,RETAIL
TXN102277,10000.0,SUCCESS,REF-00002277,2026-07-13,Merchant_D,Processor_C,NGN,MOBILE_MONEY,RETAIL
TXN108279,500.0,SUCCESS,REF-00008279,2026-07-11,Merchant_E,Processor_A,NGN,CARD,BUSINESS
TXN109632,1000.0,FAILED,REF-00009632,2026-07-16,Merchant_A,Processor_C,NGN,BANK_TRANSFER,RETAIL
TXN107157,7500.0,SUCCESS,REF-00007157,2026-07-24,Merchant_E,Processor_B,NGN,BANK_TRANSFER,RETAIL
TXN104308,50000.0,SUCCESS,REF-00004308,2026-07-25,Merchant_D,Processor_B,NGN,MOBILE_MONEY,RETAIL
TXN107594,1000.0,SUCCESS,REF-00007594,2026-07-14,Merchant_A,Processor_A,NGN,BANK_TRANSFER,RETAIL
TXN104207,10000.0,SUCCESS,REF-00004207,2026-07-01,Merchant_E,Processor_A,NGN,CARD,RETAIL
TXN101950,1000.0,REFUNDED,REF-00001950,2026-07-25,Merchant_E,Processor_C,NGN,USSD,BUSINESS
TXN105793,100000.0,SUCCESS,REF-00005793,2026-07-16,Merchant_E,Processor_A,NGN,CARD,BUSINESS
TXN108899,100000.0,SUCCESS,REF-00008899,2026-07-28,Merchant_B,Processor_B,NGN,BANK_TRANSFER,RETAIL
TXN109492,5000.0,SUCCESS,REF-00009492,2026-07-08,Merchant_A,Processor_B,NGN,CARD,BUSINESS
TXN104720,5000.0,SUCCESS,REF-00004720,2026-07-13,Merchant_D,Processor_A,NGN,USSD,RETAIL
TXN109286,15000.0,SUCCESS,REF-00009286,2026-07-03,Merchant_A,Processor_C,NGN,CARD,BUSINESS
TXN107860,1000.0,FAILED,REF-00007860,2026-07-19,Merchant_D,Processor_A,NGN,BANK_TRANSFER,RETAIL
TXN104632,50000.0,SUCCESS,REF-00004632,2026-07-24,Merchant_B,Processor_B,NGN,USSD,RETAIL
TXN104826,25000.0,SUCCESS,REF-00004826,2026-07-01,Merchant_A,Processor_B,NGN,BANK_TRANSFER,RETAIL
TXN101176,25000.0,SUCCESS,REF-00001176,2026-07-25,Merchant_B,Processor_A,NGN,USSD,BUSINESS
TXN102587,15000.0,SUCCESS,REF-00002587,2026-07-22,Merchant_D,Processor_A,NGN,MOBILE_MONEY,BUSINESS
TXN102110,1500.0,SUCCESS,REF-00002110,2026-07-08,Merchant_B,Processor_A,NGN,USSD,BUSINESS
TXN109399,500.0,SUCCESS,REF-00009399,2026-07-09,Merchant_D,Processor_C,NGN,BANK_TRANSFER,BUSINESS
TXN105175,50000.0,SUCCESS,REF-00005175,2026-07-08,Merchant_C,Processor_B,NGN,MOBILE_MONEY,BUSINESS
TXN105018,10000.0,SUCCESS,REF-00005018,2026-07-15,Merchant_B,Processor_B,NGN,MOBILE_MONEY,BUSINESS
TXN105803,50000.0,SUCCESS,REF-00005803,2026-07-20,Merchant_D,Processor_C,NGN,BANK_TRANSFER,RETAIL
TXN104301,100000.0,SUCCESS,REF-00004301,2026-07-08,Merchant_A,Processor_B,NGN,BANK_TRANSFER,RETAIL
TXN101890,1000.0,SUCCESS,REF-00001890,2026-07-30,Merchant_A,Processor_B,NGN,CARD,BUSINESS
TXN104314,250000.0,SUCCESS,REF-00004314,2026-07-27,Merchant_C,Processor_A,NGN,BANK_TRANSFER,RETAIL
TXN108242,500.0,SUCCESS,REF-00008242,2026-07-06,Merchant_B,Processor_B,NGN,USSD,RETAIL
TXN102402,7500.0,SUCCESS,REF-00002402,2026-07-08,Merchant_A,Processor_B,NGN,MOBILE_MONEY,RETAIL
TXN105839,15000.0,FAILED,REF-00005839,2026-07-17,Merchant_C,Processor_B,NGN,CARD,BUSINESS
TXN105492,10000.0,SUCCESS,REF-00005492,2026-07-27,Merchant_D,Processor_B,NGN,CARD,BUSINESS
TXN104056,50000.0,SUCCESS,REF-00004056,2026-07-05,Merchant_E,Processor_C,NGN,CARD,BUSINESS
TXN100512,100000.0,SUCCESS,REF-00000512,2026-07-07,Merchant_B,Processor_C,NGN,MOBILE_MONEY,RETAIL
TXN101539,10000.0,SUCCESS,REF-00001539,2026-07-12,Merchant_C,Processor_A,NGN,CARD,BUSINESS
TXN105077,2500.0,SUCCESS,REF-00005077,2026-07-13,Merchant_D,Processor_A,NGN,MOBILE_MONEY,RETAIL
TXN100501,10000.0,SUCCESS,REF-00000501,2026-07-27,Merchant_A,Processor_B,NGN,MOBILE_MONEY,RETAIL
TXN104837,7500.0,SUCCESS,REF-00004837,2026-07-19,Merchant_C,Processor_A,NGN,CARD,RETAIL
TXN100907,5000.0,SUCCESS,REF-00000907,2026-07-15,Merchant_A,Processor_B,NGN,MOBILE_MONEY,RETAIL
TXN107433,2500.0,SUCCESS,REF-00007433,2026-07-05,Merchant_A,Processor_A,NGN,CARD,RETAIL
TXN103154,7500.0,SUCCESS,REF-00003154,2026-07-10,Merchant_D,Processor_B,NGN,BANK_TRANSFER,RETAIL
TXN103543,5000.0,FAILED,REF-00003543,2026-07-08,Merchant_A,Processor_A,NGN,USSD,BUSINESS
TXN102859,1500.0,SUCCESS,REF-00002859,2026-07-13,Merchant_D,Processor_C,NGN,BANK_TRANSFER,RETAIL
TXN106819,25000.0,SUCCESS,REF-00006819,2026-07-20,Merchant_B,Processor_A,NGN,USSD,RETAIL
TXN104014,15000.0,SUCCESS,REF-00004014,2026-07-14,Merchant_B,Processor_A,NGN,MOBILE_MONEY,RETAIL
TXN102743,1500.0,SUCCESS,REF-00002743,2026-07-06,Merchant_E,Processor_A,NGN,MOBILE_MONEY,RETAIL
TXN105931,5000.0,SUCCESS,REF-00005931,2026-07-09,Merchant_C,Processor_B,NGN,CARD,BUSINESS
TXN107626,100000.0,SUCCESS,REF-00007626,2026-07-23,Merchant_E,Processor_A,NGN,BANK_TRANSFER,RETAIL
TXN100683,15000.0,SUCCESS,REF-00000683,2026-07-27,Merchant_A,Processor_A,NGN,BANK_TRANSFER,BUSINESS
TXN102281,5000.0,REFUNDED,REF-00002281,2026-07-19,Merchant_A,Processor_A,NGN,MOBILE_MONEY,RETAIL
TXN101075,7500.0,SUCCESS,REF-00001075,2026-07-21,Merchant_E,Processor_B,NGN,BANK_TRANSFER,BUSINESS
TXN100518,250000.0,SUCCESS,REF-00000518,2026-07-18,Merchant_B,Processor_B,NGN,USSD,BUSINESS
TXN108646,7500.0,SUCCESS,REF-00008646,2026-07-22,Merchant_D,Processor_A,NGN,MOBILE_MONEY,BUSINESS
TXN104577,2500.0,SUCCESS,REF-00004577,2026-07-11,Merchant_A,Processor_B,NGN,CARD,RETAIL
TXN109992,10000.0,SUCCESS,REF-00009992,2026-07-29,Merchant_D,Processor_B,NGN,CARD,BUSINESS
TXN101795,1000.0,SUCCESS,REF-00001795,2026-07-07,Merchant_A,Processor_A,NGN,MOBILE_MONEY,RETAIL
TXN102445,5000.0,SUCCESS,REF-00002445,2026-07-08,Merchant_B,Processor_A,NGN,MOBILE_MONEY,BUSINESS
TXN104064,50000.0,SUCCESS,REF-00004064,2026-07-14,Merchant_B,Processor_A,NGN,CARD,BUSINESS
TXN108226,5000.0,SUCCESS,REF-00008226,2026-07-03,Merchant_A,Processor_A,NGN,USSD,RETAIL
TXN108637,7500.0,SUCCESS,REF-00008637,2026-07-16,Merchant_E,Processor_A,NGN,BANK_TRANSFER,BUSINESS
TXN107378,10000.0,REFUNDED,REF-00007378,2026-07-25,Merchant_A,Processor_A,NGN,MOBILE_MONEY,RETAIL
TXN108618,500.0,SUCCESS,REF-00008618,2026-07-30,Merchant_A,Processor_A,NGN,MOBILE_MONEY,RETAIL
TXN101702,5000.0,SUCCESS,REF-00001702,2026-07-24,Merchant_A,Processor_B,NGN,USSD,RETAIL
TXN108563,100000.0,SUCCESS,REF-00008563,2026-07-25,Merchant_A,Processor_B,NGN,CARD,BUSINESS
TXN108128,50000.0,SUCCESS,REF-00008128,2026-07-19,Merchant_B,Processor_A,NGN,MOBILE_MONEY,BUSINESS
TXN107004,5000.0,FAILED,REF-00007004,2026-07-21,Merchant_E,Processor_B,NGN,USSD,BUSINESS
TXN107768,1000.0,SUCCESS,REF-00007768,2026-07-20,Merchant_D,Processor_C,NGN,MOBILE_MONEY,BUSINESS
TXN105481,5000.0,SUCCESS,REF-00005481,2026-07-29,Merchant_C,Processor_B,NGN,USSD,BUSINESS
TXN109971,250000.0,SUCCESS,REF-00009971,2026-07-10,Merchant_D,Processor_C,NGN,USSD,RETAIL
TXN101056,25000.0,SUCCESS,REF-00001056,2026-07-03,Merchant_D,Processor_C,NGN,CARD,BUSINESS
TXN102150,5000.0,SUCCESS,REF-00002150,2026-07-03,Merchant_A,Processor_C,NGN,BANK_TRANSFER,RETAIL
TXN107040,25000.0,SUCCESS,REF-00007040,2026-07-15,Merchant_E,Processor_B,NGN,CARD,BUSINESS
TXN104103,1500.0,SUCCESS,REF-00004103,2026-07-23,Merchant_E,Processor_A,NGN,USSD,BUSINESS
TXN106830,100000.0,SUCCESS,REF-00006830,2026-07-12,Merchant_D,Processor_A,NGN,BANK_TRANSFER,RETAIL
TXN105073,1000.0,SUCCESS,REF-00005073,2026-07-04,Merchant_A,Processor_C,NGN,BANK_TRANSFER,RETAIL
TXN109805,25000.0,SUCCESS,REF-00009805,2026-07-12,Merchant_C,Processor_C,NGN,CARD,RETAIL
TXN100476,1000.0,SUCCESS,REF-00000476,2026-07-28,Merchant_B,Processor_A,NGN,CARD,BUSINESS
TXN102133,10000.0,SUCCESS,REF-00002133,2026-07-15,Merchant_C,Processor_B,NGN,MOBILE_MONEY,BUSINESS
TXN106639,7500.0,SUCCESS,REF-00006639,2026-07-29,Merchant_A,Processor_C,NGN,BANK_TRANSFER,RETAIL
TXN104828,5000.0,SUCCESS,REF-00004828,2026-07-24,Merchant_D,Processor_B,NGN,USSD,RETAIL
TXN101705,1000.0,SUCCESS,REF-00001705,2026-07-31,Merchant_D,Processor_B,NGN,MOBILE_MONEY,BUSINESS
TXN107090,1000.0,SUCCESS,REF-00007090,2026-07-15,Merchant_E,Processor_C,NGN,MOBILE_MONEY,RETAIL
TXN101571,1500.0,SUCCESS,REF-00001571,2026-07-22,Merchant_C,Processor_B,NGN,MOBILE_MONEY,RETAIL
TXN109433,5000.0,SUCCESS,REF-00009433,2026-07-12,Merchant_B,Processor_C,NGN,MOBILE_MONEY,RETAIL
TXN100014,1500.0,SUCCESS,REF-00000014,2026-07-24,Merchant_C,Processor_C,NGN,CARD,BUSINESS
TXN101384,15000.0,SUCCESS,REF-00001384,2026-07-28,Merchant_C,Processor_B,NGN,BANK_TRANSFER,BUSINESS
TXN100005,1500.0,SUCCESS,REF-00000005,2026-07-08,Merchant_A,Processor_C,NGN,MOBILE_MONEY,BUSINESS
TXN109159,7500.0,SUCCESS,REF-00009159,2026-07-31,Merchant_A,Processor_B,NGN,BANK_TRANSFER,RETAIL
TXN100226,250000.0,SUCCESS,REF-00000226,2026-07-28,Merchant_E,Processor_C,NGN,USSD,RETAIL
TXN106458,1000.0,SUCCESS,REF-00006458,2026-07-29,Merchant_C,Processor_C,NGN,BANK_TRANSFER,BUSINESS
TXN104631,5000.0,SUCCESS,REF-00004631,2026-07-02,Merchant_C,Processor_B,NGN,CARD,BUSINESS
TXN104127,100000.0,SUCCESS,REF-00004127,2026-07-25,Merchant_B,Processor_A,NGN,BANK_TRANSFER,RETAIL
TXN101000,1500.0,SUCCESS,REF-00001000,2026-07-31,Merchant_D,Processor_A,NGN,USSD,BUSINESS
TXN104770,500.0,SUCCESS,REF-00004770,2026-07-08,Merchant_C,Processor_B,NGN,USSD,RETAIL
TXN100524,50000.0,SUCCESS,REF-00000524,2026-07-07,Merchant_C,Processor_B,NGN,MOBILE_MONEY,BUSINESS
TXN105696,7500.0,SUCCESS,REF-00005696,2026-07-22,Merchant_D,Processor_A,NGN,USSD,BUSINESS
TXN105075,10000.0,SUCCESS,REF-00005075,2026-07-15,Merchant_E,Processor_B,NGN,MOBILE_MONEY,BUSINESS
TXN107651,1500.0,SUCCESS,REF-00007651,2026-07-18,Merchant_C,Processor_C,NGN,CARD,BUSINESS
TXN104771,7500.0,SUCCESS,REF-00004771,2026-07-22,Merchant_E,Processor_A,NGN,CARD,BUSINESS
TXN108269,25000.0,SUCCESS,REF-00008269,2026-07-20,Merchant_E,Processor_A,NGN,CARD,BUSINESS
TXN107421,25000.0,SUCCESS,REF-00007421,2026-07-03,Merchant_D,Processor_A,NGN,BANK_TRANSFER,RETAIL
TXN105055,15000.0,SUCCESS,REF-00005055,2026-07-08,Merchant_C,Processor_B,NGN,USSD,RETAIL
TXN106999,15000.0,SUCCESS,REF-00006999,2026-07-25,Merchant_B,Processor_B,NGN,USSD,RETAIL
TXN104605,100000.0,SUCCESS,REF-00004605,2026-07-06,Merchant_C,Processor_C,NGN,USSD,BUSINESS
TXN102672,25000.0,SUCCESS,REF-00002672,2026-07-25,Merchant_C,Processor_C,NGN,MOBILE_MONEY,BUSINESS
TXN105952,50000.0,SUCCESS,REF-00005952,2026-07-06,Merchant_E,Processor_B,NGN,MOBILE_MONEY,BUSINESS
TXN104707,2500.0,SUCCESS,REF-00004707,2026-07-06,Merchant_C,Processor_B,NGN,CARD,RETAIL
TXN100774,50000.0,SUCCESS,REF-00000774,2026-07-27,Merchant_D,Processor_B,NGN,USSD,BUSINESS
TXN100393,25000.0,SUCCESS,REF-00000393,2026-07-20,Merchant_E,Processor_B,NGN,BANK_TRANSFER,RETAIL
TXN105758,7500.0,SUCCESS,REF-00005758,2026-07-04,Merchant_D,Processor_B,NGN,BANK_TRANSFER,BUSINESS
TXN101558,50000.0,SUCCESS,REF-00001558,2026-07-14,Merchant_C,Processor_B,NGN,CARD,RETAIL
TXN102090,25000.0,SUCCESS,REF-00002090,2026-07-05,Merchant_A,Processor_C,NGN,MOBILE_MONEY,RETAIL
TXN101813,500.0,SUCCESS,REF-00001813,2026-07-10,Merchant_D,Processor_B,NGN,MOBILE_MONEY,RETAIL
TXN109730,1500.0,SUCCESS,REF-00009730,2026-07-17,Merchant_A,Processor_C,NGN,MOBILE_MONEY,BUSINESS
TXN109972,250000.0,SUCCESS,REF-00009972,2026-07-24,Merchant_B,Processor_B,NGN,CARD,RETAIL
TXN108585,10000.0,SUCCESS,REF-00008585,2026-07-03,Merchant_A,Processor_C,NGN,CARD,BUSINESS
TXN104005,2500.0,FAILED,REF-00004005,2026-07-22,Merchant_B,Processor_A,NGN,USSD,RETAIL
TXN108853,15000.0,SUCCESS,REF-00008853,2026-07-07,Merchant_C,Processor_B,NGN,USSD,RETAIL
TXN103280,7500.0,SUCCESS,REF-00003280,2026-07-03,Merchant_B,Processor_B,NGN,USSD,BUSINESS
TXN101524,10000.0,SUCCESS,REF-00001524,2026-07-26,Merchant_B,Processor_C,NGN,BANK_TRANSFER,RETAIL
TXN103541,50000.0,SUCCESS,REF-00003541,2026-07-12,Merchant_A,Processor_A,NGN,BANK_TRANSFER,RETAIL
TXN100775,1500.0,SUCCESS,REF-00000775,2026-07-19,Merchant_A,Processor_A,NGN,USSD,BUSINESS
TXN101532,25000.0,FAILED,REF-00001532,2026-07-18,Merchant_C,Processor_B,NGN,BANK_TRANSFER,RETAIL
TXN107723,25000.0,SUCCESS,REF-00007723,2026-07-20,Merchant_C,Processor_C,NGN,BANK_TRANSFER,RETAIL
TXN100948,100000.0,SUCCESS,REF-00000948,2026-07-04,Merchant_E,Processor_C,NGN,MOBILE_MONEY,RETAIL
TXN106213,5000.0,SUCCESS,REF-00006213,2026-07-23,Merchant_C,Processor_C,NGN,MOBILE_MONEY,RETAIL
TXN103574,100000.0,SUCCESS,REF-00003574,2026-07-19,Merchant_E,Processor_B,NGN,CARD,RETAIL
TXN108218,5000.0,SUCCESS,REF-00008218,2026-07-25,Merchant_D,Processor_A,NGN,MOBILE_MONEY,RETAIL
TXN106359,15000.0,SUCCESS,REF-00006359,2026-07-19,Merchant_B,Processor_A,NGN,USSD,BUSINESS
TXN107345,2500.0,SUCCESS,REF-00007345,2026-07-07,Merchant_D,Processor_A,NGN,MOBILE_MONEY,RETAIL
TXN101970,500.0,SUCCESS,REF-00001970,2026-07-07,Merchant_B,Processor_C,NGN,BANK_TRANSFER,RETAIL
TXN108627,50000.0,SUCCESS,REF-00008627,2026-07-16,Merchant_D,Processor_A,NGN,BANK_TRANSFER,BUSINESS
TXN103715,5000.0,SUCCESS,REF-00003715,2026-07-10,Merchant_D,Processor_B,NGN,USSD,RETAIL
TXN107641,5000.0,SUCCESS,REF-00007641,2026-07-22,Merchant_E,Processor_A,NGN,USSD,BUSINESS
TXN102491,2500.0,SUCCESS,REF-00002491,2026-07-20,Merchant_D,Processor_B,NGN,MOBILE_MONEY,RETAIL
TXN106757,10000.0,FAILED,REF-00006757,2026-07-20,Merchant_B,Processor_A,NGN,MOBILE_MONEY,RETAIL
TXN105667,50000.0,SUCCESS,REF-00005667,2026-07-30,Merchant_A,Processor_B,NGN,MOBILE_MONEY,RETAIL
TXN100439,1000.0,SUCCESS,REF-00000439,2026-07-08,Merchant_A,Processor_B,NGN,CARD,BUSINESS
TXN104484,2500.0,SUCCESS,REF-00004484,2026-07-14,Merchant_B,Processor_C,NGN,CARD,BUSINESS
TXN104047,10000.0,SUCCESS,REF-00004047,2026-07-24,Merchant_E,Processor_B,NGN,USSD,RETAIL
TXN105525,500.0,SUCCESS,REF-00005525,2026-07-26,Merchant_E,Processor_B,NGN,MOBILE_MONEY,RETAIL
TXN105477,25000.0,SUCCESS,REF-00005477,2026-07-22,Merchant_D,Processor_B,NGN,BANK_TRANSFER,RETAIL
TXN100565,10000.0,SUCCESS,REF-00000565,2026-07-21,Merchant_B,Processor_B,NGN,CARD,BUSINESS
TXN103348,5000.0,SUCCESS,REF-00003348,2026-07-08,Merchant_C,Processor_C,NGN,USSD,BUSINESS
TXN109768,250000.0,SUCCESS,REF-00009768,2026-07-26,Merchant_E,Processor_C,NGN,CARD,RETAIL
TXN102069,5000.0,SUCCESS,REF-00002069,2026-07-30,Merchant_B,Processor_C,NGN,MOBILE_MONEY,BUSINESS
TXN108327,100000.0,SUCCESS,REF-00008327,2026-07-02,Merchant_E,Processor_A,NGN,BANK_TRANSFER,BUSINESS
TXN104324,50000.0,REFUNDED,REF-00004324,2026-07-09,Merchant_D,Processor_A,NGN,BANK_TRANSFER,BUSINESS
TXN106753,1000.0,SUCCESS,REF-00006753,2026-07-08,Merchant_B,Processor_B,NGN,USSD,BUSINESS
TXN103612,5000.0,SUCCESS,REF-00003612,2026-07-29,Merchant_C,Processor_C,NGN,CARD,RETAIL
TXN104312,1500.0,SUCCESS,REF-00004312,2026-07-03,Merchant_C,Processor_C,NGN,MOBILE_MONEY,BUSINESS
TXN102717,250000.0,SUCCESS,REF-00002717,2026-07-05,Merchant_E,Processor_A,NGN,MOBILE_MONEY,RETAIL
TXN101343,25000.0,SUCCESS,REF-00001343,2026-07-14,Merchant_E,Processor_C,NGN,BANK_TRANSFER,RETAIL
TXN102426,1000.0,SUCCESS,REF-00002426,2026-07-12,Merchant_D,Processor_B,NGN,BANK_TRANSFER,BUSINESS
TXN107803,5000.0,SUCCESS,REF-00007803,2026-07-07,Merchant_D,Processor_A,NGN,MOBILE_MONEY,BUSINESS
TXN107086,15000.0,SUCCESS,REF-00007086,2026-07-25,Merchant_B,Processor_A,NGN,MOBILE_MONEY,BUSINESS
TXN105995,15000.0,SUCCESS,REF-00005995,2026-07-13,Merchant_C,Processor_B,NGN,CARD,BUSINESS
TXN108484,25000.0,SUCCESS,REF-00008484,2026-07-21,Merchant_E,Processor_B,NGN,USSD,BUSINESS
TXN105460,50000.0,SUCCESS,REF-00005460,2026-07-04,Merchant_B,Processor_C,NGN,CARD,RETAIL
TXN105139,100000.0,SUCCESS,REF-00005139,2026-07-09,Merchant_C,Processor_A,NGN,CARD,RETAIL
TXN106850,2500.0,FAILED,REF-00006850,2026-07-26,Merchant_D,Processor_A,NGN,MOBILE_MONEY,RETAIL
TXN109462,25000.0,SUCCESS,REF-00009462,2026-07-25,Merchant_A,Processor_A,NGN,CARD,RETAIL
TXN100767,100000.0,SUCCESS,REF-00000767,2026-07-17,Merchant_A,Processor_C,NGN,CARD,BUSINESS
TXN105627,5000.0,SUCCESS,REF-00005627,2026-07-28,Merchant_D,Processor_C,NGN,CARD,BUSINESS
TXN106877,2500.0,SUCCESS,REF-00006877,2026-07-16,Merchant_D,Processor_A,NGN,BANK_TRANSFER,BUSINESS
TXN101910,5000.0,FAILED,REF-00001910,2026-07-07,Merchant_A,Processor_A,NGN,USSD,BUSINESS
TXN108068,7500.0,SUCCESS,REF-00008068,2026-07-16,Merchant_A,Processor_C,NGN,USSD,RETAIL
TXN106901,2500.0,SUCCESS,REF-00006901,2026-07-08,Merchant_D,Processor_C,NGN,BANK_TRANSFER,RETAIL
TXN105003,5000.0,SUCCESS,REF-00005003,2026-07-10,Merchant_E,Processor_A,NGN,MOBILE_MONEY,BUSINESS
TXN104235,5000.0,REFUNDED,REF-00004235,2026-07-13,Merchant_B,Processor_A,NGN,MOBILE_MONEY,RETAIL
TXN105439,50000.0,SUCCESS,REF-00005439,2026-07-10,Merchant_D,Processor_C,NGN,USSD,RETAIL
TXN107257,1000.0,REFUNDED,REF-00007257,2026-07-16,Merchant_B,Processor_B,NGN,USSD,BUSINESS
TXN107083,10000.0,FAILED,REF-00007083,2026-07-20,Merchant_D,Processor_C,NGN,MOBILE_MONEY,BUSINESS
TXN105732,15000.0,FAILED,REF-00005732,2026-07-17,Merchant_D,Processor_B,NGN,CARD,RETAIL
TXN102504,2500.0,SUCCESS,REF-00002504,2026-07-10,Merchant_E,Processor_B,NGN,USSD,BUSINESS
TXN105038,25000.0,SUCCESS,REF-00005038,2026-07-09,Merchant_E,Processor_C,NGN,CARD,BUSINESS
TXN105765,25000.0,SUCCESS,REF-00005765,2026-07-03,Merchant_E,Processor_C,NGN,USSD,BUSINESS
TXN100270,50000.0,SUCCESS,REF-00000270,2026-07-26,Merchant_C,Processor_A,NGN,BANK_TRANSFER,RETAIL
TXN107048,2500.0,SUCCESS,REF-00007048,2026-07-29,Merchant_E,Processor_C,NGN,USSD,BUSINESS
TXN101593,1000.0,SUCCESS,REF-00001593,2026-07-31,Merchant_B,Processor_B,NGN,BANK_TRANSFER,RETAIL
TXN106524,1000.0,SUCCESS,REF-00006524,2026-07-13,Merchant_C,Processor_A,NGN,CARD,BUSINESS
TXN106392,25000.0,SUCCESS,REF-00006392,2026-07-13,Merchant_A,Processor_A,NGN,MOBILE_MONEY,BUSINESS
TXN108815,25000.0,SUCCESS,REF-00008815,2026-07-20,Merchant_E,Processor_C,NGN,CARD,BUSINESS
TXN106268,5000.0,SUCCESS,REF-00006268,2026-07-31,Merchant_C,Processor_A,NGN,CARD,RETAIL
TXN100321,25000.0,SUCCESS,REF-00000321,2026-07-27,Merchant_E,Processor_B,NGN,CARD,RETAIL
TXN106666,5000.0,SUCCESS,REF-00006666,2026-07-18,Merchant_B,Processor_C,NGN,BANK_TRANSFER,BUSINESS
TXN109110,100000.0,SUCCESS,REF-00009110,2026-07-05,Merchant_B,Processor_B,NGN,USSD,BUSINESS
TXN102998,5000.0,SUCCESS,REF-00002998,2026-07-12,Merchant_E,Processor_C,NGN,MOBILE_MONEY,RETAIL
TXN104782,10000.0,SUCCESS,REF-00004782,2026-07-17,Merchant_E,Processor_C,NGN,CARD,BUSINESS
TXN106493,2500.0,SUCCESS,REF-00006493,2026-07-12,Merchant_E,Processor_C,NGN,CARD,RETAIL
TXN104040,50000.0,SUCCESS,REF-00004040,2026-07-27,Merchant_D,Processor_C,NGN,CARD,BUSINESS
TXN104635,250000.0,SUCCESS,REF-00004635,2026-07-07,Merchant_C,Processor_B,NGN,BANK_TRANSFER,RETAIL
TXN108758,2500.0,SUCCESS,REF-00008758,2026-07-16,Merchant_B,Processor_B,NGN,BANK_TRANSFER,BUSINESS
TXN104069,50000.0,SUCCESS,REF-00004069,2026-07-20,Merchant_B,Processor_C,NGN,BANK_TRANSFER,RETAIL
TXN100158,2500.0,FAILED,REF-00000158,2026-07-09,Merchant_E,Processor_B,NGN,USSD,BUSINESS
TXN104838,500.0,SUCCESS,REF-00004838,2026-07-21,Merchant_D,Processor_B,NGN,USSD,BUSINESS
TXN103157,1000.0,SUCCESS,REF-00003157,2026-07-25,Merchant_B,Processor_A,NGN,CARD,BUSINESS
TXN104958,1500.0,SUCCESS,REF-00004958,2026-07-28,Merchant_B,Processor_B,NGN,MOBILE_MONEY,BUSINESS
TXN104538,1000.0,SUCCESS,REF-00004538,2026-07-15,Merchant_C,Processor_A,NGN,BANK_TRANSFER,BUSINESS
TXN101518,2500.0,SUCCESS,REF-00001518,2026-07-08,Merchant_B,Processor_A,NGN,USSD,BUSINESS
TXN103489,7500.0,SUCCESS,REF-00003489,2026-07-21,Merchant_C,Processor_C,NGN,USSD,RETAIL
TXN101770,7500.0,SUCCESS,REF-00001770,2026-07-21,Merchant_D,Processor_C,NGN,MOBILE_MONEY,BUSINESS
TXN104003,1500.0,SUCCESS,REF-00004003,2026-07-14,Merchant_C,Processor_C,NGN,BANK_TRANSFER,BUSINESS
TXN107166,50000.0,SUCCESS,REF-00007166,2026-07-04,Merchant_D,Processor_C,NGN,USSD,BUSINESS
TXN109832,1500.0,SUCCESS,REF-00009832,2026-07-18,Merchant_B,Processor_B,NGN,MOBILE_MONEY,BUSINESS
TXN106408,10000.0,SUCCESS,REF-00006408,2026-07-30,Merchant_B,Processor_A,NGN,MOBILE_MONEY,RETAIL
TXN101828,50000.0,SUCCESS,REF-00001828,2026-07-21,Merchant_C,Processor_B,NGN,BANK_TRANSFER,RETAIL
TXN102960,2500.0,SUCCESS,REF-00002960,2026-07-28,Merchant_A,Processor_B,NGN,BANK_TRANSFER,BUSINESS
TXN101801,25000.0,SUCCESS,REF-00001801,2026-07-04,Merchant_C,Processor_A,NGN,BANK_TRANSFER,BUSINESS
TXN101505,7500.0,SUCCESS,REF-00001505,2026-07-31,Merchant_A,Processor_B,NGN,CARD,BUSINESS
TXN107363,50000.0,SUCCESS,REF-00007363,2026-07-15,Merchant_B,Processor_A,NGN,USSD,BUSINESS
TXN102411,1500.0,FAILED,REF-00002411,2026-07-12,Merchant_B,Processor_A,NGN,MOBILE_MONEY,BUSINESS
TXN104729,1500.0,FAILED,REF-00004729,2026-07-02,Merchant_A,Processor_B,NGN,CARD,BUSINESS
TXN108587,25000.0,SUCCESS,REF-00008587,2026-07-21,Merchant_E,Processor_C,NGN,BANK_TRANSFER,RETAIL
TXN108733,7500.0,FAILED,REF-00008733,2026-07-18,Merchant_A,Processor_B,NGN,USSD,RETAIL
TXN106205,100000.0,SUCCESS,REF-00006205,2026-07-22,Merchant_C,Processor_A,NGN,USSD,RETAIL
TXN108672,10000.0,SUCCESS,REF-00008672,2026-07-27,Merchant_B,Processor_A,NGN,CARD,RETAIL
TXN102914,2500.0,SUCCESS,REF-00002914,2026-07-16,Merchant_A,Processor_C,NGN,MOBILE_MONEY,BUSINESS
TXN102120,50000.0,SUCCESS,REF-00002120,2026-07-11,Merchant_D,Processor_B,NGN,CARD,BUSINESS
TXN104743,250000.0,SUCCESS,REF-00004743,2026-07-21,Merchant_B,Processor_B,NGN,USSD,RETAIL
TXN103656,5000.0,SUCCESS,REF-00003656,2026-07-03,Merchant_C,Processor_C,NGN,MOBILE_MONEY,RETAIL
TXN105575,1500.0,SUCCESS,REF-00005575,2026-07-13,Merchant_C,Processor_B,NGN,CARD,BUSINESS
TXN101825,10000.0,SUCCESS,REF-00001825,2026-07-21,Merchant_C,Processor_B,NGN,CARD,RETAIL
TXN103945,500.0,FAILED,REF-00003945,2026-07-25,Merchant_E,Processor_C,NGN,BANK_TRANSFER,RETAIL
TXN102181,2500.0,FAILED,REF-00002181,2026-07-11,Merchant_B,Processor_C,NGN,USSD,BUSINESS
TXN108179,1000.0,SUCCESS,REF-00008179,2026-07-06,Merchant_C,Processor_B,NGN,BANK_TRANSFER,RETAIL
TXN106950,25000.0,REFUNDED,REF-00006950,2026-07-28,Merchant_D,Processor_C,NGN,BANK_TRANSFER,BUSINESS
TXN108653,10000.0,SUCCESS,REF-00008653,2026-07-01,Merchant_C,Processor_B,NGN,MOBILE_MONEY,RETAIL
TXN100217,25000.0,SUCCESS,REF-00000217,2026-07-28,Merchant_B,Processor_B,NGN,MOBILE_MONEY,BUSINESS
TXN103326,50000.0,SUCCESS,REF-00003326,2026-07-31,Merchant_C,Processor_A,NGN,USSD,BUSINESS
TXN104138,15000.0,SUCCESS,REF-00004138,2026-07-09,Merchant_A,Processor_C,NGN,MOBILE_MONEY,BUSINESS
TXN108422,2500.0,SUCCESS,REF-00008422,2026-07-14,Merchant_D,Processor_B,NGN,USSD,RETAIL
TXN105777,1500.0,SUCCESS,REF-00005777,2026-07-29,Merchant_B,Processor_A,NGN,MOBILE_MONEY,RETAIL
TXN108260,1000.0,SUCCESS,REF-00008260,2026-07-10,Merchant_C,Processor_A,NGN,BANK_TRANSFER,RETAIL
TXN102484,7500.0,SUCCESS,REF-00002484,2026-07-01,Merchant_A,Processor_B,NGN,USSD,RETAIL
TXN108193,2500.0,SUCCESS,REF-00008193,2026-07-29,Merchant_B,Processor_C,NGN,BANK_TRANSFER,BUSINESS
TXN100311,1000.0,SUCCESS,REF-00000311,2026-07-02,Merchant_A,Processor_B,NGN,MOBILE_MONEY,RETAIL
TXN102536,25000.0,SUCCESS,REF-00002536,2026-07-04,Merchant_D,Processor_B,NGN,BANK_TRANSFER,BUSINESS
TXN104370,2500.0,SUCCESS,REF-00004370,2026-07-12,Merchant_C,Processor_C,NGN,MOBILE_MONEY,RETAIL
TXN104609,5000.0,SUCCESS,REF-00004609,2026-07-12,Merchant_E,Processor_C,NGN,CARD,BUSINESS
TXN107373,15000.0,SUCCESS,REF-00007373,2026-07-08,Merchant_C,Processor_B,NGN,BANK_TRANSFER,BUSINESS
TXN105797,250000.0,FAILED,REF-00005797,2026-07-12,Merchant_E,Processor_A,NGN,USSD,BUSINESS
TXN107654,25000.0,SUCCESS,REF-00007654,2026-07-11,Merchant_B,Processor_C,NGN,BANK_TRANSFER,RETAIL
TXN100386,5000.0,SUCCESS,REF-00000386,2026-07-20,Merchant_D,Processor_B,NGN,BANK_TRANSFER,RETAIL
TXN108472,7500.0,SUCCESS,REF-00008472,2026-07-03,Merchant_E,Processor_C,NGN,USSD,BUSINESS
TXN109289,2500.0,SUCCESS,REF-00009289,2026-07-19,Merchant_B,Processor_A,NGN,USSD,RETAIL
TXN105669,25000.0,SUCCESS,REF-00005669,2026-07-27,Merchant_A,Processor_A,NGN,CARD,BUSINESS
TXN109993,50000.0,SUCCESS,REF-00009993,2026-07-21,Merchant_B,Processor_C,NGN,MOBILE_MONEY,RETAIL
TXN106932,7500.0,SUCCESS,REF-00006932,2026-07-18,Merchant_C,Processor_B,NGN,MOBILE_MONEY,RETAIL
TXN108952,500.0,FAILED,REF-00008952,2026-07-30,Merchant_B,Processor_B,NGN,USSD,RETAIL
TXN107846,50000.0,SUCCESS,REF-00007846,2026-07-01,Merchant_E,Processor_A,NGN,BANK_TRANSFER,RETAIL
TXN103799,10000.0,SUCCESS,REF-00003799,2026-07-09,Merchant_D,Processor_B,NGN,MOBILE_MONEY,BUSINESS
TXN102201,1000.0,SUCCESS,REF-00002201,2026-07-13,Merchant_B,Processor_B,NGN,USSD,RETAIL
TXN106068,1000.0,SUCCESS,REF-00006068,2026-07-04,Merchant_C,Processor_A,NGN,USSD,RETAIL
TXN102683,5000.0,SUCCESS,REF-00002683,2026-07-04,Merchant_C,Processor_B,NGN,CARD,RETAIL
TXN101878,5000.0,SUCCESS,REF-00001878,2026-07-05,Merchant_C,Processor_C,NGN,BANK_TRANSFER,BUSINESS
TXN100564,5000.0,SUCCESS,REF-00000564,2026-07-08,Merchant_D,Processor_B,NGN,CARD,BUSINESS
TXN102368,5000.0,SUCCESS,REF-00002368,2026-07-16,Merchant_D,Processor_C,NGN,CARD,BUSINESS
TXN103409,1000.0,SUCCESS,REF-00003409,2026-07-28,Merchant_D,Processor_C,NGN,BANK_TRANSFER,BUSINESS
TXN102193,10000.0,SUCCESS,REF-00002193,2026-07-18,Merchant_A,Processor_A,NGN,USSD,BUSINESS
TXN106183,250000.0,SUCCESS,REF-00006183,2026-07-23,Merchant_B,Processor_C,NGN,BANK_TRANSFER,BUSINESS
TXN105245,10000.0,SUCCESS,REF-00005245,2026-07-06,Merchant_D,Processor_A,NGN,CARD,RETAIL
TXN107018,5000.0,SUCCESS,REF-00007018,2026-07-20,Merchant_E,Processor_C,NGN,CARD,BUSINESS
TXN106848,15000.0,SUCCESS,REF-00006848,2026-07-04,Merchant_A,Processor_C,NGN,BANK_TRANSFER,BUSINESS
TXN109042,250000.0,SUCCESS,REF-00009042,2026-07-28,Merchant_D,Processor_A,NGN,CARD,RETAIL
TXN100514,1000.0,SUCCESS,REF-00000514,2026-07-10,Merchant_B,Processor_A,NGN,USSD,RETAIL
TXN106086,25000.0,SUCCESS,REF-00006086,2026-07-17,Merchant_D,Processor_A,NGN,USSD,RETAIL
TXN104786,100000.0,SUCCESS,REF-00004786,2026-07-19,Merchant_C,Processor_B,NGN,BANK_TRANSFER,RETAIL
TXN102864,7500.0,SUCCESS,REF-00002864,2026-07-11,Merchant_C,Processor_B,NGN,BANK_TRANSFER,BUSINESS
TXN106100,5000.0,SUCCESS,REF-00006100,2026-07-18,Merchant_D,Processor_A,NGN,USSD,BUSINESS
TXN105692,15000.0,SUCCESS,REF-00005692,2026-07-09,Merchant_E,Processor_C,NGN,MOBILE_MONEY,BUSINESS
TXN104980,250000.0,SUCCESS,REF-00004980,2026-07-22,Merchant_C,Processor_A,NGN,MOBILE_MONEY,BUSINESS
TXN105683,2500.0,SUCCESS,REF-00005683,2026-07-27,Merchant_E,Processor_B,NGN,MOBILE_MONEY,RETAIL
TXN104106,250000.0,SUCCESS,REF-00004106,2026-07-31,Merchant_C,Processor_A,NGN,BANK_TRANSFER,BUSINESS
TXN100413,10000.0,SUCCESS,REF-00000413,2026-07-04,Merchant_C,Processor_A,NGN,USSD,BUSINESS
TXN108475,25000.0,SUCCESS,REF-00008475,2026-07-23,Merchant_C,Processor_A,NGN,USSD,RETAIL
TXN109668,25000.0,SUCCESS,REF-00009668,2026-07-18,Merchant_B,Processor_A,NGN,USSD,RETAIL
TXN102514,15000.0,SUCCESS,REF-00002514,2026-07-09,Merchant_A,Processor_B,NGN,USSD,RETAIL
TXN100193,15000.0,FAILED,REF-00000193,2026-07-10,Merchant_E,Processor_B,NGN,BANK_TRANSFER,BUSINESS
TXN109962,10000.0,SUCCESS,REF-00009962,2026-07-11,Merchant_A,Processor_A,NGN,USSD,BUSINESS
TXN100216,5000.0,SUCCESS,REF-00000216,2026-07-22,Merchant_E,Processor_B,NGN,USSD,RETAIL
TXN108110,10000.0,SUCCESS,REF-00008110,2026-07-13,Merchant_D,Processor_C,NGN,CARD,RETAIL
TXN108390,15000.0,SUCCESS,REF-00008390,2026-07-12,Merchant_E,Processor_C,NGN,CARD,BUSINESS
TXN105062,10000.0,SUCCESS,REF-00005062,2026-07-28,Merchant_B,Processor_B,NGN,CARD,BUSINESS
TXN100426,7500.0,SUCCESS,REF-00000426,2026-07-12,Merchant_C,Processor_A,NGN,CARD,RETAIL
TXN108842,2500.0,FAILED,REF-00008842,2026-07-13,Merchant_A,Processor_C,NGN,BANK_TRANSFER,BUSINESS
TXN102655,7500.0,SUCCESS,REF-00002655,2026-07-09,Merchant_A,Processor_B,NGN,MOBILE_MONEY,BUSINESS
TXN102909,5000.0,FAILED,REF-00002909,2026-07-26,Merchant_E,Processor_B,NGN,CARD,BUSINESS
TXN104894,5000.0,SUCCESS,REF-00004894,2026-07-25,Merchant_C,Processor_A,NGN,CARD,RETAIL
TXN100276,50000.0,SUCCESS,REF-00000276,2026-07-03,Merchant_B,Processor_C,NGN,CARD,RETAIL
TXN103240,7500.0,SUCCESS,REF-00003240,2026-07-24,Merchant_E,Processor_C,NGN,BANK_TRANSFER,RETAIL
TXN107523,25000.0,SUCCESS,REF-00007523,2026-07-10,Merchant_C,Processor_B,NGN,MOBILE_MONEY,RETAIL
TXN102152,25000.0,SUCCESS,REF-00002152,2026-07-06,Merchant_C,Processor_A,NGN,USSD,RETAIL
TXN101706,15000.0,FAILED,REF-00001706,2026-07-29,Merchant_C,Processor_B,NGN,CARD,BUSINESS
TXN108966,15000.0,SUCCESS,REF-00008966,2026-07-11,Merchant_A,Processor_C,NGN,MOBILE_MONEY,RETAIL
TXN100519,1500.0,SUCCESS,REF-00000519,2026-07-25,Merchant_C,Processor_A,NGN,USSD,BUSINESS
TXN106481,10000.0,SUCCESS,REF-00006481,2026-07-08,Merchant_C,Processor_B,NGN,CARD,BUSINESS
TXN104708,50000.0,SUCCESS,REF-00004708,2026-07-04,Merchant_E,Processor_C,NGN,BANK_TRANSFER,RETAIL
TXN101291,1500.0,SUCCESS,REF-00001291,2026-07-30,Merchant_B,Processor_B,NGN,BANK_TRANSFER,RETAIL
TXN100575,100000.0,FAILED,REF-00000575,2026-07-30,Merchant_D,Processor_A,NGN,BANK_TRANSFER,RETAIL
TXN105488,15000.0,SUCCESS,REF-00005488,2026-07-09,Merchant_E,Processor_A,NGN,USSD,RETAIL
TXN103695,500.0,SUCCESS,REF-00003695,2026-07-19,Merchant_A,Processor_B,NGN,BANK_TRANSFER,RETAIL
TXN102603,5000.0,SUCCESS,REF-00002603,2026-07-28,Merchant_B,Processor_A,NGN,MOBILE_MONEY,BUSINESS
TXN105724,1500.0,FAILED,REF-00005724,2026-07-01,Merchant_C,Processor_B,NGN,USSD,RETAIL
TXN108615,250000.0,SUCCESS,REF-00008615,2026-07-27,Merchant_E,Processor_B,NGN,BANK_TRANSFER,BUSINESS
TXN102764,1500.0,SUCCESS,REF-00002764,2026-07-29,Merchant_E,Processor_B,NGN,MOBILE_MONEY,RETAIL
TXN108418,25000.0,SUCCESS,REF-00008418,2026-07-23,Merchant_A,Processor_C,NGN,MOBILE_MONEY,RETAIL
TXN108396,10000.0,SUCCESS,REF-00008396,2026-07-27,Merchant_D,Processor_B,NGN,CARD,BUSINESS
TXN105555,25000.0,SUCCESS,REF-00005555,2026-07-19,Merchant_A,Processor_C,NGN,CARD,RETAIL
TXN107199,100000.0,SUCCESS,REF-00007199,2026-07-08,Merchant_B,Processor_C,NGN,MOBILE_MONEY,RETAIL
TXN106925,500.0,FAILED,REF-00006925,2026-07-06,Merchant_A,Processor_C,NGN,CARD,BUSINESS
TXN102836,250000.0,FAILED,REF-00002836,2026-07-09,Merchant_D,Processor_C,NGN,CARD,RETAIL
TXN102297,500.0,SUCCESS,REF-00002297,2026-07-04,Merchant_D,Processor_C,NGN,USSD,RETAIL
TXN106353,10000.0,REFUNDED,REF-00006353,2026-07-22,Merchant_A,Processor_C,NGN,BANK_TRANSFER,RETAIL
TXN104037,50000.0,SUCCESS,REF-00004037,2026-07-20,Merchant_B,Processor_B,NGN,USSD,RETAIL
TXN106786,100000.0,SUCCESS,REF-00006786,2026-07-25,Merchant_E,Processor_B,NGN,USSD,RETAIL
TXN104227,15000.0,SUCCESS,REF-00004227,2026-07-14,Merchant_D,Processor_C,NGN,CARD,BUSINESS
TXN103807,5000.0,SUCCESS,REF-00003807,2026-07-18,Merchant_A,Processor_B,NGN,BANK_TRANSFER,BUSINESS
TXN103521,7500.0,SUCCESS,REF-00003521,2026-07-02,Merchant_E,Processor_A,NGN,USSD,RETAIL
TXN103850,7500.0,SUCCESS,REF-00003850,2026-07-09,Merchant_C,Processor_C,NGN,USSD,BUSINESS
TXN103703,50000.0,SUCCESS,REF-00003703,2026-07-10,Merchant_C,Processor_C,NGN,USSD,BUSINESS
TXN105076,15000.0,SUCCESS,REF-00005076,2026-07-19,Merchant_C,Processor_C,NGN,USSD,RETAIL
TXN107319,100000.0,SUCCESS,REF-00007319,2026-07-29,Merchant_C,Processor_C,NGN,BANK_TRANSFER,RETAIL
TXN104654,5000.0,SUCCESS,REF-00004654,2026-07-30,Merchant_E,Processor_C,NGN,CARD,BUSINESS
TXN101687,10000.0,SUCCESS,REF-00001687,2026-07-14,Merchant_A,Processor_C,NGN,MOBILE_MONEY,BUSINESS
TXN108487,10000.0,SUCCESS,REF-00008487,2026-07-15,Merchant_C,Processor_A,NGN,CARD,BUSINESS
TXN100784,1500.0,SUCCESS,REF-00000784,2026-07-07,Merchant_E,Processor_B,NGN,MOBILE_MONEY,RETAIL
TXN103899,50000.0,SUCCESS,REF-00003899,2026-07-01,Merchant_C,Processor_C,NGN,USSD,BUSINESS
TXN107332,100000.0,SUCCESS,REF-00007332,2026-07-09,Merchant_B,Processor_B,NGN,MOBILE_MONEY,BUSINESS
TXN106802,2500.0,SUCCESS,REF-00006802,2026-07-30,Merchant_C,Processor_B,NGN,BANK_TRANSFER,BUSINESS
TXN104000,10000.0,SUCCESS,REF-00004000,2026-07-26,Merchant_A,Processor_A,NGN,BANK_TRANSFER,RETAIL
TXN103609,250000.0,SUCCESS,REF-00003609,2026-07-13,Merchant_E,Processor_C,NGN,USSD,BUSINESS
TXN108478,15000.0,SUCCESS,REF-00008478,2026-07-03,Merchant_A,Processor_C,NGN,BANK_TRANSFER,RETAIL
TXN108355,5000.0,SUCCESS,REF-00008355,2026-07-30,Merchant_A,Processor_B,NGN,USSD,RETAIL
TXN106361,7500.0,SUCCESS,REF-00006361,2026-07-09,Merchant_E,Processor_B,NGN,MOBILE_MONEY,RETAIL
TXN108510,1500.0,SUCCESS,REF-00008510,2026-07-28,Merchant_D,Processor_A,NGN,CARD,BUSINESS
TXN105944,250000.0,SUCCESS,REF-00005944,2026-07-03,Merchant_B,Processor_C,NGN,CARD,RETAIL
TXN103052,2500.0,REFUNDED,REF-00003052,2026-07-21,Merchant_E,Processor_B,NGN,MOBILE_MONEY,RETAIL
TXN108259,50000.0,SUCCESS,REF-00008259,2026-07-09,Merchant_D,Processor_B,NGN,CARD,BUSINESS
TXN107326,2500.0,SUCCESS,REF-00007326,2026-07-24,Merchant_A,Processor_A,NGN,USSD,RETAIL
TXN100521,5000.0,SUCCESS,REF-00000521,2026-07-13,Merchant_E,Processor_B,NGN,MOBILE_MONEY,RETAIL
TXN105359,10000.0,SUCCESS,REF-00005359,2026-07-02,Merchant_D,Processor_A,NGN,USSD,RETAIL
TXN109434,5000.0,SUCCESS,REF-00009434,2026-07-24,Merchant_A,Processor_C,NGN,CARD,RETAIL
TXN102843,250000.0,SUCCESS,REF-00002843,2026-07-21,Merchant_A,Processor_C,NGN,USSD,RETAIL
TXN100629,2500.0,SUCCESS,REF-00000629,2026-07-26,Merchant_E,Processor_C,NGN,BANK_TRANSFER,RETAIL
TXN106195,1500.0,SUCCESS,REF-00006195,2026-07-01,Merchant_B,Processor_B,NGN,CARD,BUSINESS
TXN101676,1000.0,SUCCESS,REF-00001676,2026-07-31,Merchant_C,Processor_C,NGN,BANK_TRANSFER,BUSINESS
TXN103689,500.0,SUCCESS,REF-00003689,2026-07-16,Merchant_C,Processor_C,NGN,BANK_TRANSFER,RETAIL
TXN104521,10000.0,FAILED,REF-00004521,2026-07-04,Merchant_B,Processor_B,NGN,MOBILE_MONEY,RETAIL
TXN102373,7500.0,SUCCESS,REF-00002373,2026-07-19,Merchant_B,Processor_C,NGN,MOBILE_MONEY,BUSINESS
TXN101247,500.0,SUCCESS,REF-00001247,2026-07-04,Merchant_A,Processor_A,NGN,USSD,BUSINESS
TXN107885,50000.0,SUCCESS,REF-00007885,2026-07-25,Merchant_A,Processor_C,NGN,USSD,RETAIL
TXN106007,1000.0,SUCCESS,REF-00006007,2026-07-03,Merchant_E,Processor_A,NGN,CARD,RETAIL
TXN109676,100000.0,SUCCESS,REF-00009676,2026-07-08,Merchant_B,Processor_B,NGN,USSD,RETAIL
TXN108804,15000.0,SUCCESS,REF-00008804,2026-07-26,Merchant_C,Processor_A,NGN,USSD,BUSINESS
TXN108851,10000.0,SUCCESS,REF-00008851,2026-07-09,Merchant_D,Processor_B,NGN,MOBILE_MONEY,BUSINESS
TXN108931,2500.0,FAILED,REF-00008931,2026-07-28,Merchant_A,Processor_A,NGN,MOBILE_MONEY,BUSINESS
TXN106817,100000.0,SUCCESS,REF-00006817,2026-07-24,Merchant_D,Processor_A,NGN,BANK_TRANSFER,RETAIL
TXN101400,1500.0,SUCCESS,REF-00001400,2026-07-29,Merchant_C,Processor_C,NGN,USSD,BUSINESS
TXN106928,25000.0,SUCCESS,REF-00006928,2026-07-07,Merchant_A,Processor_B,NGN,MOBILE_MONEY,RETAIL
TXN109022,10000.0,SUCCESS,REF-00009022,2026-07-31,Merchant_B,Processor_A,NGN,CARD,RETAIL
TXN102810,2500.0,SUCCESS,REF-00002810,2026-07-15,Merchant_B,Processor_A,NGN,USSD,RETAIL
TXN105642,5000.0,FAILED,REF-00005642,2026-07-22,Merchant_D,Processor_C,NGN,CARD,BUSINESS
TXN109537,25000.0,SUCCESS,REF-00009537,2026-07-26,Merchant_C,Processor_A,NGN,BANK_TRANSFER,BUSINESS
TXN105611,15000.0,SUCCESS,REF-00005611,2026-07-17,Merchant_B,Processor_A,NGN,BANK_TRANSFER,RETAIL
TXN104973,25000.0,SUCCESS,REF-00004973,2026-07-08,Merchant_D,Processor_A,NGN,MOBILE_MONEY,RETAIL
TXN101256,2500.0,SUCCESS,REF-00001256,2026-07-22,Merchant_D,Processor_A,NGN,MOBILE_MONEY,RETAIL
TXN102629,5000.0,SUCCESS,REF-00002629,2026-07-29,Merchant_D,Processor_B,NGN,BANK_TRANSFER,BUSINESS
TXN108809,1500.0,SUCCESS,REF-00008809,2026-07-03,Merchant_A,Processor_C,NGN,CARD,BUSINESS
TXN104509,100000.0,SUCCESS,REF-00004509,2026-07-14,Merchant_C,Processor_A,NGN,BANK_TRANSFER,RETAIL
TXN109948,10000.0,SUCCESS,REF-00009948,2026-07-26,Merchant_E,Processor_A,NGN,BANK_TRANSFER,RETAIL
TXN106152,1000.0,SUCCESS,REF-00006152,2026-07-17,Merchant_B,Processor_C,NGN,MOBILE_MONEY,BUSINESS
TXN100183,100000.0,SUCCESS,REF-00000183,2026-07-26,Merchant_D,Processor_C,NGN,USSD,RETAIL
TXN108361,1500.0,SUCCESS,REF-00008361,2026-07-10,Merchant_C,Processor_C,NGN,MOBILE_MONEY,RETAIL
TXN103285,1000.0,REFUNDED,REF-00003285,2026-07-21,Merchant_D,Processor_A,NGN,MOBILE_MONEY,BUSINESS
TXN102855,10000.0,SUCCESS,REF-00002855,2026-07-19,Merchant_A,Processor_C,NGN,CARD,BUSINESS
TXN102519,25000.0,SUCCESS,REF-00002519,2026-07-09,Merchant_E,Processor_B,NGN,BANK_TRANSFER,BUSINESS
TXN109103,25000.0,SUCCESS,REF-00009103,2026-07-29,Merchant_E,Processor_C,NGN,USSD,RETAIL
TXN108061,2500.0,FAILED,REF-00008061,2026-07-15,Merchant_C,Processor_B,NGN,USSD,RETAIL
TXN105354,10000.0,SUCCESS,REF-00005354,2026-07-22,Merchant_C,Processor_C,NGN,MOBILE_MONEY,BUSINESS
TXN106390,1000.0,SUCCESS,REF-00006390,2026-07-02,Merchant_E,Processor_C,NGN,MOBILE_MONEY,BUSINESS
TXN105628,10000.0,FAILED,REF-00005628,2026-07-22,Merchant_B,Processor_B,NGN,BANK_TRANSFER,RETAIL
TXN108940,7500.0,SUCCESS,REF-00008940,2026-07-07,Merchant_E,Processor_B,NGN,CARD,BUSINESS
TXN107700,250000.0,SUCCESS,REF-00007700,2026-07-29,Merchant_C,Processor_B,NGN,BANK_TRANSFER,BUSINESS
TXN108676,1500.0,REFUNDED,REF-00008676,2026-07-24,Merchant_C,Processor_B,NGN,USSD,BUSINESS
TXN101889,250000.0,SUCCESS,REF-00001889,2026-07-17,Merchant_E,Processor_B,NGN,CARD,RETAIL
TXN103776,50000.0,SUCCESS,REF-00003776,2026-07-28,Merchant_A,Processor_C,NGN,MOBILE_MONEY,BUSINESS
TXN103958,1000.0,SUCCESS,REF-00003958,2026-07-09,Merchant_C,Processor_C,NGN,MOBILE_MONEY,RETAIL
TXN101301,100000.0,SUCCESS,REF-00001301,2026-07-05,Merchant_B,Processor_C,NGN,USSD,BUSINESS
TXN102187,25000.0,SUCCESS,REF-00002187,2026-07-06,Merchant_E,Processor_A,NGN,BANK_TRANSFER,RETAIL
TXN100087,15000.0,SUCCESS,REF-00000087,2026-07-08,Merchant_E,Processor_B,NGN,CARD,RETAIL
TXN106437,1000.0,SUCCESS,REF-00006437,2026-07-26,Merchant_D,Processor_C,NGN,BANK_TRANSFER,BUSINESS
TXN100651,10000.0,SUCCESS,REF-00000651,2026-07-21,Merchant_C,Processor_A,NGN,BANK_TRANSFER,RETAIL
TXN107639,500.0,SUCCESS,REF-00007639,2026-07-21,Merchant_B,Processor_A,NGN,BANK_TRANSFER,RETAIL
TXN106262,1500.0,FAILED,REF-00006262,2026-07-11,Merchant_D,Processor_A,NGN,MOBILE_MONEY,BUSINESS
TXN106561,5000.0,SUCCESS,REF-00006561,2026-07-16,Merchant_B,Processor_A,NGN,USSD,RETAIL
TXN100803,15000.0,FAILED,REF-00000803,2026-07-23,Merchant_C,Processor_C,NGN,CARD,BUSINESS
TXN102132,10000.0,SUCCESS,REF-00002132,2026-07-22,Merchant_E,Processor_C,NGN,CARD,BUSINESS
TXN100975,2500.0,SUCCESS,REF-00000975,2026-07-06,Merchant_E,Processor_A,NGN,USSD,RETAIL
TXN103204,15000.0,SUCCESS,REF-00003204,2026-07-02,Merchant_E,Processor_A,NGN,CARD,RETAIL
TXN106117,250000.0,SUCCESS,REF-00006117,2026-07-05,Merchant_C,Processor_A,NGN,CARD,RETAIL
TXN105069,500.0,FAILED,REF-00005069,2026-07-27,Merchant_D,Processor_B,NGN,BANK_TRANSFER,RETAIL
TXN103419,500.0,SUCCESS,REF-00003419,2026-07-02,Merchant_A,Processor_B,NGN,BANK_TRANSFER,BUSINESS
TXN104448,5000.0,SUCCESS,REF-00004448,2026-07-11,Merchant_B,Processor_A,NGN,USSD,BUSINESS
TXN103268,15000.0,REFUNDED,REF-00003268,2026-07-01,Merchant_D,Processor_A,NGN,CARD,BUSINESS
TXN102065,25000.0,SUCCESS,REF-00002065,2026-07-03,Merchant_B,Processor_B,NGN,USSD,RETAIL
TXN106062,10000.0,SUCCESS,REF-00006062,2026-07-23,Merchant_B,Processor_C,NGN,USSD,BUSINESS
TXN109227,100000.0,SUCCESS,REF-00009227,2026-07-21,Merchant_B,Processor_A,NGN,USSD,BUSINESS
TXN103113,1000.0,SUCCESS,REF-00003113,2026-07-28,Merchant_A,Processor_B,NGN,USSD,BUSINESS
TXN108574,50000.0,SUCCESS,REF-00008574,2026-07-15,Merchant_E,Processor_A,NGN,BANK_TRANSFER,RETAIL
TXN101024,100000.0,SUCCESS,REF-00001024,2026-07-21,Merchant_A,Processor_B,NGN,MOBILE_MONEY,RETAIL
TXN106210,10000.0,REFUNDED,REF-00006210,2026-07-23,Merchant_E,Processor_C,NGN,USSD,RETAIL
TXN109407,10000.0,SUCCESS,REF-00009407,2026-07-11,Merchant_B,Processor_C,NGN,CARD,RETAIL
TXN100946,1500.0,SUCCESS,REF-00000946,2026-07-26,Merchant_A,Processor_C,NGN,MOBILE_MONEY,BUSINESS
TXN102066,2500.0,SUCCESS,REF-00002066,2026-07-13,Merchant_E,Processor_C,NGN,BANK_TRANSFER,RETAIL
TXN107365,5000.0,REFUNDED,REF-00007365,2026-07-23,Merchant_B,Processor_B,NGN,MOBILE_MONEY,BUSINESS
TXN105380,2500.0,FAILED,REF-00005380,2026-07-06,Merchant_D,Processor_B,NGN,MOBILE_MONEY,RETAIL
TXN100827,5000.0,FAILED,REF-00000827,2026-07-12,Merchant_C,Processor_B,NGN,BANK_TRANSFER,BUSINESS
TXN104245,100000.0,SUCCESS,REF-00004245,2026-07-27,Merchant_C,Processor_B,NGN,USSD,RETAIL
TXN101284,5000.0,SUCCESS,REF-00001284,2026-07-23,Merchant_E,Processor_C,NGN,MOBILE_MONEY,BUSINESS
TXN103664,10000.0,SUCCESS,REF-00003664,2026-07-07,Merchant_B,Processor_A,NGN,BANK_TRANSFER,BUSINESS
TXN102805,250000.0,SUCCESS,REF-00002805,2026-07-18,Merchant_A,Processor_A,NGN,BANK_TRANSFER,RETAIL
TXN105680,2500.0,SUCCESS,REF-00005680,2026-07-08,Merchant_B,Processor_A,NGN,MOBILE_MONEY,RETAIL
TXN104936,100000.0,SUCCESS,REF-00004936,2026-07-06,Merchant_D,Processor_A,NGN,BANK_TRANSFER,RETAIL
TXN106636,100000.0,SUCCESS,REF-00006636,2026-07-19,Merchant_C,Processor_C,NGN,MOBILE_MONEY,RETAIL
TXN109710,1500.0,SUCCESS,REF-00009710,2026-07-06,Merchant_B,Processor_C,NGN,MOBILE_MONEY,RETAIL
TXN104726,100000.0,SUCCESS,REF-00004726,2026-07-09,Merchant_E,Processor_C,NGN,BANK_TRANSFER,RETAIL
TXN107062,15000.0,FAILED,REF-00007062,2026-07-30,Merchant_D,Processor_A,NGN,BANK_TRANSFER,RETAIL
TXN106292,250000.0,SUCCESS,REF-00006292,2026-07-02,Merchant_C,Processor_A,NGN,BANK_TRANSFER,RETAIL
TXN102121,10000.0,SUCCESS,REF-00002121,2026-07-02,Merchant_E,Processor_C,NGN,MOBILE_MONEY,BUSINESS
TXN103214,2500.0,SUCCESS,REF-00003214,2026-07-20,Merchant_E,Processor_B,NGN,CARD,BUSINESS
TXN105084,2500.0,SUCCESS,REF-00005084,2026-07-19,Merchant_E,Processor_A,NGN,BANK_TRANSFER,RETAIL
TXN101348,250000.0,SUCCESS,REF-00001348,2026-07-31,Merchant_D,Processor_C,NGN,BANK_TRANSFER,BUSINESS
TXN107555,7500.0,SUCCESS,REF-00007555,2026-07-05,Merchant_B,Processor_B,NGN,USSD,BUSINESS
TXN107719,250000.0,SUCCESS,REF-00007719,2026-07-14,Merchant_D,Processor_B,NGN,BANK_TRANSFER,RETAIL
TXN107840,10000.0,SUCCESS,REF-00007840,2026-07-26,Merchant_E,Processor_B,NGN,MOBILE_MONEY,RETAIL
TXN107801,1500.0,FAILED,REF-00007801,2026-07-10,Merchant_B,Processor_B,NGN,BANK_TRANSFER,BUSINESS
TXN106244,25000.0,SUCCESS,REF-00006244,2026-07-01,Merchant_C,Processor_A,NGN,USSD,RETAIL
TXN105338,100000.0,SUCCESS,REF-00005338,2026-07-28,Merchant_C,Processor_B,NGN,CARD,BUSINESS
TXN100677,7500.0,SUCCESS,REF-00000677,2026-07-24,Merchant_A,Processor_B,NGN,CARD,RETAIL
TXN108998,1000.0,SUCCESS,REF-00008998,2026-07-22,Merchant_E,Processor_C,NGN,BANK_TRANSFER,BUSINESS
TXN101964,10000.0,SUCCESS,REF-00001964,2026-07-17,Merchant_B,Processor_B,NGN,CARD,RETAIL
TXN108225,10000.0,SUCCESS,REF-00008225,2026-07-14,Merchant_A,Processor_B,NGN,MOBILE_MONEY,BUSINESS
TXN107534,50000.0,FAILED,REF-00007534,2026-07-30,Merchant_D,Processor_B,NGN,CARD,RETAIL
TXN105431,1000.0,REFUNDED,REF-00005431,2026-07-11,Merchant_C,Processor_A,NGN,MOBILE_MONEY,BUSINESS
TXN108479,250000.0,SUCCESS,REF-00008479,2026-07-16,Merchant_C,Processor_C,NGN,CARD,BUSINESS
TXN105787,50000.0,SUCCESS,REF-00005787,2026-07-05,Merchant_A,Processor_A,NGN,CARD,RETAIL
TXN106760,5000.0,SUCCESS,REF-00006760,2026-07-16,Merchant_E,Processor_A,NGN,MOBILE_MONEY,BUSINESS
TXN106602,5000.0,SUCCESS,REF-00006602,2026-07-17,Merchant_D,Processor_B,NGN,MOBILE_MONEY,BUSINESS
TXN109617,100000.0,SUCCESS,REF-00009617,2026-07-30,Merchant_B,Processor_A,NGN,BANK_TRANSFER,RETAIL
TXN100553,10000.0,SUCCESS,REF-00000553,2026-07-22,Merchant_D,Processor_B,NGN,MOBILE_MONEY,BUSINESS
TXN103773,25000.0,SUCCESS,REF-00003773,2026-07-20,Merchant_A,Processor_C,NGN,BANK_TRANSFER,BUSINESS
TXN101850,5000.0,SUCCESS,REF-00001850,2026-07-02,Merchant_C,Processor_A,NGN,USSD,BUSINESS
TXN102938,250000.0,SUCCESS,REF-00002938,2026-07-15,Merchant_D,Processor_B,NGN,MOBILE_MONEY,RETAIL
TXN109461,500.0,SUCCESS,REF-00009461,2026-07-10,Merchant_A,Processor_C,NGN,BANK_TRANSFER,BUSINESS
TXN108617,1000.0,FAILED,REF-00008617,2026-07-29,Merchant_E,Processor_A,NGN,BANK_TRANSFER,RETAIL
TXN104845,7500.0,SUCCESS,REF-00004845,2026-07-31,Merchant_C,Processor_A,NGN,CARD,BUSINESS
TXN109930,50000.0,SUCCESS,REF-00009930,2026-07-27,Merchant_E,Processor_B,NGN,MOBILE_MONEY,RETAIL
TXN104599,2500.0,REFUNDED,REF-00004599,2026-07-04,Merchant_E,Processor_C,NGN,CARD,BUSINESS
TXN104372,1000.0,SUCCESS,REF-00004372,2026-07-12,Merchant_B,Processor_C,NGN,BANK_TRANSFER,RETAIL
TXN105973,50000.0,SUCCESS,REF-00005973,2026-07-27,Merchant_B,Processor_C,NGN,MOBILE_MONEY,BUSINESS
TXN101175,10000.0,SUCCESS,REF-00001175,2026-07-26,Merchant_A,Processor_A,NGN,BANK_TRANSFER,BUSINESS
TXN104781,1500.0,REFUNDED,REF-00004781,2026-07-05,Merchant_D,Processor_C,NGN,CARD,RETAIL
TXN107260,2500.0,SUCCESS,REF-00007260,2026-07-01,Merchant_A,Processor_A,NGN,BANK_TRANSFER,BUSINESS
TXN103504,100000.0,SUCCESS,REF-00003504,2026-07-26,Merchant_A,Processor_B,NGN,BANK_TRANSFER,BUSINESS
TXN105428,15000.0,SUCCESS,REF-00005428,2026-07-02,Merchant_E,Processor_B,NGN,CARD,BUSINESS
TXN107481,1500.0,FAILED,REF-00007481,2026-07-05,Merchant_E,Processor_A,NGN,MOBILE_MONEY,RETAIL
TXN100097,7500.0,SUCCESS,REF-00000097,2026-07-31,Merchant_B,Processor_A,NGN,CARD,RETAIL
TXN100024,7500.0,SUCCESS,REF-00000024,2026-07-12,Merchant_B,Processor_A,NGN,MOBILE_MONEY,BUSINESS
TXN109068,500.0,SUCCESS,REF-00009068,2026-07-08,Merchant_D,Processor_B,NGN,MOBILE_MONEY,RETAIL
TXN108858,10000.0,SUCCESS,REF-00008858,2026-07-23,Merchant_C,Processor_A,NGN,USSD,BUSINESS
TXN101512,250000.0,SUCCESS,REF-00001512,2026-07-27,Merchant_B,Processor_C,NGN,BANK_TRANSFER,RETAIL
TXN105703,2500.0,SUCCESS,REF-00005703,2026-07-25,Merchant_B,Processor_C,NGN,MOBILE_MONEY,RETAIL
TXN106088,25000.0,SUCCESS,REF-00006088,2026-07-29,Merchant_B,Processor_A,NGN,MOBILE_MONEY,RETAIL
TXN103262,7500.0,SUCCESS,REF-00003262,2026-07-10,Merchant_B,Processor_C,NGN,CARD,BUSINESS
TXN108726,7500.0,SUCCESS,REF-00008726,2026-07-03,Merchant_A,Processor_B,NGN,MOBILE_MONEY,BUSINESS
TXN100590,1500.0,SUCCESS,REF-00000590,2026-07-31,Merchant_E,Processor_A,NGN,MOBILE_MONEY,RETAIL
TXN105806,5000.0,SUCCESS,REF-00005806,2026-07-12,Merchant_B,Processor_B,NGN,CARD,RETAIL
TXN103111,2500.0,SUCCESS,REF-00003111,2026-07-28,Merchant_A,Processor_C,NGN,MOBILE_MONEY,RETAIL
TXN102693,7500.0,SUCCESS,REF-00002693,2026-07-16,Merchant_E,Processor_A,NGN,BANK_TRANSFER,RETAIL
TXN105136,15000.0,SUCCESS,REF-00005136,2026-07-09,Merchant_C,Processor_B,NGN,BANK_TRANSFER,BUSINESS
TXN105530,10000.0,SUCCESS,REF-00005530,2026-07-23,Merchant_E,Processor_A,NGN,CARD,RETAIL
TXN105361,2500.0,SUCCESS,REF-00005361,2026-07-29,Merchant_D,Processor_C,NGN,MOBILE_MONEY,RETAIL
TXN108366,7500.0,FAILED,REF-00008366,2026-07-27,Merchant_E,Processor_A,NGN,BANK_TRANSFER,RETAIL
TXN106148,15000.0,SUCCESS,REF-00006148,2026-07-21,Merchant_B,Processor_B,NGN,USSD,RETAIL
TXN104131,2500.0,SUCCESS,REF-00004131,2026-07-30,Merchant_D,Processor_B,NGN,CARD,BUSINESS
TXN106440,2500.0,SUCCESS,REF-00006440,2026-07-13,Merchant_C,Processor_A,NGN,CARD,BUSINESS
TXN107918,1000.0,SUCCESS,REF-00007918,2026-07-26,Merchant_A,Processor_B,NGN,BANK_TRANSFER,BUSINESS
TXN107405,2500.0,SUCCESS,REF-00007405,2026-07-06,Merchant_A,Processor_C,NGN,CARD,BUSINESS
TXN109649,2500.0,SUCCESS,REF-00009649,2026-07-27,Merchant_B,Processor_C,NGN,MOBILE_MONEY,RETAIL
TXN109132,10000.0,SUCCESS,REF-00009132,2026-07-20,Merchant_D,Processor_A,NGN,BANK_TRANSFER,BUSINESS
TXN101455,100000.0,SUCCESS,REF-00001455,2026-07-10,Merchant_C,Processor_B,NGN,USSD,BUSINESS
TXN102790,25000.0,SUCCESS,REF-00002790,2026-07-08,Merchant_D,Processor_C,NGN,MOBILE_MONEY,RETAIL
TXN107930,50000.0,SUCCESS,REF-00007930,2026-07-28,Merchant_E,Processor_A,NGN,USSD,BUSINESS
TXN109601,25000.0,SUCCESS,REF-00009601,2026-07-07,Merchant_D,Processor_B,NGN,USSD,BUSINESS
TXN101461,15000.0,SUCCESS,REF-00001461,2026-07-20,Merchant_B,Processor_B,NGN,CARD,BUSINESS
TXN104173,10000.0,SUCCESS,REF-00004173,2026-07-09,Merchant_A,Processor_A,NGN,USSD,BUSINESS
TXN102752,2500.0,SUCCESS,REF-00002752,2026-07-12,Merchant_B,Processor_B,NGN,MOBILE_MONEY,BUSINESS
TXN103883,2500.0,SUCCESS,REF-00003883,2026-07-13,Merchant_C,Processor_C,NGN,BANK_TRANSFER,BUSINESS
TXN104626,5000.0,SUCCESS,REF-00004626,2026-07-04,Merchant_A,Processor_B,NGN,BANK_TRANSFER,RETAIL
TXN105057,5000.0,SUCCESS,REF-00005057,2026-07-06,Merchant_A,Processor_B,NGN,USSD,RETAIL
TXN103922,25000.0,SUCCESS,REF-00003922,2026-07-21,Merchant_C,Processor_C,NGN,USSD,RETAIL
TXN102887,7500.0,SUCCESS,REF-00002887,2026-07-12,Merchant_B,Processor_B,NGN,BANK_TRANSFER,RETAIL
TXN108946,25000.0,SUCCESS,REF-00008946,2026-07-06,Merchant_A,Processor_A,NGN,USSD,BUSINESS
TXN102186,100000.0,SUCCESS,REF-00002186,2026-07-15,Merchant_A,Processor_C,NGN,MOBILE_MONEY,BUSINESS
TXN105583,25000.0,SUCCESS,REF-00005583,2026-07-14,Merchant_A,Processor_B,NGN,USSD,BUSINESS
TXN100896,5000.0,SUCCESS,REF-00000896,2026-07-25,Merchant_C,Processor_C,NGN,USSD,BUSINESS
TXN108890,5000.0,SUCCESS,REF-00008890,2026-07-03,Merchant_B,Processor_A,NGN,MOBILE_MONEY,BUSINESS
TXN102289,2500.0,SUCCESS,REF-00002289,2026-07-28,Merchant_B,Processor_C,NGN,BANK_TRANSFER,RETAIL
TXN105429,25000.0,SUCCESS,REF-00005429,2026-07-17,Merchant_E,Processor_A,NGN,BANK_TRANSFER,RETAIL
TXN104928,25000.0,SUCCESS,REF-00004928,2026-07-23,Merchant_D,Processor_A,NGN,USSD,RETAIL
TXN106700,10000.0,SUCCESS,REF-00006700,2026-07-07,Merchant_C,Processor_C,NGN,BANK_TRANSFER,BUSINESS
TXN106616,2500.0,SUCCESS,REF-00006616,2026-07-03,Merchant_E,Processor_C,NGN,MOBILE_MONEY,RETAIL
TXN106425,1500.0,SUCCESS,REF-00006425,2026-07-31,Merchant_E,Processor_C,NGN,USSD,BUSINESS
TXN102726,1000.0,SUCCESS,REF-00002726,2026-07-06,Merchant_C,Processor_A,NGN,USSD,RETAIL
TXN101374,2500.0,FAILED,REF-00001374,2026-07-15,Merchant_D,Processor_A,NGN,USSD,RETAIL
TXN103235,2500.0,FAILED,REF-00003235,2026-07-06,Merchant_E,Processor_B,NGN,CARD,BUSINESS
TXN107911,7500.0,SUCCESS,REF-00007911,2026-07-26,Merchant_D,Processor_C,NGN,CARD,RETAIL
TXN104202,1500.0,SUCCESS,REF-00004202,2026-07-07,Merchant_A,Processor_C,NGN,MOBILE_MONEY,BUSINESS
TXN104290,10000.0,SUCCESS,REF-00004290,2026-07-25,Merchant_B,Processor_A,NGN,USSD,RETAIL
TXN107905,250000.0,FAILED,REF-00007905,2026-07-18,Merchant_D,Processor_B,NGN,MOBILE_MONEY,BUSINESS
TXN109769,1500.0,SUCCESS,REF-00009769,2026-07-11,Merchant_E,Processor_C,NGN,CARD,RETAIL
TXN105328,7500.0,REFUNDED,REF-00005328,2026-07-28,Merchant_E,Processor_A,NGN,USSD,BUSINESS
TXN109019,15000.0,SUCCESS,REF-00009019,2026-07-05,Merchant_C,Processor_C,NGN,CARD,RETAIL
TXN109364,5000.0,SUCCESS,REF-00009364,2026-07-26,Merchant_D,Processor_A,NGN,USSD,BUSINESS
TXN105867,2500.0,FAILED,REF-00005867,2026-07-22,Merchant_A,Processor_C,NGN,MOBILE_MONEY,RETAIL
TXN100245,100000.0,REFUNDED,REF-00000245,2026-07-20,Merchant_C,Processor_C,NGN,MOBILE_MONEY,BUSINESS
TXN104775,50000.0,SUCCESS,REF-00004775,2026-07-19,Merchant_E,Processor_C,NGN,MOBILE_MONEY,BUSINESS
TXN105685,25000.0,SUCCESS,REF-00005685,2026-07-31,Merchant_B,Processor_B,NGN,CARD,RETAIL
TXN108943,100000.0,FAILED,REF-00008943,2026-07-02,Merchant_A,Processor_C,NGN,MOBILE_MONEY,BUSINESS
TXN109355,25000.0,SUCCESS,REF-00009355,2026-07-26,Merchant_E,Processor_C,NGN,BANK_TRANSFER,BUSINESS
TXN104808,2500.0,SUCCESS,REF-00004808,2026-07-26,Merchant_D,Processor_A,NGN,BANK_TRANSFER,BUSINESS
TXN105140,10000.0,SUCCESS,REF-00005140,2026-07-13,Merchant_D,Processor_C,NGN,MOBILE_MONEY,BUSINESS
TXN103485,15000.0,REFUNDED,REF-00003485,2026-07-24,Merchant_D,Processor_A,NGN,MOBILE_MONEY,BUSINESS
TXN101606,1000.0,SUCCESS,REF-00001606,2026-07-11,Merchant_C,Processor_C,NGN,CARD,RETAIL
TXN106619,25000.0,REFUNDED,REF-00006619,2026-07-31,Merchant_B,Processor_A,NGN,USSD,RETAIL
TXN106943,1000.0,SUCCESS,REF-00006943,2026-07-17,Merchant_E,Processor_A,NGN,CARD,RETAIL
TXN108979,5000.0,SUCCESS,REF-00008979,2026-07-08,Merchant_C,Processor_A,NGN,CARD,BUSINESS
TXN100099,1000.0,SUCCESS,REF-00000099,2026-07-26,Merchant_D,Processor_C,NGN,MOBILE_MONEY,BUSINESS
TXN101791,25000.0,SUCCESS,REF-00001791,2026-07-08,Merchant_E,Processor_B,NGN,BANK_TRANSFER,BUSINESS
TXN104676,1000.0,SUCCESS,REF-00004676,2026-07-24,Merchant_B,Processor_C,NGN,BANK_TRANSFER,BUSINESS
TXN109349,50000.0,REFUNDED,REF-00009349,2026-07-09,Merchant_C,Processor_C,NGN,BANK_TRANSFER,BUSINESS
TXN100731,50000.0,SUCCESS,REF-00000731,2026-07-13,Merchant_E,Processor_A,NGN,CARD,RETAIL
TXN108789,15000.0,SUCCESS,REF-00008789,2026-07-20,Merchant_E,Processor_B,NGN,BANK_TRANSFER,BUSINESS
TXN101164,1500.0,SUCCESS,REF-00001164,2026-07-09,Merchant_A,Processor_B,NGN,BANK_TRANSFER,RETAIL
TXN106125,25000.0,SUCCESS,REF-00006125,2026-07-26,Merchant_A,Processor_B,NGN,MOBILE_MONEY,RETAIL
TXN101992,15000.0,REFUNDED,REF-00001992,2026-07-07,Merchant_B,Processor_B,NGN,BANK_TRANSFER,BUSINESS
TXN100627,25000.0,SUCCESS,REF-00000627,2026-07-03,Merchant_D,Processor_B,NGN,USSD,BUSINESS
TXN106261,50000.0,SUCCESS,REF-00006261,2026-07-28,Merchant_A,Processor_A,NGN,MOBILE_MONEY,RETAIL
TXN104275,10000.0,SUCCESS,REF-00004275,2026-07-19,Merchant_E,Processor_C,NGN,USSD,RETAIL
TXN108033,1000.0,SUCCESS,REF-00008033,2026-07-23,Merchant_C,Processor_C,NGN,CARD,BUSINESS
TXN103099,7500.0,SUCCESS,REF-00003099,2026-07-04,Merchant_B,Processor_A,NGN,BANK_TRANSFER,BUSINESS
TXN108091,7500.0,SUCCESS,REF-00008091,2026-07-03,Merchant_E,Processor_A,NGN,CARD,RETAIL
TXN101445,1500.0,SUCCESS,REF-00001445,2026-07-08,Merchant_D,Processor_B,NGN,CARD,RETAIL
TXN102157,5000.0,SUCCESS,REF-00002157,2026-07-25,Merchant_A,Processor_B,NGN,BANK_TRANSFER,RETAIL
TXN108206,1500.0,SUCCESS,REF-00008206,2026-07-28,Merchant_B,Processor_C,NGN,MOBILE_MONEY,RETAIL
TXN103895,50000.0,SUCCESS,REF-00003895,2026-07-25,Merchant_D,Processor_C,NGN,CARD,RETAIL
TXN104915,100000.0,SUCCESS,REF-00004915,2026-07-13,Merchant_E,Processor_C,NGN,BANK_TRANSFER,BUSINESS
TXN105802,5000.0,SUCCESS,REF-00005802,2026-07-25,Merchant_A,Processor_B,NGN,BANK_TRANSFER,BUSINESS
TXN100657,5000.0,SUCCESS,REF-00000657,2026-07-05,Merchant_B,Processor_B,NGN,USSD,BUSINESS
TXN103359,15000.0,SUCCESS,REF-00003359,2026-07-07,Merchant_C,Processor_C,NGN,CARD,RETAIL
TXN100033,100000.0,FAILED,REF-00000033,2026-07-22,Merchant_C,Processor_A,NGN,CARD,BUSINESS
TXN105875,2500.0,FAILED,REF-00005875,2026-07-29,Merchant_E,Processor_A,NGN,BANK_TRANSFER,BUSINESS
TXN103137,25000.0,SUCCESS,REF-00003137,2026-07-02,Merchant_D,Processor_C,NGN,USSD,BUSINESS
TXN101029,50000.0,SUCCESS,REF-00001029,2026-07-10,Merchant_A,Processor_B,NGN,MOBILE_MONEY,RETAIL
TXN106357,7500.0,SUCCESS,REF-00006357,2026-07-29,Merchant_A,Processor_A,NGN,USSD,BUSINESS
TXN106296,5000.0,SUCCESS,REF-00006296,2026-07-01,Merchant_E,Processor_A,NGN,CARD,BUSINESS
TXN107064,1500.0,SUCCESS,REF-00007064,2026-07-13,Merchant_C,Processor_C,NGN,USSD,RETAIL
TXN108514,5000.0,SUCCESS,REF-00008514,2026-07-14,Merchant_D,Processor_C,NGN,CARD,BUSINESS
TXN104929,100000.0,SUCCESS,REF-00004929,2026-07-09,Merchant_B,Processor_B,NGN,MOBILE_MONEY,RETAIL
TXN108523,7500.0,REFUNDED,REF-00008523,2026-07-11,Merchant_B,Processor_A,NGN,CARD,RETAIL
TXN101955,100000.0,SUCCESS,REF-00001955,2026-07-27,Merchant_A,Processor_B,NGN,MOBILE_MONEY,RETAIL
TXN106761,1500.0,FAILED,REF-00006761,2026-07-14,Merchant_E,Processor_C,NGN,MOBILE_MONEY,RETAIL
TXN100013,2500.0,SUCCESS,REF-00000013,2026-07-11,Merchant_B,Processor_C,NGN,MOBILE_MONEY,RETAIL
TXN109016,1000.0,SUCCESS,REF-00009016,2026-07-18,Merchant_C,Processor_B,NGN,USSD,BUSINESS
TXN108181,1500.0,SUCCESS,REF-00008181,2026-07-12,Merchant_C,Processor_B,NGN,MOBILE_MONEY,BUSINESS
TXN105989,50000.0,SUCCESS,REF-00005989,2026-07-04,Merchant_C,Processor_C,NGN,BANK_TRANSFER,BUSINESS
TXN106748,250000.0,SUCCESS,REF-00006748,2026-07-11,Merchant_C,Processor_A,NGN,CARD,BUSINESS
TXN109714,10000.0,SUCCESS,REF-00009714,2026-07-29,Merchant_C,Processor_B,NGN,CARD,RETAIL
TXN109330,25000.0,SUCCESS,REF-00009330,2026-07-15,Merchant_B,Processor_C,NGN,CARD,BUSINESS
TXN103460,5000.0,REFUNDED,REF-00003460,2026-07-08,Merchant_B,Processor_B,NGN,CARD,BUSINESS
TXN101975,100000.0,SUCCESS,REF-00001975,2026-07-09,Merchant_D,Processor_C,NGN,MOBILE_MONEY,RETAIL
TXN104240,15000.0,SUCCESS,REF-00004240,2026-07-06,Merchant_D,Processor_B,NGN,USSD,RETAIL
TXN101146,50000.0,SUCCESS,REF-00001146,2026-07-27,Merchant_E,Processor_A,NGN,USSD,RETAIL
TXN102431,50000.0,SUCCESS,REF-00002431,2026-07-16,Merchant_A,Processor_A,NGN,USSD,BUSINESS
TXN109866,7500.0,SUCCESS,REF-00009866,2026-07-01,Merchant_D,Processor_C,NGN,USSD,RETAIL
TXN103625,2500.0,SUCCESS,REF-00003625,2026-07-22,Merchant_E,Processor_B,NGN,CARD,RETAIL
TXN106230,10000.0,SUCCESS,REF-00006230,2026-07-23,Merchant_D,Processor_B,NGN,BANK_TRANSFER,RETAIL
TXN109085,1500.0,SUCCESS,REF-00009085,2026-07-07,Merchant_E,Processor_B,NGN,BANK_TRANSFER,RETAIL
TXN100360,5000.0,FAILED,REF-00000360,2026-07-25,Merchant_D,Processor_C,NGN,USSD,BUSINESS
TXN103855,1000.0,SUCCESS,REF-00003855,2026-07-28,Merchant_C,Processor_B,NGN,CARD,BUSINESS
TXN109203,10000.0,SUCCESS,REF-00009203,2026-07-19,Merchant_C,Processor_C,NGN,MOBILE_MONEY,RETAIL
TXN104544,7500.0,SUCCESS,REF-00004544,2026-07-09,Merchant_B,Processor_A,NGN,USSD,BUSINESS
TXN109402,10000.0,SUCCESS,REF-00009402,2026-07-07,Merchant_E,Processor_B,NGN,MOBILE_MONEY,BUSINESS
TXN101603,5000.0,SUCCESS,REF-00001603,2026-07-02,Merchant_D,Processor_A,NGN,MOBILE_MONEY,RETAIL
TXN100028,15000.0,SUCCESS,REF-00000028,2026-07-28,Merchant_D,Processor_A,NGN,MOBILE_MONEY,RETAIL
TXN106426,100000.0,SUCCESS,REF-00006426,2026-07-28,Merchant_E,Processor_B,NGN,BANK_TRANSFER,BUSINESS
TXN108411,250000.0,REFUNDED,REF-00008411,2026-07-31,Merchant_E,Processor_A,NGN,USSD,RETAIL
TXN101347,5000.0,SUCCESS,REF-00001347,2026-07-11,Merchant_B,Processor_A,NGN,CARD,BUSINESS
TXN103173,1500.0,SUCCESS,REF-00003173,2026-07-08,Merchant_E,Processor_A,NGN,CARD,RETAIL
TXN100081,15000.0,SUCCESS,REF-00000081,2026-07-15,Merchant_C,Processor_A,NGN,CARD,BUSINESS
TXN108253,15000.0,SUCCESS,REF-00008253,2026-07-10,Merchant_E,Processor_C,NGN,USSD,BUSINESS
TXN102036,1000.0,SUCCESS,REF-00002036,2026-07-18,Merchant_A,Processor_C,NGN,BANK_TRANSFER,BUSINESS
TXN103219,25000.0,SUCCESS,REF-00003219,2026-07-18,Merchant_E,Processor_B,NGN,MOBILE_MONEY,BUSINESS
TXN102477,50000.0,SUCCESS,REF-00002477,2026-07-01,Merchant_C,Processor_B,NGN,CARD,RETAIL
TXN105878,7500.0,SUCCESS,REF-00005878,2026-07-29,Merchant_D,Processor_C,NGN,BANK_TRANSFER,RETAIL
TXN107872,100000.0,REFUNDED,REF-00007872,2026-07-27,Merchant_E,Processor_B,NGN,MOBILE_MONEY,BUSINESS
TXN102663,15000.0,SUCCESS,REF-00002663,2026-07-07,Merchant_D,Processor_C,NGN,MOBILE_MONEY,RETAIL
TXN106945,25000.0,SUCCESS,REF-00006945,2026-07-05,Merchant_E,Processor_A,NGN,BANK_TRANSFER,RETAIL
TXN107560,25000.0,SUCCESS,REF-00007560,2026-07-24,Merchant_C,Processor_A,NGN,USSD,BUSINESS
TXN103755,2500.0,SUCCESS,REF-00003755,2026-07-12,Merchant_E,Processor_A,NGN,USSD,BUSINESS
TXN104728,25000.0,FAILED,REF-00004728,2026-07-13,Merchant_D,Processor_C,NGN,BANK_TRANSFER,BUSINESS
TXN104526,25000.0,SUCCESS,REF-00004526,2026-07-18,Merchant_E,Processor_B,NGN,MOBILE_MONEY,BUSINESS
TXN101096,2500.0,SUCCESS,REF-00001096,2026-07-06,Merchant_D,Processor_C,NGN,CARD,BUSINESS
TXN102946,10000.0,SUCCESS,REF-00002946,2026-07-13,Merchant_C,Processor_A,NGN,CARD,BUSINESS
TXN103397,50000.0,SUCCESS,REF-00003397,2026-07-26,Merchant_B,Processor_C,NGN,USSD,BUSINESS
TXN102971,1500.0,FAILED,REF-00002971,2026-07-04,Merchant_B,Processor_A,NGN,CARD,RETAIL
TXN108224,5000.0,SUCCESS,REF-00008224,2026-07-14,Merchant_B,Processor_B,NGN,MOBILE_MONEY,RETAIL
TXN107052,100000.0,SUCCESS,REF-00007052,2026-07-22,Merchant_E,Processor_C,NGN,BANK_TRANSFER,BUSINESS
TXN105644,15000.0,SUCCESS,REF-00005644,2026-07-04,Merchant_C,Processor_C,NGN,MOBILE_MONEY,RETAIL
TXN108607,2500.0,SUCCESS,REF-00008607,2026-07-23,Merchant_A,Processor_A,NGN,CARD,BUSINESS
TXN102164,10000.0,SUCCESS,REF-00002164,2026-07-09,Merchant_B,Processor_B,NGN,MOBILE_MONEY,BUSINESS
TXN107782,100000.0,SUCCESS,REF-00007782,2026-07-09,Merchant_B,Processor_B,NGN,USSD,RETAIL
TXN107701,25000.0,SUCCESS,REF-00007701,2026-07-17,Merchant_C,Processor_B,NGN,BANK_TRANSFER,BUSINESS
TXN102176,5000.0,SUCCESS,REF-00002176,2026-07-09,Merchant_A,Processor_B,NGN,BANK_TRANSFER,RETAIL
TXN103932,15000.0,SUCCESS,REF-00003932,2026-07-19,Merchant_E,Processor_B,NGN,CARD,BUSINESS
TXN106054,50000.0,SUCCESS,REF-00006054,2026-07-30,Merchant_D,Processor_A,NGN,CARD,BUSINESS
TXN104403,5000.0,SUCCESS,REF-00004403,2026-07-24,Merchant_C,Processor_A,NGN,MOBILE_MONEY,RETAIL
TXN108123,15000.0,SUCCESS,REF-00008123,2026-07-20,Merchant_A,Processor_B,NGN,MOBILE_MONEY,BUSINESS
TXN102964,50000.0,SUCCESS,REF-00002964,2026-07-10,Merchant_B,Processor_C,NGN,BANK_TRANSFER,BUSINESS
TXN107089,1000.0,REFUNDED,REF-00007089,2026-07-22,Merchant_C,Processor_A,NGN,USSD,BUSINESS
TXN109838,25000.0,SUCCESS,REF-00009838,2026-07-16,Merchant_E,Processor_A,NGN,USSD,BUSINESS
TXN106309,50000.0,SUCCESS,REF-00006309,2026-07-26,Merchant_D,Processor_A,NGN,CARD,RETAIL
TXN103312,25000.0,SUCCESS,REF-00003312,2026-07-23,Merchant_D,Processor_A,NGN,USSD,RETAIL
TXN104075,10000.0,SUCCESS,REF-00004075,2026-07-03,Merchant_C,Processor_C,NGN,BANK_TRANSFER,RETAIL
TXN107939,10000.0,SUCCESS,REF-00007939,2026-07-02,Merchant_E,Processor_A,NGN,USSD,RETAIL
TXN109573,1000.0,SUCCESS,REF-00009573,2026-07-16,Merchant_A,Processor_B,NGN,BANK_TRANSFER,RETAIL
TXN104104,5000.0,SUCCESS,REF-00004104,2026-07-16,Merchant_E,Processor_C,NGN,CARD,RETAIL
TXN103476,250000.0,SUCCESS,REF-00003476,2026-07-08,Merchant_C,Processor_A,NGN,MOBILE_MONEY,BUSINESS
TXN108918,7500.0,SUCCESS,REF-00008918,2026-07-04,Merchant_C,Processor_A,NGN,USSD,RETAIL
TXN102282,10000.0,SUCCESS,REF-00002282,2026-07-30,Merchant_D,Processor_C,NGN,BANK_TRANSFER,RETAIL
TXN101043,15000.0,SUCCESS,REF-00001043,2026-07-01,Merchant_E,Processor_A,NGN,CARD,BUSINESS
TXN107685,25000.0,REFUNDED,REF-00007685,2026-07-08,Merchant_D,Processor_B,NGN,BANK_TRANSFER,RETAIL
TXN104885,100000.0,FAILED,REF-00004885,2026-07-21,Merchant_C,Processor_C,NGN,USSD,BUSINESS
TXN101471,25000.0,SUCCESS,REF-00001471,2026-07-05,Merchant_D,Processor_A,NGN,BANK_TRANSFER,BUSINESS
TXN102711,10000.0,SUCCESS,REF-00002711,2026-07-25,Merchant_B,Processor_B,NGN,CARD,RETAIL
TXN103362,25000.0,SUCCESS,REF-00003362,2026-07-05,Merchant_A,Processor_C,NGN,CARD,BUSINESS
TXN100308,50000.0,FAILED,REF-00000308,2026-07-24,Merchant_E,Processor_C,NGN,MOBILE_MONEY,BUSINESS
TXN109741,500.0,SUCCESS,REF-00009741,2026-07-13,Merchant_E,Processor_C,NGN,MOBILE_MONEY,RETAIL
TXN107462,100000.0,SUCCESS,REF-00007462,2026-07-03,Merchant_C,Processor_C,NGN,USSD,BUSINESS
TXN101099,5000.0,REFUNDED,REF-00001099,2026-07-15,Merchant_E,Processor_C,NGN,CARD,RETAIL
TXN106897,500.0,SUCCESS,REF-00006897,2026-07-16,Merchant_A,Processor_B,NGN,USSD,BUSINESS
TXN109293,10000.0,SUCCESS,REF-00009293,2026-07-03,Merchant_C,Processor_A,NGN,CARD,BUSINESS
TXN104085,1000.0,SUCCESS,REF-00004085,2026-07-01,Merchant_D,Processor_B,NGN,USSD,BUSINESS
TXN105169,25000.0,SUCCESS,REF-00005169,2026-07-28,Merchant_B,Processor_B,NGN,CARD,RETAIL
TXN105962,7500.0,SUCCESS,REF-00005962,2026-07-19,Merchant_A,Processor_B,NGN,USSD,BUSINESS
TXN105670,50000.0,SUCCESS,REF-00005670,2026-07-15,Merchant_A,Processor_B,NGN,BANK_TRANSFER,RETAIL
TXN108231,7500.0,SUCCESS,REF-00008231,2026-07-16,Merchant_A,Processor_C,NGN,MOBILE_MONEY,RETAIL
TXN102799,2500.0,SUCCESS,REF-00002799,2026-07-23,Merchant_C,Processor_B,NGN,BANK_TRANSFER,RETAIL
TXN108030,5000.0,SUCCESS,REF-00008030,2026-07-14,Merchant_A,Processor_B,NGN,MOBILE_MONEY,BUSINESS
TXN100740,7500.0,SUCCESS,REF-00000740,2026-07-04,Merchant_A,Processor_B,NGN,USSD,BUSINESS
TXN100289,15000.0,SUCCESS,REF-00000289,2026-07-05,Merchant_E,Processor_A,NGN,CARD,BUSINESS
TXN104265,7500.0,SUCCESS,REF-00004265,2026-07-24,Merchant_B,Processor_A,NGN,CARD,RETAIL
TXN102268,2500.0,SUCCESS,REF-00002268,2026-07-27,Merchant_D,Processor_C,NGN,USSD,RETAIL
TXN102254,100000.0,SUCCESS,REF-00002254,2026-07-30,Merchant_B,Processor_A,NGN,CARD,RETAIL
TXN100107,25000.0,SUCCESS,REF-00000107,2026-07-16,Merchant_B,Processor_C,NGN,USSD,RETAIL
TXN108474,100000.0,FAILED,REF-00008474,2026-07-08,Merchant_E,Processor_C,NGN,BANK_TRANSFER,BUSINESS
TXN101290,7500.0,SUCCESS,REF-00001290,2026-07-30,Merchant_D,Processor_C,NGN,USSD,RETAIL
TXN100770,1000.0,SUCCESS,REF-00000770,2026-07-16,Merchant_C,Processor_C,NGN,CARD,RETAIL
TXN109316,50000.0,SUCCESS,REF-00009316,2026-07-28,Merchant_C,Processor_A,NGN,CARD,BUSINESS
TXN101653,5000.0,SUCCESS,REF-00001653,2026-07-30,Merchant_B,Processor_A,NGN,USSD,BUSINESS
TXN107151,1000.0,SUCCESS,REF-00007151,2026-07-07,Merchant_C,Processor_A,NGN,USSD,RETAIL
TXN106112,100000.0,SUCCESS,REF-00006112,2026-07-08,Merchant_C,Processor_C,NGN,USSD,BUSINESS
TXN105501,1000.0,SUCCESS,REF-00005501,2026-07-20,Merchant_A,Processor_B,NGN,USSD,RETAIL
TXN105116,7500.0,SUCCESS,REF-00005116,2026-07-20,Merchant_E,Processor_A,NGN,MOBILE_MONEY,BUSINESS
TXN103866,7500.0,SUCCESS,REF-00003866,2026-07-10,Merchant_C,Processor_B,NGN,MOBILE_MONEY,BUSINESS
TXN108519,50000.0,SUCCESS,REF-00008519,2026-07-11,Merchant_E,Processor_B,NGN,BANK_TRANSFER,BUSINESS
TXN104326,500.0,SUCCESS,REF-00004326,2026-07-14,Merchant_A,Processor_C,NGN,MOBILE_MONEY,RETAIL
TXN107269,5000.0,SUCCESS,REF-00007269,2026-07-20,Merchant_B,Processor_C,NGN,CARD,BUSINESS
TXN102334,1000.0,SUCCESS,REF-00002334,2026-07-23,Merchant_D,Processor_B,NGN,MOBILE_MONEY,RETAIL
TXN100104,100000.0,SUCCESS,REF-00000104,2026-07-04,Merchant_D,Processor_C,NGN,MOBILE_MONEY,RETAIL
TXN108977,25000.0,SUCCESS,REF-00008977,2026-07-30,Merchant_D,Processor_C,NGN,CARD,BUSINESS
TXN102463,10000.0,SUCCESS,REF-00002463,2026-07-22,Merchant_E,Processor_B,NGN,MOBILE_MONEY,RETAIL
TXN108702,5000.0,SUCCESS,REF-00008702,2026-07-20,Merchant_D,Processor_C,NGN,USSD,RETAIL
TXN103889,7500.0,SUCCESS,REF-00003889,2026-07-24,Merchant_C,Processor_C,NGN,MOBILE_MONEY,BUSINESS
TXN109749,100000.0,SUCCESS,REF-00009749,2026-07-05,Merchant_C,Processor_A,NGN,MOBILE_MONEY,BUSINESS
TXN103355,1000.0,SUCCESS,REF-00003355,2026-07-20,Merchant_B,Processor_C,NGN,MOBILE_MONEY,RETAIL
TXN104554,7500.0,SUCCESS,REF-00004554,2026-07-22,Merchant_C,Processor_A,NGN,USSD,RETAIL
TXN101767,10000.0,SUCCESS,REF-00001767,2026-07-30,Merchant_E,Processor_C,NGN,USSD,RETAIL
TXN104115,5000.0,SUCCESS,REF-00004115,2026-07-28,Merchant_C,Processor_C,NGN,BANK_TRANSFER,RETAIL
TXN108613,1000.0,SUCCESS,REF-00008613,2026-07-19,Merchant_D,Processor_A,NGN,BANK_TRANSFER,BUSINESS
TXN108080,5000.0,SUCCESS,REF-00008080,2026-07-02,Merchant_D,Processor_B,NGN,USSD,RETAIL
TXN108209,1500.0,SUCCESS,REF-00008209,2026-07-23,Merchant_E,Processor_C,NGN,CARD,BUSINESS
TXN107189,15000.0,SUCCESS,REF-00007189,2026-07-27,Merchant_C,Processor_A,NGN,BANK_TRANSFER,RETAIL
TXN105592,1000.0,SUCCESS,REF-00005592,2026-07-05,Merchant_C,Processor_C,NGN,MOBILE_MONEY,RETAIL
TXN106144,25000.0,SUCCESS,REF-00006144,2026-07-25,Merchant_B,Processor_B,NGN,MOBILE_MONEY,BUSINESS
TXN103801,100000.0,SUCCESS,REF-00003801,2026-07-16,Merchant_D,Processor_B,NGN,MOBILE_MONEY,BUSINESS
TXN104698,1500.0,SUCCESS,REF-00004698,2026-07-05,Merchant_C,Processor_C,NGN,CARD,BUSINESS
TXN100202,1500.0,SUCCESS,REF-00000202,2026-07-04,Merchant_B,Processor_C,NGN,BANK_TRANSFER,RETAIL
TXN105304,7500.0,SUCCESS,REF-00005304,2026-07-28,Merchant_B,Processor_C,NGN,USSD,BUSINESS
TXN101922,15000.0,SUCCESS,REF-00001922,2026-07-19,Merchant_D,Processor_A,NGN,USSD,RETAIL
TXN109839,50000.0,FAILED,REF-00009839,2026-07-10,Merchant_C,Processor_B,NGN,CARD,RETAIL
TXN101073,500.0,SUCCESS,REF-00001073,2026-07-15,Merchant_C,Processor_B,NGN,USSD,BUSINESS
TXN106389,10000.0,SUCCESS,REF-00006389,2026-07-18,Merchant_C,Processor_A,NGN,CARD,RETAIL
TXN102628,10000.0,SUCCESS,REF-00002628,2026-07-22,Merchant_B,Processor_C,NGN,USSD,RETAIL
TXN106087,2500.0,SUCCESS,REF-00006087,2026-07-09,Merchant_D,Processor_B,NGN,USSD,RETAIL
TXN101725,1000.0,SUCCESS,REF-00001725,2026-07-16,Merchant_C,Processor_C,NGN,CARD,BUSINESS
TXN106549,7500.0,SUCCESS,REF-00006549,2026-07-31,Merchant_B,Processor_A,NGN,USSD,RETAIL
TXN108530,100000.0,SUCCESS,REF-00008530,2026-07-28,Merchant_A,Processor_B,NGN,BANK_TRANSFER,RETAIL
TXN100250,5000.0,SUCCESS,REF-00000250,2026-07-06,Merchant_E,Processor_C,NGN,USSD,RETAIL
TXN101614,5000.0,SUCCESS,REF-00001614,2026-07-07,Merchant_E,Processor_C,NGN,MOBILE_MONEY,RETAIL
TXN104192,10000.0,SUCCESS,REF-00004192,2026-07-20,Merchant_D,Processor_C,NGN,CARD,BUSINESS
TXN108746,1500.0,SUCCESS,REF-00008746,2026-07-28,Merchant_B,Processor_A,NGN,USSD,BUSINESS
TXN109494,15000.0,SUCCESS,REF-00009494,2026-07-11,Merchant_A,Processor_A,NGN,BANK_TRANSFER,RETAIL
TXN106681,2500.0,SUCCESS,REF-00006681,2026-07-22,Merchant_E,Processor_B,NGN,USSD,RETAIL
TXN105259,100000.0,SUCCESS,REF-00005259,2026-07-11,Merchant_A,Processor_B,NGN,USSD,RETAIL
TXN102880,5000.0,SUCCESS,REF-00002880,2026-07-28,Merchant_A,Processor_A,NGN,MOBILE_MONEY,RETAIL
TXN102002,100000.0,SUCCESS,REF-00002002,2026-07-03,Merchant_A,Processor_B,NGN,BANK_TRANSFER,BUSINESS
TXN103092,7500.0,SUCCESS,REF-00003092,2026-07-07,Merchant_A,Processor_C,NGN,USSD,BUSINESS
TXN100721,1500.0,SUCCESS,REF-00000721,2026-07-26,Merchant_A,Processor_B,NGN,USSD,BUSINESS
TXN107053,10000.0,SUCCESS,REF-00007053,2026-07-18,Merchant_E,Processor_B,NGN,MOBILE_MONEY,BUSINESS
TXN101156,1500.0,FAILED,REF-00001156,2026-07-28,Merchant_D,Processor_B,NGN,CARD,BUSINESS
TXN100576,1500.0,REFUNDED,REF-00000576,2026-07-15,Merchant_D,Processor_C,NGN,CARD,BUSINESS
TXN104276,7500.0,SUCCESS,REF-00004276,2026-07-03,Merchant_D,Processor_C,NGN,CARD,RETAIL
TXN102512,7500.0,SUCCESS,REF-00002512,2026-07-27,Merchant_D,Processor_A,NGN,MOBILE_MONEY,RETAIL
TXN105024,100000.0,SUCCESS,REF-00005024,2026-07-27,Merchant_D,Processor_B,NGN,CARD,RETAIL
TXN108304,1000.0,SUCCESS,REF-00008304,2026-07-28,Merchant_B,Processor_A,NGN,BANK_TRANSFER,BUSINESS
TXN100752,15000.0,SUCCESS,REF-00000752,2026-07-07,Merchant_B,Processor_B,NGN,CARD,RETAIL
TXN104515,7500.0,SUCCESS,REF-00004515,2026-07-17,Merchant_D,Processor_C,NGN,CARD,RETAIL
TXN103783,50000.0,SUCCESS,REF-00003783,2026-07-13,Merchant_A,Processor_A,NGN,USSD,RETAIL
TXN101285,10000.0,SUCCESS,REF-00001285,2026-07-16,Merchant_A,Processor_A,NGN,BANK_TRANSFER,BUSINESS
TXN102913,250000.0,SUCCESS,REF-00002913,2026-07-02,Merchant_B,Processor_C,NGN,MOBILE_MONEY,BUSINESS
TXN100429,1000.0,SUCCESS,REF-00000429,2026-07-22,Merchant_A,Processor_B,NGN,BANK_TRANSFER,RETAIL
TXN109117,250000.0,SUCCESS,REF-00009117,2026-07-16,Merchant_A,Processor_A,NGN,CARD,RETAIL
TXN104534,10000.0,SUCCESS,REF-00004534,2026-07-01,Merchant_E,Processor_C,NGN,USSD,BUSINESS
TXN108772,10000.0,SUCCESS,REF-00008772,2026-07-02,Merchant_C,Processor_B,NGN,MOBILE_MONEY,BUSINESS
TXN100568,100000.0,FAILED,REF-00000568,2026-07-12,Merchant_C,Processor_A,NGN,BANK_TRANSFER,RETAIL
TXN109532,5000.0,SUCCESS,REF-00009532,2026-07-05,Merchant_B,Processor_A,NGN,BANK_TRANSFER,BUSINESS
TXN103816,5000.0,SUCCESS,REF-00003816,2026-07-06,Merchant_E,Processor_C,NGN,CARD,BUSINESS
TXN105297,15000.0,SUCCESS,REF-00005297,2026-07-23,Merchant_E,Processor_B,NGN,CARD,RETAIL
TXN103006,100000.0,REFUNDED,REF-00003006,2026-07-22,Merchant_E,Processor_A,NGN,MOBILE_MONEY,RETAIL
TXN107130,5000.0,SUCCESS,REF-00007130,2026-07-22,Merchant_E,Processor_C,NGN,CARD,RETAIL
TXN107712,2500.0,SUCCESS,REF-00007712,2026-07-29,Merchant_B,Processor_B,NGN,USSD,BUSINESS
TXN103302,10000.0,SUCCESS,REF-00003302,2026-07-18,Merchant_E,Processor_A,NGN,MOBILE_MONEY,RETAIL
TXN108529,15000.0,SUCCESS,REF-00008529,2026-07-14,Merchant_E,Processor_C,NGN,CARD,RETAIL
TXN108215,10000.0,SUCCESS,REF-00008215,2026-07-15,Merchant_D,Processor_B,NGN,MOBILE_MONEY,BUSINESS
TXN105237,15000.0,SUCCESS,REF-00005237,2026-07-21,Merchant_C,Processor_A,NGN,BANK_TRANSFER,BUSINESS
TXN107208,5000.0,SUCCESS,REF-00007208,2026-07-15,Merchant_D,Processor_C,NGN,MOBILE_MONEY,RETAIL
TXN105647,25000.0,SUCCESS,REF-00005647,2026-07-06,Merchant_B,Processor_C,NGN,BANK_TRANSFER,RETAIL
TXN104691,5000.0,SUCCESS,REF-00004691,2026-07-06,Merchant_E,Processor_B,NGN,MOBILE_MONEY,RETAIL
TXN108540,10000.0,SUCCESS,REF-00008540,2026-07-15,Merchant_D,Processor_C,NGN,CARD,BUSINESS
TXN108586,100000.0,SUCCESS,REF-00008586,2026-07-07,Merchant_C,Processor_C,NGN,BANK_TRANSFER,BUSINESS
TXN101576,500.0,SUCCESS,REF-00001576,2026-07-22,Merchant_A,Processor_A,NGN,MOBILE_MONEY,RETAIL
TXN106912,2500.0,FAILED,REF-00006912,2026-07-09,Merchant_C,Processor_B,NGN,USSD,RETAIL
TXN104606,50000.0,SUCCESS,REF-00004606,2026-07-26,Merchant_B,Processor_C,NGN,CARD,BUSINESS
TXN104634,1500.0,SUCCESS,REF-00004634,2026-07-05,Merchant_E,Processor_B,NGN,MOBILE_MONEY,BUSINESS
TXN102486,10000.0,SUCCESS,REF-00002486,2026-07-09,Merchant_B,Processor_C,NGN,MOBILE_MONEY,RETAIL
TXN106751,10000.0,SUCCESS,REF-00006751,2026-07-08,Merchant_C,Processor_C,NGN,BANK_TRANSFER,BUSINESS
TXN101158,100000.0,SUCCESS,REF-00001158,2026-07-29,Merchant_B,Processor_C,NGN,BANK_TRANSFER,BUSINESS
TXN107988,50000.0,SUCCESS,REF-00007988,2026-07-21,Merchant_E,Processor_A,NGN,CARD,RETAIL
TXN107759,2500.0,SUCCESS,REF-00007759,2026-07-02,Merchant_C,Processor_A,NGN,BANK_TRANSFER,BUSINESS
TXN104876,15000.0,SUCCESS,REF-00004876,2026-07-22,Merchant_B,Processor_C,NGN,MOBILE_MONEY,BUSINESS
TXN104827,1500.0,SUCCESS,REF-00004827,2026-07-30,Merchant_B,Processor_C,NGN,MOBILE_MONEY,BUSINESS
TXN102885,100000.0,SUCCESS,REF-00002885,2026-07-17,Merchant_D,Processor_A,NGN,BANK_TRANSFER,BUSINESS
TXN100312,500.0,REFUNDED,REF-00000312,2026-07-06,Merchant_C,Processor_A,NGN,CARD,RETAIL
TXN104054,25000.0,SUCCESS,REF-00004054,2026-07-09,Merchant_C,Processor_C,NGN,USSD,BUSINESS
TXN109957,25000.0,SUCCESS,REF-00009957,2026-07-09,Merchant_A,Processor_B,NGN,MOBILE_MONEY,BUSINESS
TXN105272,5000.0,SUCCESS,REF-00005272,2026-07-25,Merchant_D,Processor_C,NGN,MOBILE_MONEY,RETAIL
TXN101561,2500.0,SUCCESS,REF-00001561,2026-07-22,Merchant_C,Processor_C,NGN,BANK_TRANSFER,BUSINESS
TXN109026,10000.0,SUCCESS,REF-00009026,2026-07-05,Merchant_C,Processor_A,NGN,USSD,RETAIL
TXN100642,2500.0,SUCCESS,REF-00000642,2026-07-14,Merchant_C,Processor_C,NGN,MOBILE_MONEY,BUSINESS
TXN103730,1500.0,SUCCESS,REF-00003730,2026-07-24,Merchant_D,Processor_B,NGN,USSD,BUSINESS
TXN104710,7500.0,SUCCESS,REF-00004710,2026-07-28,Merchant_E,Processor_C,NGN,USSD,BUSINESS
TXN106703,5000.0,SUCCESS,REF-00006703,2026-07-15,Merchant_C,Processor_B,NGN,MOBILE_MONEY,RETAIL
TXN106589,50000.0,SUCCESS,REF-00006589,2026-07-31,Merchant_B,Processor_B,NGN,USSD,BUSINESS
TXN103016,25000.0,SUCCESS,REF-00003016,2026-07-24,Merchant_C,Processor_C,NGN,USSD,RETAIL
TXN109997,100000.0,SUCCESS,REF-00009997,2026-07-17,Merchant_D,Processor_B,NGN,BANK_TRANSFER,RETAIL
TXN108695,15000.0,SUCCESS,REF-00008695,2026-07-26,Merchant_D,Processor_A,NGN,BANK_TRANSFER,BUSINESS
TXN104500,15000.0,SUCCESS,REF-00004500,2026-07-13,Merchant_D,Processor_A,NGN,USSD,BUSINESS
TXN102580,1500.0,SUCCESS,REF-00002580,2026-07-03,Merchant_D,Processor_B,NGN,CARD,RETAIL
TXN103228,1000.0,SUCCESS,REF-00003228,2026-07-05,Merchant_D,Processor_C,NGN,USSD,RETAIL
TXN100186,50000.0,SUCCESS,REF-00000186,2026-07-14,Merchant_C,Processor_A,NGN,MOBILE_MONEY,RETAIL
TXN103617,50000.0,SUCCESS,REF-00003617,2026-07-18,Merchant_B,Processor_C,NGN,CARD,RETAIL
TXN100648,25000.0,REFUNDED,REF-00000648,2026-07-26,Merchant_B,Processor_C,NGN,BANK_TRANSFER,RETAIL
TXN103631,1500.0,SUCCESS,REF-00003631,2026-07-03,Merchant_D,Processor_C,NGN,CARD,RETAIL
TXN103979,7500.0,SUCCESS,REF-00003979,2026-07-16,Merchant_B,Processor_B,NGN,BANK_TRANSFER,RETAIL
TXN107816,2500.0,SUCCESS,REF-00007816,2026-07-21,Merchant_B,Processor_C,NGN,CARD,RETAIL
TXN103192,250000.0,SUCCESS,REF-00003192,2026-07-16,Merchant_E,Processor_B,NGN,USSD,RETAIL
TXN102926,50000.0,SUCCESS,REF-00002926,2026-07-12,Merchant_C,Processor_A,NGN,BANK_TRANSFER,BUSINESS
TXN102833,5000.0,SUCCESS,REF-00002833,2026-07-18,Merchant_E,Processor_B,NGN,MOBILE_MONEY,RETAIL
TXN106736,100000.0,SUCCESS,REF-00006736,2026-07-02,Merchant_C,Processor_B,NGN,CARD,RETAIL
TXN103035,5000.0,SUCCESS,REF-00003035,2026-07-10,Merchant_B,Processor_B,NGN,USSD,RETAIL
TXN108325,50000.0,SUCCESS,REF-00008325,2026-07-22,Merchant_B,Processor_B,NGN,CARD,RETAIL
TXN104502,5000.0,SUCCESS,REF-00004502,2026-07-07,Merchant_C,Processor_C,NGN,CARD,BUSINESS
TXN106690,50000.0,SUCCESS,REF-00006690,2026-07-09,Merchant_A,Processor_A,NGN,MOBILE_MONEY,RETAIL
TXN104772,2500.0,SUCCESS,REF-00004772,2026-07-25,Merchant_C,Processor_B,NGN,CARD,BUSINESS
TXN109472,100000.0,SUCCESS,REF-00009472,2026-07-14,Merchant_B,Processor_A,NGN,MOBILE_MONEY,BUSINESS
TXN105082,50000.0,SUCCESS,REF-00005082,2026-07-24,Merchant_D,Processor_C,NGN,BANK_TRANSFER,BUSINESS
TXN103322,25000.0,SUCCESS,REF-00003322,2026-07-30,Merchant_C,Processor_C,NGN,MOBILE_MONEY,BUSINESS
TXN106222,2500.0,SUCCESS,REF-00006222,2026-07-15,Merchant_A,Processor_B,NGN,MOBILE_MONEY,RETAIL
TXN102851,2500.0,SUCCESS,REF-00002851,2026-07-06,Merchant_B,Processor_A,NGN,BANK_TRANSFER,BUSINESS
TXN102516,500.0,SUCCESS,REF-00002516,2026-07-09,Merchant_E,Processor_A,NGN,MOBILE_MONEY,RETAIL
TXN106008,15000.0,SUCCESS,REF-00006008,2026-07-20,Merchant_E,Processor_B,NGN,USSD,RETAIL
TXN109280,7500.0,SUCCESS,REF-00009280,2026-07-23,Merchant_D,Processor_A,NGN,CARD,RETAIL
TXN108862,50000.0,SUCCESS,REF-00008862,2026-07-21,Merchant_B,Processor_A,NGN,MOBILE_MONEY,BUSINESS
TXN107706,10000.0,SUCCESS,REF-00007706,2026-07-05,Merchant_B,Processor_C,NGN,CARD,BUSINESS
TXN106216,1500.0,SUCCESS,REF-00006216,2026-07-30,Merchant_E,Processor_B,NGN,MOBILE_MONEY,RETAIL
TXN101469,25000.0,SUCCESS,REF-00001469,2026-07-01,Merchant_C,Processor_B,NGN,BANK_TRANSFER,BUSINESS
TXN109341,10000.0,SUCCESS,REF-00009341,2026-07-10,Merchant_D,Processor_A,NGN,BANK_TRANSFER,BUSINESS
TXN101162,5000.0,SUCCESS,REF-00001162,2026-07-01,Merchant_D,Processor_B,NGN,CARD,BUSINESS
TXN106622,10000.0,SUCCESS,REF-00006622,2026-07-18,Merchant_B,Processor_C,NGN,CARD,RETAIL
TXN102518,15000.0,SUCCESS,REF-00002518,2026-07-31,Merchant_A,Processor_B,NGN,CARD,BUSINESS
TXN104288,5000.0,SUCCESS,REF-00004288,2026-07-28,Merchant_D,Processor_A,NGN,BANK_TRANSFER,RETAIL
TXN103828,50000.0,SUCCESS,REF-00003828,2026-07-05,Merchant_A,Processor_B,NGN,CARD,BUSINESS
TXN104536,7500.0,SUCCESS,REF-00004536,2026-07-26,Merchant_D,Processor_C,NGN,MOBILE_MONEY,BUSINESS
TXN107441,1000.0,SUCCESS,REF-00007441,2026-07-04,Merchant_E,Processor_A,NGN,MOBILE_MONEY,BUSINESS
TXN106372,100000.0,SUCCESS,REF-00006372,2026-07-19,Merchant_D,Processor_C,NGN,CARD,RETAIL
TXN101945,10000.0,SUCCESS,REF-00001945,2026-07-05,Merchant_A,Processor_B,NGN,BANK_TRANSFER,BUSINESS
TXN109493,1500.0,SUCCESS,REF-00009493,2026-07-26,Merchant_D,Processor_C,NGN,MOBILE_MONEY,RETAIL
TXN107854,10000.0,SUCCESS,REF-00007854,2026-07-07,Merchant_C,Processor_C,NGN,BANK_TRANSFER,RETAIL
TXN109290,10000.0,SUCCESS,REF-00009290,2026-07-25,Merchant_D,Processor_B,NGN,BANK_TRANSFER,BUSINESS
TXN106491,5000.0,SUCCESS,REF-00006491,2026-07-12,Merchant_C,Processor_C,NGN,BANK_TRANSFER,BUSINESS
TXN101877,10000.0,SUCCESS,REF-00001877,2026-07-22,Merchant_B,Processor_A,NGN,CARD,RETAIL
TXN107505,100000.0,SUCCESS,REF-00007505,2026-07-11,Merchant_D,Processor_C,NGN,BANK_TRANSFER,RETAIL
TXN109043,2500.0,SUCCESS,REF-00009043,2026-07-24,Merchant_A,Processor_B,NGN,BANK_TRANSFER,BUSINESS
TXN107531,1000.0,SUCCESS,REF-00007531,2026-07-28,Merchant_C,Processor_B,NGN,CARD,BUSINESS
TXN101228,250000.0,SUCCESS,REF-00001228,2026-07-15,Merchant_E,Processor_C,NGN,USSD,BUSINESS
TXN107368,1500.0,SUCCESS,REF-00007368,2026-07-25,Merchant_A,Processor_A,NGN,MOBILE_MONEY,RETAIL
TXN108034,50000.0,SUCCESS,REF-00008034,2026-07-08,Merchant_C,Processor_C,NGN,CARD,BUSINESS
TXN107449,1000.0,SUCCESS,REF-00007449,2026-07-23,Merchant_E,Processor_A,NGN,MOBILE_MONEY,BUSINESS
TXN100400,1000.0,SUCCESS,REF-00000400,2026-07-25,Merchant_C,Processor_B,NGN,CARD,RETAIL
TXN106984,50000.0,SUCCESS,REF-00006984,2026-07-06,Merchant_D,Processor_A,NGN,CARD,RETAIL
TXN104011,7500.0,FAILED,REF-00004011,2026-07-22,Merchant_A,Processor_B,NGN,CARD,BUSINESS
TXN104031,5000.0,SUCCESS,REF-00004031,2026-07-01,Merchant_A,Processor_C,NGN,MOBILE_MONEY,RETAIL
TXN103032,25000.0,SUCCESS,REF-00003032,2026-07-04,Merchant_A,Processor_A,NGN,CARD,RETAIL
TXN102350,15000.0,SUCCESS,REF-00002350,2026-07-11,Merchant_C,Processor_A,NGN,CARD,BUSINESS
TXN104540,1500.0,SUCCESS,REF-00004540,2026-07-07,Merchant_D,Processor_B,NGN,CARD,BUSINESS
TXN103511,1000.0,FAILED,REF-00003511,2026-07-06,Merchant_E,Processor_C,NGN,MOBILE_MONEY,RETAIL
TXN108964,10000.0,SUCCESS,REF-00008964,2026-07-28,Merchant_D,Processor_A,NGN,USSD,RETAIL
TXN106119,15000.0,SUCCESS,REF-00006119,2026-07-28,Merchant_A,Processor_B,NGN,CARD,BUSINESS
TXN101109,1500.0,SUCCESS,REF-00001109,2026-07-10,Merchant_C,Processor_A,NGN,CARD,BUSINESS
TXN102341,1000.0,SUCCESS,REF-00002341,2026-07-17,Merchant_C,Processor_A,NGN,CARD,RETAIL
TXN109798,7500.0,SUCCESS,REF-00009798,2026-07-09,Merchant_B,Processor_B,NGN,CARD,RETAIL
TXN101810,15000.0,REFUNDED,REF-00001810,2026-07-06,Merchant_E,Processor_A,NGN,CARD,BUSINESS
TXN104059,250000.0,REFUNDED,REF-00004059,2026-07-23,Merchant_B,Processor_B,NGN,USSD,BUSINESS
TXN107660,500.0,SUCCESS,REF-00007660,2026-07-21,Merchant_E,Processor_C,NGN,BANK_TRANSFER,RETAIL
TXN104280,1500.0,FAILED,REF-00004280,2026-07-28,Merchant_B,Processor_B,NGN,BANK_TRANSFER,RETAIL
TXN108927,1500.0,SUCCESS,REF-00008927,2026-07-08,Merchant_D,Processor_C,NGN,CARD,BUSINESS
TXN107829,1000.0,SUCCESS,REF-00007829,2026-07-07,Merchant_E,Processor_A,NGN,MOBILE_MONEY,BUSINESS
TXN108049,1500.0,FAILED,REF-00008049,2026-07-05,Merchant_E,Processor_B,NGN,USSD,BUSINESS
TXN107117,1000.0,SUCCESS,REF-00007117,2026-07-07,Merchant_E,Processor_B,NGN,USSD,BUSINESS
TXN101090,100000.0,REFUNDED,REF-00001090,2026-07-27,Merchant_D,Processor_C,NGN,USSD,RETAIL
TXN100581,250000.0,REFUNDED,REF-00000581,2026-07-16,Merchant_D,Processor_A,NGN,BANK_TRANSFER,RETAIL
TXN109058,2500.0,SUCCESS,REF-00009058,2026-07-23,Merchant_B,Processor_A,NGN,MOBILE_MONEY,BUSINESS
TXN107746,1500.0,REFUNDED,REF-00007746,2026-07-31,Merchant_A,Processor_B,NGN,BANK_TRANSFER,BUSINESS
TXN102696,15000.0,SUCCESS,REF-00002696,2026-07-10,Merchant_D,Processor_C,NGN,USSD,RETAIL
TXN102323,5000.0,SUCCESS,REF-00002323,2026-07-12,Merchant_E,Processor_B,NGN,BANK_TRANSFER,BUSINESS
TXN107990,15000.0,SUCCESS,REF-00007990,2026-07-19,Merchant_A,Processor_C,NGN,BANK_TRANSFER,RETAIL
TXN106341,15000.0,SUCCESS,REF-00006341,2026-07-09,Merchant_D,Processor_C,NGN,CARD,BUSINESS
TXN107497,50000.0,SUCCESS,REF-00007497,2026-07-13,Merchant_E,Processor_B,NGN,CARD,BUSINESS
TXN101880,15000.0,SUCCESS,REF-00001880,2026-07-01,Merchant_A,Processor_A,NGN,CARD,RETAIL
TXN100121,100000.0,SUCCESS,REF-00000121,2026-07-21,Merchant_B,Processor_A,NGN,USSD,RETAIL
TXN101783,15000.0,SUCCESS,REF-00001783,2026-07-14,Merchant_E,Processor_B,NGN,CARD,RETAIL
TXN108579,1000.0,SUCCESS,REF-00008579,2026-07-18,Merchant_B,Processor_B,NGN,USSD,BUSINESS
TXN107741,1500.0,SUCCESS,REF-00007741,2026-07-20,Merchant_D,Processor_A,NGN,CARD,BUSINESS
TXN107977,25000.0,SUCCESS,REF-00007977,2026-07-20,Merchant_C,Processor_B,NGN,USSD,RETAIL
TXN107777,50000.0,SUCCESS,REF-00007777,2026-07-20,Merchant_B,Processor_C,NGN,BANK_TRANSFER,RETAIL
TXN100974,500.0,SUCCESS,REF-00000974,2026-07-29,Merchant_C,Processor_B,NGN,MOBILE_MONEY,BUSINESS
TXN109158,15000.0,SUCCESS,REF-00009158,2026-07-01,Merchant_A,Processor_A,NGN,USSD,RETAIL
TXN105679,1500.0,SUCCESS,REF-00005679,2026-07-21,Merchant_D,Processor_C,NGN,BANK_TRANSFER,BUSINESS
TXN108933,15000.0,SUCCESS,REF-00008933,2026-07-20,Merchant_A,Processor_C,NGN,CARD,RETAIL
TXN108590,50000.0,SUCCESS,REF-00008590,2026-07-14,Merchant_C,Processor_A,NGN,BANK_TRANSFER,RETAIL
TXN103896,1500.0,SUCCESS,REF-00003896,2026-07-21,Merchant_A,Processor_B,NGN,BANK_TRANSFER,BUSINESS
TXN106269,15000.0,SUCCESS,REF-00006269,2026-07-19,Merchant_B,Processor_C,NGN,MOBILE_MONEY,BUSINESS
TXN106728,250000.0,SUCCESS,REF-00006728,2026-07-06,Merchant_D,Processor_C,NGN,CARD,RETAIL
TXN108876,1000.0,SUCCESS,REF-00008876,2026-07-23,Merchant_D,Processor_B,NGN,USSD,BUSINESS
TXN108699,10000.0,SUCCESS,REF-00008699,2026-07-13,Merchant_E,Processor_C,NGN,USSD,BUSINESS
TXN106915,1500.0,SUCCESS,REF-00006915,2026-07-26,Merchant_B,Processor_C,NGN,USSD,BUSINESS
TXN102624,5000.0,SUCCESS,REF-00002624,2026-07-10,Merchant_A,Processor_A,NGN,CARD,RETAIL
TXN108187,100000.0,SUCCESS,REF-00008187,2026-07-21,Merchant_B,Processor_A,NGN,USSD,RETAIL
TXN101848,100000.0,SUCCESS,REF-00001848,2026-07-26,Merchant_D,Processor_C,NGN,MOBILE_MONEY,BUSINESS
TXN107897,10000.0,SUCCESS,REF-00007897,2026-07-15,Merchant_E,Processor_C,NGN,BANK_TRANSFER,BUSINESS
TXN100232,10000.0,SUCCESS,REF-00000232,2026-07-11,Merchant_B,Processor_A,NGN,CARD,RETAIL
TXN106814,10000.0,SUCCESS,REF-00006814,2026-07-20,Merchant_C,Processor_A,NGN,USSD,BUSINESS
TXN108880,10000.0,SUCCESS,REF-00008880,2026-07-25,Merchant_C,Processor_C,NGN,BANK_TRANSFER,RETAIL
TXN101023,250000.0,SUCCESS,REF-00001023,2026-07-03,Merchant_B,Processor_C,NGN,BANK_TRANSFER,RETAIL
TXN100319,2500.0,SUCCESS,REF-00000319,2026-07-09,Merchant_E,Processor_A,NGN,MOBILE_MONEY,RETAIL
TXN103779,100000.0,SUCCESS,REF-00003779,2026-07-11,Merchant_C,Processor_B,NGN,USSD,RETAIL
TXN104117,7500.0,SUCCESS,REF-00004117,2026-07-26,Merchant_C,Processor_C,NGN,CARD,RETAIL
TXN102302,10000.0,SUCCESS,REF-00002302,2026-07-12,Merchant_D,Processor_A,NGN,BANK_TRANSFER,BUSINESS
TXN106287,7500.0,SUCCESS,REF-00006287,2026-07-15,Merchant_A,Processor_A,NGN,MOBILE_MONEY,BUSINESS
TXN100786,10000.0,SUCCESS,REF-00000786,2026-07-14,Merchant_A,Processor_A,NGN,BANK_TRANSFER,BUSINESS
TXN101425,250000.0,SUCCESS,REF-00001425,2026-07-07,Merchant_D,Processor_A,NGN,MOBILE_MONEY,RETAIL
TXN104274,15000.0,SUCCESS,REF-00004274,2026-07-14,Merchant_D,Processor_A,NGN,MOBILE_MONEY,RETAIL
TXN103936,7500.0,SUCCESS,REF-00003936,2026-07-25,Merchant_B,Processor_A,NGN,BANK_TRANSFER,BUSINESS
TXN105895,2500.0,SUCCESS,REF-00005895,2026-07-28,Merchant_A,Processor_C,NGN,BANK_TRANSFER,BUSINESS
TXN100485,100000.0,SUCCESS,REF-00000485,2026-07-18,Merchant_D,Processor_C,NGN,USSD,RETAIL
TXN108808,1000.0,SUCCESS,REF-00008808,2026-07-15,Merchant_A,Processor_B,NGN,CARD,RETAIL
TXN103732,7500.0,REFUNDED,REF-00003732,2026-07-16,Merchant_E,Processor_A,NGN,MOBILE_MONEY,BUSINESS
TXN100860,25000.0,FAILED,REF-00000860,2026-07-28,Merchant_C,Processor_A,NGN,MOBILE_MONEY,BUSINESS
TXN109659,50000.0,SUCCESS,REF-00009659,2026-07-19,Merchant_E,Processor_B,NGN,BANK_TRANSFER,RETAIL
TXN100280,100000.0,SUCCESS,REF-00000280,2026-07-24,Merchant_C,Processor_C,NGN,BANK_TRANSFER,RETAIL
TXN104114,15000.0,SUCCESS,REF-00004114,2026-07-04,Merchant_B,Processor_B,NGN,BANK_TRANSFER,RETAIL
TXN105620,1000.0,SUCCESS,REF-00005620,2026-07-30,Merchant_D,Processor_C,NGN,CARD,RETAIL
TXN100394,5000.0,SUCCESS,REF-00000394,2026-07-30,Merchant_C,Processor_C,NGN,BANK_TRANSFER,RETAIL
TXN102113,100000.0,SUCCESS,REF-00002113,2026-07-31,Merchant_B,Processor_C,NGN,MOBILE_MONEY,BUSINESS
TXN106865,5000.0,SUCCESS,REF-00006865,2026-07-11,Merchant_C,Processor_C,NGN,MOBILE_MONEY,RETAIL
TXN103254,5000.0,SUCCESS,REF-00003254,2026-07-02,Merchant_D,Processor_A,NGN,MOBILE_MONEY,BUSINESS
TXN102937,10000.0,SUCCESS,REF-00002937,2026-07-28,Merchant_D,Processor_B,NGN,CARD,RETAIL
TXN100404,5000.0,REFUNDED,REF-00000404,2026-07-18,Merchant_B,Processor_C,NGN,CARD,RETAIL
TXN105689,15000.0,FAILED,REF-00005689,2026-07-02,Merchant_D,Processor_C,NGN,CARD,RETAIL
TXN102953,7500.0,SUCCESS,REF-00002953,2026-07-16,Merchant_C,Processor_A,NGN,CARD,RETAIL
TXN109753,25000.0,SUCCESS,REF-00009753,2026-07-17,Merchant_E,Processor_A,NGN,USSD,RETAIL
TXN106754,500.0,SUCCESS,REF-00006754,2026-07-26,Merchant_D,Processor_B,NGN,USSD,RETAIL
TXN103134,2500.0,SUCCESS,REF-00003134,2026-07-06,Merchant_B,Processor_A,NGN,USSD,BUSINESS
TXN104998,50000.0,SUCCESS,REF-00004998,2026-07-31,Merchant_B,Processor_B,NGN,BANK_TRANSFER,RETAIL
TXN103144,2500.0,SUCCESS,REF-00003144,2026-07-26,Merchant_B,Processor_A,NGN,CARD,RETAIL
TXN108600,7500.0,SUCCESS,REF-00008600,2026-07-22,Merchant_B,Processor_C,NGN,CARD,RETAIL
TXN104365,15000.0,SUCCESS,REF-00004365,2026-07-08,Merchant_E,Processor_A,NGN,USSD,RETAIL
TXN101034,1000.0,SUCCESS,REF-00001034,2026-07-14,Merchant_D,Processor_C,NGN,USSD,RETAIL
TXN101899,25000.0,SUCCESS,REF-00001899,2026-07-09,Merchant_A,Processor_B,NGN,CARD,RETAIL
TXN105714,15000.0,SUCCESS,REF-00005714,2026-07-17,Merchant_D,Processor_C,NGN,USSD,RETAIL
TXN101522,5000.0,SUCCESS,REF-00001522,2026-07-23,Merchant_B,Processor_C,NGN,BANK_TRANSFER,BUSINESS
TXN103298,5000.0,SUCCESS,REF-00003298,2026-07-13,Merchant_C,Processor_C,NGN,BANK_TRANSFER,BUSINESS
TXN103375,25000.0,SUCCESS,REF-00003375,2026-07-29,Merchant_E,Processor_A,NGN,BANK_TRANSFER,BUSINESS
TXN108443,7500.0,SUCCESS,REF-00008443,2026-07-15,Merchant_C,Processor_C,NGN,MOBILE_MONEY,BUSINESS
TXN103655,2500.0,REFUNDED,REF-00003655,2026-07-08,Merchant_E,Processor_B,NGN,MOBILE_MONEY,BUSINESS
TXN100889,2500.0,SUCCESS,REF-00000889,2026-07-13,Merchant_C,Processor_C,NGN,CARD,BUSINESS
TXN100462,25000.0,REFUNDED,REF-00000462,2026-07-14,Merchant_E,Processor_C,NGN,MOBILE_MONEY,BUSINESS
TXN107115,100000.0,SUCCESS,REF-00007115,2026-07-19,Merchant_D,Processor_B,NGN,USSD,BUSINESS
TXN100794,500.0,SUCCESS,REF-00000794,2026-07-05,Merchant_D,Processor_B,NGN,BANK_TRANSFER,RETAIL
TXN103018,1000.0,SUCCESS,REF-00003018,2026-07-25,Merchant_C,Processor_B,NGN,BANK_TRANSFER,BUSINESS
TXN100366,250000.0,SUCCESS,REF-00000366,2026-07-16,Merchant_D,Processor_C,NGN,MOBILE_MONEY,BUSINESS
TXN108742,7500.0,SUCCESS,REF-00008742,2026-07-04,Merchant_D,Processor_B,NGN,BANK_TRANSFER,BUSINESS
TXN108370,1500.0,SUCCESS,REF-00008370,2026-07-21,Merchant_A,Processor_C,NGN,BANK_TRANSFER,BUSINESS
TXN103516,1000.0,SUCCESS,REF-00003516,2026-07-31,Merchant_C,Processor_B,NGN,BANK_TRANSFER,RETAIL
TXN108503,250000.0,SUCCESS,REF-00008503,2026-07-24,Merchant_A,Processor_A,NGN,USSD,BUSINESS
TXN100807,100000.0,SUCCESS,REF-00000807,2026-07-13,Merchant_B,Processor_C,NGN,MOBILE_MONEY,RETAIL
TXN100049,1500.0,REFUNDED,REF-00000049,2026-07-30,Merchant_A,Processor_B,NGN,BANK_TRANSFER,BUSINESS
TXN100712,10000.0,FAILED,REF-00000712,2026-07-18,Merchant_B,Processor_C,NGN,BANK_TRANSFER,BUSINESS
TXN105270,2500.0,SUCCESS,REF-00005270,2026-07-01,Merchant_A,Processor_A,NGN,BANK_TRANSFER,RETAIL
TXN106081,250000.0,SUCCESS,REF-00006081,2026-07-14,Merchant_A,Processor_A,NGN,CARD,RETAIL
TXN109764,100000.0,SUCCESS,REF-00009764,2026-07-12,Merchant_D,Processor_B,NGN,USSD,RETAIL
TXN103351,7500.0,SUCCESS,REF-00003351,2026-07-07,Merchant_B,Processor_A,NGN,MOBILE_MONEY,BUSINESS
TXN104083,25000.0,SUCCESS,REF-00004083,2026-07-01,Merchant_D,Processor_A,NGN,BANK_TRANSFER,RETAIL
TXN105711,250000.0,FAILED,REF-00005711,2026-07-25,Merchant_B,Processor_B,NGN,USSD,RETAIL
TXN103341,10000.0,SUCCESS,REF-00003341,2026-07-16,Merchant_B,Processor_C,NGN,BANK_TRANSFER,RETAIL
TXN104711,7500.0,SUCCESS,REF-00004711,2026-07-09,Merchant_A,Processor_C,NGN,MOBILE_MONEY,RETAIL
TXN101523,1000.0,SUCCESS,REF-00001523,2026-07-15,Merchant_D,Processor_B,NGN,MOBILE_MONEY,RETAIL
TXN102677,1000.0,SUCCESS,REF-00002677,2026-07-05,Merchant_B,Processor_C,NGN,CARD,RETAIL
TXN101035,25000.0,FAILED,REF-00001035,2026-07-09,Merchant_A,Processor_A,NGN,CARD,RETAIL
TXN109685,7500.0,SUCCESS,REF-00009685,2026-07-05,Merchant_B,Processor_C,NGN,CARD,BUSINESS
TXN104255,15000.0,FAILED,REF-00004255,2026-07-03,Merchant_E,Processor_C,NGN,CARD,RETAIL
TXN103759,50000.0,SUCCESS,REF-00003759,2026-07-21,Merchant_C,Processor_C,NGN,BANK_TRANSFER,BUSINESS
TXN105154,15000.0,SUCCESS,REF-00005154,2026-07-22,Merchant_B,Processor_A,NGN,USSD,RETAIL
TXN105166,2500.0,SUCCESS,REF-00005166,2026-07-04,Merchant_D,Processor_B,NGN,BANK_TRANSFER,BUSINESS
TXN100430,1500.0,SUCCESS,REF-00000430,2026-07-23,Merchant_C,Processor_A,NGN,CARD,RETAIL
TXN102265,15000.0,SUCCESS,REF-00002265,2026-07-02,Merchant_E,Processor_C,NGN,CARD,RETAIL
TXN105381,10000.0,SUCCESS,REF-00005381,2026-07-29,Merchant_C,Processor_B,NGN,BANK_TRANSFER,BUSINESS
TXN102858,500.0,SUCCESS,REF-00002858,2026-07-18,Merchant_A,Processor_B,NGN,BANK_TRANSFER,BUSINESS
TXN103357,5000.0,REFUNDED,REF-00003357,2026-07-28,Merchant_E,Processor_A,NGN,USSD,BUSINESS
TXN106527,50000.0,SUCCESS,REF-00006527,2026-07-07,Merchant_E,Processor_B,NGN,USSD,RETAIL
TXN107589,1000.0,SUCCESS,REF-00007589,2026-07-03,Merchant_A,Processor_B,NGN,MOBILE_MONEY,BUSINESS
TXN107784,100000.0,SUCCESS,REF-00007784,2026-07-18,Merchant_B,Processor_C,NGN,USSD,RETAIL
TXN102005,25000.0,FAILED,REF-00002005,2026-07-08,Merchant_A,Processor_B,NGN,USSD,RETAIL
TXN109445,1000.0,SUCCESS,REF-00009445,2026-07-26,Merchant_E,Processor_C,NGN,CARD,RETAIL
TXN106432,100000.0,SUCCESS,REF-00006432,2026-07-25,Merchant_B,Processor_A,NGN,CARD,RETAIL
TXN106743,50000.0,FAILED,REF-00006743,2026-07-26,Merchant_E,Processor_A,NGN,MOBILE_MONEY,RETAIL
TXN108349,15000.0,SUCCESS,REF-00008349,2026-07-24,Merchant_A,Processor_B,NGN,MOBILE_MONEY,RETAIL
TXN109673,1500.0,SUCCESS,REF-00009673,2026-07-30,Merchant_C,Processor_B,NGN,USSD,RETAIL
TXN107732,500.0,SUCCESS,REF-00007732,2026-07-14,Merchant_A,Processor_B,NGN,USSD,BUSINESS
TXN100632,10000.0,SUCCESS,REF-00000632,2026-07-05,Merchant_B,Processor_B,NGN,MOBILE_MONEY,RETAIL
TXN101977,7500.0,FAILED,REF-00001977,2026-07-16,Merchant_B,Processor_A,NGN,MOBILE_MONEY,RETAIL
TXN109722,25000.0,SUCCESS,REF-00009722,2026-07-06,Merchant_E,Processor_B,NGN,CARD,RETAIL
TXN108402,10000.0,REFUNDED,REF-00008402,2026-07-18,Merchant_B,Processor_A,NGN,MOBILE_MONEY,BUSINESS
TXN103517,5000.0,FAILED,REF-00003517,2026-07-08,Merchant_C,Processor_B,NGN,CARD,BUSINESS
TXN109378,100000.0,SUCCESS,REF-00009378,2026-07-05,Merchant_E,Processor_C,NGN,CARD,BUSINESS
TXN101451,15000.0,SUCCESS,REF-00001451,2026-07-03,Merchant_D,Processor_A,NGN,MOBILE_MONEY,RETAIL
TXN105879,10000.0,SUCCESS,REF-00005879,2026-07-24,Merchant_D,Processor_C,NGN,MOBILE_MONEY,RETAIL
TXN104966,250000.0,SUCCESS,REF-00004966,2026-07-24,Merchant_E,Processor_C,NGN,USSD,BUSINESS
TXN108071,7500.0,FAILED,REF-00008071,2026-07-14,Merchant_C,Processor_A,NGN,USSD,RETAIL
TXN103342,15000.0,SUCCESS,REF-00003342,2026-07-16,Merchant_A,Processor_A,NGN,CARD,BUSINESS
TXN104277,5000.0,SUCCESS,REF-00004277,2026-07-10,Merchant_B,Processor_A,NGN,CARD,BUSINESS
TXN106515,2500.0,SUCCESS,REF-00006515,2026-07-30,Merchant_A,Processor_B,NGN,MOBILE_MONEY,RETAIL
TXN107230,500.0,SUCCESS,REF-00007230,2026-07-10,Merchant_C,Processor_C,NGN,BANK_TRANSFER,BUSINESS
TXN108991,2500.0,SUCCESS,REF-00008991,2026-07-08,Merchant_B,Processor_A,NGN,BANK_TRANSFER,RETAIL
TXN100995,1000.0,SUCCESS,REF-00000995,2026-07-15,Merchant_D,Processor_B,NGN,MOBILE_MONEY,BUSINESS
TXN102622,7500.0,FAILED,REF-00002622,2026-07-06,Merchant_D,Processor_C,NGN,CARD,RETAIL
TXN100884,50000.0,SUCCESS,REF-00000884,2026-07-31,Merchant_E,Processor_B,NGN,CARD,BUSINESS
TXN109047,10000.0,SUCCESS,REF-00009047,2026-07-18,Merchant_E,Processor_A,NGN,BANK_TRANSFER,BUSINESS
TXN103501,50000.0,SUCCESS,REF-00003501,2026-07-28,Merchant_C,Processor_B,NGN,USSD,RETAIL
TXN109536,15000.0,SUCCESS,REF-00009536,2026-07-20,Merchant_D,Processor_A,NGN,CARD,BUSINESS
TXN100454,1000.0,SUCCESS,REF-00000454,2026-07-04,Merchant_D,Processor_B,NGN,MOBILE_MONEY,BUSINESS
TXN101752,500.0,SUCCESS,REF-00001752,2026-07-15,Merchant_E,Processor_C,NGN,CARD,BUSINESS
TXN108369,1000.0,SUCCESS,REF-00008369,2026-07-22,Merchant_C,Processor_B,NGN,CARD,RETAIL
TXN104990,250000.0,FAILED,REF-00004990,2026-07-13,Merchant_D,Processor_B,NGN,USSD,BUSINESS
TXN109051,10000.0,SUCCESS,REF-00009051,2026-07-15,Merchant_A,Processor_C,NGN,BANK_TRANSFER,RETAIL
TXN102910,2500.0,SUCCESS,REF-00002910,2026-07-25,Merchant_E,Processor_C,NGN,USSD,BUSINESS
TXN101870,50000.0,REFUNDED,REF-00001870,2026-07-03,Merchant_D,Processor_A,NGN,MOBILE_MONEY,BUSINESS
TXN108780,1500.0,SUCCESS,REF-00008780,2026-07-09,Merchant_C,Processor_C,NGN,MOBILE_MONEY,BUSINESS
TXN104833,1500.0,SUCCESS,REF-00004833,2026-07-25,Merchant_C,Processor_B,NGN,USSD,RETAIL
TXN103061,1000.0,SUCCESS,REF-00003061,2026-07-11,Merchant_D,Processor_A,NGN,MOBILE_MONEY,BUSINESS
TXN101421,10000.0,SUCCESS,REF-00001421,2026-07-25,Merchant_A,Processor_A,NGN,MOBILE_MONEY,RETAIL
TXN100292,50000.0,SUCCESS,REF-00000292,2026-07-19,Merchant_C,Processor_B,NGN,CARD,BUSINESS
TXN108029,50000.0,SUCCESS,REF-00008029,2026-07-19,Merchant_C,Processor_B,NGN,MOBILE_MONEY,RETAIL
TXN102866,10000.0,SUCCESS,REF-00002866,2026-07-24,Merchant_A,Processor_B,NGN,CARD,BUSINESS
TXN109337,250000.0,SUCCESS,REF-00009337,2026-07-16,Merchant_E,Processor_A,NGN,MOBILE_MONEY,BUSINESS
TXN109437,2500.0,SUCCESS,REF-00009437,2026-07-15,Merchant_D,Processor_B,NGN,BANK_TRANSFER,BUSINESS
TXN102934,25000.0,SUCCESS,REF-00002934,2026-07-16,Merchant_E,Processor_B,NGN,USSD,BUSINESS
TXN107592,25000.0,SUCCESS,REF-00007592,2026-07-12,Merchant_E,Processor_A,NGN,BANK_TRANSFER,RETAIL
TXN106874,50000.0,SUCCESS,REF-00006874,2026-07-24,Merchant_E,Processor_A,NGN,USSD,BUSINESS
TXN106711,2500.0,SUCCESS,REF-00006711,2026-07-29,Merchant_E,Processor_B,NGN,CARD,RETAIL
TXN104296,1500.0,SUCCESS,REF-00004296,2026-07-24,Merchant_C,Processor_A,NGN,BANK_TRANSFER,RETAIL
TXN108905,15000.0,SUCCESS,REF-00008905,2026-07-24,Merchant_A,Processor_A,NGN,USSD,RETAIL
TXN107512,500.0,SUCCESS,REF-00007512,2026-07-07,Merchant_D,Processor_A,NGN,CARD,BUSINESS
TXN103484,10000.0,SUCCESS,REF-00003484,2026-07-03,Merchant_B,Processor_C,NGN,MOBILE_MONEY,RETAIL
TXN106976,25000.0,SUCCESS,REF-00006976,2026-07-22,Merchant_D,Processor_A,NGN,MOBILE_MONEY,RETAIL
TXN107419,25000.0,SUCCESS,REF-00007419,2026-07-21,Merchant_C,Processor_B,NGN,CARD,RETAIL
TXN101401,1500.0,SUCCESS,REF-00001401,2026-07-08,Merchant_A,Processor_C,NGN,USSD,RETAIL
TXN103679,7500.0,SUCCESS,REF-00003679,2026-07-12,Merchant_D,Processor_A,NGN,CARD,RETAIL
TXN103042,1000.0,REFUNDED,REF-00003042,2026-07-23,Merchant_A,Processor_B,NGN,USSD,BUSINESS
TXN102009,10000.0,REFUNDED,REF-00002009,2026-07-12,Merchant_C,Processor_C,NGN,USSD,BUSINESS
TXN109459,5000.0,SUCCESS,REF-00009459,2026-07-01,Merchant_E,Processor_A,NGN,USSD,BUSINESS
TXN100577,100000.0,FAILED,REF-00000577,2026-07-03,Merchant_D,Processor_A,NGN,MOBILE_MONEY,BUSINESS
TXN100000,5000.0,SUCCESS,REF-00000000,2026-07-07,Merchant_B,Processor_A,NGN,USSD,BUSINESS
TXN105068,100000.0,SUCCESS,REF-00005068,2026-07-09,Merchant_B,Processor_C,NGN,CARD,RETAIL
TXN109944,5000.0,SUCCESS,REF-00009944,2026-07-02,Merchant_E,Processor_A,NGN,MOBILE_MONEY,BUSINESS
TXN103487,1000.0,SUCCESS,REF-00003487,2026-07-05,Merchant_E,Processor_C,NGN,USSD,BUSINESS
TXN104414,7500.0,SUCCESS,REF-00004414,2026-07-25,Merchant_E,Processor_A,NGN,MOBILE_MONEY,RETAIL
TXN107049,10000.0,SUCCESS,REF-00007049,2026-07-16,Merchant_B,Processor_A,NGN,MOBILE_MONEY,BUSINESS
TXN102768,10000.0,SUCCESS,REF-00002768,2026-07-24,Merchant_E,Processor_B,NGN,USSD,BUSINESS
TXN105050,2500.0,SUCCESS,REF-00005050,2026-07-06,Merchant_B,Processor_C,NGN,USSD,RETAIL
TXN109876,1000.0,SUCCESS,REF-00009876,2026-07-14,Merchant_E,Processor_A,NGN,CARD,BUSINESS
TXN105377,5000.0,SUCCESS,REF-00005377,2026-07-30,Merchant_E,Processor_C,NGN,MOBILE_MONEY,BUSINESS
TXN102102,1500.0,REFUNDED,REF-00002102,2026-07-30,Merchant_D,Processor_A,NGN,BANK_TRANSFER,BUSINESS
TXN103299,50000.0,SUCCESS,REF-00003299,2026-07-31,Merchant_E,Processor_A,NGN,MOBILE_MONEY,BUSINESS
TXN100698,1500.0,SUCCESS,REF-00000698,2026-07-01,Merchant_A,Processor_B,NGN,USSD,RETAIL
TXN101611,15000.0,SUCCESS,REF-00001611,2026-07-22,Merchant_A,Processor_C,NGN,BANK_TRANSFER,BUSINESS
TXN105327,1500.0,SUCCESS,REF-00005327,2026-07-31,Merchant_E,Processor_A,NGN,BANK_TRANSFER,BUSINESS
TXN107672,100000.0,SUCCESS,REF-00007672,2026-07-12,Merchant_E,Processor_C,NGN,USSD,BUSINESS
TXN106239,100000.0,SUCCESS,REF-00006239,2026-07-12,Merchant_E,Processor_B,NGN,MOBILE_MONEY,RETAIL
TXN108466,7500.0,SUCCESS,REF-00008466,2026-07-26,Merchant_D,Processor_C,NGN,BANK_TRANSFER,BUSINESS
TXN107519,1000.0,SUCCESS,REF-00007519,2026-07-25,Merchant_E,Processor_C,NGN,BANK_TRANSFER,BUSINESS
TXN101353,25000.0,SUCCESS,REF-00001353,2026-07-01,Merchant_D,Processor_C,NGN,MOBILE_MONEY,BUSINESS
TXN102318,7500.0,SUCCESS,REF-00002318,2026-07-04,Merchant_C,Processor_C,NGN,USSD,BUSINESS
TXN104648,100000.0,SUCCESS,REF-00004648,2026-07-28,Merchant_B,Processor_A,NGN,MOBILE_MONEY,RETAIL
TXN104600,2500.0,SUCCESS,REF-00004600,2026-07-03,Merchant_C,Processor_A,NGN,MOBILE_MONEY,RETAIL
TXN104264,15000.0,SUCCESS,REF-00004264,2026-07-08,Merchant_A,Processor_C,NGN,CARD,RETAIL
TXN101530,5000.0,REFUNDED,REF-00001530,2026-07-08,Merchant_B,Processor_A,NGN,BANK_TRANSFER,RETAIL
TXN101670,5000.0,SUCCESS,REF-00001670,2026-07-28,Merchant_D,Processor_B,NGN,USSD,RETAIL
TXN103399,10000.0,SUCCESS,REF-00003399,2026-07-13,Merchant_D,Processor_A,NGN,USSD,RETAIL
TXN102884,1000.0,SUCCESS,REF-00002884,2026-07-17,Merchant_C,Processor_C,NGN,BANK_TRANSFER,BUSINESS
TXN108512,25000.0,FAILED,REF-00008512,2026-07-14,Merchant_D,Processor_A,NGN,BANK_TRANSFER,BUSINESS
TXN102502,10000.0,SUCCESS,REF-00002502,2026-07-15,Merchant_C,Processor_C,NGN,BANK_TRANSFER,BUSINESS
TXN109507,15000.0,FAILED,REF-00009507,2026-07-20,Merchant_D,Processor_B,NGN,USSD,BUSINESS
TXN101152,25000.0,SUCCESS,REF-00001152,2026-07-19,Merchant_C,Processor_B,NGN,MOBILE_MONEY,RETAIL
TXN104442,2500.0,SUCCESS,REF-00004442,2026-07-06,Merchant_A,Processor_B,NGN,MOBILE_MONEY,BUSINESS
TXN101936,2500.0,SUCCESS,REF-00001936,2026-07-30,Merchant_D,Processor_A,NGN,USSD,RETAIL
TXN102781,50000.0,FAILED,REF-00002781,2026-07-18,Merchant_A,Processor_C,NGN,MOBILE_MONEY,RETAIL
TXN108017,15000.0,FAILED,REF-00008017,2026-07-23,Merchant_C,Processor_C,NGN,CARD,BUSINESS
TXN101879,10000.0,SUCCESS,REF-00001879,2026-07-24,Merchant_D,Processor_C,NGN,CARD,RETAIL
TXN109829,15000.0,SUCCESS,REF-00009829,2026-07-24,Merchant_B,Processor_C,NGN,USSD,BUSINESS
TXN100916,5000.0,SUCCESS,REF-00000916,2026-07-03,Merchant_A,Processor_B,NGN,MOBILE_MONEY,RETAIL
TXN101459,15000.0,SUCCESS,REF-00001459,2026-07-29,Merchant_C,Processor_A,NGN,CARD,RETAIL
TXN108500,7500.0,SUCCESS,REF-00008500,2026-07-16,Merchant_E,Processor_B,NGN,MOBILE_MONEY,RETAIL
TXN107742,25000.0,SUCCESS,REF-00007742,2026-07-29,Merchant_C,Processor_A,NGN,BANK_TRANSFER,BUSINESS
TXN109922,15000.0,SUCCESS,REF-00009922,2026-07-30,Merchant_E,Processor_C,NGN,MOBILE_MONEY,BUSINESS
TXN106387,25000.0,SUCCESS,REF-00006387,2026-07-17,Merchant_D,Processor_C,NGN,CARD,BUSINESS
TXN108424,1500.0,SUCCESS,REF-00008424,2026-07-28,Merchant_D,Processor_A,NGN,CARD,RETAIL
TXN109181,7500.0,SUCCESS,REF-00009181,2026-07-23,Merchant_E,Processor_C,NGN,USSD,RETAIL
TXN108250,100000.0,SUCCESS,REF-00008250,2026-07-06,Merchant_A,Processor_C,NGN,USSD,RETAIL
TXN103263,500.0,SUCCESS,REF-00003263,2026-07-25,Merchant_C,Processor_A,NGN,BANK_TRANSFER,RETAIL
TXN109594,2500.0,SUCCESS,REF-00009594,2026-07-07,Merchant_A,Processor_A,NGN,CARD,BUSINESS
TXN104852,25000.0,SUCCESS,REF-00004852,2026-07-31,Merchant_C,Processor_A,NGN,USSD,BUSINESS
TXN102553,100000.0,SUCCESS,REF-00002553,2026-07-12,Merchant_A,Processor_A,NGN,USSD,BUSINESS
TXN101739,7500.0,SUCCESS,REF-00001739,2026-07-01,Merchant_A,Processor_C,NGN,USSD,RETAIL
TXN100570,10000.0,SUCCESS,REF-00000570,2026-07-07,Merchant_B,Processor_C,NGN,BANK_TRANSFER,BUSINESS
TXN109868,100000.0,SUCCESS,REF-00009868,2026-07-02,Merchant_D,Processor_A,NGN,BANK_TRANSFER,RETAIL
TXN102845,5000.0,SUCCESS,REF-00002845,2026-07-31,Merchant_D,Processor_C,NGN,CARD,RETAIL
TXN104212,10000.0,SUCCESS,REF-00004212,2026-07-03,Merchant_C,Processor_B,NGN,BANK_TRANSFER,RETAIL
TXN109007,10000.0,SUCCESS,REF-00009007,2026-07-07,Merchant_D,Processor_A,NGN,CARD,BUSINESS
TXN102907,2500.0,SUCCESS,REF-00002907,2026-07-21,Merchant_D,Processor_C,NGN,CARD,RETAIL
TXN108883,5000.0,SUCCESS,REF-00008883,2026-07-07,Merchant_C,Processor_C,NGN,CARD,RETAIL
TXN109770,25000.0,SUCCESS,REF-00009770,2026-07-28,Merchant_B,Processor_B,NGN,USSD,BUSINESS
TXN101199,1500.0,FAILED,REF-00001199,2026-07-24,Merchant_D,Processor_C,NGN,MOBILE_MONEY,RETAIL
TXN103027,15000.0,SUCCESS,REF-00003027,2026-07-05,Merchant_E,Processor_B,NGN,USSD,RETAIL
TXN102143,5000.0,SUCCESS,REF-00002143,2026-07-10,Merchant_A,Processor_C,NGN,USSD,BUSINESS
TXN109729,1500.0,SUCCESS,REF-00009729,2026-07-26,Merchant_B,Processor_A,NGN,BANK_TRANSFER,RETAIL
TXN105924,2500.0,SUCCESS,REF-00005924,2026-07-07,Merchant_A,Processor_A,NGN,USSD,RETAIL
TXN105913,7500.0,SUCCESS,REF-00005913,2026-07-03,Merchant_B,Processor_A,NGN,CARD,BUSINESS
TXN104978,500.0,SUCCESS,REF-00004978,2026-07-23,Merchant_E,Processor_B,NGN,MOBILE_MONEY,RETAIL
TXN105907,25000.0,SUCCESS,REF-00005907,2026-07-07,Merchant_B,Processor_A,NGN,BANK_TRANSFER,RETAIL
TXN100981,25000.0,SUCCESS,REF-00000981,2026-07-02,Merchant_A,Processor_B,NGN,MOBILE_MONEY,BUSINESS
TXN101710,1500.0,SUCCESS,REF-00001710,2026-07-15,Merchant_E,Processor_A,NGN,BANK_TRANSFER,RETAIL
TXN108343,7500.0,SUCCESS,REF-00008343,2026-07-26,Merchant_C,Processor_B,NGN,USSD,RETAIL
TXN103133,10000.0,SUCCESS,REF-00003133,2026-07-02,Merchant_D,Processor_C,NGN,USSD,RETAIL
TXN103688,1000.0,SUCCESS,REF-00003688,2026-07-11,Merchant_E,Processor_A,NGN,USSD,RETAIL
TXN100350,10000.0,SUCCESS,REF-00000350,2026-07-23,Merchant_B,Processor_A,NGN,USSD,BUSINESS
TXN107081,25000.0,SUCCESS,REF-00007081,2026-07-21,Merchant_D,Processor_A,NGN,BANK_TRANSFER,BUSINESS
TXN100147,10000.0,SUCCESS,REF-00000147,2026-07-03,Merchant_A,Processor_C,NGN,BANK_TRANSFER,BUSINESS
TXN106957,15000.0,SUCCESS,REF-00006957,2026-07-07,Merchant_A,Processor_A,NGN,CARD,BUSINESS
TXN100358,100000.0,SUCCESS,REF-00000358,2026-07-26,Merchant_A,Processor_B,NGN,BANK_TRANSFER,BUSINESS
TXN102438,10000.0,SUCCESS,REF-00002438,2026-07-21,Merchant_A,Processor_C,NGN,BANK_TRANSFER,RETAIL
TXN107871,500.0,REFUNDED,REF-00007871,2026-07-10,Merchant_A,Processor_A,NGN,USSD,RETAIL
TXN105542,50000.0,SUCCESS,REF-00005542,2026-07-24,Merchant_C,Processor_C,NGN,CARD,RETAIL
TXN100862,10000.0,SUCCESS,REF-00000862,2026-07-19,Merchant_C,Processor_C,NGN,MOBILE_MONEY,RETAIL
TXN106306,5000.0,SUCCESS,REF-00006306,2026-07-29,Merchant_B,Processor_C,NGN,BANK_TRANSFER,BUSINESS
TXN107264,50000.0,FAILED,REF-00007264,2026-07-30,Merchant_D,Processor_A,NGN,MOBILE_MONEY,RETAIL
TXN101527,5000.0,SUCCESS,REF-00001527,2026-07-12,Merchant_A,Processor_A,NGN,USSD,BUSINESS
TXN108038,5000.0,SUCCESS,REF-00008038,2026-07-03,Merchant_C,Processor_C,NGN,USSD,RETAIL
TXN102523,5000.0,SUCCESS,REF-00002523,2026-07-08,Merchant_A,Processor_B,NGN,MOBILE_MONEY,BUSINESS
TXN109395,500.0,SUCCESS,REF-00009395,2026-07-23,Merchant_D,Processor_C,NGN,MOBILE_MONEY,RETAIL
TXN100780,25000.0,REFUNDED,REF-00000780,2026-07-09,Merchant_D,Processor_B,NGN,CARD,BUSINESS
TXN100130,7500.0,REFUNDED,REF-00000130,2026-07-29,Merchant_D,Processor_B,NGN,BANK_TRANSFER,BUSINESS
TXN105826,15000.0,SUCCESS,REF-00005826,2026-07-20,Merchant_B,Processor_B,NGN,BANK_TRANSFER,BUSINESS
TXN109928,50000.0,FAILED,REF-00009928,2026-07-26,Merchant_B,Processor_C,NGN,BANK_TRANSFER,RETAIL
TXN101533,5000.0,SUCCESS,REF-00001533,2026-07-25,Merchant_B,Processor_C,NGN,BANK_TRANSFER,RETAIL
TXN104679,15000.0,SUCCESS,REF-00004679,2026-07-11,Merchant_D,Processor_A,NGN,CARD,BUSINESS
TXN100269,5000.0,SUCCESS,REF-00000269,2026-07-17,Merchant_A,Processor_A,NGN,USSD,BUSINESS
TXN102311,100000.0,SUCCESS,REF-00002311,2026-07-27,Merchant_E,Processor_B,NGN,MOBILE_MONEY,RETAIL
TXN106663,25000.0,SUCCESS,REF-00006663,2026-07-19,Merchant_A,Processor_C,NGN,USSD,BUSINESS
TXN106496,5000.0,SUCCESS,REF-00006496,2026-07-16,Merchant_B,Processor_B,NGN,CARD,RETAIL
TXN105251,250000.0,SUCCESS,REF-00005251,2026-07-26,Merchant_A,Processor_B,NGN,BANK_TRANSFER,BUSINESS
TXN107183,25000.0,SUCCESS,REF-00007183,2026-07-26,Merchant_A,Processor_C,NGN,USSD,RETAIL
TXN101911,100000.0,SUCCESS,REF-00001911,2026-07-03,Merchant_B,Processor_A,NGN,BANK_TRANSFER,BUSINESS
TXN105729,100000.0,SUCCESS,REF-00005729,2026-07-29,Merchant_D,Processor_C,NGN,MOBILE_MONEY,BUSINESS
TXN102063,7500.0,SUCCESS,REF-00002063,2026-07-30,Merchant_D,Processor_C,NGN,USSD,BUSINESS
TXN108844,500.0,SUCCESS,REF-00008844,2026-07-24,Merchant_E,Processor_C,NGN,BANK_TRANSFER,BUSINESS
TXN101789,10000.0,SUCCESS,REF-00001789,2026-07-14,Merchant_B,Processor_B,NGN,CARD,RETAIL
TXN104389,1000.0,SUCCESS,REF-00004389,2026-07-19,Merchant_B,Processor_C,NGN,MOBILE_MONEY,RETAIL
TXN107963,7500.0,SUCCESS,REF-00007963,2026-07-04,Merchant_E,Processor_B,NGN,BANK_TRANSFER,RETAIL
TXN102824,5000.0,FAILED,REF-00002824,2026-07-14,Merchant_A,Processor_B,NGN,BANK_TRANSFER,RETAIL
TXN102906,250000.0,SUCCESS,REF-00002906,2026-07-28,Merchant_C,Processor_B,NGN,CARD,BUSINESS
TXN107484,7500.0,SUCCESS,REF-00007484,2026-07-15,Merchant_D,Processor_B,NGN,MOBILE_MONEY,RETAIL
TXN107400,1000.0,SUCCESS,REF-00007400,2026-07-06,Merchant_B,Processor_B,NGN,CARD,RETAIL
TXN107794,25000.0,FAILED,REF-00007794,2026-07-04,Merchant_B,Processor_C,NGN,MOBILE_MONEY,RETAIL
TXN109241,25000.0,SUCCESS,REF-00009241,2026-07-27,Merchant_B,Processor_B,NGN,BANK_TRANSFER,BUSINESS
TXN102233,50000.0,SUCCESS,REF-00002233,2026-07-25,Merchant_C,Processor_A,NGN,BANK_TRANSFER,RETAIL
TXN102939,1000.0,SUCCESS,REF-00002939,2026-07-25,Merchant_A,Processor_B,NGN,MOBILE_MONEY,RETAIL
TXN101074,250000.0,SUCCESS,REF-00001074,2026-07-05,Merchant_C,Processor_B,NGN,BANK_TRANSFER,RETAIL
TXN103869,1000.0,SUCCESS,REF-00003869,2026-07-28,Merchant_B,Processor_A,NGN,USSD,RETAIL
TXN104748,7500.0,SUCCESS,REF-00004748,2026-07-12,Merchant_E,Processor_B,NGN,BANK_TRANSFER,BUSINESS
TXN109618,25000.0,SUCCESS,REF-00009618,2026-07-17,Merchant_B,Processor_B,NGN,MOBILE_MONEY,RETAIL
TXN107186,15000.0,SUCCESS,REF-00007186,2026-07-14,Merchant_E,Processor_B,NGN,USSD,BUSINESS
TXN102291,5000.0,SUCCESS,REF-00002291,2026-07-30,Merchant_C,Processor_C,NGN,MOBILE_MONEY,RETAIL
TXN101186,15000.0,SUCCESS,REF-00001186,2026-07-29,Merchant_D,Processor_A,NGN,USSD,BUSINESS
TXN108255,50000.0,SUCCESS,REF-00008255,2026-07-22,Merchant_B,Processor_A,NGN,USSD,BUSINESS
TXN109669,25000.0,SUCCESS,REF-00009669,2026-07-12,Merchant_C,Processor_B,NGN,CARD,RETAIL
TXN103594,10000.0,SUCCESS,REF-00003594,2026-07-08,Merchant_D,Processor_B,NGN,CARD,RETAIL
TXN109841,250000.0,SUCCESS,REF-00009841,2026-07-10,Merchant_D,Processor_B,NGN,USSD,RETAIL
TXN104724,2500.0,FAILED,REF-00004724,2026-07-05,Merchant_E,Processor_B,NGN,USSD,BUSINESS
TXN105255,10000.0,FAILED,REF-00005255,2026-07-30,Merchant_B,Processor_A,NGN,USSD,BUSINESS
TXN108922,15000.0,SUCCESS,REF-00008922,2026-07-17,Merchant_D,Processor_B,NGN,CARD,RETAIL
TXN102542,50000.0,FAILED,REF-00002542,2026-07-03,Merchant_A,Processor_A,NGN,CARD,BUSINESS
TXN105512,50000.0,FAILED,REF-00005512,2026-07-17,Merchant_C,Processor_B,NGN,CARD,RETAIL
TXN100639,5000.0,SUCCESS,REF-00000639,2026-07-15,Merchant_D,Processor_C,NGN,USSD,RETAIL
TXN103553,10000.0,SUCCESS,REF-00003553,2026-07-10,Merchant_C,Processor_A,NGN,USSD,RETAIL
TXN105476,5000.0,SUCCESS,REF-00005476,2026-07-27,Merchant_B,Processor_B,NGN,MOBILE_MONEY,RETAIL
TXN103440,5000.0,SUCCESS,REF-00003440,2026-07-09,Merchant_A,Processor_B,NGN,BANK_TRANSFER,RETAIL
TXN103142,10000.0,SUCCESS,REF-00003142,2026-07-22,Merchant_B,Processor_A,NGN,BANK_TRANSFER,BUSINESS
TXN104803,2500.0,SUCCESS,REF-00004803,2026-07-17,Merchant_B,Processor_A,NGN,CARD,BUSINESS
TXN101006,25000.0,SUCCESS,REF-00001006,2026-07-13,Merchant_B,Processor_C,NGN,CARD,RETAIL
TXN106766,250000.0,SUCCESS,REF-00006766,2026-07-13,Merchant_D,Processor_C,NGN,BANK_TRANSFER,BUSINESS
TXN109754,2500.0,REFUNDED,REF-00009754,2026-07-10,Merchant_C,Processor_A,NGN,CARD,BUSINESS
TXN100749,15000.0,SUCCESS,REF-00000749,2026-07-04,Merchant_A,Processor_B,NGN,USSD,BUSINESS
TXN108718,100000.0,SUCCESS,REF-00008718,2026-07-29,Merchant_B,Processor_B,NGN,BANK_TRANSFER,RETAIL
TXN104362,25000.0,SUCCESS,REF-00004362,2026-07-02,Merchant_E,Processor_A,NGN,USSD,RETAIL
TXN104331,1500.0,SUCCESS,REF-00004331,2026-07-31,Merchant_A,Processor_C,NGN,BANK_TRANSFER,RETAIL
TXN106679,10000.0,SUCCESS,REF-00006679,2026-07-27,Merchant_B,Processor_A,NGN,BANK_TRANSFER,BUSINESS
TXN105449,1500.0,SUCCESS,REF-00005449,2026-07-27,Merchant_B,Processor_B,NGN,CARD,BUSINESS
TXN103671,1000.0,SUCCESS,REF-00003671,2026-07-09,Merchant_E,Processor_C,NGN,USSD,RETAIL
TXN105176,100000.0,SUCCESS,REF-00005176,2026-07-22,Merchant_C,Processor_A,NGN,USSD,BUSINESS
TXN108774,100000.0,SUCCESS,REF-00008774,2026-07-29,Merchant_A,Processor_B,NGN,MOBILE_MONEY,BUSINESS
TXN102727,2500.0,SUCCESS,REF-00002727,2026-07-12,Merchant_B,Processor_B,NGN,USSD,RETAIL
TXN106535,2500.0,SUCCESS,REF-00006535,2026-07-23,Merchant_A,Processor_C,NGN,USSD,BUSINESS
TXN107412,2500.0,SUCCESS,REF-00007412,2026-07-15,Merchant_E,Processor_C,NGN,CARD,BUSINESS
TXN102559,10000.0,SUCCESS,REF-00002559,2026-07-19,Merchant_B,Processor_A,NGN,MOBILE_MONEY,BUSINESS
TXN105097,2500.0,SUCCESS,REF-00005097,2026-07-10,Merchant_D,Processor_C,NGN,USSD,RETAIL
TXN106331,25000.0,SUCCESS,REF-00006331,2026-07-15,Merchant_D,Processor_B,NGN,CARD,RETAIL
TXN104489,10000.0,SUCCESS,REF-00004489,2026-07-19,Merchant_B,Processor_C,NGN,BANK_TRANSFER,BUSINESS
TXN103929,1500.0,SUCCESS,REF-00003929,2026-07-24,Merchant_D,Processor_A,NGN,USSD,BUSINESS
TXN106556,5000.0,SUCCESS,REF-00006556,2026-07-05,Merchant_B,Processor_C,NGN,CARD,BUSINESS
TXN100267,25000.0,SUCCESS,REF-00000267,2026-07-17,Merchant_D,Processor_B,NGN,BANK_TRANSFER,BUSINESS
TXN106346,5000.0,SUCCESS,REF-00006346,2026-07-25,Merchant_D,Processor_A,NGN,USSD,BUSINESS
TXN102076,2500.0,SUCCESS,REF-00002076,2026-07-16,Merchant_A,Processor_B,NGN,USSD,BUSINESS
TXN107382,250000.0,SUCCESS,REF-00007382,2026-07-10,Merchant_B,Processor_B,NGN,CARD,BUSINESS
TXN109557,10000.0,SUCCESS,REF-00009557,2026-07-31,Merchant_D,Processor_C,NGN,BANK_TRANSFER,BUSINESS
TXN102671,7500.0,SUCCESS,REF-00002671,2026-07-25,Merchant_B,Processor_A,NGN,BANK_TRANSFER,RETAIL
TXN101349,1000.0,SUCCESS,REF-00001349,2026-07-04,Merchant_E,Processor_A,NGN,BANK_TRANSFER,RETAIL
TXN107881,7500.0,SUCCESS,REF-00007881,2026-07-30,Merchant_B,Processor_C,NGN,BANK_TRANSFER,BUSINESS
TXN103563,7500.0,SUCCESS,REF-00003563,2026-07-14,Merchant_B,Processor_B,NGN,USSD,BUSINESS
TXN107403,7500.0,SUCCESS,REF-00007403,2026-07-14,Merchant_B,Processor_B,NGN,BANK_TRANSFER,BUSINESS
TXN105789,2500.0,REFUNDED,REF-00005789,2026-07-16,Merchant_C,Processor_A,NGN,CARD,RETAIL
TXN106273,10000.0,SUCCESS,REF-00006273,2026-07-28,Merchant_D,Processor_A,NGN,CARD,BUSINESS
TXN100473,100000.0,SUCCESS,REF-00000473,2026-07-21,Merchant_E,Processor_A,NGN,USSD,BUSINESS
TXN108709,25000.0,SUCCESS,REF-00008709,2026-07-09,Merchant_D,Processor_A,NGN,CARD,BUSINESS
TXN109468,10000.0,SUCCESS,REF-00009468,2026-07-09,Merchant_B,Processor_C,NGN,MOBILE_MONEY,RETAIL
TXN108302,25000.0,SUCCESS,REF-00008302,2026-07-18,Merchant_D,Processor_B,NGN,USSD,RETAIL
TXN103508,50000.0,SUCCESS,REF-00003508,2026-07-22,Merchant_C,Processor_A,NGN,MOBILE_MONEY,BUSINESS
TXN100324,250000.0,SUCCESS,REF-00000324,2026-07-29,Merchant_D,Processor_A,NGN,BANK_TRANSFER,BUSINESS
TXN103555,15000.0,SUCCESS,REF-00003555,2026-07-17,Merchant_A,Processor_C,NGN,MOBILE_MONEY,BUSINESS
TXN104575,5000.0,SUCCESS,REF-00004575,2026-07-12,Merchant_C,Processor_C,NGN,USSD,RETAIL
TXN108668,2500.0,REFUNDED,REF-00008668,2026-07-21,Merchant_A,Processor_B,NGN,BANK_TRANSFER,RETAIL
TXN101957,7500.0,REFUNDED,REF-00001957,2026-07-09,Merchant_E,Processor_C,NGN,CARD,BUSINESS
TXN104644,25000.0,SUCCESS,REF-00004644,2026-07-29,Merchant_E,Processor_B,NGN,USSD,BUSINESS
TXN106382,500.0,SUCCESS,REF-00006382,2026-07-04,Merchant_A,Processor_B,NGN,BANK_TRANSFER,RETAIL
TXN109002,25000.0,SUCCESS,REF-00009002,2026-07-27,Merchant_A,Processor_A,NGN,USSD,RETAIL
TXN101233,500.0,SUCCESS,REF-00001233,2026-07-10,Merchant_B,Processor_B,NGN,BANK_TRANSFER,RETAIL
TXN104079,2500.0,SUCCESS,REF-00004079,2026-07-18,Merchant_D,Processor_C,NGN,USSD,BUSINESS
TXN105056,7500.0,SUCCESS,REF-00005056,2026-07-09,Merchant_E,Processor_C,NGN,USSD,RETAIL
TXN106821,10000.0,SUCCESS,REF-00006821,2026-07-05,Merchant_A,Processor_A,NGN,USSD,RETAIL
TXN104795,5000.0,SUCCESS,REF-00004795,2026-07-12,Merchant_E,Processor_A,NGN,USSD,RETAIL
TXN107665,5000.0,SUCCESS,REF-00007665,2026-07-25,Merchant_B,Processor_B,NGN,MOBILE_MONEY,BUSINESS
TXN106187,5000.0,FAILED,REF-00006187,2026-07-04,Merchant_A,Processor_B,NGN,BANK_TRANSFER,BUSINESS
TXN103616,10000.0,SUCCESS,REF-00003616,2026-07-27,Merchant_E,Processor_C,NGN,BANK_TRANSFER,BUSINESS
TXN101797,1000.0,SUCCESS,REF-00001797,2026-07-22,Merchant_E,Processor_A,NGN,USSD,RETAIL
TXN106982,100000.0,REFUNDED,REF-00006982,2026-07-30,Merchant_A,Processor_B,NGN,USSD,RETAIL
TXN101506,10000.0,FAILED,REF-00001506,2026-07-19,Merchant_A,Processor_B,NGN,CARD,BUSINESS
TXN109178,10000.0,SUCCESS,REF-00009178,2026-07-30,Merchant_A,Processor_A,NGN,BANK_TRANSFER,RETAIL
TXN108267,5000.0,SUCCESS,REF-00008267,2026-07-06,Merchant_D,Processor_B,NGN,MOBILE_MONEY,BUSINESS
TXN104405,15000.0,SUCCESS,REF-00004405,2026-07-27,Merchant_E,Processor_A,NGN,BANK_TRANSFER,RETAIL
TXN101746,500.0,SUCCESS,REF-00001746,2026-07-04,Merchant_C,Processor_B,NGN,BANK_TRANSFER,BUSINESS
TXN106709,100000.0,SUCCESS,REF-00006709,2026-07-15,Merchant_A,Processor_B,NGN,BANK_TRANSFER,BUSINESS
TXN105539,7500.0,SUCCESS,REF-00005539,2026-07-17,Merchant_C,Processor_A,NGN,CARD,BUSINESS
TXN102930,15000.0,SUCCESS,REF-00002930,2026-07-21,Merchant_E,Processor_B,NGN,MOBILE_MONEY,RETAIL
TXN107388,5000.0,SUCCESS,REF-00007388,2026-07-03,Merchant_C,Processor_C,NGN,USSD,BUSINESS
TXN102309,5000.0,SUCCESS,REF-00002309,2026-07-26,Merchant_D,Processor_C,NGN,MOBILE_MONEY,BUSINESS
TXN101499,50000.0,REFUNDED,REF-00001499,2026-07-15,Merchant_D,Processor_C,NGN,USSD,RETAIL
TXN106278,50000.0,SUCCESS,REF-00006278,2026-07-09,Merchant_E,Processor_C,NGN,USSD,RETAIL
TXN109473,2500.0,SUCCESS,REF-00009473,2026-07-24,Merchant_E,Processor_A,NGN,MOBILE_MONEY,RETAIL
TXN103180,1000.0,SUCCESS,REF-00003180,2026-07-01,Merchant_E,Processor_A,NGN,CARD,RETAIL
TXN105142,10000.0,SUCCESS,REF-00005142,2026-07-05,Merchant_C,Processor_C,NGN,CARD,BUSINESS
TXN103338,15000.0,SUCCESS,REF-00003338,2026-07-14,Merchant_C,Processor_C,NGN,USSD,BUSINESS
TXN104285,15000.0,SUCCESS,REF-00004285,2026-07-31,Merchant_B,Processor_A,NGN,CARD,BUSINESS
TXN108556,1000.0,SUCCESS,REF-00008556,2026-07-24,Merchant_C,Processor_C,NGN,CARD,RETAIL
TXN108580,2500.0,SUCCESS,REF-00008580,2026-07-15,Merchant_A,Processor_B,NGN,CARD,BUSINESS
TXN101872,10000.0,SUCCESS,REF-00001872,2026-07-02,Merchant_B,Processor_A,NGN,CARD,RETAIL
TXN106642,10000.0,SUCCESS,REF-00006642,2026-07-19,Merchant_A,Processor_C,NGN,USSD,BUSINESS
TXN103181,5000.0,SUCCESS,REF-00003181,2026-07-25,Merchant_D,Processor_A,NGN,CARD,RETAIL
TXN104412,15000.0,SUCCESS,REF-00004412,2026-07-06,Merchant_A,Processor_C,NGN,MOBILE_MONEY,RETAIL
TXN108105,15000.0,SUCCESS,REF-00008105,2026-07-06,Merchant_B,Processor_B,NGN,MOBILE_MONEY,RETAIL
TXN102292,2500.0,REFUNDED,REF-00002292,2026-07-05,Merchant_C,Processor_B,NGN,USSD,RETAIL
TXN105964,10000.0,SUCCESS,REF-00005964,2026-07-25,Merchant_E,Processor_B,NGN,BANK_TRANSFER,RETAIL
TXN107806,25000.0,SUCCESS,REF-00007806,2026-07-10,Merchant_C,Processor_B,NGN,CARD,BUSINESS
TXN106908,50000.0,FAILED,REF-00006908,2026-07-23,Merchant_D,Processor_B,NGN,MOBILE_MONEY,RETAIL
TXN103317,500.0,SUCCESS,REF-00003317,2026-07-19,Merchant_B,Processor_B,NGN,BANK_TRANSFER,RETAIL
TXN103974,5000.0,SUCCESS,REF-00003974,2026-07-16,Merchant_E,Processor_A,NGN,MOBILE_MONEY,BUSINESS
TXN108583,2500.0,SUCCESS,REF-00008583,2026-07-11,Merchant_D,Processor_B,NGN,MOBILE_MONEY,RETAIL
TXN105330,2500.0,SUCCESS,REF-00005330,2026-07-11,Merchant_A,Processor_B,NGN,BANK_TRANSFER,BUSINESS
TXN101495,15000.0,SUCCESS,REF-00001495,2026-07-29,Merchant_C,Processor_C,NGN,CARD,BUSINESS
TXN104110,10000.0,SUCCESS,REF-00004110,2026-07-21,Merchant_B,Processor_C,NGN,USSD,RETAIL
TXN105002,50000.0,SUCCESS,REF-00005002,2026-07-30,Merchant_E,Processor_C,NGN,USSD,BUSINESS
TXN100624,15000.0,REFUNDED,REF-00000624,2026-07-22,Merchant_A,Processor_A,NGN,USSD,RETAIL
TXN104501,10000.0,FAILED,REF-00004501,2026-07-26,Merchant_E,Processor_C,NGN,CARD,RETAIL
TXN109941,1000.0,SUCCESS,REF-00009941,2026-07-05,Merchant_D,Processor_A,NGN,CARD,RETAIL
TXN104283,1000.0,SUCCESS,REF-00004283,2026-07-07,Merchant_E,Processor_A,NGN,MOBILE_MONEY,BUSINESS
TXN103382,500.0,SUCCESS,REF-00003382,2026-07-27,Merchant_E,Processor_B,NGN,USSD,RETAIL
TXN102963,250000.0,SUCCESS,REF-00002963,2026-07-16,Merchant_B,Processor_A,NGN,USSD,BUSINESS
TXN103868,15000.0,SUCCESS,REF-00003868,2026-07-22,Merchant_B,Processor_A,NGN,MOBILE_MONEY,RETAIL
TXN109823,2500.0,SUCCESS,REF-00009823,2026-07-24,Merchant_C,Processor_B,NGN,MOBILE_MONEY,RETAIL
TXN100641,5000.0,FAILED,REF-00000641,2026-07-30,Merchant_E,Processor_B,NGN,BANK_TRANSFER,RETAIL
TXN102891,25000.0,SUCCESS,REF-00002891,2026-07-03,Merchant_C,Processor_B,NGN,BANK_TRANSFER,RETAIL
TXN100052,100000.0,FAILED,REF-00000052,2026-07-23,Merchant_C,Processor_B,NGN,CARD,BUSINESS
TXN107953,1000.0,SUCCESS,REF-00007953,2026-07-05,Merchant_B,Processor_C,NGN,USSD,RETAIL
TXN101385,5000.0,SUCCESS,REF-00001385,2026-07-12,Merchant_A,Processor_B,NGN,MOBILE_MONEY,RETAIL
TXN104650,1000.0,SUCCESS,REF-00004650,2026-07-11,Merchant_E,Processor_B,NGN,USSD,RETAIL
TXN104682,100000.0,SUCCESS,REF-00004682,2026-07-26,Merchant_E,Processor_C,NGN,CARD,RETAIL
TXN103984,50000.0,REFUNDED,REF-00003984,2026-07-22,Merchant_E,Processor_A,NGN,USSD,RETAIL
TXN106655,7500.0,SUCCESS,REF-00006655,2026-07-14,Merchant_C,Processor_A,NGN,MOBILE_MONEY,RETAIL
TXN109633,15000.0,SUCCESS,REF-00009633,2026-07-04,Merchant_B,Processor_A,NGN,MOBILE_MONEY,BUSINESS
TXN100063,5000.0,SUCCESS,REF-00000063,2026-07-04,Merchant_B,Processor_C,NGN,MOBILE_MONEY,BUSINESS
TXN106726,5000.0,SUCCESS,REF-00006726,2026-07-20,Merchant_B,Processor_C,NGN,CARD,BUSINESS
TXN108569,5000.0,SUCCESS,REF-00008569,2026-07-02,Merchant_E,Processor_C,NGN,MOBILE_MONEY,RETAIL
TXN104985,1500.0,SUCCESS,REF-00004985,2026-07-01,Merchant_C,Processor_B,NGN,BANK_TRANSFER,RETAIL
TXN101082,7500.0,SUCCESS,REF-00001082,2026-07-28,Merchant_A,Processor_C,NGN,MOBILE_MONEY,RETAIL
TXN104108,100000.0,SUCCESS,REF-00004108,2026-07-23,Merchant_B,Processor_A,NGN,USSD,BUSINESS
TXN103141,100000.0,SUCCESS,REF-00003141,2026-07-08,Merchant_D,Processor_C,NGN,MOBILE_MONEY,BUSINESS
TXN101055,5000.0,SUCCESS,REF-00001055,2026-07-22,Merchant_D,Processor_C,NGN,MOBILE_MONEY,RETAIL
TXN104904,100000.0,SUCCESS,REF-00004904,2026-07-07,Merchant_D,Processor_B,NGN,USSD,BUSINESS
TXN108767,1500.0,SUCCESS,REF-00008767,2026-07-16,Merchant_E,Processor_A,NGN,CARD,BUSINESS
TXN109964,10000.0,SUCCESS,REF-00009964,2026-07-20,Merchant_A,Processor_A,NGN,CARD,RETAIL
TXN107614,2500.0,SUCCESS,REF-00007614,2026-07-13,Merchant_A,Processor_C,NGN,CARD,RETAIL
TXN100401,100000.0,SUCCESS,REF-00000401,2026-07-29,Merchant_D,Processor_B,NGN,CARD,BUSINESS
TXN103811,7500.0,SUCCESS,REF-00003811,2026-07-17,Merchant_E,Processor_B,NGN,MOBILE_MONEY,BUSINESS
TXN101014,25000.0,SUCCESS,REF-00001014,2026-07-16,Merchant_C,Processor_C,NGN,MOBILE_MONEY,RETAIL
TXN104423,25000.0,SUCCESS,REF-00004423,2026-07-19,Merchant_C,Processor_C,NGN,BANK_TRANSFER,BUSINESS
TXN106103,100000.0,SUCCESS,REF-00006103,2026-07-21,Merchant_A,Processor_B,NGN,CARD,BUSINESS
TXN100838,10000.0,SUCCESS,REF-00000838,2026-07-27,Merchant_D,Processor_C,NGN,USSD,RETAIL
TXN102163,50000.0,SUCCESS,REF-00002163,2026-07-11,Merchant_A,Processor_B,NGN,USSD,RETAIL
TXN102221,10000.0,SUCCESS,REF-00002221,2026-07-19,Merchant_D,Processor_A,NGN,USSD,BUSINESS
TXN100723,25000.0,FAILED,REF-00000723,2026-07-02,Merchant_E,Processor_A,NGN,USSD,BUSINESS
TXN104975,7500.0,SUCCESS,REF-00004975,2026-07-14,Merchant_A,Processor_C,NGN,BANK_TRANSFER,RETAIL
TXN104273,10000.0,SUCCESS,REF-00004273,2026-07-19,Merchant_C,Processor_C,NGN,BANK_TRANSFER,RETAIL
TXN106894,10000.0,SUCCESS,REF-00006894,2026-07-22,Merchant_A,Processor_C,NGN,BANK_TRANSFER,RETAIL
TXN105776,15000.0,FAILED,REF-00005776,2026-07-27,Merchant_E,Processor_A,NGN,CARD,BUSINESS
TXN103603,5000.0,SUCCESS,REF-00003603,2026-07-22,Merchant_A,Processor_A,NGN,MOBILE_MONEY,BUSINESS
TXN102173,50000.0,REFUNDED,REF-00002173,2026-07-02,Merchant_C,Processor_C,NGN,USSD,RETAIL
TXN101165,50000.0,SUCCESS,REF-00001165,2026-07-12,Merchant_A,Processor_C,NGN,USSD,BUSINESS
TXN101070,5000.0,SUCCESS,REF-00001070,2026-07-31,Merchant_D,Processor_B,NGN,BANK_TRANSFER,BUSINESS
TXN106398,7500.0,SUCCESS,REF-00006398,2026-07-10,Merchant_D,Processor_A,NGN,CARD,RETAIL
TXN104547,15000.0,SUCCESS,REF-00004547,2026-07-19,Merchant_B,Processor_B,NGN,BANK_TRANSFER,BUSINESS
TXN108309,10000.0,SUCCESS,REF-00008309,2026-07-27,Merchant_C,Processor_B,NGN,USSD,BUSINESS
TXN107750,1500.0,SUCCESS,REF-00007750,2026-07-16,Merchant_A,Processor_A,NGN,USSD,BUSINESS
TXN109061,50000.0,SUCCESS,REF-00009061,2026-07-03,Merchant_E,Processor_C,NGN,BANK_TRANSFER,BUSINESS
TXN100541,15000.0,SUCCESS,REF-00000541,2026-07-23,Merchant_A,Processor_C,NGN,USSD,RETAIL
TXN106974,10000.0,SUCCESS,REF-00006974,2026-07-02,Merchant_C,Processor_C,NGN,MOBILE_MONEY,BUSINESS
TXN100951,15000.0,SUCCESS,REF-00000951,2026-07-26,Merchant_D,Processor_A,NGN,MOBILE_MONEY,RETAIL
TXN104960,10000.0,SUCCESS,REF-00004960,2026-07-06,Merchant_C,Processor_A,NGN,BANK_TRANSFER,BUSINESS
TXN103765,5000.0,SUCCESS,REF-00003765,2026-07-04,Merchant_E,Processor_A,NGN,MOBILE_MONEY,BUSINESS
TXN109213,7500.0,SUCCESS,REF-00009213,2026-07-10,Merchant_A,Processor_A,NGN,MOBILE_MONEY,RETAIL
TXN106800,1000.0,SUCCESS,REF-00006800,2026-07-17,Merchant_B,Processor_A,NGN,BANK_TRANSFER,BUSINESS
TXN103592,10000.0,FAILED,REF-00003592,2026-07-21,Merchant_D,Processor_A,NGN,BANK_TRANSFER,BUSINESS
TXN102599,1500.0,SUCCESS,REF-00002599,2026-07-24,Merchant_E,Processor_A,NGN,BANK_TRANSFER,BUSINESS
TXN107774,5000.0,REFUNDED,REF-00007774,2026-07-19,Merchant_E,Processor_A,NGN,MOBILE_MONEY,BUSINESS
TXN101142,15000.0,SUCCESS,REF-00001142,2026-07-24,Merchant_C,Processor_B,NGN,USSD,BUSINESS
TXN102322,15000.0,SUCCESS,REF-00002322,2026-07-29,Merchant_E,Processor_C,NGN,CARD,BUSINESS
TXN104494,25000.0,SUCCESS,REF-00004494,2026-07-21,Merchant_B,Processor_B,NGN,USSD,BUSINESS
TXN102795,15000.0,REFUNDED,REF-00002795,2026-07-22,Merchant_D,Processor_B,NGN,BANK_TRANSFER,RETAIL
TXN100133,5000.0,SUCCESS,REF-00000133,2026-07-01,Merchant_C,Processor_C,NGN,USSD,RETAIL
TXN100919,1500.0,SUCCESS,REF-00000919,2026-07-25,Merchant_E,Processor_B,NGN,CARD,RETAIL
TXN103062,15000.0,SUCCESS,REF-00003062,2026-07-10,Merchant_A,Processor_C,NGN,USSD,BUSINESS
TXN108561,100000.0,SUCCESS,REF-00008561,2026-07-13,Merchant_D,Processor_A,NGN,BANK_TRANSFER,RETAIL
TXN105256,1000.0,SUCCESS,REF-00005256,2026-07-12,Merchant_B,Processor_A,NGN,CARD,BUSINESS
TXN104829,10000.0,SUCCESS,REF-00004829,2026-07-23,Merchant_A,Processor_B,NGN,MOBILE_MONEY,BUSINESS
TXN104991,10000.0,SUCCESS,REF-00004991,2026-07-21,Merchant_E,Processor_A,NGN,USSD,RETAIL
TXN102747,1500.0,SUCCESS,REF-00002747,2026-07-05,Merchant_D,Processor_C,NGN,MOBILE_MONEY,BUSINESS
TXN101697,1500.0,FAILED,REF-00001697,2026-07-08,Merchant_C,Processor_C,NGN,MOBILE_MONEY,RETAIL
TXN101396,7500.0,SUCCESS,REF-00001396,2026-07-01,Merchant_C,Processor_A,NGN,CARD,RETAIL
TXN104307,15000.0,SUCCESS,REF-00004307,2026-07-20,Merchant_D,Processor_A,NGN,MOBILE_MONEY,RETAIL
TXN104640,100000.0,SUCCESS,REF-00004640,2026-07-01,Merchant_D,Processor_C,NGN,MOBILE_MONEY,RETAIL
TXN109538,500.0,SUCCESS,REF-00009538,2026-07-25,Merchant_A,Processor_A,NGN,USSD,BUSINESS
TXN107234,5000.0,SUCCESS,REF-00007234,2026-07-05,Merchant_C,Processor_B,NGN,CARD,RETAIL
TXN108593,100000.0,SUCCESS,REF-00008593,2026-07-12,Merchant_B,Processor_B,NGN,BANK_TRANSFER,RETAIL
TXN104621,25000.0,SUCCESS,REF-00004621,2026-07-16,Merchant_A,Processor_B,NGN,BANK_TRANSFER,BUSINESS
TXN105912,25000.0,SUCCESS,REF-00005912,2026-07-25,Merchant_E,Processor_B,NGN,CARD,RETAIL
TXN100630,25000.0,SUCCESS,REF-00000630,2026-07-16,Merchant_C,Processor_B,NGN,MOBILE_MONEY,BUSINESS
TXN101201,500.0,SUCCESS,REF-00001201,2026-07-14,Merchant_E,Processor_A,NGN,USSD,RETAIL
TXN103256,25000.0,SUCCESS,REF-00003256,2026-07-02,Merchant_B,Processor_B,NGN,MOBILE_MONEY,RETAIL
TXN102991,50000.0,SUCCESS,REF-00002991,2026-07-04,Merchant_A,Processor_A,NGN,BANK_TRANSFER,BUSINESS
TXN104406,100000.0,SUCCESS,REF-00004406,2026-07-23,Merchant_D,Processor_C,NGN,USSD,RETAIL
TXN105107,1000.0,SUCCESS,REF-00005107,2026-07-12,Merchant_C,Processor_B,NGN,CARD,RETAIL
TXN105168,2500.0,SUCCESS,REF-00005168,2026-07-03,Merchant_C,Processor_C,NGN,MOBILE_MONEY,BUSINESS
TXN108980,25000.0,SUCCESS,REF-00008980,2026-07-19,Merchant_C,Processor_B,NGN,MOBILE_MONEY,RETAIL
TXN100797,10000.0,SUCCESS,REF-00000797,2026-07-25,Merchant_C,Processor_C,NGN,USSD,RETAIL
TXN106667,25000.0,FAILED,REF-00006667,2026-07-04,Merchant_C,Processor_B,NGN,MOBILE_MONEY,BUSINESS
TXN105171,10000.0,SUCCESS,REF-00005171,2026-07-12,Merchant_C,Processor_A,NGN,CARD,RETAIL
TXN108973,1000.0,SUCCESS,REF-00008973,2026-07-21,Merchant_E,Processor_B,NGN,USSD,BUSINESS
TXN104021,2500.0,SUCCESS,REF-00004021,2026-07-26,Merchant_C,Processor_A,NGN,CARD,BUSINESS
TXN104665,25000.0,SUCCESS,REF-00004665,2026-07-12,Merchant_D,Processor_C,NGN,CARD,RETAIL
TXN104257,7500.0,FAILED,REF-00004257,2026-07-30,Merchant_C,Processor_B,NGN,CARD,BUSINESS
TXN103686,100000.0,SUCCESS,REF-00003686,2026-07-25,Merchant_B,Processor_A,NGN,CARD,RETAIL
TXN100578,10000.0,SUCCESS,REF-00000578,2026-07-23,Merchant_D,Processor_B,NGN,MOBILE_MONEY,BUSINESS
TXN104507,500.0,SUCCESS,REF-00004507,2026-07-25,Merchant_E,Processor_B,NGN,USSD,RETAIL
TXN107687,5000.0,SUCCESS,REF-00007687,2026-07-31,Merchant_A,Processor_B,NGN,MOBILE_MONEY,RETAIL
TXN105645,5000.0,FAILED,REF-00005645,2026-07-28,Merchant_E,Processor_C,NGN,BANK_TRANSFER,BUSINESS
TXN105791,15000.0,SUCCESS,REF-00005791,2026-07-08,Merchant_A,Processor_B,NGN,CARD,BUSINESS
TXN103433,7500.0,SUCCESS,REF-00003433,2026-07-10,Merchant_A,Processor_B,NGN,CARD,RETAIL
TXN102093,10000.0,SUCCESS,REF-00002093,2026-07-11,Merchant_B,Processor_C,NGN,BANK_TRANSFER,RETAIL
TXN108797,10000.0,FAILED,REF-00008797,2026-07-15,Merchant_E,Processor_B,NGN,BANK_TRANSFER,RETAIL
TXN108504,1500.0,SUCCESS,REF-00008504,2026-07-17,Merchant_D,Processor_B,NGN,CARD,RETAIL
TXN109059,2500.0,FAILED,REF-00009059,2026-07-08,Merchant_D,Processor_B,NGN,MOBILE_MONEY,BUSINESS
TXN100826,5000.0,SUCCESS,REF-00000826,2026-07-26,Merchant_A,Processor_A,NGN,MOBILE_MONEY,BUSINESS
TXN105244,25000.0,SUCCESS,REF-00005244,2026-07-05,Merchant_B,Processor_B,NGN,CARD,RETAIL
TXN100075,25000.0,SUCCESS,REF-00000075,2026-07-15,Merchant_A,Processor_C,NGN,USSD,RETAIL
TXN105976,1000.0,SUCCESS,REF-00005976,2026-07-04,Merchant_B,Processor_B,NGN,BANK_TRANSFER,RETAIL
TXN101674,50000.0,SUCCESS,REF-00001674,2026-07-06,Merchant_B,Processor_C,NGN,MOBILE_MONEY,BUSINESS
TXN104933,7500.0,SUCCESS,REF-00004933,2026-07-04,Merchant_A,Processor_B,NGN,USSD,RETAIL
TXN100931,50000.0,SUCCESS,REF-00000931,2026-07-03,Merchant_C,Processor_A,NGN,CARD,RETAIL
TXN106049,100000.0,SUCCESS,REF-00006049,2026-07-08,Merchant_A,Processor_B,NGN,CARD,BUSINESS
TXN105572,50000.0,SUCCESS,REF-00005572,2026-07-15,Merchant_A,Processor_A,NGN,MOBILE_MONEY,RETAIL
TXN102301,10000.0,SUCCESS,REF-00002301,2026-07-17,Merchant_E,Processor_A,NGN,MOBILE_MONEY,RETAIL
TXN105319,10000.0,SUCCESS,REF-00005319,2026-07-19,Merchant_B,Processor_A,NGN,CARD,BUSINESS
TXN107476,15000.0,SUCCESS,REF-00007476,2026-07-04,Merchant_C,Processor_C,NGN,MOBILE_MONEY,RETAIL
TXN109204,100000.0,SUCCESS,REF-00009204,2026-07-30,Merchant_C,Processor_C,NGN,MOBILE_MONEY,RETAIL
TXN105080,1000.0,SUCCESS,REF-00005080,2026-07-06,Merchant_E,Processor_C,NGN,MOBILE_MONEY,BUSINESS
TXN106333,10000.0,FAILED,REF-00006333,2026-07-21,Merchant_D,Processor_C,NGN,CARD,RETAIL
TXN106807,7500.0,REFUNDED,REF-00006807,2026-07-02,Merchant_B,Processor_C,NGN,BANK_TRANSFER,BUSINESS
TXN105441,2500.0,SUCCESS,REF-00005441,2026-07-30,Merchant_B,Processor_A,NGN,USSD,BUSINESS
TXN106019,1000.0,REFUNDED,REF-00006019,2026-07-09,Merchant_C,Processor_A,NGN,BANK_TRANSFER,BUSINESS
TXN103414,25000.0,FAILED,REF-00003414,2026-07-23,Merchant_E,Processor_C,NGN,CARD,RETAIL
TXN109607,10000.0,SUCCESS,REF-00009607,2026-07-31,Merchant_B,Processor_C,NGN,USSD,BUSINESS
TXN104963,25000.0,SUCCESS,REF-00004963,2026-07-02,Merchant_E,Processor_C,NGN,CARD,BUSINESS
TXN104477,5000.0,REFUNDED,REF-00004477,2026-07-13,Merchant_D,Processor_C,NGN,BANK_TRANSFER,RETAIL
TXN107808,2500.0,SUCCESS,REF-00007808,2026-07-31,Merchant_C,Processor_A,NGN,CARD,RETAIL
TXN101187,1000.0,SUCCESS,REF-00001187,2026-07-17,Merchant_C,Processor_B,NGN,MOBILE_MONEY,RETAIL
TXN100847,250000.0,FAILED,REF-00000847,2026-07-16,Merchant_A,Processor_A,NGN,MOBILE_MONEY,BUSINESS
TXN106922,2500.0,SUCCESS,REF-00006922,2026-07-31,Merchant_B,Processor_C,NGN,BANK_TRANSFER,RETAIL
TXN107558,10000.0,SUCCESS,REF-00007558,2026-07-06,Merchant_E,Processor_A,NGN,MOBILE_MONEY,RETAIL
TXN106466,10000.0,SUCCESS,REF-00006466,2026-07-26,Merchant_E,Processor_B,NGN,BANK_TRANSFER,BUSINESS
TXN100983,1000.0,SUCCESS,REF-00000983,2026-07-24,Merchant_A,Processor_A,NGN,CARD,BUSINESS
TXN107731,1500.0,SUCCESS,REF-00007731,2026-07-15,Merchant_E,Processor_B,NGN,CARD,BUSINESS
TXN104164,15000.0,SUCCESS,REF-00004164,2026-07-28,Merchant_D,Processor_B,NGN,BANK_TRANSFER,RETAIL
TXN108283,5000.0,SUCCESS,REF-00008283,2026-07-01,Merchant_E,Processor_B,NGN,USSD,BUSINESS
TXN100466,5000.0,SUCCESS,REF-00000466,2026-07-28,Merchant_D,Processor_A,NGN,BANK_TRANSFER,RETAIL
TXN104166,2500.0,SUCCESS,REF-00004166,2026-07-26,Merchant_E,Processor_A,NGN,USSD,BUSINESS
TXN102219,1000.0,SUCCESS,REF-00002219,2026-07-06,Merchant_E,Processor_C,NGN,BANK_TRANSFER,RETAIL
TXN107656,25000.0,SUCCESS,REF-00007656,2026-07-17,Merchant_E,Processor_A,NGN,CARD,BUSINESS
TXN106596,1000.0,SUCCESS,REF-00006596,2026-07-03,Merchant_C,Processor_B,NGN,MOBILE_MONEY,BUSINESS
TXN100040,1500.0,FAILED,REF-00000040,2026-07-31,Merchant_B,Processor_C,NGN,BANK_TRANSFER,RETAIL
TXN106921,1000.0,SUCCESS,REF-00006921,2026-07-09,Merchant_C,Processor_B,NGN,USSD,BUSINESS
TXN102792,10000.0,SUCCESS,REF-00002792,2026-07-06,Merchant_A,Processor_B,NGN,MOBILE_MONEY,BUSINESS
TXN104135,500.0,SUCCESS,REF-00004135,2026-07-29,Merchant_A,Processor_C,NGN,USSD,BUSINESS
TXN105030,5000.0,SUCCESS,REF-00005030,2026-07-31,Merchant_D,Processor_B,NGN,USSD,BUSINESS
TXN104753,10000.0,SUCCESS,REF-00004753,2026-07-01,Merchant_D,Processor_B,NGN,USSD,BUSINESS
TXN101320,2500.0,SUCCESS,REF-00001320,2026-07-25,Merchant_C,Processor_B,NGN,USSD,RETAIL
TXN101660,15000.0,SUCCESS,REF-00001660,2026-07-08,Merchant_D,Processor_B,NGN,BANK_TRANSFER,BUSINESS
TXN100135,5000.0,SUCCESS,REF-00000135,2026-07-07,Merchant_B,Processor_C,NGN,MOBILE_MONEY,BUSINESS
TXN103186,5000.0,SUCCESS,REF-00003186,2026-07-22,Merchant_B,Processor_A,NGN,MOBILE_MONEY,BUSINESS
TXN107901,2500.0,SUCCESS,REF-00007901,2026-07-13,Merchant_E,Processor_C,NGN,MOBILE_MONEY,BUSINESS
TXN103813,15000.0,SUCCESS,REF-00003813,2026-07-30,Merchant_E,Processor_B,NGN,MOBILE_MONEY,RETAIL
TXN101554,2500.0,SUCCESS,REF-00001554,2026-07-09,Merchant_C,Processor_A,NGN,CARD,RETAIL
TXN108163,10000.0,SUCCESS,REF-00008163,2026-07-03,Merchant_B,Processor_B,NGN,CARD,RETAIL
TXN104520,50000.0,SUCCESS,REF-00004520,2026-07-02,Merchant_C,Processor_A,NGN,BANK_TRANSFER,RETAIL
TXN109568,10000.0,SUCCESS,REF-00009568,2026-07-22,Merchant_D,Processor_C,NGN,MOBILE_MONEY,RETAIL
TXN106633,10000.0,SUCCESS,REF-00006633,2026-07-21,Merchant_D,Processor_B,NGN,CARD,RETAIL
TXN103274,50000.0,SUCCESS,REF-00003274,2026-07-16,Merchant_A,Processor_A,NGN,MOBILE_MONEY,BUSINESS
TXN107804,1000.0,REFUNDED,REF-00007804,2026-07-04,Merchant_B,Processor_B,NGN,BANK_TRANSFER,BUSINESS
TXN104193,25000.0,SUCCESS,REF-00004193,2026-07-29,Merchant_E,Processor_B,NGN,USSD,BUSINESS
TXN107518,25000.0,FAILED,REF-00007518,2026-07-29,Merchant_C,Processor_B,NGN,BANK_TRANSFER,BUSINESS
TXN102667,15000.0,SUCCESS,REF-00002667,2026-07-07,Merchant_B,Processor_A,NGN,CARD,RETAIL
TXN108705,10000.0,SUCCESS,REF-00008705,2026-07-21,Merchant_B,Processor_C,NGN,CARD,RETAIL
TXN100649,10000.0,SUCCESS,REF-00000649,2026-07-26,Merchant_C,Processor_C,NGN,CARD,RETAIL
TXN100617,5000.0,SUCCESS,REF-00000617,2026-07-21,Merchant_D,Processor_B,NGN,BANK_TRANSFER,RETAIL
TXN109956,25000.0,SUCCESS,REF-00009956,2026-07-28,Merchant_A,Processor_A,NGN,BANK_TRANSFER,RETAIL
TXN107118,25000.0,SUCCESS,REF-00007118,2026-07-11,Merchant_C,Processor_B,NGN,BANK_TRANSFER,RETAIL
TXN107631,15000.0,SUCCESS,REF-00007631,2026-07-03,Merchant_C,Processor_B,NGN,MOBILE_MONEY,RETAIL
TXN102927,250000.0,SUCCESS,REF-00002927,2026-07-27,Merchant_C,Processor_A,NGN,CARD,BUSINESS
TXN106167,250000.0,REFUNDED,REF-00006167,2026-07-04,Merchant_C,Processor_B,NGN,BANK_TRANSFER,RETAIL
TXN106085,7500.0,SUCCESS,REF-00006085,2026-07-10,Merchant_E,Processor_C,NGN,BANK_TRANSFER,RETAIL
TXN100939,10000.0,SUCCESS,REF-00000939,2026-07-08,Merchant_E,Processor_B,NGN,MOBILE_MONEY,BUSINESS
TXN107181,7500.0,SUCCESS,REF-00007181,2026-07-14,Merchant_E,Processor_A,NGN,CARD,RETAIL
TXN106904,2500.0,SUCCESS,REF-00006904,2026-07-10,Merchant_A,Processor_A,NGN,USSD,BUSINESS
TXN101823,25000.0,SUCCESS,REF-00001823,2026-07-12,Merchant_D,Processor_A,NGN,USSD,RETAIL
TXN109243,25000.0,SUCCESS,REF-00009243,2026-07-08,Merchant_C,Processor_C,NGN,CARD,BUSINESS
TXN104034,1500.0,SUCCESS,REF-00004034,2026-07-03,Merchant_B,Processor_A,NGN,MOBILE_MONEY,BUSINESS
TXN109172,500.0,SUCCESS,REF-00009172,2026-07-10,Merchant_C,Processor_B,NGN,CARD,RETAIL
TXN109667,2500.0,SUCCESS,REF-00009667,2026-07-22,Merchant_D,Processor_C,NGN,USSD,BUSINESS
TXN107853,5000.0,SUCCESS,REF-00007853,2026-07-10,Merchant_A,Processor_C,NGN,BANK_TRANSFER,BUSINESS
TXN101470,10000.0,SUCCESS,REF-00001470,2026-07-29,Merchant_A,Processor_B,NGN,CARD,BUSINESS
TXN104089,1000.0,SUCCESS,REF-00004089,2026-07-28,Merchant_A,Processor_C,NGN,USSD,BUSINESS
TXN107337,2500.0,SUCCESS,REF-00007337,2026-07-08,Merchant_D,Processor_A,NGN,BANK_TRANSFER,RETAIL
TXN103701,15000.0,SUCCESS,REF-00003701,2026-07-04,Merchant_E,Processor_C,NGN,CARD,BUSINESS
TXN100082,5000.0,SUCCESS,REF-00000082,2026-07-03,Merchant_E,Processor_C,NGN,MOBILE_MONEY,BUSINESS
TXN103251,1000.0,SUCCESS,REF-00003251,2026-07-15,Merchant_B,Processor_C,NGN,USSD,RETAIL
TXN108344,250000.0,SUCCESS,REF-00008344,2026-07-13,Merchant_D,Processor_A,NGN,BANK_TRANSFER,RETAIL
TXN109657,2500.0,SUCCESS,REF-00009657,2026-07-14,Merchant_E,Processor_A,NGN,BANK_TRANSFER,BUSINESS
TXN104023,50000.0,SUCCESS,REF-00004023,2026-07-31,Merchant_A,Processor_B,NGN,MOBILE_MONEY,BUSINESS
TXN103629,15000.0,REFUNDED,REF-00003629,2026-07-01,Merchant_A,Processor_A,NGN,USSD,RETAIL
TXN101317,25000.0,SUCCESS,REF-00001317,2026-07-06,Merchant_A,Processor_B,NGN,BANK_TRANSFER,RETAIL
TXN105006,25000.0,SUCCESS,REF-00005006,2026-07-08,Merchant_D,Processor_B,NGN,MOBILE_MONEY,BUSINESS
TXN106862,250000.0,SUCCESS,REF-00006862,2026-07-02,Merchant_B,Processor_A,NGN,USSD,RETAIL
TXN107517,2500.0,SUCCESS,REF-00007517,2026-07-10,Merchant_A,Processor_B,NGN,MOBILE_MONEY,BUSINESS
TXN109535,7500.0,SUCCESS,REF-00009535,2026-07-26,Merchant_E,Processor_A,NGN,MOBILE_MONEY,BUSINESS
TXN101184,1000.0,SUCCESS,REF-00001184,2026-07-31,Merchant_B,Processor_A,NGN,MOBILE_MONEY,RETAIL
TXN104469,100000.0,SUCCESS,REF-00004469,2026-07-24,Merchant_A,Processor_B,NGN,MOBILE_MONEY,BUSINESS
TXN100844,1500.0,SUCCESS,REF-00000844,2026-07-06,Merchant_B,Processor_B,NGN,USSD,RETAIL
TXN105398,7500.0,SUCCESS,REF-00005398,2026-07-09,Merchant_A,Processor_A,NGN,MOBILE_MONEY,RETAIL
TXN104186,1500.0,SUCCESS,REF-00004186,2026-07-11,Merchant_D,Processor_A,NGN,MOBILE_MONEY,RETAIL
TXN106824,2500.0,SUCCESS,REF-00006824,2026-07-05,Merchant_E,Processor_A,NGN,BANK_TRANSFER,RETAIL
TXN108625,15000.0,SUCCESS,REF-00008625,2026-07-03,Merchant_D,Processor_A,NGN,USSD,BUSINESS
TXN105863,7500.0,SUCCESS,REF-00005863,2026-07-04,Merchant_B,Processor_B,NGN,USSD,BUSINESS
TXN105179,100000.0,SUCCESS,REF-00005179,2026-07-04,Merchant_E,Processor_C,NGN,MOBILE_MONEY,BUSINESS
TXN106902,500.0,SUCCESS,REF-00006902,2026-07-17,Merchant_C,Processor_A,NGN,MOBILE_MONEY,BUSINESS
TXN106270,5000.0,SUCCESS,REF-00006270,2026-07-22,Merchant_B,Processor_B,NGN,CARD,BUSINESS
TXN109334,5000.0,SUCCESS,REF-00009334,2026-07-04,Merchant_B,Processor_C,NGN,MOBILE_MONEY,RETAIL
TXN107967,500.0,SUCCESS,REF-00007967,2026-07-14,Merchant_A,Processor_B,NGN,USSD,BUSINESS
TXN102361,7500.0,SUCCESS,REF-00002361,2026-07-30,Merchant_C,Processor_B,NGN,BANK_TRANSFER,BUSINESS
TXN106050,10000.0,SUCCESS,REF-00006050,2026-07-11,Merchant_A,Processor_C,NGN,USSD,RETAIL
TXN102520,25000.0,SUCCESS,REF-00002520,2026-07-18,Merchant_B,Processor_A,NGN,BANK_TRANSFER,RETAIL
TXN108859,15000.0,SUCCESS,REF-00008859,2026-07-07,Merchant_B,Processor_B,NGN,MOBILE_MONEY,RETAIL
TXN104567,2500.0,FAILED,REF-00004567,2026-07-03,Merchant_A,Processor_A,NGN,CARD,RETAIL
TXN103620,15000.0,SUCCESS,REF-00003620,2026-07-19,Merchant_E,Processor_C,NGN,BANK_TRANSFER,BUSINESS
TXN101868,1500.0,SUCCESS,REF-00001868,2026-07-07,Merchant_B,Processor_B,NGN,USSD,RETAIL
TXN101268,15000.0,FAILED,REF-00001268,2026-07-20,Merchant_C,Processor_A,NGN,MOBILE_MONEY,BUSINESS
TXN104747,500.0,SUCCESS,REF-00004747,2026-07-21,Merchant_E,Processor_A,NGN,BANK_TRANSFER,RETAIL
TXN107128,5000.0,SUCCESS,REF-00007128,2026-07-24,Merchant_C,Processor_B,NGN,CARD,RETAIL
TXN103685,10000.0,SUCCESS,REF-00003685,2026-07-21,Merchant_C,Processor_C,NGN,CARD,RETAIL
TXN101757,10000.0,SUCCESS,REF-00001757,2026-07-31,Merchant_E,Processor_B,NGN,CARD,BUSINESS
TXN107847,10000.0,SUCCESS,REF-00007847,2026-07-11,Merchant_B,Processor_A,NGN,MOBILE_MONEY,BUSINESS
TXN104063,2500.0,SUCCESS,REF-00004063,2026-07-16,Merchant_A,Processor_B,NGN,BANK_TRANSFER,BUSINESS
TXN106595,5000.0,SUCCESS,REF-00006595,2026-07-27,Merchant_A,Processor_C,NGN,BANK_TRANSFER,RETAIL
TXN101834,50000.0,SUCCESS,REF-00001834,2026-07-08,Merchant_A,Processor_C,NGN,MOBILE_MONEY,BUSINESS
TXN100996,100000.0,FAILED,REF-00000996,2026-07-17,Merchant_E,Processor_C,NGN,BANK_TRANSFER,RETAIL
TXN108454,100000.0,SUCCESS,REF-00008454,2026-07-03,Merchant_B,Processor_C,NGN,MOBILE_MONEY,BUSINESS
TXN102830,10000.0,SUCCESS,REF-00002830,2026-07-30,Merchant_E,Processor_A,NGN,CARD,RETAIL
TXN104349,15000.0,SUCCESS,REF-00004349,2026-07-20,Merchant_E,Processor_C,NGN,BANK_TRANSFER,BUSINESS
TXN101497,7500.0,SUCCESS,REF-00001497,2026-07-05,Merchant_C,Processor_B,NGN,CARD,BUSINESS
TXN104914,1500.0,SUCCESS,REF-00004914,2026-07-05,Merchant_A,Processor_A,NGN,MOBILE_MONEY,RETAIL
TXN101013,500.0,SUCCESS,REF-00001013,2026-07-21,Merchant_C,Processor_B,NGN,CARD,RETAIL
TXN101136,50000.0,SUCCESS,REF-00001136,2026-07-22,Merchant_C,Processor_C,NGN,USSD,BUSINESS
TXN108965,15000.0,SUCCESS,REF-00008965,2026-07-03,Merchant_D,Processor_B,NGN,MOBILE_MONEY,BUSINESS
TXN101608,2500.0,SUCCESS,REF-00001608,2026-07-12,Merchant_C,Processor_B,NGN,USSD,BUSINESS
TXN100529,50000.0,SUCCESS,REF-00000529,2026-07-01,Merchant_D,Processor_B,NGN,MOBILE_MONEY,RETAIL
TXN106983,50000.0,SUCCESS,REF-00006983,2026-07-25,Merchant_A,Processor_A,NGN,CARD,RETAIL
TXN100078,5000.0,SUCCESS,REF-00000078,2026-07-12,Merchant_C,Processor_B,NGN,CARD,BUSINESS
TXN105425,10000.0,SUCCESS,REF-00005425,2026-07-29,Merchant_D,Processor_C,NGN,CARD,BUSINESS
TXN109665,25000.0,SUCCESS,REF-00009665,2026-07-13,Merchant_C,Processor_B,NGN,USSD,BUSINESS
TXN106369,50000.0,SUCCESS,REF-00006369,2026-07-25,Merchant_D,Processor_B,NGN,CARD,RETAIL
TXN106647,100000.0,SUCCESS,REF-00006647,2026-07-11,Merchant_D,Processor_C,NGN,USSD,RETAIL
TXN101509,25000.0,SUCCESS,REF-00001509,2026-07-04,Merchant_E,Processor_A,NGN,USSD,RETAIL
TXN107739,1000.0,SUCCESS,REF-00007739,2026-07-27,Merchant_C,Processor_A,NGN,BANK_TRANSFER,RETAIL
TXN102890,5000.0,SUCCESS,REF-00002890,2026-07-11,Merchant_C,Processor_C,NGN,BANK_TRANSFER,RETAIL
TXN105902,1500.0,SUCCESS,REF-00005902,2026-07-09,Merchant_A,Processor_C,NGN,BANK_TRANSFER,RETAIL
TXN108176,2500.0,SUCCESS,REF-00008176,2026-07-25,Merchant_A,Processor_B,NGN,MOBILE_MONEY,RETAIL
TXN100843,250000.0,SUCCESS,REF-00000843,2026-07-05,Merchant_A,Processor_C,NGN,USSD,RETAIL
TXN102222,1000.0,SUCCESS,REF-00002222,2026-07-16,Merchant_C,Processor_C,NGN,CARD,BUSINESS
TXN109723,25000.0,SUCCESS,REF-00009723,2026-07-12,Merchant_A,Processor_A,NGN,BANK_TRANSFER,BUSINESS
TXN104241,7500.0,FAILED,REF-00004241,2026-07-27,Merchant_A,Processor_A,NGN,MOBILE_MONEY,RETAIL
TXN108551,1000.0,SUCCESS,REF-00008551,2026-07-03,Merchant_E,Processor_A,NGN,USSD,RETAIL
TXN108766,50000.0,SUCCESS,REF-00008766,2026-07-02,Merchant_E,Processor_B,NGN,MOBILE_MONEY,RETAIL
TXN104566,2500.0,REFUNDED,REF-00004566,2026-07-06,Merchant_C,Processor_C,NGN,CARD,RETAIL
TXN109697,25000.0,SUCCESS,REF-00009697,2026-07-05,Merchant_B,Processor_C,NGN,BANK_TRANSFER,BUSINESS
TXN104418,5000.0,REFUNDED,REF-00004418,2026-07-12,Merchant_D,Processor_A,NGN,USSD,BUSINESS
TXN103131,50000.0,SUCCESS,REF-00003131,2026-07-23,Merchant_D,Processor_B,NGN,MOBILE_MONEY,BUSINESS
TXN109438,500.0,SUCCESS,REF-00009438,2026-07-30,Merchant_C,Processor_B,NGN,BANK_TRANSFER,BUSINESS
TXN106220,50000.0,SUCCESS,REF-00006220,2026-07-09,Merchant_A,Processor_C,NGN,BANK_TRANSFER,BUSINESS
TXN100709,15000.0,SUCCESS,REF-00000709,2026-07-02,Merchant_B,Processor_A,NGN,USSD,RETAIL
TXN103076,100000.0,SUCCESS,REF-00003076,2026-07-10,Merchant_C,Processor_C,NGN,BANK_TRANSFER,RETAIL
TXN108737,1000.0,SUCCESS,REF-00008737,2026-07-24,Merchant_E,Processor_C,NGN,MOBILE_MONEY,RETAIL
TXN105677,1500.0,SUCCESS,REF-00005677,2026-07-21,Merchant_B,Processor_A,NGN,USSD,RETAIL
TXN104356,2500.0,REFUNDED,REF-00004356,2026-07-09,Merchant_E,Processor_B,NGN,USSD,BUSINESS
TXN102162,5000.0,SUCCESS,REF-00002162,2026-07-02,Merchant_D,Processor_C,NGN,BANK_TRANSFER,BUSINESS
TXN108856,2500.0,SUCCESS,REF-00008856,2026-07-24,Merchant_C,Processor_C,NGN,CARD,BUSINESS
TXN106537,100000.0,SUCCESS,REF-00006537,2026-07-06,Merchant_D,Processor_C,NGN,CARD,RETAIL
TXN103905,10000.0,SUCCESS,REF-00003905,2026-07-18,Merchant_E,Processor_B,NGN,CARD,BUSINESS
TXN104956,5000.0,FAILED,REF-00004956,2026-07-02,Merchant_B,Processor_B,NGN,MOBILE_MONEY,RETAIL
TXN106056,10000.0,SUCCESS,REF-00006056,2026-07-01,Merchant_C,Processor_C,NGN,USSD,BUSINESS
TXN102330,2500.0,SUCCESS,REF-00002330,2026-07-15,Merchant_E,Processor_C,NGN,BANK_TRANSFER,BUSINESS
TXN103017,7500.0,SUCCESS,REF-00003017,2026-07-26,Merchant_E,Processor_B,NGN,CARD,BUSINESS
TXN108005,5000.0,SUCCESS,REF-00008005,2026-07-15,Merchant_E,Processor_C,NGN,BANK_TRANSFER,RETAIL
TXN103524,1500.0,SUCCESS,REF-00003524,2026-07-03,Merchant_E,Processor_C,NGN,CARD,BUSINESS
TXN105320,5000.0,SUCCESS,REF-00005320,2026-07-11,Merchant_D,Processor_C,NGN,CARD,RETAIL
TXN109609,25000.0,SUCCESS,REF-00009609,2026-07-20,Merchant_D,Processor_B,NGN,BANK_TRANSFER,RETAIL
TXN103426,10000.0,SUCCESS,REF-00003426,2026-07-09,Merchant_E,Processor_B,NGN,MOBILE_MONEY,RETAIL
TXN105977,1500.0,SUCCESS,REF-00005977,2026-07-02,Merchant_E,Processor_B,NGN,BANK_TRANSFER,BUSINESS
TXN102618,50000.0,SUCCESS,REF-00002618,2026-07-02,Merchant_E,Processor_B,NGN,BANK_TRANSFER,BUSINESS
TXN100072,500.0,SUCCESS,REF-00000072,2026-07-02,Merchant_B,Processor_C,NGN,MOBILE_MONEY,BUSINESS
TXN101220,250000.0,SUCCESS,REF-00001220,2026-07-15,Merchant_B,Processor_A,NGN,MOBILE_MONEY,BUSINESS
TXN107567,1000.0,FAILED,REF-00007567,2026-07-17,Merchant_A,Processor_B,NGN,BANK_TRANSFER,RETAIL
TXN105649,10000.0,SUCCESS,REF-00005649,2026-07-31,Merchant_E,Processor_C,NGN,MOBILE_MONEY,BUSINESS
TXN109164,250000.0,SUCCESS,REF-00009164,2026-07-04,Merchant_D,Processor_C,NGN,CARD,RETAIL
TXN101844,100000.0,REFUNDED,REF-00001844,2026-07-26,Merchant_B,Processor_B,NGN,MOBILE_MONEY,RETAIL
TXN108028,10000.0,SUCCESS,REF-00008028,2026-07-28,Merchant_B,Processor_A,NGN,BANK_TRANSFER,BUSINESS
TXN108572,5000.0,SUCCESS,REF-00008572,2026-07-13,Merchant_D,Processor_B,NGN,MOBILE_MONEY,RETAIL
TXN100972,25000.0,SUCCESS,REF-00000972,2026-07-14,Merchant_C,Processor_A,NGN,USSD,RETAIL
TXN106108,2500.0,SUCCESS,REF-00006108,2026-07-27,Merchant_B,Processor_B,NGN,MOBILE_MONEY,BUSINESS
TXN104396,5000.0,FAILED,REF-00004396,2026-07-22,Merchant_B,Processor_B,NGN,CARD,RETAIL
TXN105332,1000.0,SUCCESS,REF-00005332,2026-07-17,Merchant_C,Processor_B,NGN,USSD,BUSINESS
TXN109161,15000.0,SUCCESS,REF-00009161,2026-07-01,Merchant_B,Processor_A,NGN,CARD,BUSINESS
TXN101760,7500.0,SUCCESS,REF-00001760,2026-07-23,Merchant_A,Processor_A,NGN,CARD,RETAIL
TXN101718,250000.0,SUCCESS,REF-00001718,2026-07-02,Merchant_B,Processor_B,NGN,USSD,BUSINESS
TXN101849,15000.0,REFUNDED,REF-00001849,2026-07-14,Merchant_B,Processor_C,NGN,CARD,RETAIL
TXN102340,25000.0,SUCCESS,REF-00002340,2026-07-04,Merchant_E,Processor_C,NGN,USSD,BUSINESS
TXN106393,25000.0,SUCCESS,REF-00006393,2026-07-22,Merchant_A,Processor_B,NGN,CARD,BUSINESS
TXN107327,25000.0,SUCCESS,REF-00007327,2026-07-27,Merchant_B,Processor_A,NGN,BANK_TRANSFER,BUSINESS
TXN109482,15000.0,SUCCESS,REF-00009482,2026-07-30,Merchant_E,Processor_C,NGN,CARD,BUSINESS
TXN100557,500.0,SUCCESS,REF-00000557,2026-07-06,Merchant_B,Processor_B,NGN,USSD,BUSINESS
TXN101314,7500.0,FAILED,REF-00001314,2026-07-17,Merchant_E,Processor_A,NGN,BANK_TRANSFER,RETAIL
TXN106971,15000.0,SUCCESS,REF-00006971,2026-07-03,Merchant_C,Processor_C,NGN,BANK_TRANSFER,BUSINESS
TXN103198,1000.0,SUCCESS,REF-00003198,2026-07-14,Merchant_E,Processor_B,NGN,MOBILE_MONEY,RETAIL
TXN102025,2500.0,SUCCESS,REF-00002025,2026-07-30,Merchant_C,Processor_B,NGN,MOBILE_MONEY,BUSINESS
TXN108212,500.0,SUCCESS,REF-00008212,2026-07-18,Merchant_B,Processor_A,NGN,MOBILE_MONEY,RETAIL
TXN108426,1000.0,SUCCESS,REF-00008426,2026-07-19,Merchant_E,Processor_C,NGN,BANK_TRANSFER,RETAIL
TXN101219,5000.0,SUCCESS,REF-00001219,2026-07-11,Merchant_D,Processor_A,NGN,MOBILE_MONEY,RETAIL
TXN100188,10000.0,SUCCESS,REF-00000188,2026-07-27,Merchant_B,Processor_B,NGN,BANK_TRANSFER,RETAIL
TXN101967,5000.0,SUCCESS,REF-00001967,2026-07-21,Merchant_C,Processor_A,NGN,MOBILE_MONEY,RETAIL
TXN101994,25000.0,REFUNDED,REF-00001994,2026-07-14,Merchant_B,Processor_B,NGN,CARD,BUSINESS
TXN108713,7500.0,SUCCESS,REF-00008713,2026-07-18,Merchant_B,Processor_A,NGN,MOBILE_MONEY,RETAIL
TXN109620,7500.0,SUCCESS,REF-00009620,2026-07-26,Merchant_C,Processor_C,NGN,USSD,RETAIL
TXN104473,5000.0,SUCCESS,REF-00004473,2026-07-07,Merchant_D,Processor_C,NGN,MOBILE_MONEY,RETAIL
TXN107940,5000.0,SUCCESS,REF-00007940,2026-07-29,Merchant_B,Processor_C,NGN,BANK_TRANSFER,BUSINESS
TXN105231,7500.0,SUCCESS,REF-00005231,2026-07-08,Merchant_E,Processor_C,NGN,USSD,BUSINESS
TXN109066,2500.0,SUCCESS,REF-00009066,2026-07-02,Merchant_B,Processor_C,NGN,USSD,BUSINESS
TXN104717,250000.0,FAILED,REF-00004717,2026-07-30,Merchant_E,Processor_B,NGN,BANK_TRANSFER,BUSINESS
TXN105325,10000.0,SUCCESS,REF-00005325,2026-07-04,Merchant_A,Processor_A,NGN,USSD,RETAIL
TXN105216,7500.0,SUCCESS,REF-00005216,2026-07-29,Merchant_C,Processor_B,NGN,USSD,BUSINESS
TXN103324,25000.0,SUCCESS,REF-00003324,2026-07-18,Merchant_E,Processor_C,NGN,USSD,BUSINESS
TXN108182,1000.0,SUCCESS,REF-00008182,2026-07-11,Merchant_A,Processor_B,NGN,MOBILE_MONEY,BUSINESS
TXN109205,1000.0,SUCCESS,REF-00009205,2026-07-26,Merchant_C,Processor_B,NGN,USSD,RETAIL
TXN108336,100000.0,SUCCESS,REF-00008336,2026-07-07,Merchant_D,Processor_A,NGN,CARD,BUSINESS
TXN106903,15000.0,SUCCESS,REF-00006903,2026-07-15,Merchant_B,Processor_C,NGN,CARD,RETAIL
TXN104545,50000.0,SUCCESS,REF-00004545,2026-07-10,Merchant_A,Processor_A,NGN,MOBILE_MONEY,BUSINESS
TXN100965,5000.0,SUCCESS,REF-00000965,2026-07-21,Merchant_D,Processor_B,NGN,MOBILE_MONEY,RETAIL
TXN107471,500.0,SUCCESS,REF-00007471,2026-07-07,Merchant_D,Processor_B,NGN,CARD,BUSINESS
TXN108407,2500.0,SUCCESS,REF-00008407,2026-07-24,Merchant_C,Processor_A,NGN,USSD,RETAIL
TXN109933,500.0,SUCCESS,REF-00009933,2026-07-31,Merchant_D,Processor_C,NGN,CARD,RETAIL
TXN104633,50000.0,SUCCESS,REF-00004633,2026-07-28,Merchant_C,Processor_B,NGN,BANK_TRANSFER,RETAIL
TXN107525,15000.0,SUCCESS,REF-00007525,2026-07-18,Merchant_D,Processor_B,NGN,USSD,BUSINESS
TXN109921,50000.0,SUCCESS,REF-00009921,2026-07-26,Merchant_A,Processor_A,NGN,CARD,RETAIL
TXN106565,5000.0,FAILED,REF-00006565,2026-07-14,Merchant_E,Processor_A,NGN,CARD,BUSINESS
TXN106969,10000.0,SUCCESS,REF-00006969,2026-07-03,Merchant_A,Processor_A,NGN,USSD,BUSINESS
TXN106158,1500.0,SUCCESS,REF-00006158,2026-07-03,Merchant_A,Processor_C,NGN,USSD,RETAIL
TXN102432,250000.0,FAILED,REF-00002432,2026-07-25,Merchant_E,Processor_A,NGN,USSD,RETAIL
TXN100296,25000.0,SUCCESS,REF-00000296,2026-07-12,Merchant_D,Processor_A,NGN,MOBILE_MONEY,BUSINESS
TXN108549,1000.0,SUCCESS,REF-00008549,2026-07-02,Merchant_B,Processor_B,NGN,BANK_TRANSFER,BUSINESS
TXN100258,10000.0,SUCCESS,REF-00000258,2026-07-10,Merchant_B,Processor_B,NGN,MOBILE_MONEY,RETAIL
TXN104871,1500.0,SUCCESS,REF-00004871,2026-07-29,Merchant_B,Processor_A,NGN,CARD,BUSINESS
TXN107734,1000.0,SUCCESS,REF-00007734,2026-07-19,Merchant_A,Processor_A,NGN,BANK_TRANSFER,RETAIL
TXN106492,7500.0,SUCCESS,REF-00006492,2026-07-10,Merchant_C,Processor_A,NGN,MOBILE_MONEY,RETAIL
TXN109150,10000.0,SUCCESS,REF-00009150,2026-07-23,Merchant_D,Processor_B,NGN,CARD,BUSINESS
TXN106402,2500.0,SUCCESS,REF-00006402,2026-07-03,Merchant_B,Processor_A,NGN,USSD,BUSINESS
TXN107468,15000.0,REFUNDED,REF-00007468,2026-07-29,Merchant_C,Processor_B,NGN,CARD,BUSINESS
TXN106404,1000.0,SUCCESS,REF-00006404,2026-07-14,Merchant_C,Processor_B,NGN,USSD,RETAIL
TXN103089,2500.0,SUCCESS,REF-00003089,2026-07-26,Merchant_B,Processor_A,NGN,MOBILE_MONEY,BUSINESS
TXN108885,15000.0,SUCCESS,REF-00008885,2026-07-10,Merchant_E,Processor_A,NGN,CARD,RETAIL
TXN103624,2500.0,SUCCESS,REF-00003624,2026-07-13,Merchant_B,Processor_A,NGN,BANK_TRANSFER,RETAIL
TXN102682,500.0,SUCCESS,REF-00002682,2026-07-24,Merchant_C,Processor_C,NGN,CARD,RETAIL
TXN106327,7500.0,SUCCESS,REF-00006327,2026-07-25,Merchant_D,Processor_A,NGN,USSD,BUSINESS
TXN100950,15000.0,SUCCESS,REF-00000950,2026-07-08,Merchant_A,Processor_A,NGN,MOBILE_MONEY,BUSINESS
TXN102476,1500.0,SUCCESS,REF-00002476,2026-07-20,Merchant_A,Processor_A,NGN,BANK_TRANSFER,BUSINESS
TXN107279,15000.0,SUCCESS,REF-00007279,2026-07-29,Merchant_D,Processor_C,NGN,BANK_TRANSFER,RETAIL
TXN105133,500.0,SUCCESS,REF-00005133,2026-07-14,Merchant_D,Processor_C,NGN,MOBILE_MONEY,BUSINESS
TXN101292,10000.0,SUCCESS,REF-00001292,2026-07-31,Merchant_A,Processor_C,NGN,MOBILE_MONEY,RETAIL
TXN105609,7500.0,SUCCESS,REF-00005609,2026-07-02,Merchant_B,Processor_A,NGN,CARD,BUSINESS
TXN108502,5000.0,SUCCESS,REF-00008502,2026-07-08,Merchant_A,Processor_B,NGN,CARD,BUSINESS
TXN103785,1000.0,SUCCESS,REF-00003785,2026-07-17,Merchant_C,Processor_A,NGN,BANK_TRANSFER,RETAIL
TXN103515,100000.0,SUCCESS,REF-00003515,2026-07-17,Merchant_D,Processor_B,NGN,CARD,RETAIL
TXN102430,15000.0,REFUNDED,REF-00002430,2026-07-06,Merchant_D,Processor_A,NGN,USSD,RETAIL
TXN109130,2500.0,SUCCESS,REF-00009130,2026-07-05,Merchant_B,Processor_C,NGN,USSD,BUSINESS
TXN106942,15000.0,SUCCESS,REF-00006942,2026-07-13,Merchant_C,Processor_C,NGN,CARD,RETAIL
TXN107229,7500.0,SUCCESS,REF-00007229,2026-07-08,Merchant_B,Processor_B,NGN,BANK_TRANSFER,BUSINESS
TXN101629,7500.0,SUCCESS,REF-00001629,2026-07-17,Merchant_E,Processor_A,NGN,CARD,BUSINESS
TXN103461,1500.0,SUCCESS,REF-00003461,2026-07-17,Merchant_E,Processor_A,NGN,MOBILE_MONEY,BUSINESS
TXN100162,15000.0,SUCCESS,REF-00000162,2026-07-01,Merchant_A,Processor_C,NGN,MOBILE_MONEY,BUSINESS
TXN100929,2500.0,SUCCESS,REF-00000929,2026-07-22,Merchant_D,Processor_A,NGN,BANK_TRANSFER,RETAIL
TXN103328,1500.0,SUCCESS,REF-00003328,2026-07-15,Merchant_E,Processor_B,NGN,BANK_TRANSFER,BUSINESS
TXN106510,1000.0,SUCCESS,REF-00006510,2026-07-25,Merchant_A,Processor_A,NGN,MOBILE_MONEY,RETAIL
TXN104584,25000.0,SUCCESS,REF-00004584,2026-07-21,Merchant_E,Processor_A,NGN,MOBILE_MONEY,BUSINESS
TXN109725,250000.0,SUCCESS,REF-00009725,2026-07-14,Merchant_D,Processor_A,NGN,USSD,RETAIL
TXN104334,5000.0,SUCCESS,REF-00004334,2026-07-29,Merchant_E,Processor_B,NGN,CARD,BUSINESS
TXN109381,5000.0,SUCCESS,REF-00009381,2026-07-23,Merchant_E,Processor_C,NGN,BANK_TRANSFER,BUSINESS
TXN101887,2500.0,SUCCESS,REF-00001887,2026-07-20,Merchant_E,Processor_A,NGN,MOBILE_MONEY,BUSINESS
TXN106509,15000.0,SUCCESS,REF-00006509,2026-07-06,Merchant_C,Processor_B,NGN,BANK_TRANSFER,RETAIL
TXN100592,1500.0,SUCCESS,REF-00000592,2026-07-28,Merchant_E,Processor_B,NGN,MOBILE_MONEY,BUSINESS
TXN106383,2500.0,SUCCESS,REF-00006383,2026-07-15,Merchant_B,Processor_C,NGN,BANK_TRANSFER,RETAIL
TXN106630,7500.0,SUCCESS,REF-00006630,2026-07-03,Merchant_A,Processor_A,NGN,BANK_TRANSFER,RETAIL
TXN105854,7500.0,SUCCESS,REF-00005854,2026-07-09,Merchant_C,Processor_B,NGN,USSD,RETAIL
TXN102211,50000.0,SUCCESS,REF-00002211,2026-07-24,Merchant_E,Processor_B,NGN,USSD,RETAIL
TXN100750,1000.0,SUCCESS,REF-00000750,2026-07-18,Merchant_D,Processor_A,NGN,USSD,RETAIL
TXN107728,100000.0,SUCCESS,REF-00007728,2026-07-03,Merchant_B,Processor_A,NGN,USSD,BUSINESS
TXN100880,2500.0,SUCCESS,REF-00000880,2026-07-20,Merchant_E,Processor_B,NGN,USSD,BUSINESS
TXN101260,2500.0,SUCCESS,REF-00001260,2026-07-08,Merchant_A,Processor_B,NGN,MOBILE_MONEY,RETAIL
TXN108729,5000.0,SUCCESS,REF-00008729,2026-07-03,Merchant_D,Processor_A,NGN,CARD,BUSINESS
TXN108522,1500.0,SUCCESS,REF-00008522,2026-07-05,Merchant_B,Processor_B,NGN,MOBILE_MONEY,BUSINESS
TXN105622,50000.0,SUCCESS,REF-00005622,2026-07-30,Merchant_A,Processor_C,NGN,CARD,RETAIL
TXN104696,10000.0,SUCCESS,REF-00004696,2026-07-30,Merchant_C,Processor_B,NGN,USSD,RETAIL
TXN109252,2500.0,SUCCESS,REF-00009252,2026-07-22,Merchant_D,Processor_C,NGN,BANK_TRANSFER,RETAIL
TXN101920,25000.0,SUCCESS,REF-00001920,2026-07-02,Merchant_D,Processor_C,NGN,BANK_TRANSFER,RETAIL
TXN100459,1000.0,SUCCESS,REF-00000459,2026-07-28,Merchant_C,Processor_B,NGN,CARD,BUSINESS
TXN105014,2500.0,SUCCESS,REF-00005014,2026-07-14,Merchant_E,Processor_B,NGN,CARD,BUSINESS
TXN107379,1000.0,SUCCESS,REF-00007379,2026-07-31,Merchant_E,Processor_A,NGN,MOBILE_MONEY,RETAIL
TXN101203,5000.0,SUCCESS,REF-00001203,2026-07-28,Merchant_B,Processor_B,NGN,CARD,BUSINESS
TXN105588,100000.0,SUCCESS,REF-00005588,2026-07-04,Merchant_C,Processor_C,NGN,MOBILE_MONEY,RETAIL
TXN109937,15000.0,SUCCESS,REF-00009937,2026-07-12,Merchant_A,Processor_C,NGN,USSD,RETAIL
TXN108970,1000.0,SUCCESS,REF-00008970,2026-07-19,Merchant_A,Processor_A,NGN,BANK_TRANSFER,BUSINESS
TXN102867,25000.0,SUCCESS,REF-00002867,2026-07-30,Merchant_B,Processor_B,NGN,BANK_TRANSFER,RETAIL
TXN106773,1500.0,SUCCESS,REF-00006773,2026-07-23,Merchant_B,Processor_A,NGN,MOBILE_MONEY,BUSINESS
TXN102471,250000.0,SUCCESS,REF-00002471,2026-07-15,Merchant_C,Processor_B,NGN,CARD,BUSINESS
TXN109953,2500.0,SUCCESS,REF-00009953,2026-07-23,Merchant_B,Processor_A,NGN,MOBILE_MONEY,BUSINESS
TXN102381,50000.0,SUCCESS,REF-00002381,2026-07-06,Merchant_C,Processor_B,NGN,CARD,BUSINESS
TXN106702,5000.0,SUCCESS,REF-00006702,2026-07-01,Merchant_A,Processor_C,NGN,CARD,BUSINESS
TXN108855,1500.0,SUCCESS,REF-00008855,2026-07-22,Merchant_D,Processor_B,NGN,CARD,BUSINESS
TXN102838,25000.0,SUCCESS,REF-00002838,2026-07-09,Merchant_E,Processor_B,NGN,MOBILE_MONEY,RETAIL
TXN107032,10000.0,SUCCESS,REF-00007032,2026-07-27,Merchant_A,Processor_B,NGN,USSD,BUSINESS
TXN103239,10000.0,REFUNDED,REF-00003239,2026-07-30,Merchant_B,Processor_A,NGN,BANK_TRANSFER,BUSINESS
TXN103272,25000.0,SUCCESS,REF-00003272,2026-07-01,Merchant_D,Processor_B,NGN,MOBILE_MONEY,BUSINESS
TXN104561,5000.0,SUCCESS,REF-00004561,2026-07-06,Merchant_C,Processor_C,NGN,USSD,RETAIL
TXN103296,15000.0,REFUNDED,REF-00003296,2026-07-12,Merchant_D,Processor_C,NGN,BANK_TRANSFER,BUSINESS
TXN105858,500.0,SUCCESS,REF-00005858,2026-07-27,Merchant_C,Processor_C,NGN,MOBILE_MONEY,RETAIL
TXN106677,2500.0,SUCCESS,REF-00006677,2026-07-29,Merchant_C,Processor_B,NGN,MOBILE_MONEY,BUSINESS
TXN108276,10000.0,SUCCESS,REF-00008276,2026-07-04,Merchant_C,Processor_C,NGN,USSD,BUSINESS
TXN101768,5000.0,SUCCESS,REF-00001768,2026-07-09,Merchant_E,Processor_B,NGN,MOBILE_MONEY,RETAIL
TXN101157,100000.0,SUCCESS,REF-00001157,2026-07-10,Merchant_D,Processor_A,NGN,BANK_TRANSFER,RETAIL
TXN106858,100000.0,SUCCESS,REF-00006858,2026-07-31,Merchant_E,Processor_B,NGN,USSD,BUSINESS
TXN101342,50000.0,SUCCESS,REF-00001342,2026-07-26,Merchant_D,Processor_C,NGN,MOBILE_MONEY,BUSINESS
TXN105855,25000.0,SUCCESS,REF-00005855,2026-07-19,Merchant_C,Processor_A,NGN,BANK_TRANSFER,BUSINESS
TXN106513,50000.0,SUCCESS,REF-00006513,2026-07-06,Merchant_A,Processor_C,NGN,MOBILE_MONEY,RETAIL
TXN104858,100000.0,SUCCESS,REF-00004858,2026-07-17,Merchant_D,Processor_C,NGN,USSD,BUSINESS
TXN104692,5000.0,SUCCESS,REF-00004692,2026-07-27,Merchant_C,Processor_B,NGN,MOBILE_MONEY,BUSINESS
TXN107238,15000.0,SUCCESS,REF-00007238,2026-07-16,Merchant_B,Processor_B,NGN,BANK_TRANSFER,BUSINESS
TXN109947,2500.0,SUCCESS,REF-00009947,2026-07-07,Merchant_A,Processor_C,NGN,CARD,BUSINESS
TXN106116,15000.0,FAILED,REF-00006116,2026-07-11,Merchant_B,Processor_C,NGN,MOBILE_MONEY,BUSINESS
TXN105593,250000.0,SUCCESS,REF-00005593,2026-07-01,Merchant_A,Processor_B,NGN,MOBILE_MONEY,RETAIL
TXN108969,1000.0,SUCCESS,REF-00008969,2026-07-14,Merchant_A,Processor_A,NGN,BANK_TRANSFER,RETAIL
TXN107984,7500.0,SUCCESS,REF-00007984,2026-07-16,Merchant_C,Processor_A,NGN,BANK_TRANSFER,BUSINESS
TXN103367,2500.0,SUCCESS,REF-00003367,2026-07-03,Merchant_E,Processor_B,NGN,USSD,BUSINESS
TXN106097,50000.0,SUCCESS,REF-00006097,2026-07-22,Merchant_B,Processor_A,NGN,CARD,RETAIL
TXN104823,7500.0,SUCCESS,REF-00004823,2026-07-04,Merchant_D,Processor_A,NGN,USSD,RETAIL
TXN108048,100000.0,SUCCESS,REF-00008048,2026-07-13,Merchant_D,Processor_B,NGN,BANK_TRANSFER,BUSINESS
TXN107268,10000.0,SUCCESS,REF-00007268,2026-07-25,Merchant_E,Processor_B,NGN,BANK_TRANSFER,RETAIL
TXN107385,5000.0,SUCCESS,REF-00007385,2026-07-17,Merchant_B,Processor_A,NGN,BANK_TRANSFER,BUSINESS
TXN106973,7500.0,FAILED,REF-00006973,2026-07-22,Merchant_A,Processor_A,NGN,BANK_TRANSFER,BUSINESS
TXN105079,7500.0,SUCCESS,REF-00005079,2026-07-17,Merchant_D,Processor_C,NGN,USSD,BUSINESS
TXN101667,100000.0,SUCCESS,REF-00001667,2026-07-18,Merchant_E,Processor_B,NGN,CARD,RETAIL
TXN103678,50000.0,SUCCESS,REF-00003678,2026-07-22,Merchant_E,Processor_C,NGN,BANK_TRANSFER,BUSINESS
TXN106632,15000.0,SUCCESS,REF-00006632,2026-07-05,Merchant_D,Processor_B,NGN,USSD,RETAIL
TXN102823,2500.0,SUCCESS,REF-00002823,2026-07-16,Merchant_E,Processor_B,NGN,USSD,RETAIL
TXN109905,7500.0,SUCCESS,REF-00009905,2026-07-26,Merchant_D,Processor_A,NGN,USSD,RETAIL
TXN102605,10000.0,SUCCESS,REF-00002605,2026-07-30,Merchant_D,Processor_A,NGN,USSD,RETAIL
TXN100609,25000.0,SUCCESS,REF-00000609,2026-07-15,Merchant_A,Processor_A,NGN,USSD,RETAIL
TXN105576,15000.0,SUCCESS,REF-00005576,2026-07-29,Merchant_B,Processor_B,NGN,BANK_TRANSFER,RETAIL
TXN106224,1000.0,SUCCESS,REF-00006224,2026-07-23,Merchant_B,Processor_C,NGN,BANK_TRANSFER,RETAIL
TXN104300,1000.0,SUCCESS,REF-00004300,2026-07-04,Merchant_B,Processor_C,NGN,CARD,RETAIL
TXN104961,2500.0,SUCCESS,REF-00004961,2026-07-28,Merchant_A,Processor_A,NGN,CARD,RETAIL
TXN105479,5000.0,SUCCESS,REF-00005479,2026-07-27,Merchant_E,Processor_A,NGN,CARD,RETAIL
TXN107533,10000.0,FAILED,REF-00007533,2026-07-11,Merchant_E,Processor_B,NGN,CARD,RETAIL
TXN101798,1000.0,SUCCESS,REF-00001798,2026-07-22,Merchant_C,Processor_B,NGN,MOBILE_MONEY,RETAIL
TXN102014,10000.0,SUCCESS,REF-00002014,2026-07-04,Merchant_C,Processor_C,NGN,USSD,BUSINESS
TXN101002,100000.0,SUCCESS,REF-00001002,2026-07-22,Merchant_C,Processor_C,NGN,USSD,RETAIL
TXN102049,1000.0,SUCCESS,REF-00002049,2026-07-25,Merchant_C,Processor_C,NGN,USSD,BUSINESS
TXN108902,25000.0,FAILED,REF-00008902,2026-07-15,Merchant_E,Processor_B,NGN,MOBILE_MONEY,RETAIL
TXN107067,10000.0,REFUNDED,REF-00007067,2026-07-30,Merchant_D,Processor_B,NGN,USSD,BUSINESS
TXN103492,100000.0,SUCCESS,REF-00003492,2026-07-31,Merchant_A,Processor_C,NGN,USSD,RETAIL
TXN106930,5000.0,SUCCESS,REF-00006930,2026-07-03,Merchant_A,Processor_B,NGN,USSD,RETAIL
TXN102333,15000.0,REFUNDED,REF-00002333,2026-07-26,Merchant_A,Processor_C,NGN,USSD,BUSINESS
TXN108860,10000.0,SUCCESS,REF-00008860,2026-07-08,Merchant_C,Processor_A,NGN,USSD,RETAIL
TXN108609,100000.0,SUCCESS,REF-00008609,2026-07-28,Merchant_C,Processor_C,NGN,CARD,BUSINESS
TXN109931,1000.0,SUCCESS,REF-00009931,2026-07-26,Merchant_A,Processor_A,NGN,MOBILE_MONEY,RETAIL
TXN102253,50000.0,SUCCESS,REF-00002253,2026-07-21,Merchant_E,Processor_C,NGN,BANK_TRANSFER,RETAIL
TXN101688,15000.0,SUCCESS,REF-00001688,2026-07-02,Merchant_B,Processor_C,NGN,CARD,RETAIL
TXN107410,7500.0,SUCCESS,REF-00007410,2026-07-08,Merchant_E,Processor_A,NGN,MOBILE_MONEY,BUSINESS
TXN109023,5000.0,FAILED,REF-00009023,2026-07-17,Merchant_B,Processor_A,NGN,USSD,BUSINESS
TXN107150,25000.0,SUCCESS,REF-00007150,2026-07-19,Merchant_C,Processor_A,NGN,MOBILE_MONEY,BUSINESS
TXN101668,1000.0,SUCCESS,REF-00001668,2026-07-02,Merchant_E,Processor_B,NGN,USSD,RETAIL
TXN108359,1500.0,SUCCESS,REF-00008359,2026-07-10,Merchant_E,Processor_C,NGN,USSD,BUSINESS
TXN107502,1500.0,FAILED,REF-00007502,2026-07-08,Merchant_C,Processor_B,NGN,MOBILE_MONEY,RETAIL
TXN100573,15000.0,SUCCESS,REF-00000573,2026-07-13,Merchant_E,Processor_C,NGN,BANK_TRANSFER,RETAIL
TXN105871,2500.0,SUCCESS,REF-00005871,2026-07-14,Merchant_D,Processor_B,NGN,USSD,BUSINESS
TXN104148,25000.0,SUCCESS,REF-00004148,2026-07-02,Merchant_D,Processor_A,NGN,USSD,BUSINESS
TXN109932,2500.0,SUCCESS,REF-00009932,2026-07-26,Merchant_E,Processor_B,NGN,CARD,RETAIL
TXN100488,250000.0,SUCCESS,REF-00000488,2026-07-31,Merchant_D,Processor_C,NGN,MOBILE_MONEY,RETAIL
TXN106256,15000.0,SUCCESS,REF-00006256,2026-07-19,Merchant_D,Processor_A,NGN,MOBILE_MONEY,RETAIL
TXN109705,1500.0,SUCCESS,REF-00009705,2026-07-21,Merchant_C,Processor_C,NGN,MOBILE_MONEY,BUSINESS
TXN100284,10000.0,SUCCESS,REF-00000284,2026-07-02,Merchant_D,Processor_B,NGN,CARD,BUSINESS
TXN108127,100000.0,REFUNDED,REF-00008127,2026-07-16,Merchant_D,Processor_C,NGN,MOBILE_MONEY,BUSINESS
TXN106391,7500.0,SUCCESS,REF-00006391,2026-07-13,Merchant_D,Processor_B,NGN,MOBILE_MONEY,BUSINESS
TXN103081,100000.0,SUCCESS,REF-00003081,2026-07-17,Merchant_C,Processor_C,NGN,USSD,BUSINESS
TXN106719,5000.0,SUCCESS,REF-00006719,2026-07-23,Merchant_A,Processor_C,NGN,BANK_TRANSFER,BUSINESS
TXN104670,5000.0,SUCCESS,REF-00004670,2026-07-17,Merchant_A,Processor_B,NGN,BANK_TRANSFER,RETAIL
TXN109335,2500.0,REFUNDED,REF-00009335,2026-07-14,Merchant_E,Processor_C,NGN,CARD,BUSINESS
TXN100325,25000.0,SUCCESS,REF-00000325,2026-07-03,Merchant_E,Processor_A,NGN,MOBILE_MONEY,BUSINESS
TXN100846,1000.0,SUCCESS,REF-00000846,2026-07-08,Merchant_D,Processor_B,NGN,CARD,RETAIL
TXN109648,10000.0,SUCCESS,REF-00009648,2026-07-20,Merchant_A,Processor_A,NGN,BANK_TRANSFER,RETAIL
TXN100110,5000.0,SUCCESS,REF-00000110,2026-07-14,Merchant_A,Processor_A,NGN,CARD,RETAIL
TXN102806,25000.0,SUCCESS,REF-00002806,2026-07-18,Merchant_D,Processor_C,NGN,USSD,BUSINESS
TXN102196,7500.0,SUCCESS,REF-00002196,2026-07-28,Merchant_B,Processor_C,NGN,USSD,RETAIL
TXN104450,7500.0,FAILED,REF-00004450,2026-07-28,Merchant_A,Processor_C,NGN,USSD,BUSINESS
TXN103582,5000.0,SUCCESS,REF-00003582,2026-07-23,Merchant_B,Processor_C,NGN,MOBILE_MONEY,BUSINESS
TXN107293,10000.0,FAILED,REF-00007293,2026-07-06,Merchant_B,Processor_C,NGN,USSD,RETAIL
TXN108458,250000.0,SUCCESS,REF-00008458,2026-07-06,Merchant_D,Processor_B,NGN,CARD,BUSINESS
TXN105172,500.0,SUCCESS,REF-00005172,2026-07-12,Merchant_D,Processor_B,NGN,USSD,RETAIL
TXN102472,100000.0,SUCCESS,REF-00002472,2026-07-16,Merchant_C,Processor_B,NGN,MOBILE_MONEY,BUSINESS
TXN100252,50000.0,SUCCESS,REF-00000252,2026-07-27,Merchant_B,Processor_B,NGN,USSD,RETAIL
TXN108694,10000.0,SUCCESS,REF-00008694,2026-07-21,Merchant_D,Processor_B,NGN,USSD,BUSINESS
TXN105371,5000.0,SUCCESS,REF-00005371,2026-07-18,Merchant_D,Processor_B,NGN,MOBILE_MONEY,BUSINESS
TXN107341,7500.0,SUCCESS,REF-00007341,2026-07-11,Merchant_E,Processor_C,NGN,MOBILE_MONEY,RETAIL
TXN103818,50000.0,SUCCESS,REF-00003818,2026-07-27,Merchant_C,Processor_B,NGN,USSD,RETAIL
TXN107398,15000.0,SUCCESS,REF-00007398,2026-07-13,Merchant_A,Processor_B,NGN,BANK_TRANSFER,BUSINESS
TXN102397,500.0,SUCCESS,REF-00002397,2026-07-14,Merchant_C,Processor_A,NGN,USSD,BUSINESS
TXN105376,10000.0,SUCCESS,REF-00005376,2026-07-31,Merchant_E,Processor_C,NGN,CARD,BUSINESS
TXN106166,7500.0,SUCCESS,REF-00006166,2026-07-01,Merchant_E,Processor_C,NGN,MOBILE_MONEY,RETAIL
TXN107819,10000.0,SUCCESS,REF-00007819,2026-07-20,Merchant_D,Processor_A,NGN,USSD,RETAIL
TXN104912,10000.0,SUCCESS,REF-00004912,2026-07-01,Merchant_D,Processor_A,NGN,BANK_TRANSFER,RETAIL
TXN101579,10000.0,SUCCESS,REF-00001579,2026-07-08,Merchant_B,Processor_C,NGN,USSD,RETAIL
TXN100066,1500.0,SUCCESS,REF-00000066,2026-07-14,Merchant_E,Processor_B,NGN,CARD,BUSINESS
TXN101312,10000.0,SUCCESS,REF-00001312,2026-07-06,Merchant_C,Processor_C,NGN,MOBILE_MONEY,BUSINESS
TXN100416,5000.0,SUCCESS,REF-00000416,2026-07-21,Merchant_E,Processor_A,NGN,CARD,BUSINESS
TXN103523,1000.0,SUCCESS,REF-00003523,2026-07-18,Merchant_E,Processor_A,NGN,BANK_TRANSFER,BUSINESS
TXN109056,50000.0,SUCCESS,REF-00009056,2026-07-18,Merchant_D,Processor_A,NGN,CARD,RETAIL
TXN100464,250000.0,SUCCESS,REF-00000464,2026-07-06,Merchant_C,Processor_A,NGN,CARD,RETAIL
TXN105992,7500.0,REFUNDED,REF-00005992,2026-07-10,Merchant_E,Processor_C,NGN,MOBILE_MONEY,RETAIL
TXN107590,2500.0,SUCCESS,REF-00007590,2026-07-09,Merchant_D,Processor_B,NGN,CARD,RETAIL
TXN104906,250000.0,SUCCESS,REF-00004906,2026-07-07,Merchant_C,Processor_C,NGN,BANK_TRANSFER,BUSINESS
TXN101370,250000.0,FAILED,REF-00001370,2026-07-09,Merchant_D,Processor_C,NGN,BANK_TRANSFER,BUSINESS
TXN104602,100000.0,SUCCESS,REF-00004602,2026-07-23,Merchant_E,Processor_A,NGN,MOBILE_MONEY,RETAIL
TXN106914,5000.0,SUCCESS,REF-00006914,2026-07-20,Merchant_A,Processor_B,NGN,BANK_TRANSFER,BUSINESS
TXN105188,100000.0,SUCCESS,REF-00005188,2026-07-22,Merchant_A,Processor_B,NGN,BANK_TRANSFER,BUSINESS
TXN101491,5000.0,SUCCESS,REF-00001491,2026-07-24,Merchant_B,Processor_C,NGN,BANK_TRANSFER,BUSINESS
TXN104458,7500.0,SUCCESS,REF-00004458,2026-07-10,Merchant_D,Processor_C,NGN,BANK_TRANSFER,RETAIL
TXN105115,15000.0,SUCCESS,REF-00005115,2026-07-21,Merchant_D,Processor_C,NGN,BANK_TRANSFER,BUSINESS
TXN108051,1500.0,SUCCESS,REF-00008051,2026-07-27,Merchant_E,Processor_B,NGN,BANK_TRANSFER,RETAIL
TXN101083,100000.0,SUCCESS,REF-00001083,2026-07-02,Merchant_A,Processor_A,NGN,BANK_TRANSFER,RETAIL
TXN109677,1000.0,SUCCESS,REF-00009677,2026-07-07,Merchant_B,Processor_B,NGN,USSD,BUSINESS
TXN104790,1000.0,SUCCESS,REF-00004790,2026-07-02,Merchant_C,Processor_C,NGN,BANK_TRANSFER,RETAIL
TXN103606,50000.0,SUCCESS,REF-00003606,2026-07-22,Merchant_C,Processor_A,NGN,MOBILE_MONEY,RETAIL
TXN101826,1000.0,SUCCESS,REF-00001826,2026-07-10,Merchant_E,Processor_C,NGN,USSD,RETAIL
TXN105873,50000.0,SUCCESS,REF-00005873,2026-07-19,Merchant_E,Processor_B,NGN,BANK_TRANSFER,RETAIL
TXN106810,25000.0,SUCCESS,REF-00006810,2026-07-12,Merchant_E,Processor_A,NGN,BANK_TRANSFER,RETAIL
TXN104444,7500.0,SUCCESS,REF-00004444,2026-07-14,Merchant_D,Processor_C,NGN,MOBILE_MONEY,RETAIL
TXN101843,15000.0,SUCCESS,REF-00001843,2026-07-17,Merchant_D,Processor_A,NGN,BANK_TRANSFER,RETAIL
TXN108799,10000.0,REFUNDED,REF-00008799,2026-07-31,Merchant_A,Processor_B,NGN,USSD,RETAIL
TXN106551,10000.0,SUCCESS,REF-00006551,2026-07-06,Merchant_B,Processor_A,NGN,USSD,RETAIL
TXN107021,50000.0,SUCCESS,REF-00007021,2026-07-22,Merchant_A,Processor_B,NGN,MOBILE_MONEY,RETAIL
TXN108147,100000.0,SUCCESS,REF-00008147,2026-07-26,Merchant_A,Processor_B,NGN,BANK_TRANSFER,BUSINESS
TXN102920,5000.0,SUCCESS,REF-00002920,2026-07-11,Merchant_D,Processor_A,NGN,MOBILE_MONEY,BUSINESS
TXN107932,15000.0,SUCCESS,REF-00007932,2026-07-24,Merchant_E,Processor_A,NGN,BANK_TRANSFER,RETAIL
TXN104133,15000.0,SUCCESS,REF-00004133,2026-07-05,Merchant_A,Processor_B,NGN,USSD,RETAIL
TXN103096,250000.0,SUCCESS,REF-00003096,2026-07-08,Merchant_D,Processor_C,NGN,BANK_TRANSFER,BUSINESS
TXN103421,15000.0,SUCCESS,REF-00003421,2026-07-16,Merchant_C,Processor_B,NGN,BANK_TRANSFER,RETAIL
TXN105466,25000.0,FAILED,REF-00005466,2026-07-11,Merchant_B,Processor_A,NGN,USSD,RETAIL
TXN104736,10000.0,SUCCESS,REF-00004736,2026-07-03,Merchant_E,Processor_C,NGN,USSD,BUSINESS
TXN109500,10000.0,SUCCESS,REF-00009500,2026-07-24,Merchant_E,Processor_C,NGN,USSD,BUSINESS
TXN106715,7500.0,FAILED,REF-00006715,2026-07-20,Merchant_E,Processor_C,NGN,BANK_TRANSFER,BUSINESS
TXN108526,7500.0,SUCCESS,REF-00008526,2026-07-30,Merchant_B,Processor_B,NGN,MOBILE_MONEY,RETAIL
TXN107424,7500.0,SUCCESS,REF-00007424,2026-07-05,Merchant_D,Processor_C,NGN,USSD,BUSINESS
TXN106573,100000.0,SUCCESS,REF-00006573,2026-07-13,Merchant_E,Processor_A,NGN,BANK_TRANSFER,BUSINESS
TXN106194,25000.0,REFUNDED,REF-00006194,2026-07-16,Merchant_E,Processor_B,NGN,MOBILE_MONEY,BUSINESS
TXN107281,1000.0,SUCCESS,REF-00007281,2026-07-26,Merchant_D,Processor_B,NGN,CARD,RETAIL
TXN100490,7500.0,SUCCESS,REF-00000490,2026-07-26,Merchant_C,Processor_C,NGN,CARD,BUSINESS
TXN102808,10000.0,SUCCESS,REF-00002808,2026-07-26,Merchant_E,Processor_B,NGN,BANK_TRANSFER,BUSINESS
TXN105184,25000.0,SUCCESS,REF-00005184,2026-07-13,Merchant_D,Processor_C,NGN,BANK_TRANSFER,RETAIL
TXN108431,10000.0,SUCCESS,REF-00008431,2026-07-13,Merchant_C,Processor_B,NGN,USSD,RETAIL
TXN109810,1000.0,SUCCESS,REF-00009810,2026-07-30,Merchant_A,Processor_A,NGN,BANK_TRANSFER,RETAIL
TXN105491,25000.0,SUCCESS,REF-00005491,2026-07-23,Merchant_C,Processor_A,NGN,MOBILE_MONEY,RETAIL
TXN104395,50000.0,SUCCESS,REF-00004395,2026-07-04,Merchant_E,Processor_A,NGN,BANK_TRANSFER,RETAIL
TXN108669,50000.0,REFUNDED,REF-00008669,2026-07-25,Merchant_A,Processor_C,NGN,MOBILE_MONEY,RETAIL
TXN107634,15000.0,SUCCESS,REF-00007634,2026-07-02,Merchant_B,Processor_C,NGN,MOBILE_MONEY,RETAIL
TXN100556,1500.0,SUCCESS,REF-00000556,2026-07-10,Merchant_A,Processor_C,NGN,USSD,BUSINESS
TXN108247,15000.0,SUCCESS,REF-00008247,2026-07-22,Merchant_D,Processor_C,NGN,MOBILE_MONEY,BUSINESS
TXN100994,5000.0,SUCCESS,REF-00000994,2026-07-18,Merchant_D,Processor_B,NGN,BANK_TRANSFER,RETAIL
TXN100076,25000.0,SUCCESS,REF-00000076,2026-07-28,Merchant_D,Processor_A,NGN,MOBILE_MONEY,BUSINESS
TXN108983,10000.0,SUCCESS,REF-00008983,2026-07-22,Merchant_D,Processor_B,NGN,CARD,BUSINESS
TXN104027,1500.0,SUCCESS,REF-00004027,2026-07-30,Merchant_C,Processor_B,NGN,MOBILE_MONEY,RETAIL
TXN104087,15000.0,SUCCESS,REF-00004087,2026-07-08,Merchant_D,Processor_C,NGN,BANK_TRANSFER,BUSINESS
TXN103284,7500.0,SUCCESS,REF-00003284,2026-07-13,Merchant_B,Processor_B,NGN,USSD,BUSINESS
TXN107993,5000.0,SUCCESS,REF-00007993,2026-07-31,Merchant_B,Processor_C,NGN,BANK_TRANSFER,BUSINESS
TXN108735,250000.0,FAILED,REF-00008735,2026-07-20,Merchant_D,Processor_B,NGN,BANK_TRANSFER,BUSINESS
TXN107179,10000.0,SUCCESS,REF-00007179,2026-07-23,Merchant_E,Processor_B,NGN,BANK_TRANSFER,BUSINESS
TXN106043,1500.0,SUCCESS,REF-00006043,2026-07-25,Merchant_D,Processor_C,NGN,CARD,BUSINESS
TXN107807,50000.0,SUCCESS,REF-00007807,2026-07-30,Merchant_A,Processor_C,NGN,USSD,BUSINESS
TXN101540,25000.0,SUCCESS,REF-00001540,2026-07-12,Merchant_E,Processor_C,NGN,CARD,RETAIL
TXN109237,1000.0,SUCCESS,REF-00009237,2026-07-19,Merchant_A,Processor_C,NGN,MOBILE_MONEY,RETAIL
TXN104751,7500.0,SUCCESS,REF-00004751,2026-07-04,Merchant_C,Processor_A,NGN,MOBILE_MONEY,BUSINESS
TXN109978,250000.0,SUCCESS,REF-00009978,2026-07-31,Merchant_B,Processor_A,NGN,CARD,BUSINESS
TXN105415,5000.0,SUCCESS,REF-00005415,2026-07-23,Merchant_A,Processor_A,NGN,USSD,RETAIL
TXN103333,2500.0,SUCCESS,REF-00003333,2026-07-03,Merchant_A,Processor_C,NGN,MOBILE_MONEY,BUSINESS
TXN105801,1000.0,SUCCESS,REF-00005801,2026-07-10,Merchant_B,Processor_B,NGN,USSD,RETAIL
TXN105285,25000.0,SUCCESS,REF-00005285,2026-07-02,Merchant_D,Processor_A,NGN,CARD,BUSINESS
TXN101413,1000.0,SUCCESS,REF-00001413,2026-07-27,Merchant_E,Processor_A,NGN,MOBILE_MONEY,BUSINESS
TXN101538,1500.0,SUCCESS,REF-00001538,2026-07-11,Merchant_D,Processor_B,NGN,CARD,RETAIL
TXN105091,1000.0,SUCCESS,REF-00005091,2026-07-01,Merchant_B,Processor_B,NGN,MOBILE_MONEY,RETAIL
TXN107561,15000.0,SUCCESS,REF-00007561,2026-07-27,Merchant_D,Processor_B,NGN,BANK_TRANSFER,BUSINESS
TXN103708,5000.0,REFUNDED,REF-00003708,2026-07-05,Merchant_A,Processor_C,NGN,USSD,BUSINESS
TXN103266,10000.0,SUCCESS,REF-00003266,2026-07-29,Merchant_B,Processor_C,NGN,CARD,RETAIL
TXN100020,15000.0,SUCCESS,REF-00000020,2026-07-22,Merchant_A,Processor_C,NGN,BANK_TRANSFER,BUSINESS
TXN108779,5000.0,SUCCESS,REF-00008779,2026-07-06,Merchant_C,Processor_C,NGN,CARD,BUSINESS
TXN101837,5000.0,SUCCESS,REF-00001837,2026-07-13,Merchant_A,Processor_B,NGN,CARD,BUSINESS
TXN102722,25000.0,FAILED,REF-00002722,2026-07-24,Merchant_A,Processor_A,NGN,USSD,RETAIL
TXN105997,25000.0,SUCCESS,REF-00005997,2026-07-10,Merchant_B,Processor_C,NGN,CARD,BUSINESS
TXN100638,2500.0,SUCCESS,REF-00000638,2026-07-05,Merchant_A,Processor_A,NGN,USSD,RETAIL
TXN105031,10000.0,FAILED,REF-00005031,2026-07-14,Merchant_A,Processor_C,NGN,CARD,BUSINESS
TXN103836,100000.0,REFUNDED,REF-00003836,2026-07-04,Merchant_D,Processor_B,NGN,MOBILE_MONEY,BUSINESS
TXN105230,15000.0,SUCCESS,REF-00005230,2026-07-17,Merchant_A,Processor_A,NGN,BANK_TRANSFER,BUSINESS
TXN106457,7500.0,SUCCESS,REF-00006457,2026-07-06,Merchant_B,Processor_B,NGN,MOBILE_MONEY,BUSINESS
TXN104042,7500.0,SUCCESS,REF-00004042,2026-07-11,Merchant_B,Processor_A,NGN,USSD,RETAIL
TXN100246,7500.0,SUCCESS,REF-00000246,2026-07-13,Merchant_D,Processor_C,NGN,USSD,RETAIL
TXN102972,25000.0,SUCCESS,REF-00002972,2026-07-26,Merchant_E,Processor_C,NGN,BANK_TRANSFER,BUSINESS
TXN103318,50000.0,FAILED,REF-00003318,2026-07-02,Merchant_E,Processor_C,NGN,USSD,BUSINESS
TXN106478,10000.0,SUCCESS,REF-00006478,2026-07-11,Merchant_A,Processor_C,NGN,MOBILE_MONEY,BUSINESS
TXN108813,5000.0,SUCCESS,REF-00008813,2026-07-23,Merchant_D,Processor_B,NGN,BANK_TRANSFER,RETAIL
TXN107664,5000.0,SUCCESS,REF-00007664,2026-07-06,Merchant_C,Processor_B,NGN,USSD,BUSINESS
TXN107571,10000.0,REFUNDED,REF-00007571,2026-07-17,Merchant_C,Processor_C,NGN,USSD,RETAIL
TXN105125,15000.0,SUCCESS,REF-00005125,2026-07-16,Merchant_A,Processor_B,NGN,USSD,RETAIL
TXN108838,100000.0,FAILED,REF-00008838,2026-07-03,Merchant_C,Processor_B,NGN,USSD,BUSINESS
TXN107302,5000.0,SUCCESS,REF-00007302,2026-07-18,Merchant_D,Processor_B,NGN,CARD,RETAIL
TXN106121,1000.0,SUCCESS,REF-00006121,2026-07-02,Merchant_C,Processor_C,NGN,CARD,BUSINESS
TXN104471,250000.0,REFUNDED,REF-00004471,2026-07-19,Merchant_D,Processor_B,NGN,CARD,RETAIL
TXN107091,100000.0,SUCCESS,REF-00007091,2026-07-01,Merchant_D,Processor_C,NGN,USSD,BUSINESS
TXN109271,10000.0,REFUNDED,REF-00009271,2026-07-31,Merchant_B,Processor_A,NGN,CARD,RETAIL
TXN104643,1500.0,SUCCESS,REF-00004643,2026-07-19,Merchant_D,Processor_B,NGN,USSD,BUSINESS
TXN107099,100000.0,SUCCESS,REF-00007099,2026-07-12,Merchant_E,Processor_B,NGN,MOBILE_MONEY,RETAIL
TXN100184,2500.0,SUCCESS,REF-00000184,2026-07-23,Merchant_C,Processor_B,NGN,USSD,RETAIL
TXN106037,100000.0,SUCCESS,REF-00006037,2026-07-23,Merchant_C,Processor_A,NGN,BANK_TRANSFER,BUSINESS
TXN102161,15000.0,SUCCESS,REF-00002161,2026-07-05,Merchant_D,Processor_B,NGN,BANK_TRANSFER,BUSINESS
TXN103843,7500.0,SUCCESS,REF-00003843,2026-07-18,Merchant_E,Processor_C,NGN,BANK_TRANSFER,RETAIL
TXN105898,250000.0,SUCCESS,REF-00005898,2026-07-05,Merchant_D,Processor_B,NGN,USSD,RETAIL
TXN106234,5000.0,SUCCESS,REF-00006234,2026-07-08,Merchant_B,Processor_A,NGN,BANK_TRANSFER,RETAIL
TXN105795,50000.0,SUCCESS,REF-00005795,2026-07-03,Merchant_A,Processor_B,NGN,BANK_TRANSFER,RETAIL
TXN100730,1500.0,SUCCESS,REF-00000730,2026-07-18,Merchant_C,Processor_A,NGN,USSD,RETAIL
TXN104057,1000.0,SUCCESS,REF-00004057,2026-07-21,Merchant_A,Processor_B,NGN,USSD,BUSINESS
TXN100302,10000.0,SUCCESS,REF-00000302,2026-07-11,Merchant_A,Processor_B,NGN,CARD,RETAIL
TXN107850,5000.0,SUCCESS,REF-00007850,2026-07-15,Merchant_B,Processor_B,NGN,USSD,RETAIL
TXN105438,500.0,SUCCESS,REF-00005438,2026-07-13,Merchant_D,Processor_B,NGN,CARD,RETAIL
TXN102912,25000.0,REFUNDED,REF-00002912,2026-07-05,Merchant_C,Processor_B,NGN,USSD,RETAIL
TXN106590,7500.0,SUCCESS,REF-00006590,2026-07-27,Merchant_D,Processor_A,NGN,MOBILE_MONEY,BUSINESS
TXN106566,25000.0,SUCCESS,REF-00006566,2026-07-27,Merchant_C,Processor_A,NGN,BANK_TRANSFER,BUSINESS
TXN102929,7500.0,SUCCESS,REF-00002929,2026-07-13,Merchant_A,Processor_A,NGN,MOBILE_MONEY,RETAIL
TXN102776,1000.0,SUCCESS,REF-00002776,2026-07-23,Merchant_D,Processor_A,NGN,USSD,RETAIL
TXN107508,15000.0,SUCCESS,REF-00007508,2026-07-07,Merchant_B,Processor_C,NGN,MOBILE_MONEY,RETAIL
TXN107648,5000.0,SUCCESS,REF-00007648,2026-07-12,Merchant_C,Processor_B,NGN,CARD,RETAIL
TXN106433,10000.0,SUCCESS,REF-00006433,2026-07-04,Merchant_B,Processor_B,NGN,USSD,BUSINESS
TXN102184,15000.0,SUCCESS,REF-00002184,2026-07-24,Merchant_A,Processor_A,NGN,USSD,BUSINESS
TXN104856,1500.0,SUCCESS,REF-00004856,2026-07-13,Merchant_C,Processor_B,NGN,MOBILE_MONEY,BUSINESS
TXN109547,500.0,SUCCESS,REF-00009547,2026-07-02,Merchant_A,Processor_C,NGN,BANK_TRANSFER,RETAIL
TXN103605,1500.0,SUCCESS,REF-00003605,2026-07-25,Merchant_B,Processor_C,NGN,USSD,RETAIL
TXN103787,7500.0,SUCCESS,REF-00003787,2026-07-04,Merchant_C,Processor_A,NGN,BANK_TRANSFER,RETAIL
TXN102001,2500.0,SUCCESS,REF-00002001,2026-07-02,Merchant_E,Processor_A,NGN,MOBILE_MONEY,RETAIL
TXN106461,15000.0,SUCCESS,REF-00006461,2026-07-16,Merchant_B,Processor_A,NGN,MOBILE_MONEY,BUSINESS
TXN103817,50000.0,SUCCESS,REF-00003817,2026-07-17,Merchant_A,Processor_B,NGN,MOBILE_MONEY,RETAIL
TXN102865,10000.0,SUCCESS,REF-00002865,2026-07-01,Merchant_C,Processor_C,NGN,CARD,RETAIL
TXN106635,5000.0,SUCCESS,REF-00006635,2026-07-10,Merchant_D,Processor_C,NGN,USSD,BUSINESS
TXN101635,2500.0,SUCCESS,REF-00001635,2026-07-20,Merchant_C,Processor_B,NGN,MOBILE_MONEY,RETAIL
TXN102348,15000.0,SUCCESS,REF-00002348,2026-07-29,Merchant_D,Processor_A,NGN,MOBILE_MONEY,RETAIL
TXN101361,2500.0,SUCCESS,REF-00001361,2026-07-12,Merchant_E,Processor_B,NGN,CARD,RETAIL
TXN103273,10000.0,SUCCESS,REF-00003273,2026-07-14,Merchant_E,Processor_B,NGN,USSD,RETAIL
TXN108997,250000.0,SUCCESS,REF-00008997,2026-07-03,Merchant_A,Processor_A,NGN,BANK_TRANSFER,BUSINESS
TXN109392,2500.0,SUCCESS,REF-00009392,2026-07-03,Merchant_C,Processor_B,NGN,USSD,BUSINESS
TXN105173,500.0,SUCCESS,REF-00005173,2026-07-21,Merchant_E,Processor_C,NGN,MOBILE_MONEY,RETAIL
TXN106986,7500.0,SUCCESS,REF-00006986,2026-07-03,Merchant_C,Processor_B,NGN,BANK_TRANSFER,BUSINESS
TXN101028,5000.0,SUCCESS,REF-00001028,2026-07-05,Merchant_E,Processor_A,NGN,CARD,RETAIL
TXN102248,15000.0,SUCCESS,REF-00002248,2026-07-31,Merchant_D,Processor_A,NGN,CARD,BUSINESS
TXN103988,5000.0,SUCCESS,REF-00003988,2026-07-08,Merchant_B,Processor_B,NGN,MOBILE_MONEY,BUSINESS
TXN106052,10000.0,SUCCESS,REF-00006052,2026-07-18,Merchant_C,Processor_C,NGN,BANK_TRANSFER,BUSINESS
TXN105235,500.0,SUCCESS,REF-00005235,2026-07-27,Merchant_E,Processor_A,NGN,USSD,RETAIL
TXN106682,50000.0,SUCCESS,REF-00006682,2026-07-18,Merchant_D,Processor_A,NGN,MOBILE_MONEY,RETAIL
TXN104984,10000.0,SUCCESS,REF-00004984,2026-07-07,Merchant_A,Processor_B,NGN,BANK_TRANSFER,RETAIL
TXN103647,7500.0,SUCCESS,REF-00003647,2026-07-16,Merchant_E,Processor_B,NGN,BANK_TRANSFER,RETAIL
TXN102273,15000.0,SUCCESS,REF-00002273,2026-07-31,Merchant_D,Processor_A,NGN,BANK_TRANSFER,BUSINESS
TXN105600,2500.0,SUCCESS,REF-00005600,2026-07-29,Merchant_A,Processor_B,NGN,BANK_TRANSFER,BUSINESS
TXN102151,1500.0,SUCCESS,REF-00002151,2026-07-03,Merchant_D,Processor_C,NGN,CARD,RETAIL
TXN109175,2500.0,SUCCESS,REF-00009175,2026-07-04,Merchant_E,Processor_C,NGN,BANK_TRANSFER,BUSINESS
TXN103604,2500.0,SUCCESS,REF-00003604,2026-07-11,Merchant_B,Processor_A,NGN,BANK_TRANSFER,BUSINESS
TXN107811,1000.0,SUCCESS,REF-00007811,2026-07-21,Merchant_A,Processor_C,NGN,MOBILE_MONEY,BUSINESS
TXN101794,1000.0,SUCCESS,REF-00001794,2026-07-25,Merchant_C,Processor_C,NGN,CARD,RETAIL
TXN104455,1000.0,SUCCESS,REF-00004455,2026-07-21,Merchant_C,Processor_A,NGN,CARD,RETAIL
TXN108932,1500.0,SUCCESS,REF-00008932,2026-07-16,Merchant_E,Processor_A,NGN,CARD,BUSINESS
TXN104019,2500.0,SUCCESS,REF-00004019,2026-07-26,Merchant_D,Processor_C,NGN,USSD,RETAIL
TXN108130,25000.0,SUCCESS,REF-00008130,2026-07-23,Merchant_B,Processor_A,NGN,USSD,RETAIL
TXN102208,5000.0,SUCCESS,REF-00002208,2026-07-19,Merchant_E,Processor_C,NGN,CARD,BUSINESS
TXN101116,1000.0,FAILED,REF-00001116,2026-07-24,Merchant_A,Processor_B,NGN,MOBILE_MONEY,RETAIL
TXN101417,1500.0,SUCCESS,REF-00001417,2026-07-04,Merchant_D,Processor_A,NGN,BANK_TRANSFER,BUSINESS
TXN100479,10000.0,SUCCESS,REF-00000479,2026-07-31,Merchant_D,Processor_B,NGN,BANK_TRANSFER,RETAIL
TXN107669,5000.0,SUCCESS,REF-00007669,2026-07-15,Merchant_D,Processor_A,NGN,CARD,RETAIL
TXN109460,15000.0,SUCCESS,REF-00009460,2026-07-11,Merchant_A,Processor_C,NGN,CARD,BUSINESS
TXN108382,15000.0,REFUNDED,REF-00008382,2026-07-21,Merchant_E,Processor_C,NGN,USSD,RETAIL
TXN106652,5000.0,SUCCESS,REF-00006652,2026-07-23,Merchant_A,Processor_B,NGN,CARD,RETAIL
TXN109602,1500.0,SUCCESS,REF-00009602,2026-07-01,Merchant_D,Processor_C,NGN,USSD,BUSINESS
TXN109139,15000.0,FAILED,REF-00009139,2026-07-05,Merchant_D,Processor_C,NGN,CARD,RETAIL
TXN101983,10000.0,SUCCESS,REF-00001983,2026-07-18,Merchant_A,Processor_A,NGN,BANK_TRANSFER,RETAIL
TXN105009,7500.0,SUCCESS,REF-00005009,2026-07-20,Merchant_B,Processor_B,NGN,CARD,BUSINESS
TXN105663,10000.0,SUCCESS,REF-00005663,2026-07-27,Merchant_D,Processor_A,NGN,BANK_TRANSFER,BUSINESS
TXN104592,10000.0,SUCCESS,REF-00004592,2026-07-25,Merchant_E,Processor_B,NGN,CARD,BUSINESS
TXN109104,1500.0,SUCCESS,REF-00009104,2026-07-20,Merchant_B,Processor_B,NGN,USSD,BUSINESS
TXN104897,5000.0,SUCCESS,REF-00004897,2026-07-03,Merchant_C,Processor_C,NGN,CARD,BUSINESS
TXN105934,5000.0,SUCCESS,REF-00005934,2026-07-12,Merchant_B,Processor_C,NGN,MOBILE_MONEY,BUSINESS
TXN109503,100000.0,SUCCESS,REF-00009503,2026-07-17,Merchant_E,Processor_C,NGN,BANK_TRANSFER,BUSINESS
TXN100686,10000.0,SUCCESS,REF-00000686,2026-07-12,Merchant_D,Processor_B,NGN,BANK_TRANSFER,BUSINESS
TXN109485,15000.0,SUCCESS,REF-00009485,2026-07-04,Merchant_A,Processor_B,NGN,BANK_TRANSFER,RETAIL
TXN108050,1500.0,SUCCESS,REF-00008050,2026-07-28,Merchant_E,Processor_B,NGN,CARD,RETAIL
TXN106130,5000.0,SUCCESS,REF-00006130,2026-07-07,Merchant_A,Processor_C,NGN,MOBILE_MONEY,BUSINESS
TXN102962,5000.0,SUCCESS,REF-00002962,2026-07-08,Merchant_A,Processor_C,NGN,MOBILE_MONEY,RETAIL
TXN108083,1000.0,FAILED,REF-00008083,2026-07-06,Merchant_C,Processor_A,NGN,USSD,BUSINESS
TXN104514,10000.0,SUCCESS,REF-00004514,2026-07-23,Merchant_E,Processor_B,NGN,USSD,BUSINESS
TXN104024,15000.0,SUCCESS,REF-00004024,2026-07-02,Merchant_C,Processor_B,NGN,USSD,RETAIL
TXN104157,50000.0,SUCCESS,REF-00004157,2026-07-03,Merchant_B,Processor_A,NGN,MOBILE_MONEY,BUSINESS
TXN104656,50000.0,SUCCESS,REF-00004656,2026-07-17,Merchant_E,Processor_A,NGN,BANK_TRANSFER,RETAIL
TXN102206,5000.0,FAILED,REF-00002206,2026-07-30,Merchant_E,Processor_C,NGN,BANK_TRANSFER,BUSINESS
TXN102968,100000.0,SUCCESS,REF-00002968,2026-07-02,Merchant_B,Processor_C,NGN,USSD,BUSINESS
TXN107964,15000.0,SUCCESS,REF-00007964,2026-07-13,Merchant_D,Processor_A,NGN,USSD,RETAIL
TXN105389,50000.0,FAILED,REF-00005389,2026-07-16,Merchant_E,Processor_A,NGN,CARD,BUSINESS
TXN103810,25000.0,SUCCESS,REF-00003810,2026-07-11,Merchant_E,Processor_A,NGN,CARD,BUSINESS
TXN106041,1500.0,FAILED,REF-00006041,2026-07-31,Merchant_A,Processor_B,NGN,MOBILE_MONEY,RETAIL
TXN104796,1500.0,SUCCESS,REF-00004796,2026-07-22,Merchant_B,Processor_C,NGN,CARD,BUSINESS
TXN106738,2500.0,SUCCESS,REF-00006738,2026-07-17,Merchant_E,Processor_A,NGN,USSD,BUSINESS
TXN105650,25000.0,SUCCESS,REF-00005650,2026-07-04,Merchant_C,Processor_A,NGN,USSD,RETAIL
TXN106017,10000.0,SUCCESS,REF-00006017,2026-07-29,Merchant_D,Processor_A,NGN,USSD,BUSINESS
TXN106042,7500.0,SUCCESS,REF-00006042,2026-07-01,Merchant_A,Processor_B,NGN,BANK_TRANSFER,BUSINESS
TXN106040,15000.0,SUCCESS,REF-00006040,2026-07-15,Merchant_A,Processor_C,NGN,USSD,RETAIL
TXN108457,5000.0,SUCCESS,REF-00008457,2026-07-15,Merchant_B,Processor_B,NGN,CARD,BUSINESS
TXN108436,7500.0,SUCCESS,REF-00008436,2026-07-10,Merchant_C,Processor_A,NGN,MOBILE_MONEY,BUSINESS
TXN102698,25000.0,FAILED,REF-00002698,2026-07-30,Merchant_C,Processor_C,NGN,CARD,BUSINESS
TXN101559,100000.0,SUCCESS,REF-00001559,2026-07-08,Merchant_E,Processor_B,NGN,BANK_TRANSFER,BUSINESS
TXN102320,100000.0,SUCCESS,REF-00002320,2026-07-03,Merchant_D,Processor_C,NGN,CARD,BUSINESS
TXN107314,1000.0,SUCCESS,REF-00007314,2026-07-20,Merchant_A,Processor_C,NGN,CARD,RETAIL
TXN109288,7500.0,SUCCESS,REF-00009288,2026-07-23,Merchant_A,Processor_B,NGN,BANK_TRANSFER,RETAIL
TXN100187,10000.0,SUCCESS,REF-00000187,2026-07-07,Merchant_B,Processor_C,NGN,CARD,BUSINESS
TXN103290,1000.0,SUCCESS,REF-00003290,2026-07-04,Merchant_C,Processor_B,NGN,BANK_TRANSFER,BUSINESS
TXN108387,5000.0,SUCCESS,REF-00008387,2026-07-07,Merchant_A,Processor_A,NGN,CARD,BUSINESS
TXN101460,7500.0,SUCCESS,REF-00001460,2026-07-01,Merchant_E,Processor_C,NGN,BANK_TRANSFER,BUSINESS
TXN108803,250000.0,SUCCESS,REF-00008803,2026-07-09,Merchant_A,Processor_B,NGN,MOBILE_MONEY,RETAIL
TXN104446,1500.0,FAILED,REF-00004446,2026-07-30,Merchant_E,Processor_A,NGN,MOBILE_MONEY,BUSINESS
TXN103789,250000.0,SUCCESS,REF-00003789,2026-07-16,Merchant_C,Processor_C,NGN,BANK_TRANSFER,RETAIL
TXN109305,1500.0,SUCCESS,REF-00009305,2026-07-27,Merchant_E,Processor_B,NGN,USSD,BUSINESS
TXN101924,50000.0,SUCCESS,REF-00001924,2026-07-12,Merchant_A,Processor_B,NGN,BANK_TRANSFER,BUSINESS
TXN102500,50000.0,SUCCESS,REF-00002500,2026-07-26,Merchant_A,Processor_B,NGN,CARD,BUSINESS
TXN104055,500.0,SUCCESS,REF-00004055,2026-07-04,Merchant_C,Processor_C,NGN,USSD,BUSINESS
TXN104091,5000.0,SUCCESS,REF-00004091,2026-07-11,Merchant_E,Processor_B,NGN,USSD,BUSINESS
TXN102389,15000.0,SUCCESS,REF-00002389,2026-07-12,Merchant_A,Processor_B,NGN,USSD,BUSINESS
TXN107947,25000.0,SUCCESS,REF-00007947,2026-07-07,Merchant_E,Processor_B,NGN,BANK_TRANSFER,RETAIL
TXN100567,7500.0,SUCCESS,REF-00000567,2026-07-12,Merchant_A,Processor_B,NGN,BANK_TRANSFER,RETAIL
TXN102313,25000.0,SUCCESS,REF-00002313,2026-07-18,Merchant_E,Processor_B,NGN,USSD,RETAIL
TXN102635,15000.0,SUCCESS,REF-00002635,2026-07-21,Merchant_A,Processor_B,NGN,BANK_TRANSFER,BUSINESS
TXN107758,100000.0,SUCCESS,REF-00007758,2026-07-23,Merchant_C,Processor_A,NGN,MOBILE_MONEY,BUSINESS
TXN102056,7500.0,SUCCESS,REF-00002056,2026-07-30,Merchant_D,Processor_B,NGN,CARD,RETAIL
TXN102466,7500.0,SUCCESS,REF-00002466,2026-07-09,Merchant_B,Processor_C,NGN,CARD,RETAIL
TXN108067,5000.0,SUCCESS,REF-00008067,2026-07-26,Merchant_C,Processor_C,NGN,CARD,RETAIL
TXN105558,5000.0,FAILED,REF-00005558,2026-07-28,Merchant_B,Processor_A,NGN,BANK_TRANSFER,BUSINESS
TXN105874,7500.0,SUCCESS,REF-00005874,2026-07-22,Merchant_A,Processor_C,NGN,CARD,BUSINESS
TXN107119,10000.0,SUCCESS,REF-00007119,2026-07-31,Merchant_E,Processor_B,NGN,MOBILE_MONEY,BUSINESS
TXN100271,50000.0,SUCCESS,REF-00000271,2026-07-20,Merchant_A,Processor_C,NGN,CARD,RETAIL
TXN100390,250000.0,FAILED,REF-00000390,2026-07-04,Merchant_C,Processor_B,NGN,MOBILE_MONEY,BUSINESS
TXN108174,15000.0,FAILED,REF-00008174,2026-07-29,Merchant_A,Processor_B,NGN,BANK_TRANSFER,BUSINESS
TXN106294,50000.0,SUCCESS,REF-00006294,2026-07-13,Merchant_E,Processor_B,NGN,BANK_TRANSFER,RETAIL
TXN106004,1500.0,REFUNDED,REF-00006004,2026-07-27,Merchant_B,Processor_B,NGN,CARD,RETAIL
TXN108367,25000.0,SUCCESS,REF-00008367,2026-07-07,Merchant_D,Processor_C,NGN,USSD,RETAIL
TXN104702,15000.0,SUCCESS,REF-00004702,2026-07-10,Merchant_E,Processor_B,NGN,MOBILE_MONEY,BUSINESS
TXN106323,5000.0,SUCCESS,REF-00006323,2026-07-17,Merchant_E,Processor_C,NGN,USSD,RETAIL
TXN105561,250000.0,SUCCESS,REF-00005561,2026-07-23,Merchant_A,Processor_B,NGN,MOBILE_MONEY,BUSINESS
TXN109024,10000.0,SUCCESS,REF-00009024,2026-07-03,Merchant_C,Processor_A,NGN,BANK_TRANSFER,BUSINESS
TXN103179,15000.0,SUCCESS,REF-00003179,2026-07-12,Merchant_A,Processor_A,NGN,BANK_TRANSFER,BUSINESS
TXN106394,250000.0,SUCCESS,REF-00006394,2026-07-15,Merchant_A,Processor_A,NGN,MOBILE_MONEY,BUSINESS
TXN105035,5000.0,SUCCESS,REF-00005035,2026-07-02,Merchant_E,Processor_A,NGN,MOBILE_MONEY,BUSINESS
TXN103769,1000.0,SUCCESS,REF-00003769,2026-07-23,Merchant_E,Processor_C,NGN,BANK_TRANSFER,RETAIL
TXN101634,100000.0,SUCCESS,REF-00001634,2026-07-17,Merchant_D,Processor_C,NGN,MOBILE_MONEY,RETAIL
TXN101732,10000.0,SUCCESS,REF-00001732,2026-07-31,Merchant_A,Processor_B,NGN,MOBILE_MONEY,RETAIL
TXN102448,1000.0,SUCCESS,REF-00002448,2026-07-30,Merchant_B,Processor_C,NGN,USSD,RETAIL
TXN101565,7500.0,SUCCESS,REF-00001565,2026-07-14,Merchant_C,Processor_C,NGN,CARD,BUSINESS
TXN100419,25000.0,SUCCESS,REF-00000419,2026-07-24,Merchant_B,Processor_C,NGN,USSD,RETAIL
TXN101335,15000.0,SUCCESS,REF-00001335,2026-07-20,Merchant_C,Processor_A,NGN,BANK_TRANSFER,BUSINESS
TXN104983,50000.0,SUCCESS,REF-00004983,2026-07-21,Merchant_D,Processor_C,NGN,USSD,RETAIL
TXN106651,50000.0,SUCCESS,REF-00006651,2026-07-19,Merchant_C,Processor_C,NGN,BANK_TRANSFER,BUSINESS
TXN102733,250000.0,SUCCESS,REF-00002733,2026-07-02,Merchant_A,Processor_C,NGN,MOBILE_MONEY,BUSINESS
TXN106011,50000.0,SUCCESS,REF-00006011,2026-07-31,Merchant_A,Processor_A,NGN,CARD,BUSINESS
TXN109929,100000.0,REFUNDED,REF-00009929,2026-07-08,Merchant_D,Processor_B,NGN,BANK_TRANSFER,RETAIL
TXN108278,7500.0,SUCCESS,REF-00008278,2026-07-04,Merchant_D,Processor_B,NGN,CARD,BUSINESS
TXN107216,10000.0,SUCCESS,REF-00007216,2026-07-13,Merchant_D,Processor_B,NGN,CARD,RETAIL
TXN103494,15000.0,SUCCESS,REF-00003494,2026-07-04,Merchant_D,Processor_A,NGN,USSD,BUSINESS
TXN102288,10000.0,SUCCESS,REF-00002288,2026-07-28,Merchant_C,Processor_C,NGN,BANK_TRANSFER,BUSINESS
TXN109935,1000.0,SUCCESS,REF-00009935,2026-07-02,Merchant_A,Processor_B,NGN,USSD,BUSINESS
TXN104924,1000.0,SUCCESS,REF-00004924,2026-07-03,Merchant_A,Processor_C,NGN,MOBILE_MONEY,RETAIL
TXN108161,1500.0,SUCCESS,REF-00008161,2026-07-28,Merchant_D,Processor_A,NGN,MOBILE_MONEY,BUSINESS
TXN105694,25000.0,SUCCESS,REF-00005694,2026-07-11,Merchant_C,Processor_B,NGN,BANK_TRANSFER,RETAIL
TXN105504,5000.0,SUCCESS,REF-00005504,2026-07-30,Merchant_B,Processor_B,NGN,BANK_TRANSFER,RETAIL
TXN107662,25000.0,REFUNDED,REF-00007662,2026-07-26,Merchant_E,Processor_B,NGN,MOBILE_MONEY,RETAIL
TXN106162,2500.0,SUCCESS,REF-00006162,2026-07-19,Merchant_B,Processor_C,NGN,BANK_TRANSFER,BUSINESS
TXN102159,25000.0,SUCCESS,REF-00002159,2026-07-04,Merchant_D,Processor_A,NGN,USSD,BUSINESS
TXN100729,1500.0,SUCCESS,REF-00000729,2026-07-21,Merchant_E,Processor_C,NGN,USSD,RETAIL
TXN101316,10000.0,SUCCESS,REF-00001316,2026-07-24,Merchant_A,Processor_A,NGN,BANK_TRANSFER,RETAIL
TXN106421,7500.0,SUCCESS,REF-00006421,2026-07-30,Merchant_E,Processor_B,NGN,USSD,BUSINESS
TXN107649,15000.0,REFUNDED,REF-00007649,2026-07-25,Merchant_B,Processor_B,NGN,BANK_TRANSFER,BUSINESS
TXN102558,1000.0,FAILED,REF-00002558,2026-07-26,Merchant_C,Processor_A,NGN,USSD,BUSINESS
TXN101341,7500.0,SUCCESS,REF-00001341,2026-07-01,Merchant_B,Processor_A,NGN,USSD,BUSINESS
TXN102684,5000.0,SUCCESS,REF-00002684,2026-07-13,Merchant_A,Processor_A,NGN,CARD,BUSINESS
TXN101663,10000.0,SUCCESS,REF-00001663,2026-07-01,Merchant_B,Processor_C,NGN,USSD,RETAIL
TXN101325,5000.0,SUCCESS,REF-00001325,2026-07-26,Merchant_E,Processor_B,NGN,BANK_TRANSFER,BUSINESS
TXN109756,2500.0,SUCCESS,REF-00009756,2026-07-06,Merchant_C,Processor_C,NGN,USSD,RETAIL
TXN109478,5000.0,SUCCESS,REF-00009478,2026-07-25,Merchant_A,Processor_A,NGN,USSD,BUSINESS
TXN109907,500.0,SUCCESS,REF-00009907,2026-07-27,Merchant_B,Processor_B,NGN,MOBILE_MONEY,BUSINESS
TXN108621,1500.0,SUCCESS,REF-00008621,2026-07-26,Merchant_B,Processor_C,NGN,BANK_TRANSFER,BUSINESS
TXN109887,50000.0,SUCCESS,REF-00009887,2026-07-17,Merchant_B,Processor_B,NGN,USSD,RETAIL
TXN102085,10000.0,SUCCESS,REF-00002085,2026-07-24,Merchant_E,Processor_C,NGN,CARD,RETAIL
TXN106608,100000.0,SUCCESS,REF-00006608,2026-07-19,Merchant_A,Processor_B,NGN,MOBILE_MONEY,RETAIL
TXN103291,100000.0,SUCCESS,REF-00003291,2026-07-25,Merchant_A,Processor_B,NGN,CARD,RETAIL
TXN106813,50000.0,SUCCESS,REF-00006813,2026-07-27,Merchant_E,Processor_B,NGN,CARD,BUSINESS
TXN105365,250000.0,SUCCESS,REF-00005365,2026-07-05,Merchant_A,Processor_B,NGN,MOBILE_MONEY,BUSINESS
TXN100938,1000.0,SUCCESS,REF-00000938,2026-07-16,Merchant_C,Processor_A,NGN,CARD,BUSINESS
TXN100108,2500.0,SUCCESS,REF-00000108,2026-07-15,Merchant_A,Processor_B,NGN,BANK_TRANSFER,BUSINESS
TXN108318,50000.0,SUCCESS,REF-00008318,2026-07-26,Merchant_A,Processor_A,NGN,BANK_TRANSFER,BUSINESS
TXN107914,500.0,SUCCESS,REF-00007914,2026-07-12,Merchant_B,Processor_B,NGN,CARD,RETAIL
TXN102034,15000.0,SUCCESS,REF-00002034,2026-07-13,Merchant_A,Processor_A,NGN,BANK_TRANSFER,BUSINESS
TXN100969,10000.0,SUCCESS,REF-00000969,2026-07-16,Merchant_A,Processor_C,NGN,USSD,RETAIL
TXN100793,15000.0,SUCCESS,REF-00000793,2026-07-21,Merchant_A,Processor_C,NGN,USSD,RETAIL
TXN103271,500.0,SUCCESS,REF-00003271,2026-07-14,Merchant_A,Processor_C,NGN,USSD,RETAIL
TXN106519,1500.0,SUCCESS,REF-00006519,2026-07-13,Merchant_D,Processor_A,NGN,CARD,RETAIL
TXN103431,250000.0,FAILED,REF-00003431,2026-07-10,Merchant_E,Processor_C,NGN,CARD,RETAIL
TXN104551,500.0,SUCCESS,REF-00004551,2026-07-14,Merchant_A,Processor_C,NGN,BANK_TRANSFER,RETAIL
TXN104947,25000.0,SUCCESS,REF-00004947,2026-07-29,Merchant_A,Processor_A,NGN,BANK_TRANSFER,BUSINESS
TXN100114,15000.0,SUCCESS,REF-00000114,2026-07-30,Merchant_C,Processor_C,NGN,BANK_TRANSFER,BUSINESS
TXN105581,5000.0,SUCCESS,REF-00005581,2026-07-16,Merchant_A,Processor_B,NGN,CARD,BUSINESS
TXN101988,7500.0,SUCCESS,REF-00001988,2026-07-03,Merchant_C,Processor_B,NGN,BANK_TRANSFER,BUSINESS
TXN106131,25000.0,FAILED,REF-00006131,2026-07-29,Merchant_D,Processor_C,NGN,USSD,RETAIL
TXN101365,1500.0,SUCCESS,REF-00001365,2026-07-02,Merchant_E,Processor_A,NGN,USSD,BUSINESS
TXN104791,250000.0,SUCCESS,REF-00004791,2026-07-11,Merchant_D,Processor_A,NGN,MOBILE_MONEY,RETAIL
TXN104088,50000.0,SUCCESS,REF-00004088,2026-07-05,Merchant_C,Processor_A,NGN,MOBILE_MONEY,RETAIL
TXN103741,50000.0,SUCCESS,REF-00003741,2026-07-30,Merchant_E,Processor_C,NGN,MOBILE_MONEY,BUSINESS
TXN104165,5000.0,SUCCESS,REF-00004165,2026-07-24,Merchant_C,Processor_B,NGN,USSD,RETAIL
TXN107711,5000.0,SUCCESS,REF-00007711,2026-07-22,Merchant_A,Processor_A,NGN,CARD,BUSINESS
TXN102349,500.0,SUCCESS,REF-00002349,2026-07-29,Merchant_A,Processor_B,NGN,BANK_TRANSFER,BUSINESS
TXN109363,2500.0,SUCCESS,REF-00009363,2026-07-23,Merchant_E,Processor_C,NGN,BANK_TRANSFER,BUSINESS
TXN100863,7500.0,SUCCESS,REF-00000863,2026-07-29,Merchant_B,Processor_B,NGN,CARD,BUSINESS
TXN105424,7500.0,FAILED,REF-00005424,2026-07-19,Merchant_E,Processor_A,NGN,MOBILE_MONEY,BUSINESS
TXN100451,10000.0,REFUNDED,REF-00000451,2026-07-29,Merchant_D,Processor_C,NGN,CARD,BUSINESS
TXN102339,7500.0,SUCCESS,REF-00002339,2026-07-29,Merchant_D,Processor_B,NGN,USSD,BUSINESS
TXN104122,25000.0,SUCCESS,REF-00004122,2026-07-05,Merchant_E,Processor_C,NGN,CARD,BUSINESS
TXN107211,1500.0,SUCCESS,REF-00007211,2026-07-12,Merchant_A,Processor_C,NGN,USSD,RETAIL
TXN106849,1000.0,SUCCESS,REF-00006849,2026-07-05,Merchant_A,Processor_C,NGN,USSD,BUSINESS
TXN108471,5000.0,SUCCESS,REF-00008471,2026-07-21,Merchant_C,Processor_B,NGN,MOBILE_MONEY,RETAIL
TXN105969,50000.0,SUCCESS,REF-00005969,2026-07-22,Merchant_D,Processor_C,NGN,BANK_TRANSFER,RETAIL
TXN107291,1000.0,SUCCESS,REF-00007291,2026-07-26,Merchant_B,Processor_C,NGN,MOBILE_MONEY,BUSINESS
TXN101934,15000.0,SUCCESS,REF-00001934,2026-07-15,Merchant_E,Processor_B,NGN,USSD,BUSINESS
TXN108495,250000.0,FAILED,REF-00008495,2026-07-05,Merchant_E,Processor_A,NGN,MOBILE_MONEY,BUSINESS
TXN100414,15000.0,FAILED,REF-00000414,2026-07-01,Merchant_B,Processor_A,NGN,BANK_TRANSFER,BUSINESS
TXN109709,10000.0,SUCCESS,REF-00009709,2026-07-11,Merchant_E,Processor_C,NGN,MOBILE_MONEY,BUSINESS
TXN109522,100000.0,SUCCESS,REF-00009522,2026-07-24,Merchant_A,Processor_B,NGN,USSD,RETAIL
TXN108544,7500.0,SUCCESS,REF-00008544,2026-07-28,Merchant_C,Processor_A,NGN,BANK_TRANSFER,BUSINESS
TXN101313,50000.0,REFUNDED,REF-00001313,2026-07-22,Merchant_B,Processor_C,NGN,MOBILE_MONEY,BUSINESS
TXN107164,25000.0,FAILED,REF-00007164,2026-07-19,Merchant_C,Processor_A,NGN,CARD,RETAIL
TXN101962,50000.0,SUCCESS,REF-00001962,2026-07-16,Merchant_A,Processor_A,NGN,BANK_TRANSFER,RETAIL
TXN103165,10000.0,SUCCESS,REF-00003165,2026-07-20,Merchant_B,Processor_B,NGN,MOBILE_MONEY,RETAIL
TXN105162,5000.0,SUCCESS,REF-00005162,2026-07-09,Merchant_A,Processor_C,NGN,CARD,RETAIL
TXN105005,1000.0,SUCCESS,REF-00005005,2026-07-04,Merchant_B,Processor_A,NGN,BANK_TRANSFER,RETAIL
TXN101437,25000.0,FAILED,REF-00001437,2026-07-17,Merchant_A,Processor_C,NGN,CARD,BUSINESS
TXN100071,2500.0,SUCCESS,REF-00000071,2026-07-21,Merchant_D,Processor_A,NGN,MOBILE_MONEY,BUSINESS
TXN107941,15000.0,SUCCESS,REF-00007941,2026-07-15,Merchant_A,Processor_C,NGN,CARD,RETAIL
TXN109496,10000.0,FAILED,REF-00009496,2026-07-21,Merchant_D,Processor_C,NGN,CARD,RETAIL
TXN101965,10000.0,SUCCESS,REF-00001965,2026-07-23,Merchant_B,Processor_B,NGN,USSD,BUSINESS
TXN105152,100000.0,REFUNDED,REF-00005152,2026-07-22,Merchant_C,Processor_B,NGN,CARD,RETAIL
TXN108416,25000.0,SUCCESS,REF-00008416,2026-07-25,Merchant_E,Processor_C,NGN,BANK_TRANSFER,RETAIL
TXN102155,2500.0,SUCCESS,REF-00002155,2026-07-29,Merchant_D,Processor_B,NGN,CARD,RETAIL
TXN108798,1500.0,SUCCESS,REF-00008798,2026-07-04,Merchant_D,Processor_B,NGN,CARD,RETAIL
TXN101097,1500.0,SUCCESS,REF-00001097,2026-07-01,Merchant_B,Processor_B,NGN,BANK_TRANSFER,BUSINESS
TXN102400,5000.0,SUCCESS,REF-00002400,2026-07-29,Merchant_B,Processor_A,NGN,MOBILE_MONEY,RETAIL
TXN103231,15000.0,SUCCESS,REF-00003231,2026-07-12,Merchant_C,Processor_B,NGN,MOBILE_MONEY,RETAIL
TXN107103,15000.0,SUCCESS,REF-00007103,2026-07-25,Merchant_A,Processor_B,NGN,CARD,RETAIL
TXN103728,1500.0,SUCCESS,REF-00003728,2026-07-14,Merchant_E,Processor_B,NGN,BANK_TRANSFER,RETAIL
TXN101418,7500.0,SUCCESS,REF-00001418,2026-07-25,Merchant_C,Processor_A,NGN,CARD,RETAIL
TXN105569,250000.0,SUCCESS,REF-00005569,2026-07-23,Merchant_C,Processor_C,NGN,BANK_TRANSFER,BUSINESS
TXN102134,25000.0,SUCCESS,REF-00002134,2026-07-23,Merchant_D,Processor_C,NGN,BANK_TRANSFER,BUSINESS
TXN105156,1500.0,SUCCESS,REF-00005156,2026-07-04,Merchant_D,Processor_A,NGN,MOBILE_MONEY,BUSINESS
TXN109940,100000.0,SUCCESS,REF-00009940,2026-07-13,Merchant_C,Processor_A,NGN,CARD,BUSINESS
TXN102721,25000.0,SUCCESS,REF-00002721,2026-07-12,Merchant_C,Processor_C,NGN,CARD,BUSINESS
TXN105489,100000.0,SUCCESS,REF-00005489,2026-07-22,Merchant_C,Processor_A,NGN,CARD,RETAIL
TXN102058,15000.0,SUCCESS,REF-00002058,2026-07-31,Merchant_A,Processor_C,NGN,CARD,RETAIL
TXN108406,500.0,FAILED,REF-00008406,2026-07-29,Merchant_C,Processor_A,NGN,CARD,BUSINESS
TXN108849,1000.0,SUCCESS,REF-00008849,2026-07-28,Merchant_A,Processor_B,NGN,CARD,BUSINESS
TXN101115,10000.0,SUCCESS,REF-00001115,2026-07-20,Merchant_A,Processor_A,NGN,USSD,RETAIL
TXN107358,2500.0,SUCCESS,REF-00007358,2026-07-07,Merchant_C,Processor_B,NGN,CARD,BUSINESS
TXN104121,10000.0,SUCCESS,REF-00004121,2026-07-27,Merchant_D,Processor_C,NGN,USSD,BUSINESS
TXN105752,1000.0,SUCCESS,REF-00005752,2026-07-23,Merchant_B,Processor_A,NGN,USSD,BUSINESS
TXN107724,100000.0,SUCCESS,REF-00007724,2026-07-28,Merchant_B,Processor_B,NGN,USSD,BUSINESS
TXN103731,250000.0,SUCCESS,REF-00003731,2026-07-05,Merchant_B,Processor_A,NGN,CARD,RETAIL
TXN108126,1500.0,SUCCESS,REF-00008126,2026-07-26,Merchant_B,Processor_B,NGN,BANK_TRANSFER,BUSINESS
TXN103691,10000.0,SUCCESS,REF-00003691,2026-07-31,Merchant_B,Processor_B,NGN,MOBILE_MONEY,BUSINESS
TXN101430,7500.0,SUCCESS,REF-00001430,2026-07-06,Merchant_B,Processor_C,NGN,BANK_TRANSFER,BUSINESS
TXN108759,10000.0,SUCCESS,REF-00008759,2026-07-22,Merchant_E,Processor_B,NGN,BANK_TRANSFER,BUSINESS
TXN106599,10000.0,SUCCESS,REF-00006599,2026-07-16,Merchant_A,Processor_B,NGN,CARD,RETAIL
TXN102147,5000.0,SUCCESS,REF-00002147,2026-07-30,Merchant_E,Processor_C,NGN,BANK_TRANSFER,RETAIL
TXN100131,2500.0,SUCCESS,REF-00000131,2026-07-15,Merchant_E,Processor_B,NGN,BANK_TRANSFER,RETAIL
TXN103595,15000.0,SUCCESS,REF-00003595,2026-07-14,Merchant_C,Processor_C,NGN,CARD,RETAIL
TXN109146,5000.0,SUCCESS,REF-00009146,2026-07-22,Merchant_D,Processor_C,NGN,CARD,BUSINESS
TXN107617,25000.0,SUCCESS,REF-00007617,2026-07-15,Merchant_E,Processor_B,NGN,MOBILE_MONEY,RETAIL
TXN104689,250000.0,SUCCESS,REF-00004689,2026-07-19,Merchant_A,Processor_A,NGN,MOBILE_MONEY,BUSINESS
TXN101987,10000.0,SUCCESS,REF-00001987,2026-07-07,Merchant_B,Processor_B,NGN,USSD,RETAIL
TXN103012,5000.0,SUCCESS,REF-00003012,2026-07-26,Merchant_E,Processor_C,NGN,MOBILE_MONEY,RETAIL
TXN105804,5000.0,SUCCESS,REF-00005804,2026-07-31,Merchant_C,Processor_A,NGN,CARD,BUSINESS
TXN107789,10000.0,SUCCESS,REF-00007789,2026-07-30,Merchant_B,Processor_B,NGN,BANK_TRANSFER,BUSINESS
TXN105893,2500.0,SUCCESS,REF-00005893,2026-07-26,Merchant_C,Processor_C,NGN,CARD,RETAIL
TXN106533,500.0,SUCCESS,REF-00006533,2026-07-15,Merchant_A,Processor_B,NGN,CARD,RETAIL
TXN106160,1500.0,SUCCESS,REF-00006160,2026-07-15,Merchant_C,Processor_A,NGN,BANK_TRANSFER,BUSINESS
TXN103178,50000.0,SUCCESS,REF-00003178,2026-07-24,Merchant_D,Processor_C,NGN,MOBILE_MONEY,BUSINESS
TXN108896,5000.0,SUCCESS,REF-00008896,2026-07-19,Merchant_E,Processor_A,NGN,BANK_TRANSFER,BUSINESS
TXN102417,500.0,SUCCESS,REF-00002417,2026-07-20,Merchant_A,Processor_C,NGN,CARD,BUSINESS
TXN101053,50000.0,SUCCESS,REF-00001053,2026-07-02,Merchant_B,Processor_B,NGN,MOBILE_MONEY,BUSINESS
TXN105404,5000.0,FAILED,REF-00005404,2026-07-24,Merchant_C,Processor_A,NGN,CARD,BUSINESS
TXN107550,100000.0,SUCCESS,REF-00007550,2026-07-18,Merchant_E,Processor_C,NGN,CARD,BUSINESS
TXN100631,100000.0,SUCCESS,REF-00000631,2026-07-19,Merchant_E,Processor_B,NGN,MOBILE_MONEY,BUSINESS
TXN105118,25000.0,SUCCESS,REF-00005118,2026-07-19,Merchant_E,Processor_B,NGN,BANK_TRANSFER,RETAIL
TXN101583,10000.0,SUCCESS,REF-00001583,2026-07-09,Merchant_C,Processor_B,NGN,USSD,BUSINESS
TXN104041,5000.0,SUCCESS,REF-00004041,2026-07-18,Merchant_A,Processor_A,NGN,MOBILE_MONEY,BUSINESS
TXN101918,7500.0,SUCCESS,REF-00001918,2026-07-30,Merchant_B,Processor_B,NGN,CARD,RETAIL
TXN103723,1500.0,SUCCESS,REF-00003723,2026-07-17,Merchant_E,Processor_A,NGN,CARD,BUSINESS
TXN101511,25000.0,SUCCESS,REF-00001511,2026-07-11,Merchant_A,Processor_A,NGN,MOBILE_MONEY,BUSINESS
TXN107562,1000.0,SUCCESS,REF-00007562,2026-07-31,Merchant_C,Processor_A,NGN,CARD,BUSINESS
TXN103862,5000.0,SUCCESS,REF-00003862,2026-07-21,Merchant_C,Processor_C,NGN,USSD,RETAIL
TXN105848,5000.0,SUCCESS,REF-00005848,2026-07-24,Merchant_A,Processor_A,NGN,MOBILE_MONEY,BUSINESS
TXN101711,1000.0,SUCCESS,REF-00001711,2026-07-05,Merchant_B,Processor_A,NGN,CARD,RETAIL
TXN105718,1000.0,SUCCESS,REF-00005718,2026-07-02,Merchant_A,Processor_C,NGN,USSD,BUSINESS
TXN105113,25000.0,SUCCESS,REF-00005113,2026-07-30,Merchant_B,Processor_A,NGN,CARD,RETAIL
TXN101516,15000.0,SUCCESS,REF-00001516,2026-07-30,Merchant_B,Processor_B,NGN,MOBILE_MONEY,RETAIL
TXN103445,15000.0,FAILED,REF-00003445,2026-07-29,Merchant_C,Processor_B,NGN,BANK_TRANSFER,BUSINESS
TXN104287,10000.0,SUCCESS,REF-00004287,2026-07-27,Merchant_C,Processor_B,NGN,USSD,RETAIL
TXN108599,15000.0,SUCCESS,REF-00008599,2026-07-23,Merchant_B,Processor_A,NGN,MOBILE_MONEY,RETAIL
TXN104652,10000.0,SUCCESS,REF-00004652,2026-07-31,Merchant_D,Processor_B,NGN,MOBILE_MONEY,RETAIL
TXN109270,5000.0,SUCCESS,REF-00009270,2026-07-01,Merchant_A,Processor_B,NGN,MOBILE_MONEY,RETAIL
TXN101039,5000.0,SUCCESS,REF-00001039,2026-07-13,Merchant_D,Processor_A,NGN,BANK_TRANSFER,RETAIL
TXN103003,15000.0,SUCCESS,REF-00003003,2026-07-27,Merchant_D,Processor_C,NGN,CARD,BUSINESS
TXN103588,1500.0,SUCCESS,REF-00003588,2026-07-18,Merchant_C,Processor_A,NGN,BANK_TRANSFER,BUSINESS
TXN105543,50000.0,SUCCESS,REF-00005543,2026-07-13,Merchant_D,Processor_C,NGN,MOBILE_MONEY,BUSINESS
TXN105323,250000.0,FAILED,REF-00005323,2026-07-08,Merchant_C,Processor_C,NGN,USSD,RETAIL
TXN104510,1500.0,FAILED,REF-00004510,2026-07-23,Merchant_D,Processor_B,NGN,CARD,BUSINESS
TXN101508,15000.0,SUCCESS,REF-00001508,2026-07-04,Merchant_E,Processor_A,NGN,BANK_TRANSFER,RETAIL
TXN105131,10000.0,REFUNDED,REF-00005131,2026-07-16,Merchant_A,Processor_A,NGN,USSD,RETAIL
TXN103702,5000.0,SUCCESS,REF-00003702,2026-07-20,Merchant_C,Processor_B,NGN,MOBILE_MONEY,RETAIL
TXN104926,7500.0,FAILED,REF-00004926,2026-07-31,Merchant_A,Processor_A,NGN,USSD,RETAIL
TXN106360,1000.0,SUCCESS,REF-00006360,2026-07-02,Merchant_E,Processor_A,NGN,USSD,RETAIL
TXN107380,7500.0,SUCCESS,REF-00007380,2026-07-10,Merchant_C,Processor_A,NGN,MOBILE_MONEY,RETAIL
TXN109197,250000.0,SUCCESS,REF-00009197,2026-07-10,Merchant_E,Processor_A,NGN,BANK_TRANSFER,BUSINESS
TXN104822,5000.0,SUCCESS,REF-00004822,2026-07-26,Merchant_C,Processor_C,NGN,MOBILE_MONEY,RETAIL
TXN101840,5000.0,SUCCESS,REF-00001840,2026-07-07,Merchant_A,Processor_A,NGN,USSD,BUSINESS
TXN101546,50000.0,SUCCESS,REF-00001546,2026-07-05,Merchant_A,Processor_C,NGN,MOBILE_MONEY,BUSINESS
TXN105706,100000.0,SUCCESS,REF-00005706,2026-07-05,Merchant_C,Processor_C,NGN,CARD,RETAIL
TXN106305,7500.0,SUCCESS,REF-00006305,2026-07-29,Merchant_B,Processor_A,NGN,CARD,RETAIL
TXN107809,500.0,SUCCESS,REF-00007809,2026-07-03,Merchant_A,Processor_B,NGN,USSD,RETAIL
TXN108043,25000.0,SUCCESS,REF-00008043,2026-07-31,Merchant_B,Processor_C,NGN,MOBILE_MONEY,BUSINESS
TXN107339,10000.0,SUCCESS,REF-00007339,2026-07-19,Merchant_B,Processor_C,NGN,USSD,RETAIL
TXN102425,100000.0,SUCCESS,REF-00002425,2026-07-30,Merchant_E,Processor_B,NGN,MOBILE_MONEY,RETAIL
TXN101874,25000.0,SUCCESS,REF-00001874,2026-07-15,Merchant_C,Processor_A,NGN,CARD,BUSINESS
TXN104244,7500.0,SUCCESS,REF-00004244,2026-07-27,Merchant_A,Processor_B,NGN,CARD,BUSINESS
TXN106442,25000.0,SUCCESS,REF-00006442,2026-07-07,Merchant_A,Processor_B,NGN,USSD,RETAIL
TXN109262,15000.0,SUCCESS,REF-00009262,2026-07-11,Merchant_D,Processor_A,NGN,CARD,RETAIL
TXN102770,1000.0,SUCCESS,REF-00002770,2026-07-11,Merchant_D,Processor_C,NGN,USSD,BUSINESS
TXN104518,2500.0,REFUNDED,REF-00004518,2026-07-18,Merchant_A,Processor_B,NGN,BANK_TRANSFER,RETAIL
TXN108791,1000.0,SUCCESS,REF-00008791,2026-07-28,Merchant_E,Processor_C,NGN,USSD,BUSINESS
TXN108122,1000.0,SUCCESS,REF-00008122,2026-07-08,Merchant_B,Processor_B,NGN,MOBILE_MONEY,RETAIL
TXN101191,10000.0,SUCCESS,REF-00001191,2026-07-08,Merchant_E,Processor_B,NGN,MOBILE_MONEY,BUSINESS
TXN108415,1000.0,FAILED,REF-00008415,2026-07-23,Merchant_A,Processor_A,NGN,MOBILE_MONEY,RETAIL
TXN106720,25000.0,SUCCESS,REF-00006720,2026-07-27,Merchant_E,Processor_B,NGN,USSD,BUSINESS
TXN100599,1000.0,SUCCESS,REF-00000599,2026-07-30,Merchant_D,Processor_A,NGN,BANK_TRANSFER,RETAIL
TXN108180,500.0,SUCCESS,REF-00008180,2026-07-14,Merchant_D,Processor_B,NGN,USSD,BUSINESS
TXN106005,250000.0,SUCCESS,REF-00006005,2026-07-22,Merchant_B,Processor_C,NGN,USSD,BUSINESS
TXN107781,500.0,SUCCESS,REF-00007781,2026-07-20,Merchant_D,Processor_C,NGN,BANK_TRANSFER,RETAIL
TXN103275,50000.0,SUCCESS,REF-00003275,2026-07-22,Merchant_D,Processor_B,NGN,CARD,BUSINESS
TXN109233,7500.0,SUCCESS,REF-00009233,2026-07-12,Merchant_A,Processor_C,NGN,CARD,RETAIL
TXN105128,5000.0,SUCCESS,REF-00005128,2026-07-09,Merchant_A,Processor_C,NGN,CARD,BUSINESS
TXN104779,2500.0,SUCCESS,REF-00004779,2026-07-08,Merchant_B,Processor_C,NGN,CARD,BUSINESS
TXN109855,10000.0,SUCCESS,REF-00009855,2026-07-30,Merchant_A,Processor_C,NGN,CARD,RETAIL
TXN104101,7500.0,SUCCESS,REF-00004101,2026-07-11,Merchant_E,Processor_A,NGN,BANK_TRANSFER,BUSINESS
TXN107652,1000.0,SUCCESS,REF-00007652,2026-07-22,Merchant_B,Processor_B,NGN,BANK_TRANSFER,RETAIL
TXN105236,25000.0,SUCCESS,REF-00005236,2026-07-22,Merchant_C,Processor_C,NGN,USSD,RETAIL
TXN104949,50000.0,SUCCESS,REF-00004949,2026-07-27,Merchant_A,Processor_B,NGN,CARD,RETAIL
TXN102797,15000.0,SUCCESS,REF-00002797,2026-07-02,Merchant_E,Processor_C,NGN,MOBILE_MONEY,RETAIL
TXN103581,50000.0,SUCCESS,REF-00003581,2026-07-30,Merchant_D,Processor_B,NGN,BANK_TRANSFER,BUSINESS
TXN107675,10000.0,SUCCESS,REF-00007675,2026-07-04,Merchant_C,Processor_B,NGN,BANK_TRANSFER,RETAIL
TXN108654,5000.0,SUCCESS,REF-00008654,2026-07-06,Merchant_C,Processor_B,NGN,CARD,BUSINESS
TXN102299,5000.0,SUCCESS,REF-00002299,2026-07-04,Merchant_A,Processor_A,NGN,MOBILE_MONEY,BUSINESS
TXN107356,250000.0,SUCCESS,REF-00007356,2026-07-30,Merchant_D,Processor_B,NGN,MOBILE_MONEY,BUSINESS
TXN108248,100000.0,SUCCESS,REF-00008248,2026-07-20,Merchant_D,Processor_B,NGN,BANK_TRANSFER,BUSINESS
TXN106900,2500.0,SUCCESS,REF-00006900,2026-07-12,Merchant_C,Processor_B,NGN,USSD,RETAIL
TXN102656,50000.0,SUCCESS,REF-00002656,2026-07-30,Merchant_A,Processor_B,NGN,MOBILE_MONEY,RETAIL
TXN102917,50000.0,SUCCESS,REF-00002917,2026-07-12,Merchant_B,Processor_C,NGN,USSD,RETAIL
TXN100346,15000.0,SUCCESS,REF-00000346,2026-07-28,Merchant_D,Processor_B,NGN,CARD,RETAIL
TXN105604,500.0,SUCCESS,REF-00005604,2026-07-24,Merchant_A,Processor_A,NGN,CARD,BUSINESS
TXN106072,1500.0,REFUNDED,REF-00006072,2026-07-24,Merchant_B,Processor_C,NGN,CARD,BUSINESS
TXN106875,7500.0,SUCCESS,REF-00006875,2026-07-03,Merchant_D,Processor_A,NGN,USSD,RETAIL
TXN105615,50000.0,SUCCESS,REF-00005615,2026-07-20,Merchant_D,Processor_B,NGN,BANK_TRANSFER,BUSINESS
TXN109813,25000.0,SUCCESS,REF-00009813,2026-07-17,Merchant_C,Processor_B,NGN,USSD,RETAIL
TXN101479,7500.0,SUCCESS,REF-00001479,2026-07-10,Merchant_A,Processor_C,NGN,CARD,BUSINESS
TXN100540,250000.0,SUCCESS,REF-00000540,2026-07-02,Merchant_E,Processor_A,NGN,MOBILE_MONEY,RETAIL
TXN101169,5000.0,SUCCESS,REF-00001169,2026-07-17,Merchant_D,Processor_A,NGN,BANK_TRANSFER,BUSINESS
TXN108368,15000.0,SUCCESS,REF-00008368,2026-07-09,Merchant_B,Processor_A,NGN,USSD,RETAIL
TXN107063,25000.0,SUCCESS,REF-00007063,2026-07-18,Merchant_B,Processor_C,NGN,MOBILE_MONEY,RETAIL
TXN105464,2500.0,SUCCESS,REF-00005464,2026-07-10,Merchant_D,Processor_A,NGN,MOBILE_MONEY,BUSINESS
TXN109786,1000.0,SUCCESS,REF-00009786,2026-07-18,Merchant_E,Processor_A,NGN,CARD,BUSINESS
TXN103642,7500.0,SUCCESS,REF-00003642,2026-07-05,Merchant_B,Processor_B,NGN,CARD,BUSINESS
TXN104176,10000.0,SUCCESS,REF-00004176,2026-07-18,Merchant_C,Processor_A,NGN,MOBILE_MONEY,BUSINESS
TXN108192,5000.0,SUCCESS,REF-00008192,2026-07-25,Merchant_B,Processor_C,NGN,BANK_TRANSFER,BUSINESS
TXN100398,25000.0,SUCCESS,REF-00000398,2026-07-25,Merchant_E,Processor_B,NGN,USSD,RETAIL
TXN101139,15000.0,REFUNDED,REF-00001139,2026-07-04,Merchant_C,Processor_C,NGN,BANK_TRANSFER,BUSINESS
TXN104974,2500.0,SUCCESS,REF-00004974,2026-07-23,Merchant_A,Processor_A,NGN,BANK_TRANSFER,RETAIL
TXN107311,10000.0,SUCCESS,REF-00007311,2026-07-18,Merchant_C,Processor_B,NGN,USSD,BUSINESS
TXN103498,2500.0,SUCCESS,REF-00003498,2026-07-19,Merchant_E,Processor_B,NGN,USSD,RETAIL
TXN102267,25000.0,SUCCESS,REF-00002267,2026-07-14,Merchant_D,Processor_A,NGN,USSD,BUSINESS
TXN102374,15000.0,FAILED,REF-00002374,2026-07-25,Merchant_D,Processor_B,NGN,BANK_TRANSFER,BUSINESS
TXN109357,1500.0,FAILED,REF-00009357,2026-07-19,Merchant_A,Processor_A,NGN,BANK_TRANSFER,RETAIL
TXN108921,500.0,SUCCESS,REF-00008921,2026-07-19,Merchant_A,Processor_B,NGN,USSD,BUSINESS
TXN101940,1000.0,SUCCESS,REF-00001940,2026-07-08,Merchant_D,Processor_C,NGN,MOBILE_MONEY,BUSINESS
TXN102564,7500.0,SUCCESS,REF-00002564,2026-07-08,Merchant_D,Processor_C,NGN,MOBILE_MONEY,RETAIL
TXN109969,1500.0,SUCCESS,REF-00009969,2026-07-18,Merchant_E,Processor_C,NGN,USSD,RETAIL
TXN105275,2500.0,SUCCESS,REF-00005275,2026-07-13,Merchant_C,Processor_B,NGN,BANK_TRANSFER,RETAIL
TXN105022,250000.0,SUCCESS,REF-00005022,2026-07-04,Merchant_E,Processor_C,NGN,USSD,RETAIL
TXN109052,1000.0,REFUNDED,REF-00009052,2026-07-15,Merchant_C,Processor_B,NGN,CARD,RETAIL
TXN109548,10000.0,FAILED,REF-00009548,2026-07-01,Merchant_D,Processor_B,NGN,MOBILE_MONEY,RETAIL
TXN109897,15000.0,SUCCESS,REF-00009897,2026-07-25,Merchant_E,Processor_B,NGN,MOBILE_MONEY,RETAIL
TXN102487,50000.0,SUCCESS,REF-00002487,2026-07-13,Merchant_C,Processor_B,NGN,MOBILE_MONEY,RETAIL
TXN101651,5000.0,SUCCESS,REF-00001651,2026-07-19,Merchant_E,Processor_B,NGN,USSD,BUSINESS
TXN104714,10000.0,SUCCESS,REF-00004714,2026-07-13,Merchant_D,Processor_A,NGN,CARD,RETAIL
TXN101067,1000.0,SUCCESS,REF-00001067,2026-07-25,Merchant_E,Processor_B,NGN,MOBILE_MONEY,BUSINESS
TXN108420,10000.0,SUCCESS,REF-00008420,2026-07-16,Merchant_E,Processor_B,NGN,CARD,BUSINESS
TXN109313,5000.0,SUCCESS,REF-00009313,2026-07-08,Merchant_D,Processor_B,NGN,BANK_TRANSFER,RETAIL
TXN106320,15000.0,FAILED,REF-00006320,2026-07-07,Merchant_D,Processor_C,NGN,BANK_TRANSFER,BUSINESS
TXN108757,5000.0,SUCCESS,REF-00008757,2026-07-25,Merchant_A,Processor_B,NGN,MOBILE_MONEY,BUSINESS
TXN106276,2500.0,SUCCESS,REF-00006276,2026-07-11,Merchant_A,Processor_B,NGN,BANK_TRANSFER,BUSINESS
TXN101128,5000.0,SUCCESS,REF-00001128,2026-07-19,Merchant_B,Processor_A,NGN,USSD,BUSINESS
TXN108397,7500.0,SUCCESS,REF-00008397,2026-07-31,Merchant_A,Processor_A,NGN,BANK_TRANSFER,BUSINESS
TXN107167,7500.0,REFUNDED,REF-00007167,2026-07-22,Merchant_C,Processor_A,NGN,USSD,BUSINESS
TXN107178,2500.0,SUCCESS,REF-00007178,2026-07-04,Merchant_A,Processor_B,NGN,BANK_TRANSFER,RETAIL
TXN103010,10000.0,SUCCESS,REF-00003010,2026-07-28,Merchant_C,Processor_A,NGN,CARD,BUSINESS
TXN108632,500.0,SUCCESS,REF-00008632,2026-07-28,Merchant_A,Processor_A,NGN,BANK_TRANSFER,BUSINESS
TXN102188,25000.0,SUCCESS,REF-00002188,2026-07-08,Merchant_E,Processor_B,NGN,CARD,BUSINESS
TXN103410,7500.0,SUCCESS,REF-00003410,2026-07-11,Merchant_E,Processor_C,NGN,USSD,RETAIL
TXN103953,1500.0,SUCCESS,REF-00003953,2026-07-29,Merchant_A,Processor_B,NGN,BANK_TRANSFER,BUSINESS
TXN105877,15000.0,SUCCESS,REF-00005877,2026-07-20,Merchant_E,Processor_C,NGN,BANK_TRANSFER,RETAIL
TXN104433,100000.0,SUCCESS,REF-00004433,2026-07-14,Merchant_B,Processor_B,NGN,CARD,RETAIL
TXN109501,25000.0,SUCCESS,REF-00009501,2026-07-10,Merchant_D,Processor_B,NGN,BANK_TRANSFER,BUSINESS
TXN107895,50000.0,SUCCESS,REF-00007895,2026-07-22,Merchant_A,Processor_A,NGN,USSD,BUSINESS
TXN107015,50000.0,REFUNDED,REF-00007015,2026-07-18,Merchant_E,Processor_B,NGN,CARD,RETAIL
TXN103400,1000.0,REFUNDED,REF-00003400,2026-07-21,Merchant_D,Processor_C,NGN,USSD,RETAIL
TXN107039,15000.0,SUCCESS,REF-00007039,2026-07-26,Merchant_B,Processor_B,NGN,MOBILE_MONEY,BUSINESS
TXN109202,15000.0,SUCCESS,REF-00009202,2026-07-22,Merchant_B,Processor_B,NGN,USSD,RETAIL
TXN106696,15000.0,SUCCESS,REF-00006696,2026-07-10,Merchant_C,Processor_C,NGN,CARD,RETAIL
TXN108162,7500.0,SUCCESS,REF-00008162,2026-07-01,Merchant_D,Processor_C,NGN,USSD,RETAIL
TXN107756,2500.0,SUCCESS,REF-00007756,2026-07-13,Merchant_E,Processor_A,NGN,BANK_TRANSFER,BUSINESS
TXN107786,5000.0,SUCCESS,REF-00007786,2026-07-05,Merchant_D,Processor_C,NGN,USSD,BUSINESS
TXN109304,25000.0,SUCCESS,REF-00009304,2026-07-01,Merchant_E,Processor_A,NGN,BANK_TRANSFER,BUSINESS
TXN105407,7500.0,SUCCESS,REF-00005407,2026-07-30,Merchant_A,Processor_B,NGN,CARD,BUSINESS
TXN106958,25000.0,FAILED,REF-00006958,2026-07-08,Merchant_E,Processor_B,NGN,BANK_TRANSFER,BUSINESS
TXN101620,7500.0,SUCCESS,REF-00001620,2026-07-17,Merchant_B,Processor_A,NGN,USSD,RETAIL
TXN107616,5000.0,SUCCESS,REF-00007616,2026-07-16,Merchant_C,Processor_A,NGN,MOBILE_MONEY,BUSINESS
TXN101333,250000.0,SUCCESS,REF-00001333,2026-07-04,Merchant_A,Processor_A,NGN,BANK_TRANSFER,RETAIL
TXN101997,1000.0,SUCCESS,REF-00001997,2026-07-03,Merchant_B,Processor_B,NGN,MOBILE_MONEY,BUSINESS
TXN109524,1000.0,SUCCESS,REF-00009524,2026-07-11,Merchant_C,Processor_C,NGN,MOBILE_MONEY,RETAIL
TXN103697,15000.0,SUCCESS,REF-00003697,2026-07-26,Merchant_D,Processor_B,NGN,MOBILE_MONEY,RETAIL
TXN107335,2500.0,REFUNDED,REF-00007335,2026-07-02,Merchant_E,Processor_C,NGN,MOBILE_MONEY,BUSINESS
TXN102287,5000.0,SUCCESS,REF-00002287,2026-07-31,Merchant_A,Processor_C,NGN,USSD,BUSINESS
TXN105309,100000.0,SUCCESS,REF-00005309,2026-07-26,Merchant_B,Processor_B,NGN,BANK_TRANSFER,RETAIL
TXN102037,1500.0,SUCCESS,REF-00002037,2026-07-03,Merchant_B,Processor_C,NGN,CARD,BUSINESS
TXN100661,250000.0,SUCCESS,REF-00000661,2026-07-22,Merchant_D,Processor_C,NGN,CARD,RETAIL
TXN103980,50000.0,SUCCESS,REF-00003980,2026-07-16,Merchant_C,Processor_A,NGN,BANK_TRANSFER,RETAIL
TXN109777,250000.0,SUCCESS,REF-00009777,2026-07-08,Merchant_E,Processor_A,NGN,CARD,RETAIL
TXN108868,15000.0,SUCCESS,REF-00008868,2026-07-05,Merchant_C,Processor_A,NGN,BANK_TRANSFER,BUSINESS
TXN100790,1500.0,SUCCESS,REF-00000790,2026-07-26,Merchant_C,Processor_B,NGN,USSD,RETAIL
TXN109707,7500.0,SUCCESS,REF-00009707,2026-07-21,Merchant_B,Processor_C,NGN,BANK_TRANSFER,RETAIL
TXN109934,5000.0,SUCCESS,REF-00009934,2026-07-12,Merchant_B,Processor_C,NGN,USSD,BUSINESS
TXN103891,10000.0,SUCCESS,REF-00003891,2026-07-20,Merchant_C,Processor_B,NGN,BANK_TRANSFER,RETAIL
TXN101654,1000.0,FAILED,REF-00001654,2026-07-29,Merchant_C,Processor_B,NGN,MOBILE_MONEY,RETAIL
TXN107409,15000.0,SUCCESS,REF-00007409,2026-07-15,Merchant_D,Processor_A,NGN,MOBILE_MONEY,RETAIL
TXN106832,10000.0,SUCCESS,REF-00006832,2026-07-23,Merchant_B,Processor_C,NGN,USSD,BUSINESS
TXN105264,250000.0,SUCCESS,REF-00005264,2026-07-04,Merchant_A,Processor_B,NGN,CARD,BUSINESS
TXN101816,5000.0,SUCCESS,REF-00001816,2026-07-06,Merchant_C,Processor_C,NGN,MOBILE_MONEY,BUSINESS
TXN101046,2500.0,SUCCESS,REF-00001046,2026-07-02,Merchant_B,Processor_A,NGN,BANK_TRANSFER,RETAIL
TXN108274,10000.0,SUCCESS,REF-00008274,2026-07-28,Merchant_D,Processor_C,NGN,CARD,BUSINESS
TXN104397,1000.0,SUCCESS,REF-00004397,2026-07-12,Merchant_E,Processor_C,NGN,CARD,BUSINESS
TXN104457,1500.0,SUCCESS,REF-00004457,2026-07-30,Merchant_E,Processor_B,NGN,USSD,BUSINESS
TXN104391,10000.0,SUCCESS,REF-00004391,2026-07-23,Merchant_C,Processor_C,NGN,CARD,BUSINESS
TXN105074,250000.0,FAILED,REF-00005074,2026-07-18,Merchant_B,Processor_C,NGN,USSD,RETAIL
TXN102104,50000.0,SUCCESS,REF-00002104,2026-07-02,Merchant_D,Processor_C,NGN,MOBILE_MONEY,BUSINESS
TXN102715,5000.0,SUCCESS,REF-00002715,2026-07-05,Merchant_B,Processor_C,NGN,MOBILE_MONEY,RETAIL
TXN102408,250000.0,REFUNDED,REF-00002408,2026-07-07,Merchant_A,Processor_C,NGN,CARD,RETAIL
TXN108400,10000.0,SUCCESS,REF-00008400,2026-07-04,Merchant_B,Processor_B,NGN,CARD,BUSINESS
TXN108352,50000.0,SUCCESS,REF-00008352,2026-07-05,Merchant_D,Processor_B,NGN,BANK_TRANSFER,BUSINESS
TXN109451,15000.0,SUCCESS,REF-00009451,2026-07-13,Merchant_A,Processor_C,NGN,BANK_TRANSFER,BUSINESS
TXN106929,15000.0,SUCCESS,REF-00006929,2026-07-25,Merchant_B,Processor_C,NGN,USSD,RETAIL
TXN105779,2500.0,REFUNDED,REF-00005779,2026-07-06,Merchant_E,Processor_A,NGN,CARD,RETAIL
TXN103286,5000.0,SUCCESS,REF-00003286,2026-07-02,Merchant_C,Processor_B,NGN,CARD,RETAIL
TXN108834,100000.0,SUCCESS,REF-00008834,2026-07-09,Merchant_E,Processor_B,NGN,BANK_TRANSFER,BUSINESS
TXN105674,250000.0,FAILED,REF-00005674,2026-07-16,Merchant_E,Processor_B,NGN,USSD,BUSINESS
TXN101254,15000.0,SUCCESS,REF-00001254,2026-07-04,Merchant_E,Processor_B,NGN,BANK_TRANSFER,RETAIL
TXN107635,1000.0,SUCCESS,REF-00007635,2026-07-10,Merchant_C,Processor_C,NGN,CARD,RETAIL
TXN102815,25000.0,SUCCESS,REF-00002815,2026-07-08,Merchant_E,Processor_B,NGN,USSD,BUSINESS
TXN106795,5000.0,SUCCESS,REF-00006795,2026-07-07,Merchant_C,Processor_A,NGN,MOBILE_MONEY,BUSINESS
TXN103292,5000.0,SUCCESS,REF-00003292,2026-07-15,Merchant_D,Processor_C,NGN,CARD,RETAIL
TXN101202,500.0,SUCCESS,REF-00001202,2026-07-26,Merchant_A,Processor_A,NGN,BANK_TRANSFER,RETAIL
TXN108173,5000.0,SUCCESS,REF-00008173,2026-07-07,Merchant_B,Processor_B,NGN,USSD,RETAIL
TXN105158,10000.0,SUCCESS,REF-00005158,2026-07-23,Merchant_A,Processor_A,NGN,BANK_TRANSFER,BUSINESS
TXN108353,10000.0,FAILED,REF-00008353,2026-07-18,Merchant_B,Processor_A,NGN,MOBILE_MONEY,BUSINESS
TXN105817,10000.0,FAILED,REF-00005817,2026-07-24,Merchant_C,Processor_C,NGN,CARD,RETAIL
TXN108404,7500.0,SUCCESS,REF-00008404,2026-07-17,Merchant_D,Processor_C,NGN,CARD,BUSINESS
TXN102633,1500.0,SUCCESS,REF-00002633,2026-07-18,Merchant_C,Processor_B,NGN,BANK_TRANSFER,RETAIL
TXN102793,2500.0,REFUNDED,REF-00002793,2026-07-05,Merchant_C,Processor_A,NGN,CARD,RETAIL
TXN104025,50000.0,SUCCESS,REF-00004025,2026-07-25,Merchant_E,Processor_B,NGN,BANK_TRANSFER,RETAIL
TXN106218,5000.0,REFUNDED,REF-00006218,2026-07-31,Merchant_A,Processor_B,NGN,BANK_TRANSFER,RETAIL
TXN102106,50000.0,SUCCESS,REF-00002106,2026-07-07,Merchant_B,Processor_B,NGN,USSD,RETAIL
TXN102837,1000.0,SUCCESS,REF-00002837,2026-07-01,Merchant_D,Processor_B,NGN,MOBILE_MONEY,RETAIL
TXN101466,250000.0,SUCCESS,REF-00001466,2026-07-29,Merchant_C,Processor_C,NGN,CARD,RETAIL
TXN103658,15000.0,SUCCESS,REF-00003658,2026-07-02,Merchant_D,Processor_C,NGN,CARD,BUSINESS
TXN106284,2500.0,SUCCESS,REF-00006284,2026-07-03,Merchant_A,Processor_B,NGN,BANK_TRANSFER,RETAIL
TXN100106,7500.0,SUCCESS,REF-00000106,2026-07-31,Merchant_C,Processor_C,NGN,MOBILE_MONEY,BUSINESS
TXN109311,5000.0,SUCCESS,REF-00009311,2026-07-29,Merchant_B,Processor_B,NGN,USSD,RETAIL
TXN108612,250000.0,SUCCESS,REF-00008612,2026-07-01,Merchant_E,Processor_C,NGN,BANK_TRANSFER,RETAIL
TXN104012,25000.0,SUCCESS,REF-00004012,2026-07-20,Merchant_A,Processor_B,NGN,MOBILE_MONEY,RETAIL
TXN108282,100000.0,SUCCESS,REF-00008282,2026-07-04,Merchant_A,Processor_B,NGN,CARD,RETAIL
TXN103677,5000.0,FAILED,REF-00003677,2026-07-26,Merchant_B,Processor_B,NGN,USSD,RETAIL
TXN107647,2500.0,SUCCESS,REF-00007647,2026-07-02,Merchant_E,Processor_B,NGN,USSD,RETAIL
TXN107609,2500.0,SUCCESS,REF-00007609,2026-07-23,Merchant_D,Processor_C,NGN,BANK_TRANSFER,BUSINESS
TXN105747,250000.0,SUCCESS,REF-00005747,2026-07-17,Merchant_B,Processor_A,NGN,BANK_TRANSFER,RETAIL
TXN105015,2500.0,SUCCESS,REF-00005015,2026-07-20,Merchant_A,Processor_C,NGN,USSD,RETAIL
TXN108399,250000.0,SUCCESS,REF-00008399,2026-07-11,Merchant_B,Processor_C,NGN,CARD,BUSINESS
TXN106485,10000.0,SUCCESS,REF-00006485,2026-07-08,Merchant_B,Processor_C,NGN,CARD,BUSINESS
TXN107147,2500.0,SUCCESS,REF-00007147,2026-07-02,Merchant_E,Processor_A,NGN,USSD,BUSINESS
TXN105812,50000.0,SUCCESS,REF-00005812,2026-07-25,Merchant_C,Processor_C,NGN,BANK_TRANSFER,RETAIL
TXN104044,7500.0,SUCCESS,REF-00004044,2026-07-05,Merchant_D,Processor_A,NGN,BANK_TRANSFER,RETAIL
TXN100248,250000.0,REFUNDED,REF-00000248,2026-07-03,Merchant_C,Processor_A,NGN,CARD,BUSINESS
TXN104612,10000.0,SUCCESS,REF-00004612,2026-07-03,Merchant_C,Processor_B,NGN,MOBILE_MONEY,BUSINESS
TXN101481,1500.0,SUCCESS,REF-00001481,2026-07-27,Merchant_B,Processor_B,NGN,MOBILE_MONEY,RETAIL
TXN101102,100000.0,SUCCESS,REF-00001102,2026-07-23,Merchant_A,Processor_A,NGN,MOBILE_MONEY,BUSINESS
TXN107934,2500.0,SUCCESS,REF-00007934,2026-07-27,Merchant_C,Processor_A,NGN,CARD,RETAIL
TXN107869,500.0,SUCCESS,REF-00007869,2026-07-12,Merchant_C,Processor_C,NGN,USSD,BUSINESS
TXN106317,10000.0,SUCCESS,REF-00006317,2026-07-07,Merchant_C,Processor_A,NGN,MOBILE_MONEY,RETAIL
TXN104111,10000.0,SUCCESS,REF-00004111,2026-07-30,Merchant_B,Processor_C,NGN,CARD,RETAIL
TXN101106,7500.0,SUCCESS,REF-00001106,2026-07-05,Merchant_D,Processor_C,NGN,CARD,BUSINESS
TXN109831,100000.0,SUCCESS,REF-00009831,2026-07-27,Merchant_B,Processor_A,NGN,BANK_TRANSFER,RETAIL
TXN107856,7500.0,SUCCESS,REF-00007856,2026-07-10,Merchant_E,Processor_A,NGN,BANK_TRANSFER,BUSINESS
TXN100179,1500.0,SUCCESS,REF-00000179,2026-07-14,Merchant_C,Processor_C,NGN,CARD,RETAIL
TXN102490,5000.0,SUCCESS,REF-00002490,2026-07-13,Merchant_C,Processor_C,NGN,BANK_TRANSFER,BUSINESS
TXN100511,7500.0,SUCCESS,REF-00000511,2026-07-16,Merchant_A,Processor_A,NGN,BANK_TRANSFER,BUSINESS
TXN105513,25000.0,SUCCESS,REF-00005513,2026-07-18,Merchant_E,Processor_B,NGN,BANK_TRANSFER,BUSINESS
TXN103675,5000.0,SUCCESS,REF-00003675,2026-07-10,Merchant_D,Processor_B,NGN,CARD,BUSINESS
TXN102366,1500.0,SUCCESS,REF-00002366,2026-07-21,Merchant_B,Processor_C,NGN,MOBILE_MONEY,BUSINESS
TXN102732,1000.0,SUCCESS,REF-00002732,2026-07-14,Merchant_A,Processor_C,NGN,BANK_TRANSFER,RETAIL
TXN105207,7500.0,SUCCESS,REF-00005207,2026-07-25,Merchant_E,Processor_C,NGN,CARD,BUSINESS
TXN100155,2500.0,SUCCESS,REF-00000155,2026-07-09,Merchant_A,Processor_A,NGN,CARD,RETAIL
TXN108605,7500.0,SUCCESS,REF-00008605,2026-07-18,Merchant_E,Processor_B,NGN,USSD,RETAIL
TXN105160,15000.0,SUCCESS,REF-00005160,2026-07-13,Merchant_C,Processor_A,NGN,USSD,BUSINESS
TXN104144,100000.0,SUCCESS,REF-00004144,2026-07-28,Merchant_D,Processor_C,NGN,MOBILE_MONEY,RETAIL
TXN107890,1500.0,SUCCESS,REF-00007890,2026-07-08,Merchant_A,Processor_C,NGN,USSD,RETAIL
TXN102003,2500.0,SUCCESS,REF-00002003,2026-07-05,Merchant_B,Processor_C,NGN,CARD,RETAIL
TXN105951,1500.0,SUCCESS,REF-00005951,2026-07-16,Merchant_C,Processor_A,NGN,USSD,BUSINESS
TXN101917,15000.0,REFUNDED,REF-00001917,2026-07-19,Merchant_D,Processor_A,NGN,BANK_TRANSFER,RETAIL
TXN100408,100000.0,SUCCESS,REF-00000408,2026-07-16,Merchant_B,Processor_C,NGN,USSD,RETAIL
TXN108640,50000.0,SUCCESS,REF-00008640,2026-07-13,Merchant_B,Processor_A,NGN,CARD,RETAIL
TXN105007,50000.0,SUCCESS,REF-00005007,2026-07-22,Merchant_D,Processor_C,NGN,MOBILE_MONEY,BUSINESS
TXN102625,250000.0,SUCCESS,REF-00002625,2026-07-19,Merchant_E,Processor_B,NGN,MOBILE_MONEY,BUSINESS
TXN104995,100000.0,SUCCESS,REF-00004995,2026-07-25,Merchant_A,Processor_C,NGN,MOBILE_MONEY,BUSINESS
TXN102227,15000.0,SUCCESS,REF-00002227,2026-07-27,Merchant_D,Processor_B,NGN,MOBILE_MONEY,BUSINESS
TXN106884,100000.0,SUCCESS,REF-00006884,2026-07-31,Merchant_A,Processor_A,NGN,BANK_TRANSFER,BUSINESS
TXN104511,10000.0,SUCCESS,REF-00004511,2026-07-30,Merchant_E,Processor_A,NGN,BANK_TRANSFER,BUSINESS
TXN109898,50000.0,FAILED,REF-00009898,2026-07-04,Merchant_D,Processor_B,NGN,BANK_TRANSFER,BUSINESS
TXN101612,10000.0,SUCCESS,REF-00001612,2026-07-24,Merchant_D,Processor_C,NGN,USSD,BUSINESS
TXN101744,7500.0,SUCCESS,REF-00001744,2026-07-29,Merchant_E,Processor_C,NGN,USSD,BUSINESS
TXN103216,1500.0,SUCCESS,REF-00003216,2026-07-23,Merchant_D,Processor_B,NGN,USSD,BUSINESS
TXN107599,5000.0,SUCCESS,REF-00007599,2026-07-09,Merchant_C,Processor_A,NGN,MOBILE_MONEY,RETAIL
TXN106588,2500.0,SUCCESS,REF-00006588,2026-07-29,Merchant_D,Processor_C,NGN,MOBILE_MONEY,BUSINESS
TXN109195,1000.0,REFUNDED,REF-00009195,2026-07-07,Merchant_E,Processor_C,NGN,USSD,RETAIL
TXN105750,2500.0,SUCCESS,REF-00005750,2026-07-15,Merchant_E,Processor_A,NGN,BANK_TRANSFER,RETAIL
TXN106388,5000.0,SUCCESS,REF-00006388,2026-07-13,Merchant_E,Processor_A,NGN,CARD,RETAIL
TXN101851,50000.0,FAILED,REF-00001851,2026-07-28,Merchant_B,Processor_C,NGN,USSD,RETAIL
TXN105459,250000.0,SUCCESS,REF-00005459,2026-07-10,Merchant_A,Processor_B,NGN,CARD,RETAIL
TXN102020,250000.0,SUCCESS,REF-00002020,2026-07-01,Merchant_E,Processor_C,NGN,BANK_TRANSFER,RETAIL
TXN109820,15000.0,SUCCESS,REF-00009820,2026-07-24,Merchant_A,Processor_C,NGN,CARD,BUSINESS
TXN102547,7500.0,SUCCESS,REF-00002547,2026-07-14,Merchant_E,Processor_A,NGN,MOBILE_MONEY,RETAIL
TXN101905,2500.0,SUCCESS,REF-00001905,2026-07-29,Merchant_E,Processor_A,NGN,CARD,RETAIL
TXN101913,5000.0,FAILED,REF-00001913,2026-07-18,Merchant_C,Processor_C,NGN,USSD,BUSINESS
TXN100535,100000.0,SUCCESS,REF-00000535,2026-07-19,Merchant_C,Processor_B,NGN,USSD,RETAIL
TXN105598,15000.0,SUCCESS,REF-00005598,2026-07-08,Merchant_E,Processor_B,NGN,BANK_TRANSFER,RETAIL
TXN105432,15000.0,SUCCESS,REF-00005432,2026-07-21,Merchant_B,Processor_B,NGN,USSD,BUSINESS
TXN109307,25000.0,SUCCESS,REF-00009307,2026-07-21,Merchant_C,Processor_A,NGN,CARD,RETAIL
TXN103373,15000.0,SUCCESS,REF-00003373,2026-07-07,Merchant_C,Processor_C,NGN,MOBILE_MONEY,BUSINESS
TXN102393,1500.0,SUCCESS,REF-00002393,2026-07-16,Merchant_E,Processor_A,NGN,CARD,BUSINESS
TXN101658,7500.0,SUCCESS,REF-00001658,2026-07-30,Merchant_E,Processor_B,NGN,CARD,RETAIL
TXN104642,50000.0,SUCCESS,REF-00004642,2026-07-20,Merchant_D,Processor_A,NGN,CARD,RETAIL
TXN109592,25000.0,SUCCESS,REF-00009592,2026-07-20,Merchant_D,Processor_B,NGN,USSD,RETAIL
TXN100008,15000.0,SUCCESS,REF-00000008,2026-07-07,Merchant_C,Processor_B,NGN,BANK_TRANSFER,RETAIL
TXN105273,25000.0,SUCCESS,REF-00005273,2026-07-24,Merchant_C,Processor_C,NGN,USSD,BUSINESS
TXN104460,7500.0,REFUNDED,REF-00004460,2026-07-22,Merchant_A,Processor_B,NGN,CARD,BUSINESS
TXN101131,10000.0,SUCCESS,REF-00001131,2026-07-23,Merchant_D,Processor_C,NGN,BANK_TRANSFER,BUSINESS
TXN105100,7500.0,SUCCESS,REF-00005100,2026-07-21,Merchant_B,Processor_B,NGN,BANK_TRANSFER,RETAIL
TXN101182,15000.0,SUCCESS,REF-00001182,2026-07-30,Merchant_D,Processor_A,NGN,CARD,RETAIL
TXN100349,15000.0,SUCCESS,REF-00000349,2026-07-18,Merchant_C,Processor_A,NGN,CARD,RETAIL
TXN109376,25000.0,SUCCESS,REF-00009376,2026-07-27,Merchant_E,Processor_B,NGN,USSD,RETAIL
TXN107858,1500.0,SUCCESS,REF-00007858,2026-07-04,Merchant_C,Processor_C,NGN,BANK_TRANSFER,RETAIL
TXN106803,7500.0,SUCCESS,REF-00006803,2026-07-29,Merchant_C,Processor_A,NGN,MOBILE_MONEY,BUSINESS
TXN100534,25000.0,SUCCESS,REF-00000534,2026-07-12,Merchant_D,Processor_B,NGN,BANK_TRANSFER,BUSINESS
TXN102555,250000.0,SUCCESS,REF-00002555,2026-07-25,Merchant_D,Processor_A,NGN,USSD,BUSINESS
TXN109901,5000.0,SUCCESS,REF-00009901,2026-07-18,Merchant_D,Processor_A,NGN,CARD,BUSINESS
TXN101733,7500.0,SUCCESS,REF-00001733,2026-07-23,Merchant_C,Processor_A,NGN,BANK_TRANSFER,BUSINESS
TXN101707,2500.0,REFUNDED,REF-00001707,2026-07-08,Merchant_E,Processor_A,NGN,MOBILE_MONEY,RETAIL
TXN104153,5000.0,SUCCESS,REF-00004153,2026-07-21,Merchant_B,Processor_A,NGN,USSD,BUSINESS
TXN100943,50000.0,SUCCESS,REF-00000943,2026-07-28,Merchant_B,Processor_C,NGN,BANK_TRANSFER,BUSINESS
TXN105673,5000.0,SUCCESS,REF-00005673,2026-07-07,Merchant_D,Processor_C,NGN,USSD,BUSINESS
TXN100548,10000.0,SUCCESS,REF-00000548,2026-07-30,Merchant_B,Processor_B,NGN,BANK_TRANSFER,RETAIL
TXN102802,100000.0,SUCCESS,REF-00002802,2026-07-11,Merchant_D,Processor_B,NGN,CARD,RETAIL
TXN106571,500.0,SUCCESS,REF-00006571,2026-07-07,Merchant_B,Processor_A,NGN,MOBILE_MONEY,BUSINESS
TXN106841,1500.0,SUCCESS,REF-00006841,2026-07-10,Merchant_A,Processor_A,NGN,CARD,RETAIL
TXN101021,5000.0,SUCCESS,REF-00001021,2026-07-05,Merchant_E,Processor_A,NGN,BANK_TRANSFER,RETAIL
TXN101662,100000.0,SUCCESS,REF-00001662,2026-07-18,Merchant_B,Processor_A,NGN,MOBILE_MONEY,BUSINESS
TXN104630,1000.0,SUCCESS,REF-00004630,2026-07-07,Merchant_E,Processor_A,NGN,BANK_TRANSFER,RETAIL
TXN103045,25000.0,SUCCESS,REF-00003045,2026-07-15,Merchant_E,Processor_A,NGN,BANK_TRANSFER,RETAIL
TXN101168,500.0,SUCCESS,REF-00001168,2026-07-02,Merchant_A,Processor_B,NGN,MOBILE_MONEY,RETAIL
TXN105326,1000.0,SUCCESS,REF-00005326,2026-07-15,Merchant_B,Processor_A,NGN,MOBILE_MONEY,BUSINESS
TXN105805,1000.0,SUCCESS,REF-00005805,2026-07-04,Merchant_A,Processor_A,NGN,USSD,BUSINESS
TXN106375,500.0,SUCCESS,REF-00006375,2026-07-08,Merchant_B,Processor_C,NGN,MOBILE_MONEY,BUSINESS
TXN105753,25000.0,SUCCESS,REF-00005753,2026-07-01,Merchant_E,Processor_C,NGN,CARD,RETAIL
TXN103532,5000.0,SUCCESS,REF-00003532,2026-07-25,Merchant_E,Processor_A,NGN,MOBILE_MONEY,BUSINESS
TXN108898,1000.0,SUCCESS,REF-00008898,2026-07-27,Merchant_C,Processor_C,NGN,MOBILE_MONEY,RETAIL
TXN109079,2500.0,SUCCESS,REF-00009079,2026-07-14,Merchant_E,Processor_B,NGN,USSD,RETAIL
TXN104168,5000.0,SUCCESS,REF-00004168,2026-07-01,Merchant_B,Processor_B,NGN,CARD,BUSINESS
TXN101637,1500.0,SUCCESS,REF-00001637,2026-07-22,Merchant_E,Processor_C,NGN,CARD,BUSINESS
TXN107084,15000.0,SUCCESS,REF-00007084,2026-07-30,Merchant_B,Processor_C,NGN,MOBILE_MONEY,RETAIL
TXN102052,1500.0,SUCCESS,REF-00002052,2026-07-12,Merchant_C,Processor_B,NGN,MOBILE_MONEY,RETAIL
TXN100331,25000.0,SUCCESS,REF-00000331,2026-07-26,Merchant_E,Processor_C,NGN,USSD,BUSINESS
TXN103683,2500.0,SUCCESS,REF-00003683,2026-07-25,Merchant_B,Processor_B,NGN,CARD,BUSINESS
TXN103871,1500.0,SUCCESS,REF-00003871,2026-07-03,Merchant_D,Processor_A,NGN,CARD,RETAIL
TXN105887,100000.0,SUCCESS,REF-00005887,2026-07-30,Merchant_B,Processor_C,NGN,BANK_TRANSFER,RETAIL
TXN100116,50000.0,SUCCESS,REF-00000116,2026-07-21,Merchant_D,Processor_B,NGN,USSD,BUSINESS
TXN106129,5000.0,SUCCESS,REF-00006129,2026-07-22,Merchant_A,Processor_A,NGN,USSD,RETAIL
TXN107604,5000.0,SUCCESS,REF-00007604,2026-07-29,Merchant_B,Processor_B,NGN,MOBILE_MONEY,RETAIL
TXN108614,2500.0,SUCCESS,REF-00008614,2026-07-28,Merchant_E,Processor_C,NGN,CARD,RETAIL
TXN104072,15000.0,SUCCESS,REF-00004072,2026-07-02,Merchant_D,Processor_C,NGN,MOBILE_MONEY,RETAIL
TXN106747,1000.0,SUCCESS,REF-00006747,2026-07-08,Merchant_E,Processor_A,NGN,USSD,BUSINESS
TXN101041,50000.0,SUCCESS,REF-00001041,2026-07-04,Merchant_D,Processor_B,NGN,CARD,BUSINESS
TXN106664,100000.0,SUCCESS,REF-00006664,2026-07-21,Merchant_B,Processor_A,NGN,CARD,BUSINESS
TXN109386,100000.0,SUCCESS,REF-00009386,2026-07-06,Merchant_E,Processor_A,NGN,USSD,RETAIL
TXN107584,10000.0,SUCCESS,REF-00007584,2026-07-23,Merchant_B,Processor_C,NGN,CARD,RETAIL
TXN100062,50000.0,SUCCESS,REF-00000062,2026-07-18,Merchant_E,Processor_B,NGN,BANK_TRANSFER,BUSINESS
TXN104527,100000.0,SUCCESS,REF-00004527,2026-07-05,Merchant_A,Processor_A,NGN,USSD,RETAIL
TXN104539,1000.0,SUCCESS,REF-00004539,2026-07-09,Merchant_D,Processor_A,NGN,USSD,RETAIL
TXN101489,7500.0,SUCCESS,REF-00001489,2026-07-04,Merchant_D,Processor_B,NGN,CARD,RETAIL
TXN101472,100000.0,REFUNDED,REF-00001472,2026-07-27,Merchant_C,Processor_C,NGN,USSD,BUSINESS
TXN100037,1000.0,SUCCESS,REF-00000037,2026-07-17,Merchant_A,Processor_A,NGN,MOBILE_MONEY,RETAIL
TXN108256,2500.0,SUCCESS,REF-00008256,2026-07-17,Merchant_D,Processor_B,NGN,USSD,RETAIL
TXN100644,1000.0,SUCCESS,REF-00000644,2026-07-20,Merchant_C,Processor_B,NGN,MOBILE_MONEY,BUSINESS
TXN100343,7500.0,SUCCESS,REF-00000343,2026-07-08,Merchant_E,Processor_B,NGN,BANK_TRANSFER,BUSINESS
TXN109580,5000.0,SUCCESS,REF-00009580,2026-07-25,Merchant_C,Processor_B,NGN,BANK_TRANSFER,BUSINESS
TXN109477,100000.0,SUCCESS,REF-00009477,2026-07-05,Merchant_B,Processor_C,NGN,MOBILE_MONEY,RETAIL
TXN103621,2500.0,SUCCESS,REF-00003621,2026-07-23,Merchant_B,Processor_B,NGN,USSD,BUSINESS
TXN108867,10000.0,SUCCESS,REF-00008867,2026-07-19,Merchant_A,Processor_B,NGN,MOBILE_MONEY,RETAIL
TXN101137,10000.0,FAILED,REF-00001137,2026-07-16,Merchant_B,Processor_A,NGN,CARD,BUSINESS
TXN105276,1500.0,SUCCESS,REF-00005276,2026-07-22,Merchant_D,Processor_A,NGN,MOBILE_MONEY,BUSINESS
TXN103349,2500.0,SUCCESS,REF-00003349,2026-07-17,Merchant_D,Processor_C,NGN,BANK_TRANSFER,BUSINESS
TXN103427,15000.0,SUCCESS,REF-00003427,2026-07-29,Merchant_B,Processor_C,NGN,BANK_TRANSFER,BUSINESS
TXN108496,250000.0,REFUNDED,REF-00008496,2026-07-12,Merchant_E,Processor_B,NGN,MOBILE_MONEY,RETAIL
TXN105748,250000.0,SUCCESS,REF-00005748,2026-07-12,Merchant_E,Processor_A,NGN,BANK_TRANSFER,RETAIL
TXN109134,25000.0,SUCCESS,REF-00009134,2026-07-19,Merchant_E,Processor_B,NGN,CARD,RETAIL
TXN103462,15000.0,SUCCESS,REF-00003462,2026-07-15,Merchant_C,Processor_B,NGN,USSD,BUSINESS
TXN109900,500.0,SUCCESS,REF-00009900,2026-07-19,Merchant_D,Processor_B,NGN,USSD,RETAIL
TXN108592,7500.0,SUCCESS,REF-00008592,2026-07-13,Merchant_A,Processor_B,NGN,MOBILE_MONEY,BUSINESS
TXN108634,5000.0,SUCCESS,REF-00008634,2026-07-22,Merchant_B,Processor_C,NGN,BANK_TRANSFER,BUSINESS
TXN100027,10000.0,FAILED,REF-00000027,2026-07-02,Merchant_C,Processor_B,NGN,USSD,RETAIL
TXN100928,15000.0,SUCCESS,REF-00000928,2026-07-21,Merchant_B,Processor_A,NGN,BANK_TRANSFER,BUSINESS
TXN101019,500.0,REFUNDED,REF-00001019,2026-07-05,Merchant_C,Processor_C,NGN,MOBILE_MONEY,BUSINESS
TXN103893,7500.0,FAILED,REF-00003893,2026-07-26,Merchant_E,Processor_C,NGN,BANK_TRANSFER,BUSINESS
TXN101981,50000.0,SUCCESS,REF-00001981,2026-07-23,Merchant_B,Processor_B,NGN,CARD,BUSINESS
TXN109426,5000.0,SUCCESS,REF-00009426,2026-07-01,Merchant_A,Processor_A,NGN,CARD,BUSINESS
TXN101004,50000.0,SUCCESS,REF-00001004,2026-07-27,Merchant_B,Processor_A,NGN,BANK_TRANSFER,RETAIL
TXN103200,10000.0,SUCCESS,REF-00003200,2026-07-01,Merchant_D,Processor_C,NGN,CARD,RETAIL
TXN108012,15000.0,SUCCESS,REF-00008012,2026-07-02,Merchant_A,Processor_C,NGN,MOBILE_MONEY,BUSINESS
TXN104537,15000.0,SUCCESS,REF-00004537,2026-07-19,Merchant_B,Processor_A,NGN,CARD,BUSINESS
TXN100959,25000.0,SUCCESS,REF-00000959,2026-07-27,Merchant_C,Processor_B,NGN,CARD,RETAIL
TXN106989,500.0,REFUNDED,REF-00006989,2026-07-27,Merchant_D,Processor_A,NGN,USSD,BUSINESS
TXN109101,50000.0,SUCCESS,REF-00009101,2026-07-24,Merchant_B,Processor_C,NGN,USSD,RETAIL
TXN106418,25000.0,SUCCESS,REF-00006418,2026-07-30,Merchant_D,Processor_C,NGN,MOBILE_MONEY,RETAIL
TXN100332,500.0,SUCCESS,REF-00000332,2026-07-03,Merchant_B,Processor_C,NGN,CARD,BUSINESS
TXN102462,15000.0,REFUNDED,REF-00002462,2026-07-11,Merchant_C,Processor_B,NGN,USSD,BUSINESS
TXN106650,1000.0,SUCCESS,REF-00006650,2026-07-16,Merchant_A,Processor_B,NGN,BANK_TRANSFER,BUSINESS
TXN109684,10000.0,SUCCESS,REF-00009684,2026-07-11,Merchant_C,Processor_B,NGN,BANK_TRANSFER,RETAIL
TXN102480,5000.0,SUCCESS,REF-00002480,2026-07-18,Merchant_C,Processor_B,NGN,CARD,RETAIL
TXN105983,1000.0,SUCCESS,REF-00005983,2026-07-17,Merchant_A,Processor_C,NGN,MOBILE_MONEY,BUSINESS
TXN101465,1000.0,SUCCESS,REF-00001465,2026-07-04,Merchant_A,Processor_A,NGN,CARD,BUSINESS
TXN100132,1000.0,SUCCESS,REF-00000132,2026-07-13,Merchant_D,Processor_A,NGN,USSD,RETAIL
TXN109552,25000.0,SUCCESS,REF-00009552,2026-07-12,Merchant_E,Processor_A,NGN,CARD,RETAIL
TXN100917,100000.0,SUCCESS,REF-00000917,2026-07-19,Merchant_A,Processor_C,NGN,CARD,RETAIL
TXN109814,250000.0,SUCCESS,REF-00009814,2026-07-19,Merchant_D,Processor_C,NGN,BANK_TRANSFER,RETAIL
TXN108205,2500.0,SUCCESS,REF-00008205,2026-07-11,Merchant_E,Processor_A,NGN,BANK_TRANSFER,BUSINESS
TXN109853,10000.0,SUCCESS,REF-00009853,2026-07-20,Merchant_E,Processor_B,NGN,USSD,RETAIL
TXN100781,10000.0,SUCCESS,REF-00000781,2026-07-19,Merchant_E,Processor_B,NGN,MOBILE_MONEY,BUSINESS
TXN101487,25000.0,SUCCESS,REF-00001487,2026-07-31,Merchant_A,Processor_C,NGN,MOBILE_MONEY,RETAIL
TXN101941,5000.0,SUCCESS,REF-00001941,2026-07-31,Merchant_A,Processor_B,NGN,USSD,RETAIL
TXN109102,5000.0,SUCCESS,REF-00009102,2026-07-30,Merchant_A,Processor_C,NGN,USSD,RETAIL
TXN102465,2500.0,SUCCESS,REF-00002465,2026-07-24,Merchant_C,Processor_B,NGN,CARD,RETAIL
TXN102210,25000.0,SUCCESS,REF-00002210,2026-07-03,Merchant_E,Processor_B,NGN,CARD,BUSINESS
TXN107910,100000.0,SUCCESS,REF-00007910,2026-07-02,Merchant_D,Processor_C,NGN,MOBILE_MONEY,BUSINESS
TXN106909,10000.0,SUCCESS,REF-00006909,2026-07-07,Merchant_A,Processor_C,NGN,CARD,BUSINESS
TXN104721,1000.0,SUCCESS,REF-00004721,2026-07-16,Merchant_A,Processor_A,NGN,CARD,RETAIL
TXN101986,25000.0,SUCCESS,REF-00001986,2026-07-20,Merchant_B,Processor_A,NGN,BANK_TRANSFER,BUSINESS
TXN102888,50000.0,REFUNDED,REF-00002888,2026-07-06,Merchant_A,Processor_B,NGN,USSD,BUSINESS
TXN102844,10000.0,SUCCESS,REF-00002844,2026-07-13,Merchant_A,Processor_A,NGN,USSD,BUSINESS
TXN103496,50000.0,FAILED,REF-00003496,2026-07-20,Merchant_C,Processor_B,NGN,BANK_TRANSFER,BUSINESS
TXN101680,5000.0,SUCCESS,REF-00001680,2026-07-29,Merchant_D,Processor_A,NGN,BANK_TRANSFER,RETAIL
TXN104456,25000.0,SUCCESS,REF-00004456,2026-07-17,Merchant_A,Processor_B,NGN,CARD,RETAIL
TXN105263,1000.0,SUCCESS,REF-00005263,2026-07-07,Merchant_E,Processor_A,NGN,USSD,RETAIL
TXN106379,100000.0,FAILED,REF-00006379,2026-07-15,Merchant_C,Processor_A,NGN,MOBILE_MONEY,RETAIL
TXN102567,5000.0,SUCCESS,REF-00002567,2026-07-21,Merchant_D,Processor_B,NGN,USSD,BUSINESS
TXN106505,50000.0,SUCCESS,REF-00006505,2026-07-18,Merchant_D,Processor_B,NGN,MOBILE_MONEY,RETAIL
TXN106221,25000.0,SUCCESS,REF-00006221,2026-07-29,Merchant_C,Processor_B,NGN,BANK_TRANSFER,RETAIL
TXN102130,1500.0,SUCCESS,REF-00002130,2026-07-05,Merchant_A,Processor_A,NGN,USSD,RETAIL
TXN102697,5000.0,SUCCESS,REF-00002697,2026-07-12,Merchant_E,Processor_C,NGN,BANK_TRANSFER,BUSINESS
TXN105358,50000.0,SUCCESS,REF-00005358,2026-07-27,Merchant_C,Processor_A,NGN,USSD,RETAIL
TXN107603,100000.0,SUCCESS,REF-00007603,2026-07-19,Merchant_E,Processor_B,NGN,MOBILE_MONEY,RETAIL
TXN100407,500.0,SUCCESS,REF-00000407,2026-07-03,Merchant_A,Processor_A,NGN,BANK_TRANSFER,RETAIL
TXN100388,25000.0,SUCCESS,REF-00000388,2026-07-17,Merchant_A,Processor_A,NGN,CARD,RETAIL
TXN102095,50000.0,SUCCESS,REF-00002095,2026-07-06,Merchant_A,Processor_A,NGN,USSD,BUSINESS
TXN105522,15000.0,SUCCESS,REF-00005522,2026-07-01,Merchant_A,Processor_A,NGN,MOBILE_MONEY,BUSINESS
TXN108878,5000.0,SUCCESS,REF-00008878,2026-07-13,Merchant_C,Processor_C,NGN,CARD,BUSINESS
TXN107093,1500.0,SUCCESS,REF-00007093,2026-07-03,Merchant_A,Processor_A,NGN,BANK_TRANSFER,RETAIL
TXN107880,1000.0,SUCCESS,REF-00007880,2026-07-22,Merchant_D,Processor_C,NGN,USSD,RETAIL
TXN107715,250000.0,SUCCESS,REF-00007715,2026-07-05,Merchant_A,Processor_B,NGN,USSD,BUSINESS
TXN105143,25000.0,SUCCESS,REF-00005143,2026-07-13,Merchant_E,Processor_A,NGN,CARD,RETAIL
TXN107408,1500.0,SUCCESS,REF-00007408,2026-07-14,Merchant_E,Processor_C,NGN,CARD,BUSINESS
TXN102380,50000.0,SUCCESS,REF-00002380,2026-07-28,Merchant_B,Processor_B,NGN,BANK_TRANSFER,BUSINESS
TXN102272,10000.0,FAILED,REF-00002272,2026-07-08,Merchant_D,Processor_C,NGN,CARD,RETAIL
TXN101119,1500.0,SUCCESS,REF-00001119,2026-07-06,Merchant_D,Processor_B,NGN,USSD,BUSINESS
TXN106522,50000.0,SUCCESS,REF-00006522,2026-07-26,Merchant_C,Processor_A,NGN,USSD,BUSINESS
TXN102057,7500.0,SUCCESS,REF-00002057,2026-07-25,Merchant_D,Processor_B,NGN,USSD,RETAIL
TXN106212,7500.0,SUCCESS,REF-00006212,2026-07-12,Merchant_D,Processor_C,NGN,USSD,RETAIL
TXN107065,15000.0,SUCCESS,REF-00007065,2026-07-11,Merchant_D,Processor_C,NGN,CARD,RETAIL
TXN106415,7500.0,SUCCESS,REF-00006415,2026-07-31,Merchant_D,Processor_A,NGN,CARD,BUSINESS
TXN104943,5000.0,SUCCESS,REF-00004943,2026-07-13,Merchant_D,Processor_A,NGN,MOBILE_MONEY,RETAIL
TXN101094,2500.0,SUCCESS,REF-00001094,2026-07-20,Merchant_A,Processor_A,NGN,BANK_TRANSFER,RETAIL
TXN100561,2500.0,REFUNDED,REF-00000561,2026-07-28,Merchant_A,Processor_C,NGN,CARD,RETAIL
TXN102379,50000.0,FAILED,REF-00002379,2026-07-26,Merchant_E,Processor_B,NGN,BANK_TRANSFER,RETAIL
TXN106752,5000.0,SUCCESS,REF-00006752,2026-07-29,Merchant_D,Processor_A,NGN,CARD,RETAIL
TXN107970,250000.0,SUCCESS,REF-00007970,2026-07-29,Merchant_D,Processor_B,NGN,MOBILE_MONEY,RETAIL
TXN108957,50000.0,SUCCESS,REF-00008957,2026-07-24,Merchant_C,Processor_A,NGN,CARD,RETAIL
TXN104340,7500.0,SUCCESS,REF-00004340,2026-07-03,Merchant_E,Processor_B,NGN,USSD,RETAIL
TXN105741,10000.0,SUCCESS,REF-00005741,2026-07-20,Merchant_D,Processor_A,NGN,CARD,RETAIL
TXN107586,7500.0,SUCCESS,REF-00007586,2026-07-13,Merchant_D,Processor_B,NGN,BANK_TRANSFER,RETAIL
TXN107909,10000.0,SUCCESS,REF-00007909,2026-07-16,Merchant_A,Processor_B,NGN,USSD,BUSINESS
TXN103438,100000.0,SUCCESS,REF-00003438,2026-07-24,Merchant_E,Processor_A,NGN,CARD,BUSINESS
TXN100869,100000.0,SUCCESS,REF-00000869,2026-07-26,Merchant_C,Processor_B,NGN,USSD,BUSINESS
TXN100986,15000.0,SUCCESS,REF-00000986,2026-07-27,Merchant_C,Processor_C,NGN,USSD,BUSINESS
TXN101485,5000.0,SUCCESS,REF-00001485,2026-07-06,Merchant_A,Processor_C,NGN,USSD,RETAIL
TXN108432,1000.0,SUCCESS,REF-00008432,2026-07-22,Merchant_B,Processor_B,NGN,MOBILE_MONEY,RETAIL
TXN101568,15000.0,SUCCESS,REF-00001568,2026-07-26,Merchant_D,Processor_B,NGN,BANK_TRANSFER,BUSINESS
TXN109760,100000.0,SUCCESS,REF-00009760,2026-07-11,Merchant_B,Processor_A,NGN,BANK_TRANSFER,RETAIL
TXN104817,50000.0,SUCCESS,REF-00004817,2026-07-12,Merchant_C,Processor_A,NGN,CARD,RETAIL
TXN100777,25000.0,SUCCESS,REF-00000777,2026-07-04,Merchant_D,Processor_B,NGN,USSD,RETAIL
TXN103315,15000.0,SUCCESS,REF-00003315,2026-07-19,Merchant_C,Processor_A,NGN,CARD,RETAIL
TXN106460,2500.0,SUCCESS,REF-00006460,2026-07-17,Merchant_A,Processor_B,NGN,BANK_TRANSFER,RETAIL
TXN106445,10000.0,FAILED,REF-00006445,2026-07-17,Merchant_E,Processor_B,NGN,USSD,BUSINESS
TXN107991,2500.0,SUCCESS,REF-00007991,2026-07-14,Merchant_C,Processor_A,NGN,BANK_TRANSFER,BUSINESS
TXN102617,5000.0,SUCCESS,REF-00002617,2026-07-04,Merchant_A,Processor_C,NGN,USSD,BUSINESS
TXN105619,2500.0,SUCCESS,REF-00005619,2026-07-31,Merchant_C,Processor_C,NGN,USSD,BUSINESS
TXN105191,25000.0,SUCCESS,REF-00005191,2026-07-12,Merchant_B,Processor_B,NGN,MOBILE_MONEY,BUSINESS
TXN102751,15000.0,SUCCESS,REF-00002751,2026-07-14,Merchant_B,Processor_C,NGN,USSD,BUSINESS
TXN109690,250000.0,SUCCESS,REF-00009690,2026-07-11,Merchant_B,Processor_A,NGN,CARD,BUSINESS
TXN107127,5000.0,SUCCESS,REF-00007127,2026-07-23,Merchant_C,Processor_B,NGN,BANK_TRANSFER,BUSINESS
TXN100988,2500.0,SUCCESS,REF-00000988,2026-07-05,Merchant_D,Processor_B,NGN,BANK_TRANSFER,BUSINESS
TXN105939,5000.0,SUCCESS,REF-00005939,2026-07-02,Merchant_B,Processor_A,NGN,BANK_TRANSFER,RETAIL
TXN108041,2500.0,FAILED,REF-00008041,2026-07-29,Merchant_C,Processor_A,NGN,USSD,RETAIL
TXN108020,10000.0,SUCCESS,REF-00008020,2026-07-14,Merchant_A,Processor_B,NGN,CARD,RETAIL
TXN108656,10000.0,SUCCESS,REF-00008656,2026-07-19,Merchant_C,Processor_C,NGN,MOBILE_MONEY,BUSINESS
TXN100597,1500.0,SUCCESS,REF-00000597,2026-07-26,Merchant_B,Processor_B,NGN,MOBILE_MONEY,BUSINESS
TXN103721,50000.0,SUCCESS,REF-00003721,2026-07-13,Merchant_A,Processor_B,NGN,CARD,BUSINESS
TXN101051,10000.0,SUCCESS,REF-00001051,2026-07-26,Merchant_B,Processor_A,NGN,CARD,BUSINESS
TXN100882,500.0,SUCCESS,REF-00000882,2026-07-08,Merchant_C,Processor_C,NGN,CARD,BUSINESS
TXN105081,1000.0,SUCCESS,REF-00005081,2026-07-16,Merchant_D,Processor_B,NGN,USSD,BUSINESS
TXN102136,1000.0,SUCCESS,REF-00002136,2026-07-09,Merchant_E,Processor_A,NGN,USSD,BUSINESS
TXN103774,15000.0,SUCCESS,REF-00003774,2026-07-17,Merchant_B,Processor_B,NGN,MOBILE_MONEY,RETAIL
TXN106937,25000.0,SUCCESS,REF-00006937,2026-07-27,Merchant_E,Processor_A,NGN,CARD,RETAIL
TXN106504,1000.0,SUCCESS,REF-00006504,2026-07-23,Merchant_D,Processor_A,NGN,CARD,BUSINESS
TXN107638,1000.0,SUCCESS,REF-00007638,2026-07-11,Merchant_D,Processor_A,NGN,BANK_TRANSFER,BUSINESS
TXN106881,2500.0,SUCCESS,REF-00006881,2026-07-17,Merchant_C,Processor_A,NGN,MOBILE_MONEY,RETAIL
TXN103104,2500.0,SUCCESS,REF-00003104,2026-07-27,Merchant_E,Processor_A,NGN,USSD,BUSINESS
TXN101835,15000.0,SUCCESS,REF-00001835,2026-07-02,Merchant_D,Processor_B,NGN,CARD,RETAIL
TXN101885,7500.0,SUCCESS,REF-00001885,2026-07-19,Merchant_C,Processor_A,NGN,USSD,BUSINESS
TXN107566,100000.0,SUCCESS,REF-00007566,2026-07-11,Merchant_C,Processor_C,NGN,BANK_TRANSFER,RETAIL
TXN105144,7500.0,SUCCESS,REF-00005144,2026-07-04,Merchant_B,Processor_B,NGN,CARD,RETAIL
TXN105086,25000.0,SUCCESS,REF-00005086,2026-07-17,Merchant_A,Processor_A,NGN,USSD,BUSINESS
TXN102691,15000.0,SUCCESS,REF-00002691,2026-07-22,Merchant_E,Processor_C,NGN,USSD,BUSINESS
TXN103742,25000.0,SUCCESS,REF-00003742,2026-07-18,Merchant_A,Processor_A,NGN,MOBILE_MONEY,BUSINESS
TXN102608,25000.0,SUCCESS,REF-00002608,2026-07-24,Merchant_A,Processor_B,NGN,USSD,BUSINESS
TXN105538,10000.0,SUCCESS,REF-00005538,2026-07-01,Merchant_A,Processor_C,NGN,USSD,RETAIL
TXN105974,5000.0,SUCCESS,REF-00005974,2026-07-24,Merchant_D,Processor_B,NGN,USSD,RETAIL
TXN106297,1000.0,FAILED,REF-00006297,2026-07-02,Merchant_B,Processor_C,NGN,USSD,RETAIL
TXN107657,15000.0,FAILED,REF-00007657,2026-07-19,Merchant_A,Processor_C,NGN,BANK_TRANSFER,BUSINESS
TXN101130,25000.0,SUCCESS,REF-00001130,2026-07-25,Merchant_A,Processor_C,NGN,USSD,RETAIL
TXN107129,100000.0,SUCCESS,REF-00007129,2026-07-06,Merchant_D,Processor_C,NGN,MOBILE_MONEY,RETAIL
TXN107948,100000.0,SUCCESS,REF-00007948,2026-07-24,Merchant_B,Processor_B,NGN,BANK_TRANSFER,BUSINESS
TXN102984,10000.0,SUCCESS,REF-00002984,2026-07-31,Merchant_B,Processor_C,NGN,BANK_TRANSFER,BUSINESS
TXN103966,5000.0,REFUNDED,REF-00003966,2026-07-06,Merchant_D,Processor_B,NGN,USSD,RETAIL
TXN102709,5000.0,SUCCESS,REF-00002709,2026-07-20,Merchant_D,Processor_C,NGN,CARD,RETAIL
TXN107019,25000.0,SUCCESS,REF-00007019,2026-07-13,Merchant_D,Processor_A,NGN,USSD,RETAIL
TXN105470,15000.0,SUCCESS,REF-00005470,2026-07-28,Merchant_E,Processor_B,NGN,BANK_TRANSFER,BUSINESS
TXN101695,1000.0,SUCCESS,REF-00001695,2026-07-07,Merchant_C,Processor_A,NGN,USSD,RETAIL
TXN105016,1000.0,SUCCESS,REF-00005016,2026-07-21,Merchant_C,Processor_B,NGN,MOBILE_MONEY,BUSINESS
TXN100768,5000.0,SUCCESS,REF-00000768,2026-07-30,Merchant_C,Processor_C,NGN,MOBILE_MONEY,BUSINESS
TXN109991,5000.0,SUCCESS,REF-00009991,2026-07-23,Merchant_D,Processor_A,NGN,MOBILE_MONEY,BUSINESS
TXN102139,50000.0,SUCCESS,REF-00002139,2026-07-26,Merchant_C,Processor_C,NGN,USSD,RETAIL
TXN106279,2500.0,SUCCESS,REF-00006279,2026-07-15,Merchant_D,Processor_B,NGN,USSD,BUSINESS
TXN107666,15000.0,SUCCESS,REF-00007666,2026-07-12,Merchant_D,Processor_A,NGN,BANK_TRANSFER,RETAIL
TXN102007,25000.0,SUCCESS,REF-00002007,2026-07-23,Merchant_E,Processor_C,NGN,BANK_TRANSFER,BUSINESS
TXN105709,100000.0,SUCCESS,REF-00005709,2026-07-01,Merchant_D,Processor_B,NGN,BANK_TRANSFER,RETAIL
TXN101080,25000.0,REFUNDED,REF-00001080,2026-07-07,Merchant_E,Processor_C,NGN,CARD,RETAIL
TXN103390,5000.0,SUCCESS,REF-00003390,2026-07-26,Merchant_C,Processor_B,NGN,MOBILE_MONEY,RETAIL
TXN103981,50000.0,SUCCESS,REF-00003981,2026-07-19,Merchant_E,Processor_A,NGN,CARD,RETAIL
TXN109715,10000.0,SUCCESS,REF-00009715,2026-07-03,Merchant_A,Processor_B,NGN,CARD,BUSINESS
TXN102018,500.0,SUCCESS,REF-00002018,2026-07-13,Merchant_D,Processor_A,NGN,MOBILE_MONEY,RETAIL
TXN105420,2500.0,SUCCESS,REF-00005420,2026-07-26,Merchant_B,Processor_B,NGN,CARD,BUSINESS
TXN106806,25000.0,SUCCESS,REF-00006806,2026-07-11,Merchant_B,Processor_B,NGN,USSD,BUSINESS
TXN105834,50000.0,SUCCESS,REF-00005834,2026-07-21,Merchant_E,Processor_B,NGN,MOBILE_MONEY,BUSINESS
TXN108724,50000.0,SUCCESS,REF-00008724,2026-07-02,Merchant_A,Processor_A,NGN,CARD,BUSINESS
TXN108417,10000.0,SUCCESS,REF-00008417,2026-07-21,Merchant_C,Processor_C,NGN,CARD,BUSINESS
TXN101078,2500.0,SUCCESS,REF-00001078,2026-07-11,Merchant_E,Processor_B,NGN,CARD,RETAIL
TXN107942,100000.0,SUCCESS,REF-00007942,2026-07-12,Merchant_A,Processor_C,NGN,USSD,BUSINESS
TXN102620,25000.0,SUCCESS,REF-00002620,2026-07-02,Merchant_A,Processor_C,NGN,CARD,RETAIL
TXN105970,50000.0,FAILED,REF-00005970,2026-07-19,Merchant_E,Processor_C,NGN,CARD,RETAIL
TXN102646,250000.0,SUCCESS,REF-00002646,2026-07-12,Merchant_C,Processor_A,NGN,CARD,RETAIL
TXN107149,15000.0,SUCCESS,REF-00007149,2026-07-08,Merchant_E,Processor_B,NGN,BANK_TRANSFER,RETAIL
TXN109949,7500.0,SUCCESS,REF-00009949,2026-07-26,Merchant_E,Processor_C,NGN,MOBILE_MONEY,BUSINESS
TXN100584,15000.0,SUCCESS,REF-00000584,2026-07-28,Merchant_E,Processor_C,NGN,CARD,BUSINESS
TXN101931,10000.0,SUCCESS,REF-00001931,2026-07-25,Merchant_E,Processor_C,NGN,CARD,BUSINESS
TXN108324,1000.0,SUCCESS,REF-00008324,2026-07-30,Merchant_D,Processor_C,NGN,MOBILE_MONEY,RETAIL
TXN102905,1000.0,SUCCESS,REF-00002905,2026-07-06,Merchant_A,Processor_C,NGN,CARD,RETAIL
TXN108539,100000.0,SUCCESS,REF-00008539,2026-07-27,Merchant_D,Processor_C,NGN,USSD,BUSINESS
TXN102597,10000.0,SUCCESS,REF-00002597,2026-07-26,Merchant_D,Processor_C,NGN,CARD,BUSINESS
TXN109564,5000.0,SUCCESS,REF-00009564,2026-07-08,Merchant_B,Processor_B,NGN,CARD,RETAIL
TXN109785,25000.0,SUCCESS,REF-00009785,2026-07-22,Merchant_A,Processor_B,NGN,BANK_TRANSFER,BUSINESS
TXN105582,50000.0,SUCCESS,REF-00005582,2026-07-07,Merchant_D,Processor_A,NGN,BANK_TRANSFER,RETAIL
TXN109234,25000.0,SUCCESS,REF-00009234,2026-07-10,Merchant_A,Processor_B,NGN,USSD,RETAIL
TXN106591,5000.0,SUCCESS,REF-00006591,2026-07-29,Merchant_E,Processor_A,NGN,MOBILE_MONEY,BUSINESS
TXN101642,10000.0,SUCCESS,REF-00001642,2026-07-17,Merchant_E,Processor_C,NGN,USSD,BUSINESS
TXN103737,25000.0,SUCCESS,REF-00003737,2026-07-24,Merchant_B,Processor_A,NGN,MOBILE_MONEY,RETAIL
TXN107222,1500.0,FAILED,REF-00007222,2026-07-24,Merchant_C,Processor_C,NGN,CARD,RETAIL
TXN104451,10000.0,SUCCESS,REF-00004451,2026-07-01,Merchant_E,Processor_B,NGN,BANK_TRANSFER,BUSINESS
TXN106464,50000.0,SUCCESS,REF-00006464,2026-07-03,Merchant_D,Processor_C,NGN,USSD,BUSINESS
TXN101086,15000.0,FAILED,REF-00001086,2026-07-02,Merchant_E,Processor_C,NGN,USSD,BUSINESS
TXN100059,5000.0,SUCCESS,REF-00000059,2026-07-21,Merchant_C,Processor_A,NGN,BANK_TRANSFER,BUSINESS
TXN101734,1500.0,SUCCESS,REF-00001734,2026-07-16,Merchant_D,Processor_C,NGN,MOBILE_MONEY,RETAIL
TXN102705,50000.0,SUCCESS,REF-00002705,2026-07-12,Merchant_B,Processor_C,NGN,CARD,RETAIL
TXN109294,100000.0,REFUNDED,REF-00009294,2026-07-18,Merchant_D,Processor_B,NGN,MOBILE_MONEY,RETAIL
TXN109527,1000.0,SUCCESS,REF-00009527,2026-07-13,Merchant_B,Processor_B,NGN,BANK_TRANSFER,RETAIL
TXN102375,5000.0,SUCCESS,REF-00002375,2026-07-05,Merchant_A,Processor_C,NGN,CARD,RETAIL
TXN108731,25000.0,SUCCESS,REF-00008731,2026-07-24,Merchant_B,Processor_A,NGN,MOBILE_MONEY,BUSINESS
TXN104685,7500.0,SUCCESS,REF-00004685,2026-07-22,Merchant_E,Processor_C,NGN,CARD,RETAIL
TXN100713,7500.0,SUCCESS,REF-00000713,2026-07-03,Merchant_B,Processor_A,NGN,BANK_TRANSFER,RETAIL
TXN105833,7500.0,SUCCESS,REF-00005833,2026-07-30,Merchant_E,Processor_A,NGN,CARD,BUSINESS
TXN106344,7500.0,SUCCESS,REF-00006344,2026-07-01,Merchant_C,Processor_C,NGN,USSD,RETAIL
TXN103754,5000.0,SUCCESS,REF-00003754,2026-07-13,Merchant_E,Processor_A,NGN,BANK_TRANSFER,BUSINESS
TXN109265,1000.0,FAILED,REF-00009265,2026-07-29,Merchant_E,Processor_B,NGN,USSD,BUSINESS
TXN105809,7500.0,SUCCESS,REF-00005809,2026-07-24,Merchant_C,Processor_B,NGN,CARD,RETAIL
TXN109035,25000.0,SUCCESS,REF-00009035,2026-07-31,Merchant_D,Processor_A,NGN,MOBILE_MONEY,RETAIL
TXN107383,10000.0,SUCCESS,REF-00007383,2026-07-21,Merchant_B,Processor_B,NGN,CARD,RETAIL
TXN103306,5000.0,SUCCESS,REF-00003306,2026-07-06,Merchant_A,Processor_B,NGN,BANK_TRANSFER,RETAIL
TXN100596,15000.0,SUCCESS,REF-00000596,2026-07-05,Merchant_D,Processor_A,NGN,BANK_TRANSFER,BUSINESS
TXN102993,7500.0,SUCCESS,REF-00002993,2026-07-04,Merchant_C,Processor_A,NGN,CARD,BUSINESS
TXN105103,5000.0,SUCCESS,REF-00005103,2026-07-13,Merchant_E,Processor_B,NGN,MOBILE_MONEY,BUSINESS
TXN108821,250000.0,SUCCESS,REF-00008821,2026-07-13,Merchant_B,Processor_B,NGN,BANK_TRANSFER,RETAIL
TXN104466,1500.0,SUCCESS,REF-00004466,2026-07-17,Merchant_D,Processor_B,NGN,CARD,BUSINESS
TXN103176,15000.0,SUCCESS,REF-00003176,2026-07-20,Merchant_E,Processor_C,NGN,MOBILE_MONEY,RETAIL
TXN107061,10000.0,SUCCESS,REF-00007061,2026-07-14,Merchant_E,Processor_C,NGN,USSD,BUSINESS
TXN107235,10000.0,SUCCESS,REF-00007235,2026-07-03,Merchant_B,Processor_A,NGN,BANK_TRANSFER,BUSINESS
TXN104260,1000.0,SUCCESS,REF-00004260,2026-07-27,Merchant_C,Processor_B,NGN,USSD,RETAIL
TXN109939,25000.0,SUCCESS,REF-00009939,2026-07-18,Merchant_A,Processor_C,NGN,BANK_TRANSFER,BUSINESS
TXN103401,1000.0,SUCCESS,REF-00003401,2026-07-21,Merchant_A,Processor_A,NGN,USSD,RETAIL
TXN108288,1000.0,SUCCESS,REF-00008288,2026-07-29,Merchant_D,Processor_A,NGN,CARD,BUSINESS
TXN107034,7500.0,SUCCESS,REF-00007034,2026-07-23,Merchant_D,Processor_C,NGN,MOBILE_MONEY,BUSINESS
TXN103140,5000.0,REFUNDED,REF-00003140,2026-07-20,Merchant_C,Processor_C,NGN,CARD,RETAIL
TXN101754,250000.0,SUCCESS,REF-00001754,2026-07-20,Merchant_D,Processor_A,NGN,CARD,BUSINESS
TXN105746,15000.0,SUCCESS,REF-00005746,2026-07-31,Merchant_C,Processor_A,NGN,CARD,BUSINESS
TXN100902,1500.0,SUCCESS,REF-00000902,2026-07-26,Merchant_B,Processor_B,NGN,BANK_TRANSFER,BUSINESS
TXN102952,25000.0,SUCCESS,REF-00002952,2026-07-04,Merchant_B,Processor_C,NGN,USSD,RETAIL
TXN106777,7500.0,FAILED,REF-00006777,2026-07-03,Merchant_E,Processor_A,NGN,BANK_TRANSFER,RETAIL
TXN101728,50000.0,SUCCESS,REF-00001728,2026-07-05,Merchant_A,Processor_B,NGN,BANK_TRANSFER,RETAIL
TXN107987,7500.0,SUCCESS,REF-00007987,2026-07-04,Merchant_E,Processor_C,NGN,MOBILE_MONEY,RETAIL
TXN109215,5000.0,SUCCESS,REF-00009215,2026-07-08,Merchant_A,Processor_A,NGN,CARD,BUSINESS
TXN106597,2500.0,SUCCESS,REF-00006597,2026-07-31,Merchant_D,Processor_C,NGN,BANK_TRANSFER,BUSINESS
TXN107485,15000.0,SUCCESS,REF-00007485,2026-07-30,Merchant_B,Processor_C,NGN,USSD,RETAIL
TXN106080,7500.0,SUCCESS,REF-00006080,2026-07-27,Merchant_D,Processor_C,NGN,BANK_TRANSFER,RETAIL
TXN105720,1000.0,SUCCESS,REF-00005720,2026-07-15,Merchant_A,Processor_C,NGN,MOBILE_MONEY,BUSINESS
TXN102600,15000.0,SUCCESS,REF-00002600,2026-07-20,Merchant_C,Processor_C,NGN,MOBILE_MONEY,RETAIL
TXN107369,100000.0,SUCCESS,REF-00007369,2026-07-12,Merchant_C,Processor_B,NGN,USSD,RETAIL
TXN109917,2500.0,SUCCESS,REF-00009917,2026-07-18,Merchant_B,Processor_B,NGN,MOBILE_MONEY,RETAIL
TXN105840,7500.0,SUCCESS,REF-00005840,2026-07-06,Merchant_A,Processor_C,NGN,CARD,RETAIL
TXN109562,25000.0,SUCCESS,REF-00009562,2026-07-26,Merchant_B,Processor_B,NGN,CARD,BUSINESS
TXN108683,15000.0,SUCCESS,REF-00008683,2026-07-18,Merchant_B,Processor_B,NGN,MOBILE_MONEY,BUSINESS
TXN105578,100000.0,SUCCESS,REF-00005578,2026-07-09,Merchant_D,Processor_C,NGN,BANK_TRANSFER,RETAIL
TXN100533,10000.0,SUCCESS,REF-00000533,2026-07-14,Merchant_B,Processor_A,NGN,MOBILE_MONEY,RETAIL
TXN107078,10000.0,SUCCESS,REF-00007078,2026-07-10,Merchant_D,Processor_A,NGN,USSD,BUSINESS
TXN108722,2500.0,REFUNDED,REF-00008722,2026-07-11,Merchant_C,Processor_C,NGN,CARD,BUSINESS
TXN107426,1000.0,SUCCESS,REF-00007426,2026-07-26,Merchant_C,Processor_C,NGN,CARD,RETAIL
TXN105981,500.0,SUCCESS,REF-00005981,2026-07-28,Merchant_A,Processor_B,NGN,BANK_TRANSFER,BUSINESS
TXN105661,1000.0,SUCCESS,REF-00005661,2026-07-25,Merchant_B,Processor_A,NGN,USSD,BUSINESS
TXN101600,2500.0,SUCCESS,REF-00001600,2026-07-07,Merchant_E,Processor_B,NGN,CARD,BUSINESS
TXN106486,250000.0,REFUNDED,REF-00006486,2026-07-13,Merchant_E,Processor_B,NGN,CARD,BUSINESS
TXN106836,5000.0,SUCCESS,REF-00006836,2026-07-08,Merchant_E,Processor_B,NGN,USSD,BUSINESS
TXN108619,1500.0,SUCCESS,REF-00008619,2026-07-17,Merchant_E,Processor_A,NGN,BANK_TRANSFER,BUSINESS
TXN109852,1000.0,SUCCESS,REF-00009852,2026-07-25,Merchant_A,Processor_A,NGN,MOBILE_MONEY,RETAIL
TXN108273,10000.0,SUCCESS,REF-00008273,2026-07-21,Merchant_B,Processor_B,NGN,BANK_TRANSFER,BUSINESS
TXN100957,1000.0,SUCCESS,REF-00000957,2026-07-09,Merchant_E,Processor_B,NGN,CARD,BUSINESS
TXN102390,5000.0,SUCCESS,REF-00002390,2026-07-18,Merchant_A,Processor_B,NGN,CARD,RETAIL
TXN109780,5000.0,SUCCESS,REF-00009780,2026-07-10,Merchant_C,Processor_A,NGN,BANK_TRANSFER,RETAIL
TXN104581,5000.0,SUCCESS,REF-00004581,2026-07-15,Merchant_D,Processor_C,NGN,BANK_TRANSFER,RETAIL
TXN105353,10000.0,FAILED,REF-00005353,2026-07-24,Merchant_B,Processor_A,NGN,CARD,RETAIL
TXN103448,15000.0,SUCCESS,REF-00003448,2026-07-18,Merchant_D,Processor_B,NGN,USSD,RETAIL
TXN105751,50000.0,SUCCESS,REF-00005751,2026-07-13,Merchant_E,Processor_A,NGN,USSD,RETAIL
TXN106780,5000.0,SUCCESS,REF-00006780,2026-07-05,Merchant_B,Processor_A,NGN,MOBILE_MONEY,RETAIL
TXN103170,15000.0,SUCCESS,REF-00003170,2026-07-23,Merchant_C,Processor_A,NGN,CARD,RETAIL
TXN109736,15000.0,SUCCESS,REF-00009736,2026-07-01,Merchant_E,Processor_C,NGN,CARD,RETAIL
TXN106906,2500.0,SUCCESS,REF-00006906,2026-07-15,Merchant_E,Processor_A,NGN,MOBILE_MONEY,BUSINESS
TXN109443,5000.0,SUCCESS,REF-00009443,2026-07-27,Merchant_E,Processor_A,NGN,CARD,RETAIL
TXN105336,5000.0,SUCCESS,REF-00005336,2026-07-24,Merchant_E,Processor_A,NGN,CARD,RETAIL
TXN104672,25000.0,SUCCESS,REF-00004672,2026-07-18,Merchant_C,Processor_B,NGN,BANK_TRANSFER,BUSINESS
TXN104295,5000.0,SUCCESS,REF-00004295,2026-07-14,Merchant_C,Processor_C,NGN,USSD,BUSINESS
TXN108217,5000.0,SUCCESS,REF-00008217,2026-07-26,Merchant_C,Processor_C,NGN,USSD,RETAIL
TXN101903,500.0,SUCCESS,REF-00001903,2026-07-01,Merchant_D,Processor_B,NGN,USSD,RETAIL
TXN109883,100000.0,SUCCESS,REF-00009883,2026-07-21,Merchant_C,Processor_B,NGN,MOBILE_MONEY,BUSINESS
TXN103188,50000.0,REFUNDED,REF-00003188,2026-07-08,Merchant_D,Processor_B,NGN,BANK_TRANSFER,RETAIL
TXN108053,25000.0,SUCCESS,REF-00008053,2026-07-08,Merchant_A,Processor_B,NGN,CARD,RETAIL
TXN102592,10000.0,SUCCESS,REF-00002592,2026-07-12,Merchant_B,Processor_C,NGN,USSD,RETAIL
TXN108072,25000.0,SUCCESS,REF-00008072,2026-07-03,Merchant_A,Processor_B,NGN,USSD,RETAIL
TXN103793,25000.0,SUCCESS,REF-00003793,2026-07-06,Merchant_D,Processor_C,NGN,BANK_TRANSFER,RETAIL
TXN101305,100000.0,SUCCESS,REF-00001305,2026-07-06,Merchant_E,Processor_C,NGN,CARD,RETAIL
TXN105159,2500.0,SUCCESS,REF-00005159,2026-07-13,Merchant_C,Processor_A,NGN,MOBILE_MONEY,RETAIL
TXN100586,1000.0,SUCCESS,REF-00000586,2026-07-30,Merchant_B,Processor_B,NGN,CARD,RETAIL
TXN106096,1000.0,SUCCESS,REF-00006096,2026-07-01,Merchant_C,Processor_B,NGN,MOBILE_MONEY,BUSINESS
TXN103665,7500.0,SUCCESS,REF-00003665,2026-07-27,Merchant_E,Processor_C,NGN,MOBILE_MONEY,BUSINESS
TXN105727,1000.0,SUCCESS,REF-00005727,2026-07-26,Merchant_C,Processor_B,NGN,CARD,RETAIL
TXN109913,15000.0,SUCCESS,REF-00009913,2026-07-02,Merchant_D,Processor_C,NGN,MOBILE_MONEY,RETAIL
TXN100635,7500.0,REFUNDED,REF-00000635,2026-07-29,Merchant_B,Processor_B,NGN,USSD,RETAIL
TXN100044,2500.0,SUCCESS,REF-00000044,2026-07-16,Merchant_A,Processor_C,NGN,BANK_TRANSFER,RETAIL
TXN103964,500.0,SUCCESS,REF-00003964,2026-07-06,Merchant_B,Processor_A,NGN,USSD,RETAIL
TXN102538,25000.0,SUCCESS,REF-00002538,2026-07-26,Merchant_B,Processor_B,NGN,MOBILE_MONEY,RETAIL
TXN107254,5000.0,SUCCESS,REF-00007254,2026-07-23,Merchant_D,Processor_A,NGN,MOBILE_MONEY,BUSINESS
TXN103008,15000.0,SUCCESS,REF-00003008,2026-07-21,Merchant_C,Processor_B,NGN,BANK_TRANSFER,BUSINESS
TXN106951,10000.0,SUCCESS,REF-00006951,2026-07-26,Merchant_C,Processor_A,NGN,BANK_TRANSFER,BUSINESS
TXN108836,10000.0,SUCCESS,REF-00008836,2026-07-21,Merchant_D,Processor_C,NGN,USSD,RETAIL
TXN105234,10000.0,SUCCESS,REF-00005234,2026-07-12,Merchant_C,Processor_A,NGN,BANK_TRANSFER,RETAIL
TXN109827,10000.0,SUCCESS,REF-00009827,2026-07-30,Merchant_C,Processor_A,NGN,BANK_TRANSFER,RETAIL
TXN107121,1500.0,SUCCESS,REF-00007121,2026-07-01,Merchant_E,Processor_A,NGN,MOBILE_MONEY,BUSINESS
TXN106009,2500.0,SUCCESS,REF-00006009,2026-07-27,Merchant_A,Processor_C,NGN,BANK_TRANSFER,BUSINESS
TXN104952,7500.0,SUCCESS,REF-00004952,2026-07-02,Merchant_A,Processor_C,NGN,MOBILE_MONEY,BUSINESS
TXN109565,5000.0,FAILED,REF-00009565,2026-07-20,Merchant_B,Processor_B,NGN,CARD,RETAIL
TXN100243,5000.0,SUCCESS,REF-00000243,2026-07-30,Merchant_A,Processor_C,NGN,CARD,BUSINESS
TXN104361,15000.0,SUCCESS,REF-00004361,2026-07-17,Merchant_B,Processor_B,NGN,CARD,BUSINESS
TXN108305,2500.0,SUCCESS,REF-00008305,2026-07-29,Merchant_C,Processor_C,NGN,MOBILE_MONEY,BUSINESS
TXN107736,100000.0,SUCCESS,REF-00007736,2026-07-10,Merchant_C,Processor_C,NGN,CARD,BUSINESS
TXN101751,2500.0,SUCCESS,REF-00001751,2026-07-01,Merchant_A,Processor_B,NGN,USSD,RETAIL
TXN101442,15000.0,SUCCESS,REF-00001442,2026-07-14,Merchant_D,Processor_B,NGN,MOBILE_MONEY,RETAIL
TXN108151,50000.0,FAILED,REF-00008151,2026-07-06,Merchant_D,Processor_B,NGN,USSD,RETAIL
TXN104541,10000.0,SUCCESS,REF-00004541,2026-07-02,Merchant_D,Processor_C,NGN,MOBILE_MONEY,BUSINESS
TXN104639,50000.0,SUCCESS,REF-00004639,2026-07-01,Merchant_B,Processor_B,NGN,USSD,BUSINESS
TXN108150,10000.0,SUCCESS,REF-00008150,2026-07-11,Merchant_E,Processor_A,NGN,CARD,BUSINESS
TXN100326,10000.0,SUCCESS,REF-00000326,2026-07-20,Merchant_C,Processor_B,NGN,USSD,RETAIL
TXN106893,5000.0,SUCCESS,REF-00006893,2026-07-09,Merchant_E,Processor_A,NGN,CARD,RETAIL
TXN106722,50000.0,SUCCESS,REF-00006722,2026-07-15,Merchant_C,Processor_C,NGN,MOBILE_MONEY,RETAIL
TXN109432,25000.0,SUCCESS,REF-00009432,2026-07-19,Merchant_E,Processor_C,NGN,CARD,RETAIL
TXN109467,100000.0,SUCCESS,REF-00009467,2026-07-06,Merchant_D,Processor_B,NGN,BANK_TRANSFER,BUSINESS
TXN109836,100000.0,SUCCESS,REF-00009836,2026-07-20,Merchant_A,Processor_B,NGN,BANK_TRANSFER,BUSINESS
TXN102440,10000.0,SUCCESS,REF-00002440,2026-07-24,Merchant_C,Processor_A,NGN,CARD,RETAIL
TXN108235,10000.0,SUCCESS,REF-00008235,2026-07-29,Merchant_A,Processor_C,NGN,BANK_TRANSFER,BUSINESS
TXN109598,2500.0,SUCCESS,REF-00009598,2026-07-26,Merchant_C,Processor_C,NGN,BANK_TRANSFER,RETAIL
TXN106716,1000.0,SUCCESS,REF-00006716,2026-07-18,Merchant_C,Processor_A,NGN,BANK_TRANSFER,RETAIL
TXN102103,25000.0,SUCCESS,REF-00002103,2026-07-13,Merchant_D,Processor_C,NGN,BANK_TRANSFER,RETAIL
TXN102602,25000.0,SUCCESS,REF-00002602,2026-07-04,Merchant_A,Processor_A,NGN,USSD,RETAIL
TXN106855,5000.0,REFUNDED,REF-00006855,2026-07-06,Merchant_A,Processor_B,NGN,BANK_TRANSFER,RETAIL
TXN103571,10000.0,SUCCESS,REF-00003571,2026-07-20,Merchant_C,Processor_C,NGN,MOBILE_MONEY,RETAIL
TXN103510,5000.0,SUCCESS,REF-00003510,2026-07-10,Merchant_A,Processor_B,NGN,CARD,BUSINESS
TXN108040,250000.0,SUCCESS,REF-00008040,2026-07-09,Merchant_E,Processor_B,NGN,MOBILE_MONEY,RETAIL
TXN100509,25000.0,SUCCESS,REF-00000509,2026-07-11,Merchant_B,Processor_C,NGN,BANK_TRANSFER,BUSINESS
TXN103796,10000.0,REFUNDED,REF-00003796,2026-07-28,Merchant_A,Processor_C,NGN,MOBILE_MONEY,RETAIL
TXN103599,15000.0,FAILED,REF-00003599,2026-07-23,Merchant_A,Processor_A,NGN,BANK_TRANSFER,RETAIL
TXN107321,10000.0,SUCCESS,REF-00007321,2026-07-26,Merchant_B,Processor_C,NGN,USSD,RETAIL
TXN103748,7500.0,SUCCESS,REF-00003748,2026-07-17,Merchant_C,Processor_B,NGN,USSD,RETAIL
TXN102685,500.0,FAILED,REF-00002685,2026-07-23,Merchant_A,Processor_C,NGN,USSD,BUSINESS
TXN107439,1500.0,FAILED,REF-00007439,2026-07-18,Merchant_E,Processor_A,NGN,BANK_TRANSFER,RETAIL
TXN102575,15000.0,SUCCESS,REF-00002575,2026-07-22,Merchant_A,Processor_B,NGN,CARD,BUSINESS
TXN108092,10000.0,SUCCESS,REF-00008092,2026-07-05,Merchant_E,Processor_A,NGN,USSD,RETAIL
TXN108863,15000.0,SUCCESS,REF-00008863,2026-07-23,Merchant_B,Processor_A,NGN,BANK_TRANSFER,RETAIL
TXN106978,25000.0,SUCCESS,REF-00006978,2026-07-06,Merchant_C,Processor_B,NGN,BANK_TRANSFER,BUSINESS
TXN107772,2500.0,SUCCESS,REF-00007772,2026-07-07,Merchant_D,Processor_B,NGN,MOBILE_MONEY,BUSINESS
TXN108115,5000.0,SUCCESS,REF-00008115,2026-07-20,Merchant_B,Processor_B,NGN,BANK_TRANSFER,BUSINESS
TXN109266,5000.0,SUCCESS,REF-00009266,2026-07-19,Merchant_D,Processor_B,NGN,MOBILE_MONEY,BUSINESS
TXN100447,25000.0,SUCCESS,REF-00000447,2026-07-15,Merchant_A,Processor_C,NGN,USSD,RETAIL
TXN108166,1000.0,REFUNDED,REF-00008166,2026-07-27,Merchant_E,Processor_C,NGN,MOBILE_MONEY,BUSINESS
TXN109849,10000.0,SUCCESS,REF-00009849,2026-07-11,Merchant_E,Processor_A,NGN,BANK_TRANSFER,BUSINESS
TXN107280,10000.0,SUCCESS,REF-00007280,2026-07-15,Merchant_A,Processor_C,NGN,MOBILE_MONEY,BUSINESS
TXN109235,5000.0,SUCCESS,REF-00009235,2026-07-19,Merchant_C,Processor_B,NGN,USSD,RETAIL
TXN101845,2500.0,SUCCESS,REF-00001845,2026-07-21,Merchant_E,Processor_B,NGN,BANK_TRANSFER,BUSINESS
TXN100549,25000.0,SUCCESS,REF-00000549,2026-07-29,Merchant_E,Processor_A,NGN,CARD,RETAIL
TXN109182,1000.0,FAILED,REF-00009182,2026-07-18,Merchant_E,Processor_A,NGN,CARD,BUSINESS
TXN109410,1500.0,SUCCESS,REF-00009410,2026-07-01,Merchant_A,Processor_C,NGN,BANK_TRANSFER,RETAIL
TXN100764,500.0,SUCCESS,REF-00000764,2026-07-09,Merchant_E,Processor_A,NGN,USSD,BUSINESS
TXN107037,7500.0,SUCCESS,REF-00007037,2026-07-08,Merchant_C,Processor_B,NGN,BANK_TRANSFER,BUSINESS
TXN106960,10000.0,SUCCESS,REF-00006960,2026-07-13,Merchant_A,Processor_B,NGN,CARD,RETAIL
TXN100563,500.0,SUCCESS,REF-00000563,2026-07-01,Merchant_D,Processor_C,NGN,BANK_TRANSFER,RETAIL
TXN102882,2500.0,SUCCESS,REF-00002882,2026-07-25,Merchant_B,Processor_A,NGN,MOBILE_MONEY,RETAIL
TXN108453,7500.0,SUCCESS,REF-00008453,2026-07-15,Merchant_E,Processor_B,NGN,MOBILE_MONEY,RETAIL
TXN107965,500.0,SUCCESS,REF-00007965,2026-07-04,Merchant_E,Processor_A,NGN,USSD,BUSINESS
TXN109393,25000.0,SUCCESS,REF-00009393,2026-07-15,Merchant_D,Processor_A,NGN,USSD,BUSINESS
TXN103443,250000.0,SUCCESS,REF-00003443,2026-07-28,Merchant_D,Processor_B,NGN,USSD,BUSINESS
TXN105442,1500.0,SUCCESS,REF-00005442,2026-07-04,Merchant_C,Processor_B,NGN,USSD,BUSINESS
TXN102059,10000.0,SUCCESS,REF-00002059,2026-07-07,Merchant_D,Processor_C,NGN,MOBILE_MONEY,BUSINESS
TXN109431,1500.0,SUCCESS,REF-00009431,2026-07-10,Merchant_D,Processor_B,NGN,CARD,BUSINESS
TXN109015,1000.0,SUCCESS,REF-00009015,2026-07-01,Merchant_C,Processor_C,NGN,USSD,BUSINESS
TXN100691,7500.0,SUCCESS,REF-00000691,2026-07-01,Merchant_B,Processor_A,NGN,USSD,RETAIL
TXN109414,7500.0,SUCCESS,REF-00009414,2026-07-06,Merchant_E,Processor_A,NGN,CARD,RETAIL
TXN107992,5000.0,SUCCESS,REF-00007992,2026-07-07,Merchant_D,Processor_A,NGN,USSD,BUSINESS
TXN103847,10000.0,SUCCESS,REF-00003847,2026-07-25,Merchant_E,Processor_A,NGN,CARD,BUSINESS
TXN109327,2500.0,SUCCESS,REF-00009327,2026-07-21,Merchant_D,Processor_B,NGN,USSD,RETAIL
TXN105869,10000.0,SUCCESS,REF-00005869,2026-07-15,Merchant_C,Processor_B,NGN,USSD,BUSINESS
TXN105857,500.0,SUCCESS,REF-00005857,2026-07-05,Merchant_B,Processor_B,NGN,USSD,RETAIL
TXN105051,50000.0,SUCCESS,REF-00005051,2026-07-17,Merchant_D,Processor_B,NGN,MOBILE_MONEY,BUSINESS
TXN101289,1000.0,SUCCESS,REF-00001289,2026-07-30,Merchant_D,Processor_C,NGN,MOBILE_MONEY,RETAIL
TXN106169,1500.0,SUCCESS,REF-00006169,2026-07-28,Merchant_D,Processor_C,NGN,MOBILE_MONEY,RETAIL
TXN104330,5000.0,SUCCESS,REF-00004330,2026-07-31,Merchant_B,Processor_A,NGN,USSD,RETAIL
TXN105208,50000.0,SUCCESS,REF-00005208,2026-07-03,Merchant_C,Processor_B,NGN,MOBILE_MONEY,RETAIL
TXN106272,1000.0,FAILED,REF-00006272,2026-07-30,Merchant_C,Processor_A,NGN,MOBILE_MONEY,RETAIL
TXN107959,500.0,REFUNDED,REF-00007959,2026-07-12,Merchant_D,Processor_A,NGN,MOBILE_MONEY,RETAIL
TXN100855,2500.0,SUCCESS,REF-00000855,2026-07-25,Merchant_A,Processor_C,NGN,BANK_TRANSFER,RETAIL
TXN103034,5000.0,SUCCESS,REF-00003034,2026-07-07,Merchant_E,Processor_C,NGN,MOBILE_MONEY,RETAIL
TXN106963,15000.0,SUCCESS,REF-00006963,2026-07-31,Merchant_B,Processor_B,NGN,BANK_TRANSFER,BUSINESS
TXN105890,25000.0,SUCCESS,REF-00005890,2026-07-17,Merchant_A,Processor_A,NGN,MOBILE_MONEY,RETAIL
TXN102246,1000.0,SUCCESS,REF-00002246,2026-07-25,Merchant_E,Processor_A,NGN,USSD,RETAIL
TXN105822,25000.0,SUCCESS,REF-00005822,2026-07-23,Merchant_A,Processor_B,NGN,USSD,BUSINESS
TXN104209,1000.0,SUCCESS,REF-00004209,2026-07-23,Merchant_D,Processor_A,NGN,USSD,BUSINESS
TXN105949,50000.0,SUCCESS,REF-00005949,2026-07-09,Merchant_B,Processor_C,NGN,BANK_TRANSFER,BUSINESS
TXN109590,10000.0,SUCCESS,REF-00009590,2026-07-06,Merchant_B,Processor_C,NGN,USSD,BUSINESS
TXN105044,15000.0,SUCCESS,REF-00005044,2026-07-17,Merchant_E,Processor_A,NGN,CARD,BUSINESS
TXN104443,7500.0,SUCCESS,REF-00004443,2026-07-17,Merchant_E,Processor_A,NGN,MOBILE_MONEY,BUSINESS
TXN107024,15000.0,SUCCESS,REF-00007024,2026-07-01,Merchant_D,Processor_A,NGN,BANK_TRANSFER,RETAIL
TXN106197,50000.0,SUCCESS,REF-00006197,2026-07-21,Merchant_D,Processor_C,NGN,BANK_TRANSFER,BUSINESS
TXN106154,1500.0,SUCCESS,REF-00006154,2026-07-28,Merchant_D,Processor_C,NGN,BANK_TRANSFER,BUSINESS
TXN100088,100000.0,SUCCESS,REF-00000088,2026-07-04,Merchant_E,Processor_C,NGN,USSD,BUSINESS
TXN109847,5000.0,SUCCESS,REF-00009847,2026-07-26,Merchant_D,Processor_C,NGN,CARD,BUSINESS
TXN100361,15000.0,FAILED,REF-00000361,2026-07-20,Merchant_C,Processor_C,NGN,BANK_TRANSFER,BUSINESS
TXN109246,10000.0,SUCCESS,REF-00009246,2026-07-17,Merchant_E,Processor_C,NGN,MOBILE_MONEY,RETAIL
TXN106250,7500.0,SUCCESS,REF-00006250,2026-07-19,Merchant_B,Processor_A,NGN,MOBILE_MONEY,BUSINESS
TXN108840,10000.0,FAILED,REF-00008840,2026-07-29,Merchant_E,Processor_A,NGN,CARD,RETAIL
TXN100682,1500.0,SUCCESS,REF-00000682,2026-07-28,Merchant_A,Processor_B,NGN,MOBILE_MONEY,RETAIL
TXN102092,2500.0,SUCCESS,REF-00002092,2026-07-05,Merchant_A,Processor_C,NGN,CARD,RETAIL
TXN109746,50000.0,FAILED,REF-00009746,2026-07-25,Merchant_C,Processor_C,NGN,MOBILE_MONEY,RETAIL
TXN102286,250000.0,SUCCESS,REF-00002286,2026-07-02,Merchant_D,Processor_C,NGN,CARD,BUSINESS
TXN105463,5000.0,SUCCESS,REF-00005463,2026-07-28,Merchant_B,Processor_B,NGN,USSD,RETAIL
TXN109745,15000.0,SUCCESS,REF-00009745,2026-07-22,Merchant_B,Processor_A,NGN,MOBILE_MONEY,BUSINESS
TXN100874,500.0,FAILED,REF-00000874,2026-07-13,Merchant_B,Processor_A,NGN,MOBILE_MONEY,RETAIL
TXN106093,10000.0,SUCCESS,REF-00006093,2026-07-17,Merchant_A,Processor_B,NGN,MOBILE_MONEY,BUSINESS
TXN104214,15000.0,SUCCESS,REF-00004214,2026-07-26,Merchant_E,Processor_A,NGN,USSD,BUSINESS
TXN101803,5000.0,REFUNDED,REF-00001803,2026-07-26,Merchant_A,Processor_C,NGN,USSD,BUSINESS
TXN104251,1000.0,SUCCESS,REF-00004251,2026-07-04,Merchant_D,Processor_C,NGN,BANK_TRANSFER,RETAIL
TXN101574,2500.0,SUCCESS,REF-00001574,2026-07-01,Merchant_E,Processor_A,NGN,BANK_TRANSFER,BUSINESS
TXN109758,2500.0,SUCCESS,REF-00009758,2026-07-29,Merchant_D,Processor_C,NGN,CARD,RETAIL
TXN100868,50000.0,SUCCESS,REF-00000868,2026-07-10,Merchant_A,Processor_B,NGN,BANK_TRANSFER,RETAIL
TXN101368,1500.0,SUCCESS,REF-00001368,2026-07-31,Merchant_C,Processor_B,NGN,MOBILE_MONEY,BUSINESS
TXN104881,7500.0,SUCCESS,REF-00004881,2026-07-22,Merchant_A,Processor_C,NGN,USSD,RETAIL
TXN103546,1000.0,SUCCESS,REF-00003546,2026-07-13,Merchant_E,Processor_A,NGN,USSD,BUSINESS
TXN100156,15000.0,SUCCESS,REF-00000156,2026-07-28,Merchant_A,Processor_C,NGN,USSD,BUSINESS
TXN107193,1500.0,SUCCESS,REF-00007193,2026-07-18,Merchant_D,Processor_C,NGN,USSD,BUSINESS
TXN101507,10000.0,SUCCESS,REF-00001507,2026-07-19,Merchant_A,Processor_B,NGN,CARD,RETAIL
TXN106645,7500.0,REFUNDED,REF-00006645,2026-07-10,Merchant_D,Processor_B,NGN,BANK_TRANSFER,BUSINESS
TXN107722,500.0,SUCCESS,REF-00007722,2026-07-13,Merchant_C,Processor_C,NGN,USSD,BUSINESS
TXN101307,50000.0,SUCCESS,REF-00001307,2026-07-20,Merchant_E,Processor_C,NGN,CARD,RETAIL
TXN108152,1000.0,SUCCESS,REF-00008152,2026-07-02,Merchant_A,Processor_A,NGN,MOBILE_MONEY,RETAIL
TXN105165,250000.0,SUCCESS,REF-00005165,2026-07-07,Merchant_A,Processor_C,NGN,BANK_TRANSFER,RETAIL
TXN102427,250000.0,SUCCESS,REF-00002427,2026-07-20,Merchant_E,Processor_B,NGN,CARD,RETAIL
TXN107697,15000.0,SUCCESS,REF-00007697,2026-07-11,Merchant_E,Processor_A,NGN,USSD,BUSINESS
TXN106694,10000.0,SUCCESS,REF-00006694,2026-07-09,Merchant_A,Processor_B,NGN,USSD,RETAIL
TXN103547,10000.0,SUCCESS,REF-00003547,2026-07-21,Merchant_E,Processor_B,NGN,USSD,RETAIL
TXN108505,25000.0,SUCCESS,REF-00008505,2026-07-25,Merchant_A,Processor_A,NGN,MOBILE_MONEY,RETAIL
TXN109733,25000.0,SUCCESS,REF-00009733,2026-07-30,Merchant_B,Processor_A,NGN,BANK_TRANSFER,RETAIL
TXN109701,2500.0,SUCCESS,REF-00009701,2026-07-29,Merchant_A,Processor_B,NGN,USSD,BUSINESS
TXN104923,100000.0,SUCCESS,REF-00004923,2026-07-04,Merchant_C,Processor_A,NGN,BANK_TRANSFER,RETAIL
TXN102082,7500.0,SUCCESS,REF-00002082,2026-07-15,Merchant_A,Processor_B,NGN,MOBILE_MONEY,RETAIL
TXN108831,7500.0,SUCCESS,REF-00008831,2026-07-16,Merchant_A,Processor_A,NGN,CARD,BUSINESS
TXN101167,10000.0,SUCCESS,REF-00001167,2026-07-14,Merchant_E,Processor_A,NGN,BANK_TRANSFER,RETAIL
TXN102925,100000.0,SUCCESS,REF-00002925,2026-07-18,Merchant_E,Processor_C,NGN,CARD,BUSINESS
TXN108930,7500.0,SUCCESS,REF-00008930,2026-07-18,Merchant_C,Processor_A,NGN,BANK_TRANSFER,RETAIL
TXN103505,15000.0,FAILED,REF-00003505,2026-07-05,Merchant_D,Processor_A,NGN,USSD,BUSINESS
TXN100927,10000.0,SUCCESS,REF-00000927,2026-07-01,Merchant_D,Processor_B,NGN,USSD,BUSINESS
TXN106370,15000.0,SUCCESS,REF-00006370,2026-07-08,Merchant_C,Processor_C,NGN,CARD,RETAIL
TXN103628,50000.0,FAILED,REF-00003628,2026-07-29,Merchant_B,Processor_A,NGN,BANK_TRANSFER,BUSINESS
TXN100566,7500.0,SUCCESS,REF-00000566,2026-07-28,Merchant_E,Processor_A,NGN,MOBILE_MONEY,BUSINESS
TXN102550,5000.0,SUCCESS,REF-00002550,2026-07-22,Merchant_C,Processor_B,NGN,BANK_TRANSFER,BUSINESS
TXN108377,2500.0,SUCCESS,REF-00008377,2026-07-21,Merchant_A,Processor_C,NGN,CARD,BUSINESS
TXN106582,25000.0,SUCCESS,REF-00006582,2026-07-06,Merchant_A,Processor_B,NGN,BANK_TRANSFER,BUSINESS
TXN101626,2500.0,SUCCESS,REF-00001626,2026-07-28,Merchant_B,Processor_C,NGN,BANK_TRANSFER,RETAIL
TXN100783,5000.0,SUCCESS,REF-00000783,2026-07-09,Merchant_B,Processor_C,NGN,CARD,RETAIL
TXN102105,5000.0,SUCCESS,REF-00002105,2026-07-25,Merchant_E,Processor_C,NGN,CARD,RETAIL
TXN108107,10000.0,SUCCESS,REF-00008107,2026-07-13,Merchant_E,Processor_A,NGN,CARD,RETAIL
TXN103432,25000.0,SUCCESS,REF-00003432,2026-07-21,Merchant_E,Processor_B,NGN,BANK_TRANSFER,BUSINESS
TXN105762,100000.0,SUCCESS,REF-00005762,2026-07-19,Merchant_B,Processor_B,NGN,CARD,RETAIL
TXN104875,15000.0,SUCCESS,REF-00004875,2026-07-18,Merchant_E,Processor_A,NGN,CARD,RETAIL
TXN107718,7500.0,SUCCESS,REF-00007718,2026-07-16,Merchant_A,Processor_A,NGN,MOBILE_MONEY,RETAIL
TXN105027,1000.0,SUCCESS,REF-00005027,2026-07-18,Merchant_A,Processor_B,NGN,MOBILE_MONEY,RETAIL
TXN104830,50000.0,SUCCESS,REF-00004830,2026-07-15,Merchant_E,Processor_A,NGN,MOBILE_MONEY,BUSINESS
TXN104218,15000.0,SUCCESS,REF-00004218,2026-07-15,Merchant_C,Processor_C,NGN,CARD,BUSINESS
TXN102434,250000.0,SUCCESS,REF-00002434,2026-07-31,Merchant_A,Processor_A,NGN,CARD,RETAIL
TXN106662,5000.0,SUCCESS,REF-00006662,2026-07-05,Merchant_D,Processor_C,NGN,MOBILE_MONEY,RETAIL
TXN101069,5000.0,SUCCESS,REF-00001069,2026-07-16,Merchant_B,Processor_C,NGN,USSD,BUSINESS
TXN104934,10000.0,SUCCESS,REF-00004934,2026-07-30,Merchant_D,Processor_B,NGN,USSD,RETAIL
TXN102611,500.0,SUCCESS,REF-00002611,2026-07-19,Merchant_E,Processor_A,NGN,MOBILE_MONEY,RETAIL
TXN107349,100000.0,SUCCESS,REF-00007349,2026-07-08,Merchant_B,Processor_A,NGN,MOBILE_MONEY,RETAIL
TXN109352,100000.0,SUCCESS,REF-00009352,2026-07-22,Merchant_B,Processor_B,NGN,USSD,RETAIL
TXN101875,10000.0,FAILED,REF-00001875,2026-07-24,Merchant_E,Processor_A,NGN,MOBILE_MONEY,RETAIL
TXN101424,250000.0,SUCCESS,REF-00001424,2026-07-08,Merchant_B,Processor_B,NGN,CARD,RETAIL
TXN105394,25000.0,FAILED,REF-00005394,2026-07-31,Merchant_C,Processor_C,NGN,MOBILE_MONEY,BUSINESS
TXN104585,250000.0,SUCCESS,REF-00004585,2026-07-30,Merchant_A,Processor_B,NGN,BANK_TRANSFER,BUSINESS
TXN108611,100000.0,SUCCESS,REF-00008611,2026-07-27,Merchant_B,Processor_C,NGN,USSD,BUSINESS
TXN102235,15000.0,REFUNDED,REF-00002235,2026-07-10,Merchant_C,Processor_A,NGN,CARD,RETAIL
TXN107209,50000.0,SUCCESS,REF-00007209,2026-07-16,Merchant_C,Processor_C,NGN,USSD,BUSINESS
TXN104582,25000.0,SUCCESS,REF-00004582,2026-07-26,Merchant_D,Processor_B,NGN,MOBILE_MONEY,RETAIL
TXN100477,10000.0,SUCCESS,REF-00000477,2026-07-01,Merchant_A,Processor_C,NGN,USSD,BUSINESS
TXN107644,1500.0,REFUNDED,REF-00007644,2026-07-23,Merchant_E,Processor_C,NGN,MOBILE_MONEY,BUSINESS
TXN107423,7500.0,REFUNDED,REF-00007423,2026-07-06,Merchant_E,Processor_A,NGN,CARD,BUSINESS
TXN104309,25000.0,SUCCESS,REF-00004309,2026-07-14,Merchant_C,Processor_B,NGN,CARD,BUSINESS
TXN107003,25000.0,SUCCESS,REF-00007003,2026-07-30,Merchant_D,Processor_C,NGN,USSD,BUSINESS
TXN105785,100000.0,SUCCESS,REF-00005785,2026-07-21,Merchant_D,Processor_B,NGN,CARD,RETAIL
TXN101650,500.0,SUCCESS,REF-00001650,2026-07-24,Merchant_A,Processor_B,NGN,USSD,BUSINESS
TXN105967,1000.0,SUCCESS,REF-00005967,2026-07-15,Merchant_B,Processor_B,NGN,USSD,RETAIL
TXN100866,1500.0,SUCCESS,REF-00000866,2026-07-07,Merchant_E,Processor_B,NGN,USSD,RETAIL
TXN101784,15000.0,SUCCESS,REF-00001784,2026-07-23,Merchant_A,Processor_A,NGN,USSD,BUSINESS
TXN104792,1000.0,SUCCESS,REF-00004792,2026-07-22,Merchant_C,Processor_B,NGN,BANK_TRANSFER,RETAIL
TXN105495,5000.0,SUCCESS,REF-00005495,2026-07-01,Merchant_A,Processor_C,NGN,BANK_TRANSFER,RETAIL
TXN101363,15000.0,SUCCESS,REF-00001363,2026-07-13,Merchant_D,Processor_B,NGN,MOBILE_MONEY,BUSINESS
TXN105469,5000.0,SUCCESS,REF-00005469,2026-07-10,Merchant_E,Processor_C,NGN,CARD,RETAIL
TXN109162,25000.0,SUCCESS,REF-00009162,2026-07-24,Merchant_C,Processor_A,NGN,BANK_TRANSFER,BUSINESS
TXN107276,5000.0,SUCCESS,REF-00007276,2026-07-01,Merchant_B,Processor_A,NGN,BANK_TRANSFER,BUSINESS
TXN101907,5000.0,SUCCESS,REF-00001907,2026-07-08,Merchant_D,Processor_A,NGN,CARD,BUSINESS
TXN102304,100000.0,FAILED,REF-00002304,2026-07-17,Merchant_E,Processor_A,NGN,USSD,BUSINESS
TXN101865,100000.0,SUCCESS,REF-00001865,2026-07-04,Merchant_A,Processor_B,NGN,BANK_TRANSFER,BUSINESS
TXN107196,1500.0,SUCCESS,REF-00007196,2026-07-01,Merchant_C,Processor_C,NGN,BANK_TRANSFER,RETAIL
TXN103933,2500.0,REFUNDED,REF-00003933,2026-07-25,Merchant_D,Processor_A,NGN,BANK_TRANSFER,BUSINESS
TXN100992,5000.0,SUCCESS,REF-00000992,2026-07-22,Merchant_D,Processor_B,NGN,BANK_TRANSFER,BUSINESS
TXN109544,5000.0,REFUNDED,REF-00009544,2026-07-18,Merchant_B,Processor_C,NGN,USSD,RETAIL
TXN105298,7500.0,SUCCESS,REF-00005298,2026-07-05,Merchant_B,Processor_A,NGN,CARD,RETAIL
TXN102329,1000.0,SUCCESS,REF-00002329,2026-07-15,Merchant_B,Processor_A,NGN,BANK_TRANSFER,RETAIL
TXN100738,7500.0,SUCCESS,REF-00000738,2026-07-29,Merchant_D,Processor_B,NGN,BANK_TRANSFER,BUSINESS
TXN105239,5000.0,SUCCESS,REF-00005239,2026-07-27,Merchant_E,Processor_B,NGN,BANK_TRANSFER,BUSINESS
TXN107381,1500.0,SUCCESS,REF-00007381,2026-07-22,Merchant_B,Processor_A,NGN,BANK_TRANSFER,BUSINESS
TXN108188,10000.0,SUCCESS,REF-00008188,2026-07-24,Merchant_E,Processor_A,NGN,CARD,RETAIL
TXN100979,15000.0,SUCCESS,REF-00000979,2026-07-15,Merchant_E,Processor_C,NGN,USSD,BUSINESS
TXN108006,25000.0,SUCCESS,REF-00008006,2026-07-12,Merchant_E,Processor_C,NGN,MOBILE_MONEY,RETAIL
TXN100508,100000.0,SUCCESS,REF-00000508,2026-07-09,Merchant_E,Processor_B,NGN,CARD,RETAIL
TXN107131,7500.0,SUCCESS,REF-00007131,2026-07-18,Merchant_C,Processor_A,NGN,BANK_TRANSFER,BUSINESS
TXN101071,2500.0,FAILED,REF-00001071,2026-07-15,Merchant_E,Processor_C,NGN,MOBILE_MONEY,BUSINESS
TXN101331,25000.0,SUCCESS,REF-00001331,2026-07-26,Merchant_C,Processor_A,NGN,BANK_TRANSFER,RETAIL
TXN105299,500.0,SUCCESS,REF-00005299,2026-07-24,Merchant_A,Processor_C,NGN,CARD,BUSINESS
TXN101033,1500.0,SUCCESS,REF-00001033,2026-07-21,Merchant_D,Processor_A,NGN,USSD,BUSINESS
TXN100163,10000.0,SUCCESS,REF-00000163,2026-07-16,Merchant_A,Processor_B,NGN,MOBILE_MONEY,RETAIL
TXN108032,2500.0,SUCCESS,REF-00008032,2026-07-30,Merchant_D,Processor_A,NGN,MOBILE_MONEY,RETAIL
TXN107448,15000.0,SUCCESS,REF-00007448,2026-07-12,Merchant_E,Processor_A,NGN,USSD,BUSINESS
TXN106141,5000.0,SUCCESS,REF-00006141,2026-07-14,Merchant_E,Processor_C,NGN,USSD,BUSINESS
TXN103019,25000.0,REFUNDED,REF-00003019,2026-07-29,Merchant_C,Processor_A,NGN,MOBILE_MONEY,RETAIL
TXN104882,50000.0,SUCCESS,REF-00004882,2026-07-10,Merchant_A,Processor_A,NGN,MOBILE_MONEY,BUSINESS
TXN102762,15000.0,SUCCESS,REF-00002762,2026-07-25,Merchant_E,Processor_A,NGN,MOBILE_MONEY,RETAIL
TXN100679,50000.0,SUCCESS,REF-00000679,2026-07-23,Merchant_C,Processor_C,NGN,MOBILE_MONEY,RETAIL
TXN102778,7500.0,SUCCESS,REF-00002778,2026-07-13,Merchant_D,Processor_B,NGN,USSD,BUSINESS
TXN104982,15000.0,REFUNDED,REF-00004982,2026-07-07,Merchant_E,Processor_B,NGN,CARD,BUSINESS
TXN108841,50000.0,REFUNDED,REF-00008841,2026-07-10,Merchant_D,Processor_A,NGN,CARD,RETAIL
TXN104119,25000.0,SUCCESS,REF-00004119,2026-07-27,Merchant_C,Processor_A,NGN,USSD,BUSINESS
TXN107879,1000.0,SUCCESS,REF-00007879,2026-07-28,Merchant_C,Processor_A,NGN,CARD,RETAIL
TXN101613,5000.0,REFUNDED,REF-00001613,2026-07-25,Merchant_C,Processor_C,NGN,CARD,RETAIL
TXN108567,100000.0,SUCCESS,REF-00008567,2026-07-15,Merchant_A,Processor_A,NGN,BANK_TRANSFER,RETAIL
TXN108494,1500.0,SUCCESS,REF-00008494,2026-07-17,Merchant_C,Processor_A,NGN,CARD,BUSINESS
TXN103927,15000.0,SUCCESS,REF-00003927,2026-07-26,Merchant_C,Processor_A,NGN,MOBILE_MONEY,RETAIL
TXN108982,15000.0,SUCCESS,REF-00008982,2026-07-16,Merchant_C,Processor_C,NGN,CARD,BUSINESS
TXN102819,5000.0,SUCCESS,REF-00002819,2026-07-01,Merchant_C,Processor_B,NGN,USSD,RETAIL
TXN104737,5000.0,FAILED,REF-00004737,2026-07-10,Merchant_D,Processor_C,NGN,CARD,RETAIL
TXN103938,1500.0,SUCCESS,REF-00003938,2026-07-09,Merchant_B,Processor_B,NGN,USSD,RETAIL
TXN108312,500.0,SUCCESS,REF-00008312,2026-07-04,Merchant_C,Processor_A,NGN,MOBILE_MONEY,BUSINESS
TXN104188,25000.0,SUCCESS,REF-00004188,2026-07-15,Merchant_B,Processor_C,NGN,BANK_TRANSFER,BUSINESS
TXN106135,1000.0,SUCCESS,REF-00006135,2026-07-04,Merchant_D,Processor_C,NGN,BANK_TRANSFER,BUSINESS
TXN102668,25000.0,SUCCESS,REF-00002668,2026-07-06,Merchant_A,Processor_C,NGN,CARD,BUSINESS
TXN103514,50000.0,SUCCESS,REF-00003514,2026-07-28,Merchant_E,Processor_B,NGN,CARD,BUSINESS
TXN108827,5000.0,SUCCESS,REF-00008827,2026-07-31,Merchant_E,Processor_A,NGN,USSD,BUSINESS
TXN103057,1000.0,SUCCESS,REF-00003057,2026-07-15,Merchant_B,Processor_B,NGN,BANK_TRANSFER,BUSINESS
TXN101893,2500.0,SUCCESS,REF-00001893,2026-07-11,Merchant_C,Processor_A,NGN,MOBILE_MONEY,BUSINESS
TXN100096,10000.0,SUCCESS,REF-00000096,2026-07-29,Merchant_E,Processor_C,NGN,USSD,BUSINESS
TXN105000,7500.0,SUCCESS,REF-00005000,2026-07-23,Merchant_C,Processor_B,NGN,CARD,BUSINESS
TXN103872,1500.0,SUCCESS,REF-00003872,2026-07-23,Merchant_B,Processor_B,NGN,BANK_TRANSFER,BUSINESS
TXN101482,10000.0,SUCCESS,REF-00001482,2026-07-10,Merchant_E,Processor_C,NGN,CARD,RETAIL
TXN103233,1000.0,SUCCESS,REF-00003233,2026-07-17,Merchant_C,Processor_B,NGN,BANK_TRANSFER,RETAIL
TXN107661,15000.0,SUCCESS,REF-00007661,2026-07-27,Merchant_C,Processor_A,NGN,USSD,BUSINESS
TXN108670,100000.0,SUCCESS,REF-00008670,2026-07-07,Merchant_A,Processor_C,NGN,MOBILE_MONEY,RETAIL
TXN103241,7500.0,SUCCESS,REF-00003241,2026-07-10,Merchant_C,Processor_B,NGN,MOBILE_MONEY,BUSINESS
TXN109719,25000.0,SUCCESS,REF-00009719,2026-07-14,Merchant_E,Processor_C,NGN,MOBILE_MONEY,RETAIL
TXN101586,25000.0,SUCCESS,REF-00001586,2026-07-10,Merchant_C,Processor_C,NGN,MOBILE_MONEY,RETAIL
TXN103458,25000.0,REFUNDED,REF-00003458,2026-07-27,Merchant_A,Processor_B,NGN,MOBILE_MONEY,BUSINESS
TXN108678,10000.0,SUCCESS,REF-00008678,2026-07-15,Merchant_E,Processor_C,NGN,CARD,RETAIL
TXN102469,10000.0,SUCCESS,REF-00002469,2026-07-25,Merchant_A,Processor_C,NGN,CARD,RETAIL
TXN107174,1000.0,SUCCESS,REF-00007174,2026-07-20,Merchant_C,Processor_B,NGN,MOBILE_MONEY,BUSINESS
TXN101585,1500.0,SUCCESS,REF-00001585,2026-07-09,Merchant_B,Processor_B,NGN,BANK_TRANSFER,RETAIL
TXN102124,250000.0,SUCCESS,REF-00002124,2026-07-09,Merchant_E,Processor_C,NGN,USSD,BUSINESS
TXN100704,1000.0,SUCCESS,REF-00000704,2026-07-29,Merchant_E,Processor_B,NGN,BANK_TRANSFER,BUSINESS
TXN109454,50000.0,SUCCESS,REF-00009454,2026-07-23,Merchant_B,Processor_C,NGN,BANK_TRANSFER,RETAIL
TXN100976,15000.0,FAILED,REF-00000976,2026-07-18,Merchant_B,Processor_B,NGN,MOBILE_MONEY,BUSINESS
TXN103881,25000.0,SUCCESS,REF-00003881,2026-07-10,Merchant_E,Processor_B,NGN,BANK_TRANSFER,BUSINESS
TXN107454,100000.0,SUCCESS,REF-00007454,2026-07-15,Merchant_C,Processor_C,NGN,CARD,BUSINESS
TXN105723,1500.0,SUCCESS,REF-00005723,2026-07-06,Merchant_A,Processor_A,NGN,USSD,RETAIL
TXN103478,10000.0,SUCCESS,REF-00003478,2026-07-23,Merchant_A,Processor_A,NGN,USSD,RETAIL
TXN102861,5000.0,REFUNDED,REF-00002861,2026-07-23,Merchant_D,Processor_A,NGN,USSD,RETAIL
TXN103829,2500.0,SUCCESS,REF-00003829,2026-07-29,Merchant_B,Processor_A,NGN,BANK_TRANSFER,RETAIL
TXN100940,5000.0,SUCCESS,REF-00000940,2026-07-06,Merchant_B,Processor_A,NGN,USSD,RETAIL
TXN109131,25000.0,SUCCESS,REF-00009131,2026-07-05,Merchant_D,Processor_B,NGN,USSD,BUSINESS
TXN108620,250000.0,SUCCESS,REF-00008620,2026-07-05,Merchant_D,Processor_B,NGN,CARD,BUSINESS
TXN109368,50000.0,SUCCESS,REF-00009368,2026-07-12,Merchant_B,Processor_C,NGN,MOBILE_MONEY,RETAIL
TXN103350,2500.0,FAILED,REF-00003350,2026-07-05,Merchant_C,Processor_C,NGN,MOBILE_MONEY,RETAIL
TXN106447,10000.0,SUCCESS,REF-00006447,2026-07-05,Merchant_C,Processor_A,NGN,CARD,BUSINESS
TXN106717,7500.0,SUCCESS,REF-00006717,2026-07-16,Merchant_E,Processor_C,NGN,CARD,RETAIL
TXN102202,7500.0,SUCCESS,REF-00002202,2026-07-17,Merchant_D,Processor_C,NGN,MOBILE_MONEY,BUSINESS
TXN105224,7500.0,SUCCESS,REF-00005224,2026-07-01,Merchant_C,Processor_C,NGN,BANK_TRANSFER,RETAIL
TXN102261,15000.0,SUCCESS,REF-00002261,2026-07-13,Merchant_D,Processor_A,NGN,CARD,RETAIL
TXN109703,50000.0,SUCCESS,REF-00009703,2026-07-17,Merchant_C,Processor_A,NGN,USSD,BUSINESS
TXN100139,250000.0,SUCCESS,REF-00000139,2026-07-12,Merchant_D,Processor_C,NGN,CARD,RETAIL
TXN109556,1000.0,SUCCESS,REF-00009556,2026-07-24,Merchant_D,Processor_C,NGN,BANK_TRANSFER,BUSINESS
TXN108782,5000.0,SUCCESS,REF-00008782,2026-07-11,Merchant_D,Processor_A,NGN,CARD,BUSINESS
TXN108172,10000.0,SUCCESS,REF-00008172,2026-07-11,Merchant_B,Processor_A,NGN,USSD,BUSINESS
TXN109038,25000.0,FAILED,REF-00009038,2026-07-29,Merchant_E,Processor_A,NGN,CARD,BUSINESS
TXN108284,10000.0,SUCCESS,REF-00008284,2026-07-07,Merchant_B,Processor_C,NGN,CARD,BUSINESS
TXN104825,1500.0,SUCCESS,REF-00004825,2026-07-11,Merchant_E,Processor_C,NGN,CARD,BUSINESS
TXN105830,250000.0,SUCCESS,REF-00005830,2026-07-01,Merchant_E,Processor_C,NGN,MOBILE_MONEY,RETAIL
TXN101531,15000.0,SUCCESS,REF-00001531,2026-07-30,Merchant_E,Processor_C,NGN,MOBILE_MONEY,BUSINESS
TXN108793,25000.0,REFUNDED,REF-00008793,2026-07-20,Merchant_A,Processor_B,NGN,BANK_TRANSFER,BUSINESS
TXN107913,1000.0,FAILED,REF-00007913,2026-07-02,Merchant_A,Processor_C,NGN,MOBILE_MONEY,RETAIL
TXN105232,25000.0,FAILED,REF-00005232,2026-07-28,Merchant_A,Processor_C,NGN,BANK_TRANSFER,BUSINESS
TXN105888,50000.0,SUCCESS,REF-00005888,2026-07-29,Merchant_E,Processor_C,NGN,MOBILE_MONEY,RETAIL
TXN101740,50000.0,SUCCESS,REF-00001740,2026-07-23,Merchant_C,Processor_B,NGN,BANK_TRANSFER,BUSINESS
TXN101238,250000.0,SUCCESS,REF-00001238,2026-07-22,Merchant_E,Processor_A,NGN,BANK_TRANSFER,BUSINESS
TXN107779,10000.0,SUCCESS,REF-00007779,2026-07-15,Merchant_E,Processor_A,NGN,BANK_TRANSFER,BUSINESS
TXN102591,50000.0,SUCCESS,REF-00002591,2026-07-07,Merchant_D,Processor_B,NGN,CARD,BUSINESS
TXN107308,25000.0,SUCCESS,REF-00007308,2026-07-23,Merchant_B,Processor_B,NGN,CARD,RETAIL
TXN103727,1000.0,SUCCESS,REF-00003727,2026-07-29,Merchant_A,Processor_C,NGN,BANK_TRANSFER,RETAIL
TXN103185,10000.0,SUCCESS,REF-00003185,2026-07-06,Merchant_B,Processor_A,NGN,BANK_TRANSFER,RETAIL
TXN106384,7500.0,SUCCESS,REF-00006384,2026-07-28,Merchant_E,Processor_C,NGN,CARD,RETAIL
TXN101121,250000.0,SUCCESS,REF-00001121,2026-07-02,Merchant_E,Processor_C,NGN,USSD,RETAIL
TXN106401,100000.0,SUCCESS,REF-00006401,2026-07-19,Merchant_E,Processor_A,NGN,CARD,RETAIL
TXN107886,2500.0,SUCCESS,REF-00007886,2026-07-29,Merchant_D,Processor_C,NGN,BANK_TRANSFER,RETAIL
TXN106229,7500.0,SUCCESS,REF-00006229,2026-07-16,Merchant_C,Processor_A,NGN,CARD,RETAIL
TXN101960,1000.0,REFUNDED,REF-00001960,2026-07-15,Merchant_D,Processor_B,NGN,MOBILE_MONEY,RETAIL
TXN109528,250000.0,FAILED,REF-00009528,2026-07-15,Merchant_D,Processor_A,NGN,BANK_TRANSFER,BUSINESS
TXN107182,25000.0,SUCCESS,REF-00007182,2026-07-19,Merchant_C,Processor_B,NGN,CARD,RETAIL
TXN100997,1500.0,SUCCESS,REF-00000997,2026-07-11,Merchant_C,Processor_A,NGN,MOBILE_MONEY,BUSINESS
TXN100572,7500.0,SUCCESS,REF-00000572,2026-07-06,Merchant_B,Processor_C,NGN,CARD,RETAIL
TXN104802,100000.0,FAILED,REF-00004802,2026-07-05,Merchant_C,Processor_C,NGN,CARD,BUSINESS
TXN103722,100000.0,SUCCESS,REF-00003722,2026-07-20,Merchant_D,Processor_B,NGN,USSD,RETAIL
TXN103925,500.0,SUCCESS,REF-00003925,2026-07-03,Merchant_E,Processor_C,NGN,CARD,BUSINESS
TXN105177,1000.0,SUCCESS,REF-00005177,2026-07-22,Merchant_A,Processor_B,NGN,CARD,RETAIL
TXN103709,250000.0,SUCCESS,REF-00003709,2026-07-06,Merchant_C,Processor_B,NGN,USSD,RETAIL
TXN101414,10000.0,SUCCESS,REF-00001414,2026-07-14,Merchant_D,Processor_B,NGN,CARD,RETAIL
TXN103412,500.0,SUCCESS,REF-00003412,2026-07-21,Merchant_D,Processor_A,NGN,USSD,BUSINESS
TXN103806,7500.0,SUCCESS,REF-00003806,2026-07-10,Merchant_C,Processor_B,NGN,MOBILE_MONEY,RETAIL
TXN104864,5000.0,SUCCESS,REF-00004864,2026-07-06,Merchant_E,Processor_A,NGN,USSD,BUSINESS
TXN105955,15000.0,SUCCESS,REF-00005955,2026-07-04,Merchant_E,Processor_B,NGN,MOBILE_MONEY,BUSINESS
TXN100985,10000.0,SUCCESS,REF-00000985,2026-07-18,Merchant_A,Processor_A,NGN,USSD,BUSINESS
TXN104169,1000.0,SUCCESS,REF-00004169,2026-07-21,Merchant_C,Processor_A,NGN,MOBILE_MONEY,RETAIL
TXN104096,500.0,SUCCESS,REF-00004096,2026-07-14,Merchant_E,Processor_B,NGN,CARD,BUSINESS
TXN100215,2500.0,SUCCESS,REF-00000215,2026-07-19,Merchant_D,Processor_A,NGN,MOBILE_MONEY,BUSINESS
TXN101326,1500.0,SUCCESS,REF-00001326,2026-07-19,Merchant_E,Processor_A,NGN,MOBILE_MONEY,BUSINESS
TXN109571,1000.0,REFUNDED,REF-00009571,2026-07-14,Merchant_D,Processor_B,NGN,BANK_TRANSFER,BUSINESS
TXN102995,50000.0,FAILED,REF-00002995,2026-07-07,Merchant_A,Processor_A,NGN,MOBILE_MONEY,BUSINESS
TXN108372,7500.0,SUCCESS,REF-00008372,2026-07-23,Merchant_E,Processor_A,NGN,CARD,BUSINESS
TXN100057,2500.0,SUCCESS,REF-00000057,2026-07-19,Merchant_B,Processor_A,NGN,BANK_TRANSFER,BUSINESS
TXN102028,2500.0,SUCCESS,REF-00002028,2026-07-03,Merchant_B,Processor_B,NGN,BANK_TRANSFER,BUSINESS
TXN104498,2500.0,SUCCESS,REF-00004498,2026-07-16,Merchant_A,Processor_B,NGN,USSD,BUSINESS
TXN105101,10000.0,SUCCESS,REF-00005101,2026-07-21,Merchant_B,Processor_C,NGN,MOBILE_MONEY,RETAIL
TXN102712,5000.0,SUCCESS,REF-00002712,2026-07-11,Merchant_C,Processor_A,NGN,USSD,BUSINESS
TXN101345,7500.0,REFUNDED,REF-00001345,2026-07-05,Merchant_B,Processor_A,NGN,USSD,BUSINESS
TXN103483,100000.0,SUCCESS,REF-00003483,2026-07-24,Merchant_D,Processor_B,NGN,MOBILE_MONEY,BUSINESS
TXN104859,100000.0,SUCCESS,REF-00004859,2026-07-17,Merchant_C,Processor_B,NGN,USSD,BUSINESS
TXN109084,5000.0,FAILED,REF-00009084,2026-07-22,Merchant_E,Processor_B,NGN,CARD,RETAIL
TXN102976,50000.0,SUCCESS,REF-00002976,2026-07-07,Merchant_C,Processor_A,NGN,CARD,RETAIL
TXN108094,10000.0,SUCCESS,REF-00008094,2026-07-12,Merchant_E,Processor_A,NGN,MOBILE_MONEY,RETAIL
TXN103788,1000.0,SUCCESS,REF-00003788,2026-07-20,Merchant_E,Processor_B,NGN,MOBILE_MONEY,BUSINESS
TXN101882,15000.0,SUCCESS,REF-00001882,2026-07-04,Merchant_B,Processor_B,NGN,BANK_TRANSFER,RETAIL
TXN105780,15000.0,SUCCESS,REF-00005780,2026-07-25,Merchant_D,Processor_B,NGN,MOBILE_MONEY,RETAIL
TXN106192,25000.0,FAILED,REF-00006192,2026-07-26,Merchant_D,Processor_C,NGN,MOBILE_MONEY,BUSINESS
TXN104215,50000.0,SUCCESS,REF-00004215,2026-07-25,Merchant_B,Processor_B,NGN,CARD,BUSINESS
TXN102804,10000.0,SUCCESS,REF-00002804,2026-07-30,Merchant_A,Processor_A,NGN,CARD,BUSINESS
TXN108042,1000.0,SUCCESS,REF-00008042,2026-07-06,Merchant_E,Processor_B,NGN,MOBILE_MONEY,BUSINESS
TXN102194,1000.0,SUCCESS,REF-00002194,2026-07-06,Merchant_E,Processor_C,NGN,BANK_TRANSFER,RETAIL
TXN100952,1500.0,SUCCESS,REF-00000952,2026-07-28,Merchant_B,Processor_C,NGN,CARD,BUSINESS
TXN100336,50000.0,SUCCESS,REF-00000336,2026-07-07,Merchant_A,Processor_A,NGN,CARD,BUSINESS
TXN101066,2500.0,SUCCESS,REF-00001066,2026-07-27,Merchant_A,Processor_C,NGN,USSD,RETAIL
TXN104625,15000.0,SUCCESS,REF-00004625,2026-07-22,Merchant_A,Processor_B,NGN,MOBILE_MONEY,RETAIL
TXN106342,15000.0,SUCCESS,REF-00006342,2026-07-24,Merchant_E,Processor_A,NGN,USSD,BUSINESS
TXN107232,1000.0,SUCCESS,REF-00007232,2026-07-03,Merchant_E,Processor_B,NGN,MOBILE_MONEY,RETAIL
TXN109787,2500.0,SUCCESS,REF-00009787,2026-07-21,Merchant_E,Processor_C,NGN,BANK_TRANSFER,BUSINESS
TXN106611,25000.0,SUCCESS,REF-00006611,2026-07-30,Merchant_E,Processor_B,NGN,USSD,BUSINESS
TXN107171,100000.0,SUCCESS,REF-00007171,2026-07-04,Merchant_D,Processor_C,NGN,CARD,BUSINESS
TXN102468,10000.0,SUCCESS,REF-00002468,2026-07-12,Merchant_B,Processor_A,NGN,MOBILE_MONEY,BUSINESS
TXN102772,50000.0,SUCCESS,REF-00002772,2026-07-23,Merchant_E,Processor_A,NGN,MOBILE_MONEY,BUSINESS
TXN109405,7500.0,SUCCESS,REF-00009405,2026-07-31,Merchant_A,Processor_C,NGN,USSD,RETAIL
TXN108498,1500.0,SUCCESS,REF-00008498,2026-07-10,Merchant_C,Processor_C,NGN,USSD,RETAIL
TXN100342,1500.0,SUCCESS,REF-00000342,2026-07-18,Merchant_A,Processor_A,NGN,BANK_TRANSFER,RETAIL
TXN107645,15000.0,SUCCESS,REF-00007645,2026-07-17,Merchant_C,Processor_C,NGN,CARD,RETAIL
TXN101339,500.0,SUCCESS,REF-00001339,2026-07-12,Merchant_B,Processor_C,NGN,BANK_TRANSFER,RETAIL
TXN106787,50000.0,SUCCESS,REF-00006787,2026-07-08,Merchant_D,Processor_A,NGN,CARD,BUSINESS
TXN105355,7500.0,SUCCESS,REF-00005355,2026-07-01,Merchant_D,Processor_C,NGN,CARD,BUSINESS
TXN108576,15000.0,SUCCESS,REF-00008576,2026-07-12,Merchant_A,Processor_C,NGN,MOBILE_MONEY,BUSINESS
TXN100685,10000.0,SUCCESS,REF-00000685,2026-07-24,Merchant_C,Processor_A,NGN,CARD,RETAIL
TXN106844,100000.0,SUCCESS,REF-00006844,2026-07-17,Merchant_E,Processor_B,NGN,USSD,RETAIL
TXN109033,50000.0,SUCCESS,REF-00009033,2026-07-20,Merchant_B,Processor_B,NGN,MOBILE_MONEY,RETAIL
TXN109861,10000.0,FAILED,REF-00009861,2026-07-01,Merchant_A,Processor_C,NGN,BANK_TRANSFER,RETAIL
TXN104398,1500.0,SUCCESS,REF-00004398,2026-07-13,Merchant_A,Processor_A,NGN,CARD,BUSINESS
TXN100791,10000.0,SUCCESS,REF-00000791,2026-07-15,Merchant_E,Processor_A,NGN,MOBILE_MONEY,BUSINESS
TXN100487,5000.0,FAILED,REF-00000487,2026-07-10,Merchant_D,Processor_B,NGN,USSD,RETAIL
TXN102185,100000.0,SUCCESS,REF-00002185,2026-07-28,Merchant_E,Processor_C,NGN,BANK_TRANSFER,RETAIL
TXN108635,50000.0,SUCCESS,REF-00008635,2026-07-16,Merchant_C,Processor_A,NGN,MOBILE_MONEY,BUSINESS
TXN108135,1000.0,SUCCESS,REF-00008135,2026-07-20,Merchant_B,Processor_B,NGN,MOBILE_MONEY,RETAIL
TXN108953,10000.0,SUCCESS,REF-00008953,2026-07-25,Merchant_B,Processor_B,NGN,USSD,BUSINESS
TXN107815,10000.0,SUCCESS,REF-00007815,2026-07-31,Merchant_C,Processor_C,NGN,USSD,RETAIL
TXN100029,1000.0,SUCCESS,REF-00000029,2026-07-21,Merchant_A,Processor_C,NGN,CARD,RETAIL
TXN102509,100000.0,SUCCESS,REF-00002509,2026-07-11,Merchant_D,Processor_C,NGN,BANK_TRANSFER,RETAIL
TXN101483,500.0,SUCCESS,REF-00001483,2026-07-01,Merchant_E,Processor_A,NGN,MOBILE_MONEY,RETAIL
TXN100759,25000.0,SUCCESS,REF-00000759,2026-07-23,Merchant_C,Processor_A,NGN,USSD,RETAIL
TXN105535,1000.0,FAILED,REF-00005535,2026-07-09,Merchant_A,Processor_C,NGN,USSD,RETAIL
TXN104811,50000.0,SUCCESS,REF-00004811,2026-07-17,Merchant_A,Processor_C,NGN,MOBILE_MONEY,BUSINESS
TXN107322,10000.0,SUCCESS,REF-00007322,2026-07-13,Merchant_A,Processor_B,NGN,USSD,BUSINESS
TXN104528,10000.0,SUCCESS,REF-00004528,2026-07-19,Merchant_E,Processor_C,NGN,USSD,RETAIL
TXN100881,15000.0,SUCCESS,REF-00000881,2026-07-28,Merchant_D,Processor_A,NGN,CARD,RETAIL
TXN106029,1000.0,SUCCESS,REF-00006029,2026-07-10,Merchant_B,Processor_B,NGN,MOBILE_MONEY,BUSINESS
TXN103248,100000.0,SUCCESS,REF-00003248,2026-07-20,Merchant_E,Processor_A,NGN,CARD,BUSINESS
TXN104591,2500.0,REFUNDED,REF-00004591,2026-07-24,Merchant_D,Processor_C,NGN,BANK_TRANSFER,BUSINESS
TXN100897,100000.0,SUCCESS,REF-00000897,2026-07-24,Merchant_D,Processor_A,NGN,USSD,RETAIL
TXN105978,10000.0,SUCCESS,REF-00005978,2026-07-30,Merchant_A,Processor_B,NGN,CARD,RETAIL
TXN109474,100000.0,SUCCESS,REF-00009474,2026-07-01,Merchant_D,Processor_C,NGN,MOBILE_MONEY,BUSINESS
TXN103878,10000.0,SUCCESS,REF-00003878,2026-07-16,Merchant_D,Processor_B,NGN,BANK_TRANSFER,RETAIL
TXN108999,100000.0,SUCCESS,REF-00008999,2026-07-13,Merchant_E,Processor_C,NGN,BANK_TRANSFER,BUSINESS
TXN106668,1500.0,SUCCESS,REF-00006668,2026-07-22,Merchant_C,Processor_B,NGN,CARD,RETAIL
TXN103857,10000.0,SUCCESS,REF-00003857,2026-07-31,Merchant_E,Processor_A,NGN,CARD,BUSINESS
TXN106569,7500.0,SUCCESS,REF-00006569,2026-07-31,Merchant_C,Processor_B,NGN,USSD,RETAIL
TXN106577,5000.0,SUCCESS,REF-00006577,2026-07-08,Merchant_B,Processor_B,NGN,CARD,BUSINESS
TXN101792,10000.0,REFUNDED,REF-00001792,2026-07-02,Merchant_B,Processor_A,NGN,CARD,BUSINESS
TXN108650,2500.0,SUCCESS,REF-00008650,2026-07-21,Merchant_B,Processor_C,NGN,CARD,RETAIL
TXN108088,1000.0,SUCCESS,REF-00008088,2026-07-01,Merchant_C,Processor_A,NGN,BANK_TRANSFER,BUSINESS
TXN102737,10000.0,SUCCESS,REF-00002737,2026-07-20,Merchant_A,Processor_C,NGN,MOBILE_MONEY,BUSINESS
TXN100702,5000.0,SUCCESS,REF-00000702,2026-07-11,Merchant_A,Processor_A,NGN,CARD,BUSINESS
TXN103750,100000.0,SUCCESS,REF-00003750,2026-07-14,Merchant_B,Processor_C,NGN,BANK_TRANSFER,BUSINESS
TXN108962,7500.0,SUCCESS,REF-00008962,2026-07-30,Merchant_A,Processor_B,NGN,BANK_TRANSFER,RETAIL
TXN107926,50000.0,SUCCESS,REF-00007926,2026-07-28,Merchant_D,Processor_A,NGN,CARD,BUSINESS
TXN103560,5000.0,SUCCESS,REF-00003560,2026-07-25,Merchant_E,Processor_A,NGN,BANK_TRANSFER,RETAIL
TXN107606,1500.0,SUCCESS,REF-00007606,2026-07-05,Merchant_A,Processor_B,NGN,USSD,BUSINESS
TXN101358,5000.0,SUCCESS,REF-00001358,2026-07-05,Merchant_A,Processor_A,NGN,MOBILE_MONEY,BUSINESS
TXN107124,7500.0,SUCCESS,REF-00007124,2026-07-21,Merchant_E,Processor_A,NGN,USSD,RETAIL
TXN102414,10000.0,SUCCESS,REF-00002414,2026-07-28,Merchant_A,Processor_C,NGN,MOBILE_MONEY,BUSINESS
TXN104953,15000.0,SUCCESS,REF-00004953,2026-07-08,Merchant_E,Processor_B,NGN,BANK_TRANSFER,RETAIL
TXN101355,100000.0,SUCCESS,REF-00001355,2026-07-18,Merchant_B,Processor_A,NGN,CARD,BUSINESS
TXN107691,100000.0,SUCCESS,REF-00007691,2026-07-31,Merchant_D,Processor_B,NGN,CARD,BUSINESS
TXN107472,100000.0,SUCCESS,REF-00007472,2026-07-11,Merchant_A,Processor_A,NGN,BANK_TRANSFER,BUSINESS
TXN107593,100000.0,SUCCESS,REF-00007593,2026-07-23,Merchant_E,Processor_B,NGN,CARD,BUSINESS
TXN101452,50000.0,SUCCESS,REF-00001452,2026-07-07,Merchant_B,Processor_A,NGN,BANK_TRANSFER,RETAIL
TXN106575,25000.0,REFUNDED,REF-00006575,2026-07-18,Merchant_C,Processor_A,NGN,USSD,BUSINESS
TXN104899,100000.0,SUCCESS,REF-00004899,2026-07-18,Merchant_C,Processor_C,NGN,BANK_TRANSFER,BUSINESS
TXN105959,50000.0,SUCCESS,REF-00005959,2026-07-29,Merchant_D,Processor_A,NGN,BANK_TRANSFER,BUSINESS
TXN106671,50000.0,SUCCESS,REF-00006671,2026-07-20,Merchant_C,Processor_B,NGN,USSD,BUSINESS
TXN100146,15000.0,SUCCESS,REF-00000146,2026-07-08,Merchant_D,Processor_A,NGN,USSD,RETAIL
TXN103853,100000.0,SUCCESS,REF-00003853,2026-07-28,Merchant_E,Processor_C,NGN,BANK_TRANSFER,BUSINESS
TXN103756,1500.0,SUCCESS,REF-00003756,2026-07-30,Merchant_B,Processor_C,NGN,USSD,RETAIL
TXN108924,1500.0,SUCCESS,REF-00008924,2026-07-16,Merchant_E,Processor_A,NGN,MOBILE_MONEY,BUSINESS
TXN104680,5000.0,SUCCESS,REF-00004680,2026-07-13,Merchant_B,Processor_C,NGN,USSD,RETAIL
TXN100828,25000.0,SUCCESS,REF-00000828,2026-07-17,Merchant_B,Processor_A,NGN,CARD,BUSINESS
TXN103544,50000.0,SUCCESS,REF-00003544,2026-07-02,Merchant_D,Processor_A,NGN,USSD,RETAIL
TXN105975,250000.0,SUCCESS,REF-00005975,2026-07-22,Merchant_A,Processor_A,NGN,USSD,BUSINESS
TXN103513,50000.0,SUCCESS,REF-00003513,2026-07-16,Merchant_D,Processor_C,NGN,BANK_TRANSFER,RETAIL
TXN100334,1000.0,SUCCESS,REF-00000334,2026-07-19,Merchant_B,Processor_A,NGN,USSD,RETAIL
TXN103652,50000.0,SUCCESS,REF-00003652,2026-07-03,Merchant_D,Processor_B,NGN,MOBILE_MONEY,BUSINESS
TXN106621,7500.0,SUCCESS,REF-00006621,2026-07-24,Merchant_D,Processor_C,NGN,BANK_TRANSFER,BUSINESS
TXN109009,10000.0,SUCCESS,REF-00009009,2026-07-23,Merchant_C,Processor_B,NGN,MOBILE_MONEY,BUSINESS
TXN109792,500.0,SUCCESS,REF-00009792,2026-07-30,Merchant_E,Processor_C,NGN,CARD,RETAIL
TXN102166,15000.0,SUCCESS,REF-00002166,2026-07-03,Merchant_E,Processor_B,NGN,BANK_TRANSFER,RETAIL
TXN109878,25000.0,SUCCESS,REF-00009878,2026-07-24,Merchant_E,Processor_A,NGN,BANK_TRANSFER,BUSINESS
TXN105725,15000.0,SUCCESS,REF-00005725,2026-07-15,Merchant_B,Processor_C,NGN,CARD,RETAIL
TXN106502,10000.0,SUCCESS,REF-00006502,2026-07-19,Merchant_D,Processor_A,NGN,CARD,BUSINESS
TXN109872,2500.0,SUCCESS,REF-00009872,2026-07-18,Merchant_B,Processor_A,NGN,MOBILE_MONEY,RETAIL
TXN105096,50000.0,SUCCESS,REF-00005096,2026-07-23,Merchant_C,Processor_B,NGN,USSD,BUSINESS
TXN105043,15000.0,SUCCESS,REF-00005043,2026-07-31,Merchant_B,Processor_A,NGN,BANK_TRANSFER,RETAIL
TXN101042,5000.0,FAILED,REF-00001042,2026-07-30,Merchant_C,Processor_A,NGN,BANK_TRANSFER,BUSINESS
TXN103720,5000.0,SUCCESS,REF-00003720,2026-07-25,Merchant_D,Processor_B,NGN,MOBILE_MONEY,RETAIL
TXN103841,500.0,SUCCESS,REF-00003841,2026-07-07,Merchant_B,Processor_A,NGN,BANK_TRANSFER,BUSINESS
TXN107214,1500.0,SUCCESS,REF-00007214,2026-07-23,Merchant_C,Processor_C,NGN,CARD,RETAIL
TXN100045,15000.0,SUCCESS,REF-00000045,2026-07-15,Merchant_E,Processor_B,NGN,BANK_TRANSFER,BUSINESS
TXN106840,100000.0,FAILED,REF-00006840,2026-07-28,Merchant_C,Processor_A,NGN,USSD,RETAIL
TXN105932,2500.0,FAILED,REF-00005932,2026-07-22,Merchant_D,Processor_A,NGN,CARD,BUSINESS
TXN103301,250000.0,SUCCESS,REF-00003301,2026-07-20,Merchant_C,Processor_A,NGN,MOBILE_MONEY,BUSINESS
TXN101092,15000.0,SUCCESS,REF-00001092,2026-07-31,Merchant_D,Processor_B,NGN,MOBILE_MONEY,RETAIL
TXN107070,5000.0,SUCCESS,REF-00007070,2026-07-23,Merchant_E,Processor_C,NGN,BANK_TRANSFER,BUSINESS
TXN104805,10000.0,SUCCESS,REF-00004805,2026-07-20,Merchant_A,Processor_A,NGN,CARD,RETAIL
TXN103358,50000.0,SUCCESS,REF-00003358,2026-07-06,Merchant_C,Processor_A,NGN,CARD,BUSINESS
TXN108271,1000.0,SUCCESS,REF-00008271,2026-07-01,Merchant_C,Processor_C,NGN,CARD,RETAIL
TXN100374,1000.0,REFUNDED,REF-00000374,2026-07-09,Merchant_C,Processor_C,NGN,BANK_TRANSFER,BUSINESS
TXN109299,1000.0,SUCCESS,REF-00009299,2026-07-29,Merchant_A,Processor_B,NGN,BANK_TRANSFER,RETAIL
TXN104948,50000.0,SUCCESS,REF-00004948,2026-07-19,Merchant_D,Processor_C,NGN,MOBILE_MONEY,BUSINESS
TXN108689,1500.0,SUCCESS,REF-00008689,2026-07-09,Merchant_D,Processor_C,NGN,USSD,BUSINESS
TXN108227,1500.0,SUCCESS,REF-00008227,2026-07-30,Merchant_E,Processor_B,NGN,CARD,RETAIL
TXN103845,15000.0,SUCCESS,REF-00003845,2026-07-01,Merchant_E,Processor_B,NGN,BANK_TRANSFER,RETAIL
TXN101081,1000.0,SUCCESS,REF-00001081,2026-07-06,Merchant_D,Processor_C,NGN,BANK_TRANSFER,BUSINESS
TXN108423,500.0,SUCCESS,REF-00008423,2026-07-07,Merchant_A,Processor_B,NGN,USSD,BUSINESS
TXN100735,100000.0,SUCCESS,REF-00000735,2026-07-04,Merchant_C,Processor_A,NGN,BANK_TRANSFER,RETAIL
TXN100829,7500.0,SUCCESS,REF-00000829,2026-07-29,Merchant_E,Processor_B,NGN,BANK_TRANSFER,RETAIL
TXN100944,2500.0,SUCCESS,REF-00000944,2026-07-21,Merchant_E,Processor_A,NGN,BANK_TRANSFER,RETAIL
TXN108886,25000.0,SUCCESS,REF-00008886,2026-07-23,Merchant_E,Processor_C,NGN,CARD,BUSINESS
TXN109961,10000.0,SUCCESS,REF-00009961,2026-07-05,Merchant_A,Processor_B,NGN,USSD,RETAIL
TXN106159,50000.0,SUCCESS,REF-00006159,2026-07-13,Merchant_A,Processor_C,NGN,MOBILE_MONEY,RETAIL
TXN107459,2500.0,SUCCESS,REF-00007459,2026-07-19,Merchant_A,Processor_B,NGN,USSD,RETAIL
TXN105413,1000.0,SUCCESS,REF-00005413,2026-07-18,Merchant_B,Processor_C,NGN,USSD,BUSINESS
TXN101493,1000.0,SUCCESS,REF-00001493,2026-07-24,Merchant_D,Processor_B,NGN,MOBILE_MONEY,RETAIL
TXN109672,5000.0,SUCCESS,REF-00009672,2026-07-22,Merchant_B,Processor_B,NGN,MOBILE_MONEY,RETAIL
TXN107797,1500.0,SUCCESS,REF-00007797,2026-07-02,Merchant_B,Processor_B,NGN,BANK_TRANSFER,RETAIL
TXN107705,500.0,REFUNDED,REF-00007705,2026-07-08,Merchant_C,Processor_B,NGN,BANK_TRANSFER,RETAIL
TXN101281,25000.0,SUCCESS,REF-00001281,2026-07-21,Merchant_C,Processor_C,NGN,BANK_TRANSFER,BUSINESS
TXN104549,50000.0,SUCCESS,REF-00004549,2026-07-13,Merchant_C,Processor_C,NGN,CARD,BUSINESS
TXN108373,25000.0,FAILED,REF-00008373,2026-07-29,Merchant_D,Processor_C,NGN,CARD,RETAIL
TXN109744,2500.0,FAILED,REF-00009744,2026-07-21,Merchant_E,Processor_B,NGN,USSD,RETAIL
TXN108817,5000.0,SUCCESS,REF-00008817,2026-07-18,Merchant_C,Processor_A,NGN,CARD,BUSINESS
TXN106926,7500.0,SUCCESS,REF-00006926,2026-07-19,Merchant_B,Processor_C,NGN,CARD,BUSINESS
TXN103340,100000.0,SUCCESS,REF-00003340,2026-07-07,Merchant_C,Processor_A,NGN,MOBILE_MONEY,BUSINESS
TXN100128,500.0,SUCCESS,REF-00000128,2026-07-13,Merchant_E,Processor_B,NGN,BANK_TRANSFER,BUSINESS
TXN105467,50000.0,SUCCESS,REF-00005467,2026-07-21,Merchant_D,Processor_C,NGN,MOBILE_MONEY,BUSINESS
TXN109750,5000.0,REFUNDED,REF-00009750,2026-07-19,Merchant_C,Processor_B,NGN,BANK_TRANSFER,BUSINESS
TXN108960,2500.0,SUCCESS,REF-00008960,2026-07-31,Merchant_C,Processor_A,NGN,USSD,RETAIL
TXN106263,250000.0,SUCCESS,REF-00006263,2026-07-14,Merchant_E,Processor_A,NGN,MOBILE_MONEY,RETAIL
TXN101807,1500.0,SUCCESS,REF-00001807,2026-07-23,Merchant_E,Processor_B,NGN,BANK_TRANSFER,RETAIL
TXN109846,50000.0,SUCCESS,REF-00009846,2026-07-10,Merchant_E,Processor_B,NGN,MOBILE_MONEY,RETAIL
TXN105778,50000.0,SUCCESS,REF-00005778,2026-07-19,Merchant_B,Processor_A,NGN,MOBILE_MONEY,BUSINESS
TXN105321,5000.0,SUCCESS,REF-00005321,2026-07-13,Merchant_C,Processor_A,NGN,BANK_TRANSFER,RETAIL
TXN107010,2500.0,FAILED,REF-00007010,2026-07-04,Merchant_A,Processor_A,NGN,CARD,BUSINESS
TXN107663,10000.0,REFUNDED,REF-00007663,2026-07-16,Merchant_D,Processor_B,NGN,MOBILE_MONEY,BUSINESS
TXN100779,15000.0,SUCCESS,REF-00000779,2026-07-29,Merchant_D,Processor_B,NGN,USSD,BUSINESS
TXN106185,50000.0,SUCCESS,REF-00006185,2026-07-23,Merchant_A,Processor_C,NGN,CARD,RETAIL
TXN103036,7500.0,SUCCESS,REF-00003036,2026-07-25,Merchant_B,Processor_B,NGN,MOBILE_MONEY,BUSINESS
TXN101567,1000.0,SUCCESS,REF-00001567,2026-07-21,Merchant_D,Processor_A,NGN,USSD,RETAIL
TXN105052,1500.0,SUCCESS,REF-00005052,2026-07-23,Merchant_E,Processor_A,NGN,USSD,BUSINESS
TXN101566,15000.0,SUCCESS,REF-00001566,2026-07-05,Merchant_E,Processor_A,NGN,BANK_TRANSFER,RETAIL
TXN105905,15000.0,SUCCESS,REF-00005905,2026-07-17,Merchant_D,Processor_B,NGN,CARD,BUSINESS
TXN100772,1500.0,SUCCESS,REF-00000772,2026-07-22,Merchant_A,Processor_C,NGN,CARD,RETAIL
TXN100912,15000.0,SUCCESS,REF-00000912,2026-07-11,Merchant_E,Processor_B,NGN,BANK_TRANSFER,BUSINESS
TXN104857,100000.0,SUCCESS,REF-00004857,2026-07-17,Merchant_C,Processor_B,NGN,MOBILE_MONEY,BUSINESS
TXN105717,5000.0,SUCCESS,REF-00005717,2026-07-24,Merchant_B,Processor_A,NGN,MOBILE_MONEY,RETAIL
TXN105434,15000.0,SUCCESS,REF-00005434,2026-07-02,Merchant_A,Processor_B,NGN,USSD,BUSINESS
TXN102424,5000.0,SUCCESS,REF-00002424,2026-07-17,Merchant_C,Processor_B,NGN,USSD,RETAIL
TXN100697,10000.0,SUCCESS,REF-00000697,2026-07-03,Merchant_B,Processor_B,NGN,USSD,RETAIL
TXN109543,7500.0,SUCCESS,REF-00009543,2026-07-17,Merchant_E,Processor_B,NGN,USSD,BUSINESS
TXN102369,25000.0,SUCCESS,REF-00002369,2026-07-05,Merchant_E,Processor_B,NGN,BANK_TRANSFER,RETAIL
TXN100821,500.0,SUCCESS,REF-00000821,2026-07-18,Merchant_C,Processor_A,NGN,MOBILE_MONEY,RETAIL
TXN102481,100000.0,SUCCESS,REF-00002481,2026-07-28,Merchant_A,Processor_A,NGN,USSD,RETAIL
TXN106749,7500.0,SUCCESS,REF-00006749,2026-07-22,Merchant_D,Processor_A,NGN,CARD,BUSINESS
TXN103320,10000.0,SUCCESS,REF-00003320,2026-07-25,Merchant_A,Processor_C,NGN,USSD,BUSINESS
TXN100065,10000.0,SUCCESS,REF-00000065,2026-07-28,Merchant_A,Processor_A,NGN,USSD,RETAIL
TXN104848,25000.0,SUCCESS,REF-00004848,2026-07-07,Merchant_D,Processor_B,NGN,MOBILE_MONEY,RETAIL
TXN101959,25000.0,FAILED,REF-00001959,2026-07-26,Merchant_E,Processor_C,NGN,USSD,BUSINESS
TXN104763,2500.0,SUCCESS,REF-00004763,2026-07-04,Merchant_B,Processor_A,NGN,BANK_TRANSFER,BUSINESS
TXN103224,1500.0,SUCCESS,REF-00003224,2026-07-11,Merchant_E,Processor_A,NGN,MOBILE_MONEY,RETAIL
TXN108606,15000.0,SUCCESS,REF-00008606,2026-07-12,Merchant_A,Processor_B,NGN,MOBILE_MONEY,BUSINESS
TXN105894,7500.0,SUCCESS,REF-00005894,2026-07-05,Merchant_A,Processor_A,NGN,USSD,RETAIL
TXN109279,1000.0,SUCCESS,REF-00009279,2026-07-14,Merchant_A,Processor_B,NGN,BANK_TRANSFER,RETAIL
TXN107973,100000.0,SUCCESS,REF-00007973,2026-07-25,Merchant_C,Processor_A,NGN,MOBILE_MONEY,BUSINESS
TXN104496,10000.0,SUCCESS,REF-00004496,2026-07-12,Merchant_A,Processor_A,NGN,CARD,RETAIL
TXN104619,50000.0,SUCCESS,REF-00004619,2026-07-08,Merchant_A,Processor_A,NGN,USSD,RETAIL
TXN107975,1500.0,SUCCESS,REF-00007975,2026-07-13,Merchant_C,Processor_A,NGN,MOBILE_MONEY,BUSINESS
TXN108535,5000.0,SUCCESS,REF-00008535,2026-07-25,Merchant_D,Processor_C,NGN,USSD,BUSINESS
TXN104475,10000.0,SUCCESS,REF-00004475,2026-07-09,Merchant_B,Processor_A,NGN,CARD,BUSINESS
TXN104191,100000.0,SUCCESS,REF-00004191,2026-07-01,Merchant_C,Processor_A,NGN,USSD,RETAIL
TXN100387,1500.0,REFUNDED,REF-00000387,2026-07-11,Merchant_A,Processor_C,NGN,USSD,BUSINESS
TXN108357,10000.0,SUCCESS,REF-00008357,2026-07-30,Merchant_B,Processor_B,NGN,BANK_TRANSFER,RETAIL
TXN109499,2500.0,SUCCESS,REF-00009499,2026-07-29,Merchant_D,Processor_A,NGN,BANK_TRANSFER,RETAIL
TXN102264,15000.0,SUCCESS,REF-00002264,2026-07-07,Merchant_B,Processor_B,NGN,CARD,RETAIL
TXN100091,25000.0,SUCCESS,REF-00000091,2026-07-06,Merchant_A,Processor_A,NGN,BANK_TRANSFER,RETAIL
TXN104661,15000.0,SUCCESS,REF-00004661,2026-07-02,Merchant_E,Processor_C,NGN,MOBILE_MONEY,BUSINESS
TXN106336,1500.0,SUCCESS,REF-00006336,2026-07-28,Merchant_A,Processor_C,NGN,BANK_TRANSFER,BUSINESS
TXN109096,5000.0,SUCCESS,REF-00009096,2026-07-02,Merchant_A,Processor_B,NGN,MOBILE_MONEY,RETAIL
TXN109116,15000.0,SUCCESS,REF-00009116,2026-07-17,Merchant_A,Processor_C,NGN,CARD,RETAIL
TXN106870,10000.0,SUCCESS,REF-00006870,2026-07-06,Merchant_D,Processor_A,NGN,CARD,BUSINESS
TXN102395,5000.0,SUCCESS,REF-00002395,2026-07-08,Merchant_C,Processor_A,NGN,USSD,RETAIL
TXN105312,100000.0,SUCCESS,REF-00005312,2026-07-10,Merchant_C,Processor_B,NGN,MOBILE_MONEY,RETAIL
TXN109223,2500.0,REFUNDED,REF-00009223,2026-07-20,Merchant_C,Processor_A,NGN,USSD,RETAIL
TXN106075,500.0,SUCCESS,REF-00006075,2026-07-10,Merchant_B,Processor_A,NGN,USSD,RETAIL
TXN104271,250000.0,SUCCESS,REF-00004271,2026-07-16,Merchant_B,Processor_A,NGN,USSD,RETAIL
TXN101392,1500.0,SUCCESS,REF-00001392,2026-07-02,Merchant_D,Processor_A,NGN,MOBILE_MONEY,BUSINESS
TXN109724,1500.0,SUCCESS,REF-00009724,2026-07-23,Merchant_C,Processor_B,NGN,BANK_TRANSFER,BUSINESS
TXN104293,100000.0,SUCCESS,REF-00004293,2026-07-15,Merchant_D,Processor_A,NGN,MOBILE_MONEY,BUSINESS
TXN108065,500.0,SUCCESS,REF-00008065,2026-07-29,Merchant_A,Processor_B,NGN,BANK_TRANSFER,BUSINESS
TXN100668,1500.0,SUCCESS,REF-00000668,2026-07-26,Merchant_B,Processor_A,NGN,MOBILE_MONEY,RETAIL
TXN106946,1500.0,SUCCESS,REF-00006946,2026-07-06,Merchant_C,Processor_C,NGN,CARD,BUSINESS
TXN105447,15000.0,SUCCESS,REF-00005447,2026-07-07,Merchant_B,Processor_A,NGN,CARD,RETAIL
TXN106150,10000.0,REFUNDED,REF-00006150,2026-07-29,Merchant_B,Processor_C,NGN,BANK_TRANSFER,RETAIL
TXN108268,15000.0,SUCCESS,REF-00008268,2026-07-27,Merchant_D,Processor_C,NGN,USSD,BUSINESS
TXN102610,50000.0,SUCCESS,REF-00002610,2026-07-17,Merchant_A,Processor_B,NGN,USSD,BUSINESS
TXN105284,7500.0,SUCCESS,REF-00005284,2026-07-02,Merchant_C,Processor_C,NGN,USSD,RETAIL
TXN103724,5000.0,FAILED,REF-00003724,2026-07-23,Merchant_D,Processor_C,NGN,USSD,BUSINESS
TXN102980,7500.0,SUCCESS,REF-00002980,2026-07-07,Merchant_A,Processor_C,NGN,MOBILE_MONEY,RETAIL
TXN107507,5000.0,SUCCESS,REF-00007507,2026-07-09,Merchant_C,Processor_A,NGN,CARD,RETAIL
TXN102436,5000.0,SUCCESS,REF-00002436,2026-07-22,Merchant_B,Processor_B,NGN,MOBILE_MONEY,RETAIL
TXN102017,100000.0,SUCCESS,REF-00002017,2026-07-25,Merchant_A,Processor_A,NGN,MOBILE_MONEY,BUSINESS
TXN105241,7500.0,SUCCESS,REF-00005241,2026-07-30,Merchant_B,Processor_A,NGN,MOBILE_MONEY,RETAIL
TXN100265,25000.0,SUCCESS,REF-00000265,2026-07-09,Merchant_B,Processor_A,NGN,BANK_TRANSFER,BUSINESS
TXN104809,50000.0,REFUNDED,REF-00004809,2026-07-12,Merchant_B,Processor_A,NGN,CARD,BUSINESS
TXN105421,5000.0,SUCCESS,REF-00005421,2026-07-06,Merchant_D,Processor_C,NGN,BANK_TRANSFER,BUSINESS
TXN104321,100000.0,SUCCESS,REF-00004321,2026-07-28,Merchant_C,Processor_B,NGN,USSD,RETAIL
TXN106430,25000.0,SUCCESS,REF-00006430,2026-07-15,Merchant_D,Processor_B,NGN,CARD,RETAIL
TXN107799,2500.0,SUCCESS,REF-00007799,2026-07-10,Merchant_B,Processor_B,NGN,BANK_TRANSFER,RETAIL
TXN104890,5000.0,SUCCESS,REF-00004890,2026-07-24,Merchant_A,Processor_C,NGN,BANK_TRANSFER,BUSINESS
TXN105948,15000.0,SUCCESS,REF-00005948,2026-07-10,Merchant_A,Processor_B,NGN,MOBILE_MONEY,RETAIL
TXN101814,1000.0,SUCCESS,REF-00001814,2026-07-04,Merchant_A,Processor_A,NGN,BANK_TRANSFER,RETAIL
TXN102392,7500.0,SUCCESS,REF-00002392,2026-07-12,Merchant_E,Processor_A,NGN,BANK_TRANSFER,BUSINESS
TXN103590,250000.0,SUCCESS,REF-00003590,2026-07-13,Merchant_A,Processor_C,NGN,USSD,RETAIL
TXN105440,7500.0,SUCCESS,REF-00005440,2026-07-08,Merchant_A,Processor_B,NGN,USSD,RETAIL
TXN103094,1500.0,FAILED,REF-00003094,2026-07-14,Merchant_A,Processor_C,NGN,BANK_TRANSFER,BUSINESS
TXN106913,2500.0,SUCCESS,REF-00006913,2026-07-08,Merchant_D,Processor_A,NGN,BANK_TRANSFER,RETAIL
TXN104452,50000.0,SUCCESS,REF-00004452,2026-07-26,Merchant_C,Processor_B,NGN,BANK_TRANSFER,RETAIL
TXN109282,25000.0,SUCCESS,REF-00009282,2026-07-15,Merchant_D,Processor_A,NGN,MOBILE_MONEY,RETAIL
TXN108581,25000.0,SUCCESS,REF-00008581,2026-07-25,Merchant_B,Processor_B,NGN,MOBILE_MONEY,RETAIL
TXN106105,1500.0,SUCCESS,REF-00006105,2026-07-29,Merchant_D,Processor_C,NGN,MOBILE_MONEY,RETAIL
TXN103654,500.0,SUCCESS,REF-00003654,2026-07-04,Merchant_D,Processor_A,NGN,USSD,BUSINESS
TXN107158,5000.0,SUCCESS,REF-00007158,2026-07-06,Merchant_C,Processor_C,NGN,CARD,RETAIL
TXN102818,500.0,SUCCESS,REF-00002818,2026-07-04,Merchant_D,Processor_C,NGN,MOBILE_MONEY,RETAIL
TXN104739,15000.0,SUCCESS,REF-00004739,2026-07-13,Merchant_E,Processor_B,NGN,MOBILE_MONEY,RETAIL
TXN106852,100000.0,SUCCESS,REF-00006852,2026-07-04,Merchant_B,Processor_B,NGN,BANK_TRANSFER,RETAIL
TXN102551,1000.0,SUCCESS,REF-00002551,2026-07-12,Merchant_B,Processor_C,NGN,MOBILE_MONEY,RETAIL
TXN109328,5000.0,SUCCESS,REF-00009328,2026-07-07,Merchant_E,Processor_C,NGN,CARD,RETAIL
TXN109595,5000.0,SUCCESS,REF-00009595,2026-07-09,Merchant_B,Processor_A,NGN,USSD,BUSINESS
TXN100154,250000.0,SUCCESS,REF-00000154,2026-07-26,Merchant_A,Processor_C,NGN,MOBILE_MONEY,BUSINESS
TXN107014,10000.0,SUCCESS,REF-00007014,2026-07-10,Merchant_D,Processor_C,NGN,USSD,BUSINESS
TXN109751,1000.0,SUCCESS,REF-00009751,2026-07-02,Merchant_A,Processor_C,NGN,MOBILE_MONEY,RETAIL
TXN109423,7500.0,SUCCESS,REF-00009423,2026-07-30,Merchant_B,Processor_A,NGN,USSD,RETAIL
TXN105221,10000.0,FAILED,REF-00005221,2026-07-28,Merchant_B,Processor_A,NGN,USSD,RETAIL
TXN109198,15000.0,SUCCESS,REF-00009198,2026-07-17,Merchant_C,Processor_B,NGN,MOBILE_MONEY,BUSINESS
TXN107735,15000.0,SUCCESS,REF-00007735,2026-07-13,Merchant_A,Processor_B,NGN,MOBILE_MONEY,BUSINESS
TXN107762,7500.0,SUCCESS,REF-00007762,2026-07-30,Merchant_A,Processor_C,NGN,USSD,BUSINESS
TXN102839,5000.0,SUCCESS,REF-00002839,2026-07-25,Merchant_C,Processor_C,NGN,CARD,BUSINESS
TXN103636,100000.0,SUCCESS,REF-00003636,2026-07-29,Merchant_D,Processor_C,NGN,CARD,BUSINESS
TXN104732,25000.0,SUCCESS,REF-00004732,2026-07-21,Merchant_B,Processor_A,NGN,CARD,RETAIL
TXN106453,5000.0,SUCCESS,REF-00006453,2026-07-28,Merchant_A,Processor_A,NGN,CARD,BUSINESS
TXN104419,1500.0,SUCCESS,REF-00004419,2026-07-06,Merchant_E,Processor_C,NGN,MOBILE_MONEY,BUSINESS
TXN109642,5000.0,SUCCESS,REF-00009642,2026-07-17,Merchant_A,Processor_B,NGN,BANK_TRANSFER,BUSINESS
TXN103453,5000.0,SUCCESS,REF-00003453,2026-07-28,Merchant_A,Processor_B,NGN,USSD,BUSINESS
TXN101836,1500.0,SUCCESS,REF-00001836,2026-07-12,Merchant_A,Processor_A,NGN,CARD,BUSINESS
TXN101971,50000.0,SUCCESS,REF-00001971,2026-07-14,Merchant_E,Processor_C,NGN,CARD,RETAIL
TXN100048,10000.0,SUCCESS,REF-00000048,2026-07-15,Merchant_B,Processor_C,NGN,BANK_TRANSFER,RETAIL
TXN107630,10000.0,SUCCESS,REF-00007630,2026-07-14,Merchant_B,Processor_B,NGN,BANK_TRANSFER,BUSINESS
TXN108375,5000.0,REFUNDED,REF-00008375,2026-07-11,Merchant_B,Processor_C,NGN,MOBILE_MONEY,RETAIL
TXN100610,500.0,SUCCESS,REF-00000610,2026-07-02,Merchant_E,Processor_C,NGN,USSD,BUSINESS
TXN109276,5000.0,FAILED,REF-00009276,2026-07-26,Merchant_D,Processor_C,NGN,USSD,RETAIL
TXN106919,7500.0,SUCCESS,REF-00006919,2026-07-13,Merchant_A,Processor_B,NGN,BANK_TRANSFER,BUSINESS
TXN106697,5000.0,SUCCESS,REF-00006697,2026-07-22,Merchant_E,Processor_B,NGN,BANK_TRANSFER,BUSINESS
TXN107787,100000.0,SUCCESS,REF-00007787,2026-07-20,Merchant_E,Processor_C,NGN,BANK_TRANSFER,BUSINESS
TXN103999,1500.0,SUCCESS,REF-00003999,2026-07-20,Merchant_A,Processor_B,NGN,MOBILE_MONEY,RETAIL
TXN105596,5000.0,SUCCESS,REF-00005596,2026-07-24,Merchant_C,Processor_A,NGN,USSD,BUSINESS
TXN100795,100000.0,SUCCESS,REF-00000795,2026-07-03,Merchant_B,Processor_C,NGN,BANK_TRANSFER,RETAIL
TXN103913,250000.0,FAILED,REF-00003913,2026-07-21,Merchant_A,Processor_B,NGN,CARD,BUSINESS
TXN103777,10000.0,SUCCESS,REF-00003777,2026-07-27,Merchant_D,Processor_B,NGN,USSD,BUSINESS
TXN108360,50000.0,SUCCESS,REF-00008360,2026-07-01,Merchant_B,Processor_B,NGN,USSD,RETAIL
TXN103867,15000.0,SUCCESS,REF-00003867,2026-07-30,Merchant_A,Processor_A,NGN,CARD,BUSINESS
TXN104834,10000.0,SUCCESS,REF-00004834,2026-07-19,Merchant_C,Processor_B,NGN,CARD,RETAIL
TXN100206,1000.0,SUCCESS,REF-00000206,2026-07-07,Merchant_B,Processor_C,NGN,USSD,BUSINESS
TXN102932,1000.0,SUCCESS,REF-00002932,2026-07-11,Merchant_B,Processor_A,NGN,USSD,RETAIL
TXN109784,10000.0,SUCCESS,REF-00009784,2026-07-16,Merchant_B,Processor_B,NGN,BANK_TRANSFER,RETAIL
TXN100801,1500.0,SUCCESS,REF-00000801,2026-07-04,Merchant_A,Processor_C,NGN,MOBILE_MONEY,BUSINESS
TXN103128,250000.0,SUCCESS,REF-00003128,2026-07-22,Merchant_D,Processor_C,NGN,MOBILE_MONEY,BUSINESS
TXN105486,2500.0,SUCCESS,REF-00005486,2026-07-10,Merchant_D,Processor_A,NGN,BANK_TRANSFER,BUSINESS
TXN101386,25000.0,SUCCESS,REF-00001386,2026-07-18,Merchant_C,Processor_B,NGN,CARD,BUSINESS
TXN106970,2500.0,SUCCESS,REF-00006970,2026-07-28,Merchant_C,Processor_A,NGN,CARD,RETAIL
TXN108468,5000.0,SUCCESS,REF-00008468,2026-07-15,Merchant_A,Processor_B,NGN,CARD,RETAIL
TXN106071,5000.0,SUCCESS,REF-00006071,2026-07-13,Merchant_D,Processor_C,NGN,CARD,RETAIL
TXN100506,100000.0,SUCCESS,REF-00000506,2026-07-08,Merchant_E,Processor_A,NGN,BANK_TRANSFER,RETAIL
TXN105655,1500.0,SUCCESS,REF-00005655,2026-07-23,Merchant_C,Processor_A,NGN,USSD,RETAIL
TXN102690,10000.0,SUCCESS,REF-00002690,2026-07-03,Merchant_D,Processor_B,NGN,BANK_TRANSFER,BUSINESS
TXN102883,1000.0,SUCCESS,REF-00002883,2026-07-01,Merchant_C,Processor_B,NGN,CARD,BUSINESS
TXN108524,10000.0,SUCCESS,REF-00008524,2026-07-25,Merchant_D,Processor_C,NGN,BANK_TRANSFER,RETAIL
TXN108413,7500.0,REFUNDED,REF-00008413,2026-07-10,Merchant_B,Processor_B,NGN,MOBILE_MONEY,BUSINESS
TXN105788,250000.0,SUCCESS,REF-00005788,2026-07-27,Merchant_E,Processor_B,NGN,MOBILE_MONEY,RETAIL
TXN102360,500.0,SUCCESS,REF-00002360,2026-07-17,Merchant_C,Processor_A,NGN,CARD,RETAIL
TXN102407,2500.0,SUCCESS,REF-00002407,2026-07-20,Merchant_A,Processor_B,NGN,BANK_TRANSFER,BUSINESS
TXN108771,2500.0,SUCCESS,REF-00008771,2026-07-18,Merchant_E,Processor_A,NGN,MOBILE_MONEY,RETAIL
TXN101205,25000.0,FAILED,REF-00001205,2026-07-14,Merchant_A,Processor_B,NGN,USSD,BUSINESS
TXN106742,10000.0,SUCCESS,REF-00006742,2026-07-22,Merchant_D,Processor_A,NGN,CARD,BUSINESS
TXN104479,10000.0,SUCCESS,REF-00004479,2026-07-14,Merchant_C,Processor_C,NGN,BANK_TRANSFER,RETAIL
TXN103486,5000.0,SUCCESS,REF-00003486,2026-07-17,Merchant_A,Processor_B,NGN,CARD,RETAIL
TXN107848,1000.0,SUCCESS,REF-00007848,2026-07-28,Merchant_B,Processor_C,NGN,MOBILE_MONEY,RETAIL
TXN107148,7500.0,SUCCESS,REF-00007148,2026-07-31,Merchant_C,Processor_C,NGN,USSD,BUSINESS
TXN104351,15000.0,SUCCESS,REF-00004351,2026-07-03,Merchant_A,Processor_C,NGN,MOBILE_MONEY,RETAIL
TXN106797,5000.0,SUCCESS,REF-00006797,2026-07-23,Merchant_E,Processor_B,NGN,CARD,RETAIL
TXN106090,7500.0,SUCCESS,REF-00006090,2026-07-11,Merchant_D,Processor_C,NGN,USSD,BUSINESS
TXN108197,5000.0,SUCCESS,REF-00008197,2026-07-20,Merchant_D,Processor_B,NGN,BANK_TRANSFER,BUSINESS
TXN107864,5000.0,SUCCESS,REF-00007864,2026-07-18,Merchant_E,Processor_C,NGN,MOBILE_MONEY,BUSINESS
TXN104217,10000.0,SUCCESS,REF-00004217,2026-07-06,Merchant_B,Processor_A,NGN,USSD,BUSINESS
TXN104142,1000.0,SUCCESS,REF-00004142,2026-07-06,Merchant_C,Processor_B,NGN,CARD,BUSINESS
TXN102636,250000.0,SUCCESS,REF-00002636,2026-07-15,Merchant_C,Processor_C,NGN,BANK_TRANSFER,BUSINESS
TXN104620,50000.0,FAILED,REF-00004620,2026-07-11,Merchant_A,Processor_C,NGN,CARD,RETAIL
TXN105527,1000.0,SUCCESS,REF-00005527,2026-07-13,Merchant_D,Processor_A,NGN,CARD,BUSINESS
TXN108114,7500.0,SUCCESS,REF-00008114,2026-07-28,Merchant_E,Processor_A,NGN,BANK_TRANSFER,BUSINESS
TXN100298,15000.0,SUCCESS,REF-00000298,2026-07-06,Merchant_D,Processor_B,NGN,USSD,RETAIL
TXN106033,2500.0,SUCCESS,REF-00006033,2026-07-08,Merchant_C,Processor_B,NGN,USSD,BUSINESS
TXN102083,100000.0,SUCCESS,REF-00002083,2026-07-17,Merchant_A,Processor_C,NGN,BANK_TRANSFER,RETAIL
TXN107865,250000.0,SUCCESS,REF-00007865,2026-07-11,Merchant_E,Processor_A,NGN,BANK_TRANSFER,RETAIL
TXN108158,7500.0,SUCCESS,REF-00008158,2026-07-06,Merchant_A,Processor_C,NGN,CARD,RETAIL
TXN100251,5000.0,SUCCESS,REF-00000251,2026-07-08,Merchant_D,Processor_C,NGN,CARD,RETAIL
TXN100064,5000.0,SUCCESS,REF-00000064,2026-07-25,Merchant_C,Processor_B,NGN,MOBILE_MONEY,BUSINESS
TXN106609,5000.0,SUCCESS,REF-00006609,2026-07-22,Merchant_A,Processor_B,NGN,BANK_TRANSFER,BUSINESS
TXN106322,10000.0,REFUNDED,REF-00006322,2026-07-01,Merchant_C,Processor_C,NGN,MOBILE_MONEY,BUSINESS
TXN105859,10000.0,SUCCESS,REF-00005859,2026-07-02,Merchant_A,Processor_B,NGN,BANK_TRANSFER,BUSINESS
TXN108743,1000.0,REFUNDED,REF-00008743,2026-07-25,Merchant_E,Processor_C,NGN,MOBILE_MONEY,BUSINESS
TXN108140,1500.0,SUCCESS,REF-00008140,2026-07-19,Merchant_A,Processor_C,NGN,CARD,RETAIL
TXN107364,10000.0,SUCCESS,REF-00007364,2026-07-02,Merchant_C,Processor_C,NGN,CARD,BUSINESS
TXN103613,50000.0,SUCCESS,REF-00003613,2026-07-21,Merchant_E,Processor_C,NGN,USSD,BUSINESS
TXN109644,5000.0,SUCCESS,REF-00009644,2026-07-16,Merchant_E,Processor_C,NGN,MOBILE_MONEY,BUSINESS
TXN104579,15000.0,SUCCESS,REF-00004579,2026-07-23,Merchant_E,Processor_A,NGN,BANK_TRANSFER,BUSINESS
TXN106252,5000.0,SUCCESS,REF-00006252,2026-07-26,Merchant_E,Processor_B,NGN,MOBILE_MONEY,RETAIL
TXN103879,2500.0,REFUNDED,REF-00003879,2026-07-22,Merchant_D,Processor_C,NGN,CARD,RETAIL
TXN108513,15000.0,FAILED,REF-00008513,2026-07-16,Merchant_A,Processor_C,NGN,USSD,RETAIL
TXN100339,1000.0,SUCCESS,REF-00000339,2026-07-01,Merchant_D,Processor_A,NGN,MOBILE_MONEY,RETAIL
TXN103156,100000.0,SUCCESS,REF-00003156,2026-07-30,Merchant_C,Processor_B,NGN,CARD,RETAIL
TXN102846,25000.0,FAILED,REF-00002846,2026-07-09,Merchant_B,Processor_C,NGN,BANK_TRANSFER,RETAIL
TXN103265,1000.0,REFUNDED,REF-00003265,2026-07-25,Merchant_B,Processor_C,NGN,USSD,RETAIL
TXN106122,500.0,SUCCESS,REF-00006122,2026-07-31,Merchant_A,Processor_B,NGN,CARD,BUSINESS
TXN107228,100000.0,SUCCESS,REF-00007228,2026-07-20,Merchant_A,Processor_A,NGN,BANK_TRANSFER,BUSINESS
TXN102266,15000.0,SUCCESS,REF-00002266,2026-07-13,Merchant_E,Processor_A,NGN,MOBILE_MONEY,BUSINESS
TXN109505,7500.0,SUCCESS,REF-00009505,2026-07-10,Merchant_B,Processor_C,NGN,BANK_TRANSFER,RETAIL
TXN101584,250000.0,SUCCESS,REF-00001584,2026-07-21,Merchant_E,Processor_C,NGN,BANK_TRANSFER,BUSINESS
TXN104988,25000.0,SUCCESS,REF-00004988,2026-07-30,Merchant_B,Processor_C,NGN,BANK_TRANSFER,BUSINESS
TXN104332,7500.0,SUCCESS,REF-00004332,2026-07-23,Merchant_D,Processor_C,NGN,USSD,RETAIL
TXN103761,25000.0,SUCCESS,REF-00003761,2026-07-04,Merchant_D,Processor_A,NGN,CARD,BUSINESS
TXN108968,10000.0,SUCCESS,REF-00008968,2026-07-29,Merchant_C,Processor_A,NGN,CARD,BUSINESS
TXN104228,7500.0,SUCCESS,REF-00004228,2026-07-04,Merchant_D,Processor_B,NGN,BANK_TRANSFER,RETAIL
TXN107898,2500.0,SUCCESS,REF-00007898,2026-07-05,Merchant_C,Processor_B,NGN,MOBILE_MONEY,RETAIL
TXN109095,100000.0,SUCCESS,REF-00009095,2026-07-22,Merchant_B,Processor_C,NGN,MOBILE_MONEY,RETAIL
TXN104699,250000.0,SUCCESS,REF-00004699,2026-07-26,Merchant_D,Processor_A,NGN,CARD,BUSINESS
TXN109218,50000.0,SUCCESS,REF-00009218,2026-07-26,Merchant_C,Processor_C,NGN,MOBILE_MONEY,RETAIL
TXN109194,50000.0,SUCCESS,REF-00009194,2026-07-11,Merchant_E,Processor_B,NGN,BANK_TRANSFER,BUSINESS
TXN100915,7500.0,SUCCESS,REF-00000915,2026-07-04,Merchant_E,Processor_B,NGN,CARD,BUSINESS
TXN104337,100000.0,REFUNDED,REF-00004337,2026-07-16,Merchant_A,Processor_B,NGN,CARD,BUSINESS
TXN102117,15000.0,SUCCESS,REF-00002117,2026-07-13,Merchant_D,Processor_A,NGN,MOBILE_MONEY,BUSINESS
TXN107289,50000.0,SUCCESS,REF-00007289,2026-07-24,Merchant_A,Processor_C,NGN,CARD,BUSINESS
TXN107595,250000.0,SUCCESS,REF-00007595,2026-07-01,Merchant_E,Processor_B,NGN,USSD,BUSINESS
TXN105108,25000.0,SUCCESS,REF-00005108,2026-07-11,Merchant_A,Processor_A,NGN,BANK_TRANSFER,RETAIL
TXN108818,10000.0,SUCCESS,REF-00008818,2026-07-15,Merchant_C,Processor_A,NGN,USSD,BUSINESS
TXN101076,5000.0,SUCCESS,REF-00001076,2026-07-14,Merchant_B,Processor_B,NGN,CARD,BUSINESS
TXN100200,15000.0,SUCCESS,REF-00000200,2026-07-20,Merchant_C,Processor_B,NGN,MOBILE_MONEY,BUSINESS
TXN104401,10000.0,SUCCESS,REF-00004401,2026-07-12,Merchant_B,Processor_B,NGN,USSD,RETAIL
TXN101519,100000.0,SUCCESS,REF-00001519,2026-07-06,Merchant_B,Processor_A,NGN,USSD,BUSINESS
TXN106508,50000.0,SUCCESS,REF-00006508,2026-07-30,Merchant_D,Processor_B,NGN,USSD,RETAIL
TXN102384,5000.0,SUCCESS,REF-00002384,2026-07-29,Merchant_B,Processor_A,NGN,MOBILE_MONEY,RETAIL
TXN100806,100000.0,SUCCESS,REF-00000806,2026-07-07,Merchant_D,Processor_B,NGN,MOBILE_MONEY,RETAIL
TXN104662,7500.0,SUCCESS,REF-00004662,2026-07-16,Merchant_B,Processor_B,NGN,CARD,BUSINESS
TXN108598,10000.0,SUCCESS,REF-00008598,2026-07-11,Merchant_E,Processor_C,NGN,MOBILE_MONEY,BUSINESS
TXN106314,5000.0,SUCCESS,REF-00006314,2026-07-26,Merchant_B,Processor_C,NGN,USSD,RETAIL
TXN105430,15000.0,SUCCESS,REF-00005430,2026-07-11,Merchant_B,Processor_A,NGN,CARD,RETAIL
TXN101473,7500.0,SUCCESS,REF-00001473,2026-07-23,Merchant_D,Processor_C,NGN,MOBILE_MONEY,RETAIL
TXN109752,10000.0,SUCCESS,REF-00009752,2026-07-12,Merchant_E,Processor_C,NGN,BANK_TRANSFER,RETAIL
TXN105112,15000.0,FAILED,REF-00005112,2026-07-25,Merchant_D,Processor_B,NGN,MOBILE_MONEY,BUSINESS
TXN101087,1500.0,SUCCESS,REF-00001087,2026-07-18,Merchant_D,Processor_C,NGN,MOBILE_MONEY,RETAIL
TXN103977,10000.0,SUCCESS,REF-00003977,2026-07-10,Merchant_D,Processor_B,NGN,CARD,BUSINESS
TXN109394,5000.0,REFUNDED,REF-00009394,2026-07-03,Merchant_D,Processor_C,NGN,CARD,RETAIL
TXN101990,25000.0,SUCCESS,REF-00001990,2026-07-27,Merchant_A,Processor_B,NGN,CARD,RETAIL
TXN103380,5000.0,SUCCESS,REF-00003380,2026-07-02,Merchant_B,Processor_B,NGN,BANK_TRANSFER,BUSINESS
TXN109455,2500.0,SUCCESS,REF-00009455,2026-07-28,Merchant_D,Processor_C,NGN,BANK_TRANSFER,RETAIL
TXN100737,50000.0,SUCCESS,REF-00000737,2026-07-21,Merchant_A,Processor_B,NGN,MOBILE_MONEY,RETAIL
TXN100652,10000.0,SUCCESS,REF-00000652,2026-07-07,Merchant_C,Processor_B,NGN,MOBILE_MONEY,BUSINESS
TXN107303,100000.0,SUCCESS,REF-00007303,2026-07-21,Merchant_E,Processor_C,NGN,CARD,BUSINESS
TXN105375,50000.0,SUCCESS,REF-00005375,2026-07-13,Merchant_B,Processor_C,NGN,CARD,BUSINESS
TXN108363,7500.0,SUCCESS,REF-00008363,2026-07-12,Merchant_B,Processor_C,NGN,BANK_TRANSFER,RETAIL
TXN106420,250000.0,SUCCESS,REF-00006420,2026-07-02,Merchant_E,Processor_C,NGN,BANK_TRANSFER,BUSINESS
TXN105814,1000.0,SUCCESS,REF-00005814,2026-07-08,Merchant_E,Processor_A,NGN,CARD,BUSINESS
TXN103149,7500.0,SUCCESS,REF-00003149,2026-07-31,Merchant_C,Processor_B,NGN,MOBILE_MONEY,BUSINESS
TXN108031,15000.0,SUCCESS,REF-00008031,2026-07-22,Merchant_C,Processor_B,NGN,BANK_TRANSFER,RETAIL
TXN105307,5000.0,FAILED,REF-00005307,2026-07-17,Merchant_B,Processor_A,NGN,CARD,BUSINESS
TXN107286,10000.0,SUCCESS,REF-00007286,2026-07-14,Merchant_D,Processor_B,NGN,CARD,RETAIL
TXN103542,1500.0,SUCCESS,REF-00003542,2026-07-27,Merchant_C,Processor_B,NGN,CARD,BUSINESS
TXN107760,15000.0,SUCCESS,REF-00007760,2026-07-13,Merchant_A,Processor_C,NGN,BANK_TRANSFER,RETAIL
TXN106784,25000.0,SUCCESS,REF-00006784,2026-07-31,Merchant_A,Processor_C,NGN,MOBILE_MONEY,RETAIL
TXN105362,10000.0,SUCCESS,REF-00005362,2026-07-26,Merchant_D,Processor_B,NGN,BANK_TRANSFER,BUSINESS
TXN109229,25000.0,SUCCESS,REF-00009229,2026-07-14,Merchant_D,Processor_C,NGN,MOBILE_MONEY,RETAIL
TXN100344,7500.0,FAILED,REF-00000344,2026-07-01,Merchant_D,Processor_A,NGN,BANK_TRANSFER,BUSINESS
TXN109613,1000.0,SUCCESS,REF-00009613,2026-07-11,Merchant_C,Processor_A,NGN,CARD,RETAIL
TXN100684,100000.0,SUCCESS,REF-00000684,2026-07-20,Merchant_E,Processor_C,NGN,CARD,RETAIL
TXN104767,1000.0,REFUNDED,REF-00004767,2026-07-03,Merchant_C,Processor_B,NGN,USSD,RETAIL
TXN100715,100000.0,SUCCESS,REF-00000715,2026-07-17,Merchant_E,Processor_B,NGN,CARD,RETAIL
TXN100848,10000.0,FAILED,REF-00000848,2026-07-13,Merchant_D,Processor_C,NGN,MOBILE_MONEY,RETAIL
TXN104671,100000.0,SUCCESS,REF-00004671,2026-07-13,Merchant_B,Processor_B,NGN,CARD,RETAIL
TXN109850,15000.0,SUCCESS,REF-00009850,2026-07-23,Merchant_E,Processor_B,NGN,USSD,BUSINESS
TXN104913,2500.0,SUCCESS,REF-00004913,2026-07-15,Merchant_D,Processor_A,NGN,CARD,BUSINESS
TXN109791,10000.0,SUCCESS,REF-00009791,2026-07-18,Merchant_A,Processor_B,NGN,CARD,BUSINESS
TXN103972,5000.0,SUCCESS,REF-00003972,2026-07-02,Merchant_D,Processor_C,NGN,BANK_TRANSFER,RETAIL
TXN108133,5000.0,SUCCESS,REF-00008133,2026-07-28,Merchant_E,Processor_C,NGN,MOBILE_MONEY,RETAIL
TXN108889,1000.0,SUCCESS,REF-00008889,2026-07-26,Merchant_A,Processor_C,NGN,USSD,BUSINESS
TXN100658,15000.0,SUCCESS,REF-00000658,2026-07-23,Merchant_B,Processor_B,NGN,BANK_TRANSFER,RETAIL
TXN106833,100000.0,SUCCESS,REF-00006833,2026-07-08,Merchant_D,Processor_A,NGN,USSD,BUSINESS
TXN108564,10000.0,SUCCESS,REF-00008564,2026-07-20,Merchant_C,Processor_A,NGN,CARD,BUSINESS
TXN101297,1000.0,SUCCESS,REF-00001297,2026-07-03,Merchant_C,Processor_C,NGN,USSD,BUSINESS
TXN108671,1500.0,REFUNDED,REF-00008671,2026-07-23,Merchant_E,Processor_C,NGN,BANK_TRANSFER,RETAIL
TXN106895,100000.0,SUCCESS,REF-00006895,2026-07-13,Merchant_D,Processor_C,NGN,CARD,BUSINESS
TXN101181,5000.0,FAILED,REF-00001181,2026-07-24,Merchant_C,Processor_B,NGN,BANK_TRANSFER,RETAIL
TXN109345,250000.0,SUCCESS,REF-00009345,2026-07-05,Merchant_A,Processor_B,NGN,MOBILE_MONEY,BUSINESS
TXN101800,250000.0,SUCCESS,REF-00001800,2026-07-14,Merchant_A,Processor_B,NGN,MOBILE_MONEY,RETAIL
TXN100823,7500.0,SUCCESS,REF-00000823,2026-07-12,Merchant_A,Processor_B,NGN,MOBILE_MONEY,RETAIL
TXN103865,5000.0,SUCCESS,REF-00003865,2026-07-12,Merchant_D,Processor_C,NGN,USSD,BUSINESS
TXN103407,250000.0,FAILED,REF-00003407,2026-07-03,Merchant_D,Processor_B,NGN,MOBILE_MONEY,RETAIL
TXN109476,250000.0,SUCCESS,REF-00009476,2026-07-24,Merchant_A,Processor_B,NGN,USSD,RETAIL
TXN106746,15000.0,SUCCESS,REF-00006746,2026-07-12,Merchant_E,Processor_C,NGN,USSD,BUSINESS
TXN101904,25000.0,SUCCESS,REF-00001904,2026-07-25,Merchant_B,Processor_A,NGN,BANK_TRANSFER,BUSINESS
TXN105382,2500.0,SUCCESS,REF-00005382,2026-07-08,Merchant_A,Processor_A,NGN,CARD,BUSINESS
TXN106741,1000.0,FAILED,REF-00006741,2026-07-04,Merchant_C,Processor_A,NGN,CARD,RETAIL
TXN107506,7500.0,SUCCESS,REF-00007506,2026-07-31,Merchant_D,Processor_A,NGN,BANK_TRANSFER,BUSINESS
TXN101095,1500.0,SUCCESS,REF-00001095,2026-07-25,Merchant_D,Processor_C,NGN,MOBILE_MONEY,RETAIL
TXN104804,50000.0,SUCCESS,REF-00004804,2026-07-24,Merchant_C,Processor_A,NGN,BANK_TRANSFER,BUSINESS
TXN107983,2500.0,SUCCESS,REF-00007983,2026-07-27,Merchant_D,Processor_B,NGN,BANK_TRANSFER,BUSINESS
TXN107172,5000.0,SUCCESS,REF-00007172,2026-07-26,Merchant_A,Processor_C,NGN,CARD,BUSINESS
TXN106494,250000.0,SUCCESS,REF-00006494,2026-07-11,Merchant_B,Processor_C,NGN,USSD,BUSINESS
TXN100392,5000.0,SUCCESS,REF-00000392,2026-07-08,Merchant_B,Processor_A,NGN,BANK_TRANSFER,RETAIL
TXN107824,7500.0,SUCCESS,REF-00007824,2026-07-24,Merchant_C,Processor_C,NGN,BANK_TRANSFER,RETAIL
TXN102560,50000.0,SUCCESS,REF-00002560,2026-07-23,Merchant_A,Processor_B,NGN,USSD,RETAIL
TXN104884,1000.0,SUCCESS,REF-00004884,2026-07-30,Merchant_B,Processor_C,NGN,CARD,BUSINESS
TXN103283,100000.0,SUCCESS,REF-00003283,2026-07-25,Merchant_A,Processor_A,NGN,MOBILE_MONEY,RETAIL
TXN104343,50000.0,FAILED,REF-00004343,2026-07-18,Merchant_B,Processor_B,NGN,BANK_TRANSFER,RETAIL
TXN107108,100000.0,SUCCESS,REF-00007108,2026-07-30,Merchant_D,Processor_B,NGN,MOBILE_MONEY,RETAIL
TXN101160,50000.0,SUCCESS,REF-00001160,2026-07-21,Merchant_C,Processor_A,NGN,MOBILE_MONEY,RETAIL
TXN105313,250000.0,SUCCESS,REF-00005313,2026-07-25,Merchant_E,Processor_B,NGN,BANK_TRANSFER,RETAIL
TXN101638,250000.0,SUCCESS,REF-00001638,2026-07-28,Merchant_D,Processor_C,NGN,MOBILE_MONEY,BUSINESS
TXN105507,5000.0,SUCCESS,REF-00005507,2026-07-17,Merchant_D,Processor_C,NGN,BANK_TRANSFER,RETAIL
TXN101607,50000.0,SUCCESS,REF-00001607,2026-07-27,Merchant_A,Processor_C,NGN,USSD,RETAIL
TXN102537,1500.0,SUCCESS,REF-00002537,2026-07-06,Merchant_D,Processor_A,NGN,USSD,BUSINESS
TXN108093,250000.0,SUCCESS,REF-00008093,2026-07-27,Merchant_A,Processor_B,NGN,USSD,RETAIL
TXN108679,1500.0,SUCCESS,REF-00008679,2026-07-08,Merchant_A,Processor_B,NGN,USSD,BUSINESS
TXN106231,100000.0,SUCCESS,REF-00006231,2026-07-13,Merchant_D,Processor_A,NGN,CARD,RETAIL
TXN105498,10000.0,SUCCESS,REF-00005498,2026-07-07,Merchant_B,Processor_C,NGN,USSD,RETAIL
TXN100690,5000.0,SUCCESS,REF-00000690,2026-07-01,Merchant_D,Processor_C,NGN,BANK_TRANSFER,RETAIL
TXN105961,100000.0,SUCCESS,REF-00005961,2026-07-01,Merchant_D,Processor_A,NGN,BANK_TRANSFER,BUSINESS
TXN101232,2500.0,SUCCESS,REF-00001232,2026-07-28,Merchant_A,Processor_B,NGN,BANK_TRANSFER,RETAIL
TXN107757,100000.0,SUCCESS,REF-00007757,2026-07-19,Merchant_B,Processor_B,NGN,MOBILE_MONEY,BUSINESS
TXN102225,7500.0,SUCCESS,REF-00002225,2026-07-01,Merchant_D,Processor_C,NGN,BANK_TRANSFER,BUSINESS
TXN106178,2500.0,SUCCESS,REF-00006178,2026-07-26,Merchant_C,Processor_A,NGN,CARD,RETAIL
TXN101691,10000.0,SUCCESS,REF-00001691,2026-07-23,Merchant_A,Processor_A,NGN,CARD,RETAIL
TXN106358,100000.0,SUCCESS,REF-00006358,2026-07-19,Merchant_B,Processor_A,NGN,CARD,RETAIL
TXN103596,2500.0,SUCCESS,REF-00003596,2026-07-08,Merchant_B,Processor_A,NGN,CARD,BUSINESS
TXN108852,500.0,SUCCESS,REF-00008852,2026-07-20,Merchant_E,Processor_C,NGN,CARD,RETAIL
TXN101778,2500.0,SUCCESS,REF-00001778,2026-07-17,Merchant_D,Processor_C,NGN,CARD,BUSINESS
TXN103856,5000.0,SUCCESS,REF-00003856,2026-07-25,Merchant_A,Processor_B,NGN,USSD,BUSINESS
TXN103260,2500.0,SUCCESS,REF-00003260,2026-07-20,Merchant_C,Processor_A,NGN,CARD,RETAIL
TXN105090,500.0,SUCCESS,REF-00005090,2026-07-29,Merchant_B,Processor_B,NGN,MOBILE_MONEY,BUSINESS
TXN104411,500.0,SUCCESS,REF-00004411,2026-07-06,Merchant_D,Processor_A,NGN,CARD,BUSINESS
TXN104390,1500.0,SUCCESS,REF-00004390,2026-07-04,Merchant_D,Processor_B,NGN,BANK_TRANSFER,RETAIL
TXN104140,5000.0,SUCCESS,REF-00004140,2026-07-06,Merchant_C,Processor_A,NGN,BANK_TRANSFER,RETAIL
TXN104007,7500.0,SUCCESS,REF-00004007,2026-07-24,Merchant_A,Processor_C,NGN,MOBILE_MONEY,BUSINESS
TXN105565,500.0,SUCCESS,REF-00005565,2026-07-05,Merchant_A,Processor_A,NGN,CARD,RETAIL
TXN106101,25000.0,SUCCESS,REF-00006101,2026-07-24,Merchant_E,Processor_B,NGN,USSD,BUSINESS
TXN109825,50000.0,SUCCESS,REF-00009825,2026-07-21,Merchant_D,Processor_C,NGN,USSD,BUSINESS
TXN100149,5000.0,SUCCESS,REF-00000149,2026-07-01,Merchant_C,Processor_B,NGN,USSD,BUSINESS
TXN109561,1000.0,SUCCESS,REF-00009561,2026-07-23,Merchant_D,Processor_B,NGN,USSD,BUSINESS
TXN109807,15000.0,SUCCESS,REF-00009807,2026-07-12,Merchant_C,Processor_C,NGN,CARD,BUSINESS
TXN108138,10000.0,SUCCESS,REF-00008138,2026-07-16,Merchant_E,Processor_C,NGN,MOBILE_MONEY,RETAIL
TXN107862,500.0,SUCCESS,REF-00007862,2026-07-11,Merchant_C,Processor_B,NGN,USSD,RETAIL
TXN104955,25000.0,SUCCESS,REF-00004955,2026-07-23,Merchant_B,Processor_C,NGN,CARD,BUSINESS
TXN107025,10000.0,SUCCESS,REF-00007025,2026-07-15,Merchant_E,Processor_C,NGN,CARD,RETAIL
TXN109487,1500.0,SUCCESS,REF-00009487,2026-07-17,Merchant_D,Processor_C,NGN,CARD,RETAIL
TXN107466,50000.0,SUCCESS,REF-00007466,2026-07-08,Merchant_D,Processor_B,NGN,CARD,RETAIL
TXN109924,10000.0,SUCCESS,REF-00009924,2026-07-13,Merchant_C,Processor_C,NGN,CARD,RETAIL
TXN107159,10000.0,SUCCESS,REF-00007159,2026-07-28,Merchant_C,Processor_B,NGN,BANK_TRANSFER,BUSINESS
TXN104492,10000.0,SUCCESS,REF-00004492,2026-07-08,Merchant_C,Processor_A,NGN,CARD,BUSINESS
TXN103230,10000.0,SUCCESS,REF-00003230,2026-07-10,Merchant_E,Processor_A,NGN,CARD,RETAIL
TXN106109,100000.0,SUCCESS,REF-00006109,2026-07-28,Merchant_E,Processor_A,NGN,CARD,BUSINESS
TXN107950,250000.0,SUCCESS,REF-00007950,2026-07-10,Merchant_A,Processor_C,NGN,BANK_TRANSFER,BUSINESS
TXN107202,10000.0,SUCCESS,REF-00007202,2026-07-18,Merchant_E,Processor_C,NGN,BANK_TRANSFER,BUSINESS
TXN107510,50000.0,SUCCESS,REF-00007510,2026-07-02,Merchant_A,Processor_B,NGN,MOBILE_MONEY,BUSINESS
TXN100238,15000.0,SUCCESS,REF-00000238,2026-07-30,Merchant_C,Processor_A,NGN,MOBILE_MONEY,BUSINESS
TXN103207,25000.0,SUCCESS,REF-00003207,2026-07-02,Merchant_A,Processor_C,NGN,CARD,RETAIL
TXN104907,2500.0,SUCCESS,REF-00004907,2026-07-03,Merchant_E,Processor_B,NGN,USSD,BUSINESS
TXN104060,5000.0,SUCCESS,REF-00004060,2026-07-09,Merchant_D,Processor_A,NGN,CARD,BUSINESS
TXN108442,15000.0,REFUNDED,REF-00008442,2026-07-26,Merchant_B,Processor_B,NGN,MOBILE_MONEY,BUSINESS
TXN100758,100000.0,SUCCESS,REF-00000758,2026-07-17,Merchant_C,Processor_B,NGN,USSD,RETAIL
TXN103585,5000.0,SUCCESS,REF-00003585,2026-07-12,Merchant_D,Processor_B,NGN,USSD,RETAIL
TXN107919,7500.0,FAILED,REF-00007919,2026-07-09,Merchant_D,Processor_C,NGN,MOBILE_MONEY,BUSINESS
TXN101758,1000.0,FAILED,REF-00001758,2026-07-02,Merchant_E,Processor_B,NGN,CARD,BUSINESS
TXN107790,10000.0,FAILED,REF-00007790,2026-07-11,Merchant_C,Processor_B,NGN,MOBILE_MONEY,RETAIL
TXN106868,10000.0,SUCCESS,REF-00006868,2026-07-30,Merchant_A,Processor_C,NGN,USSD,BUSINESS
TXN108332,50000.0,SUCCESS,REF-00008332,2026-07-18,Merchant_B,Processor_A,NGN,BANK_TRANSFER,RETAIL
TXN103901,5000.0,SUCCESS,REF-00003901,2026-07-07,Merchant_E,Processor_C,NGN,CARD,BUSINESS
TXN100285,500.0,SUCCESS,REF-00000285,2026-07-02,Merchant_A,Processor_A,NGN,MOBILE_MONEY,BUSINESS
TXN101227,5000.0,FAILED,REF-00001227,2026-07-19,Merchant_E,Processor_C,NGN,MOBILE_MONEY,BUSINESS
TXN109325,100000.0,FAILED,REF-00009325,2026-07-07,Merchant_B,Processor_A,NGN,MOBILE_MONEY,BUSINESS
TXN105671,5000.0,SUCCESS,REF-00005671,2026-07-22,Merchant_C,Processor_C,NGN,BANK_TRANSFER,RETAIL
TXN100710,25000.0,SUCCESS,REF-00000710,2026-07-29,Merchant_C,Processor_B,NGN,BANK_TRANSFER,BUSINESS
TXN107698,5000.0,SUCCESS,REF-00007698,2026-07-17,Merchant_C,Processor_C,NGN,CARD,RETAIL
TXN105585,1000.0,SUCCESS,REF-00005585,2026-07-14,Merchant_C,Processor_C,NGN,CARD,RETAIL
TXN105149,1500.0,SUCCESS,REF-00005149,2026-07-09,Merchant_D,Processor_A,NGN,CARD,RETAIL
TXN109287,50000.0,SUCCESS,REF-00009287,2026-07-24,Merchant_C,Processor_A,NGN,MOBILE_MONEY,RETAIL
TXN101799,500.0,SUCCESS,REF-00001799,2026-07-11,Merchant_C,Processor_B,NGN,BANK_TRANSFER,RETAIL
TXN105395,5000.0,SUCCESS,REF-00005395,2026-07-28,Merchant_E,Processor_A,NGN,CARD,BUSINESS
TXN104039,10000.0,SUCCESS,REF-00004039,2026-07-25,Merchant_C,Processor_C,NGN,BANK_TRANSFER,RETAIL
TXN108701,50000.0,SUCCESS,REF-00008701,2026-07-23,Merchant_B,Processor_C,NGN,USSD,RETAIL
TXN104718,7500.0,SUCCESS,REF-00004718,2026-07-20,Merchant_C,Processor_A,NGN,CARD,BUSINESS
TXN103969,7500.0,SUCCESS,REF-00003969,2026-07-10,Merchant_C,Processor_A,NGN,BANK_TRANSFER,RETAIL
TXN101476,50000.0,SUCCESS,REF-00001476,2026-07-04,Merchant_B,Processor_B,NGN,CARD,RETAIL
TXN108234,1000.0,SUCCESS,REF-00008234,2026-07-20,Merchant_A,Processor_C,NGN,BANK_TRANSFER,BUSINESS
TXN103201,10000.0,SUCCESS,REF-00003201,2026-07-23,Merchant_E,Processor_A,NGN,BANK_TRANSFER,RETAIL
TXN102879,1500.0,SUCCESS,REF-00002879,2026-07-19,Merchant_A,Processor_C,NGN,MOBILE_MONEY,RETAIL
TXN102399,15000.0,SUCCESS,REF-00002399,2026-07-17,Merchant_D,Processor_A,NGN,USSD,BUSINESS
TXN108629,15000.0,SUCCESS,REF-00008629,2026-07-13,Merchant_D,Processor_B,NGN,CARD,RETAIL
TXN107613,7500.0,SUCCESS,REF-00007613,2026-07-02,Merchant_A,Processor_A,NGN,BANK_TRANSFER,RETAIL
TXN105705,2500.0,SUCCESS,REF-00005705,2026-07-21,Merchant_A,Processor_B,NGN,CARD,BUSINESS
TXN100384,25000.0,FAILED,REF-00000384,2026-07-01,Merchant_E,Processor_A,NGN,BANK_TRANSFER,BUSINESS
TXN105688,1500.0,SUCCESS,REF-00005688,2026-07-27,Merchant_D,Processor_A,NGN,USSD,RETAIL
TXN109517,25000.0,SUCCESS,REF-00009517,2026-07-04,Merchant_C,Processor_B,NGN,BANK_TRANSFER,BUSINESS
TXN107068,1500.0,SUCCESS,REF-00007068,2026-07-21,Merchant_A,Processor_A,NGN,BANK_TRANSFER,RETAIL
TXN107962,1500.0,SUCCESS,REF-00007962,2026-07-06,Merchant_D,Processor_C,NGN,CARD,RETAIL
TXN106328,7500.0,SUCCESS,REF-00006328,2026-07-27,Merchant_E,Processor_A,NGN,USSD,BUSINESS
TXN108623,50000.0,SUCCESS,REF-00008623,2026-07-02,Merchant_B,Processor_C,NGN,BANK_TRANSFER,RETAIL
TXN101123,50000.0,SUCCESS,REF-00001123,2026-07-30,Merchant_D,Processor_B,NGN,CARD,BUSINESS
TXN101237,10000.0,SUCCESS,REF-00001237,2026-07-07,Merchant_A,Processor_A,NGN,BANK_TRANSFER,BUSINESS
TXN100754,1500.0,SUCCESS,REF-00000754,2026-07-23,Merchant_E,Processor_B,NGN,CARD,BUSINESS
TXN105608,7500.0,SUCCESS,REF-00005608,2026-07-03,Merchant_B,Processor_C,NGN,USSD,BUSINESS
TXN108460,250000.0,SUCCESS,REF-00008460,2026-07-29,Merchant_A,Processor_C,NGN,MOBILE_MONEY,BUSINESS
TXN102038,2500.0,SUCCESS,REF-00002038,2026-07-27,Merchant_A,Processor_A,NGN,USSD,RETAIL
TXN105852,50000.0,SUCCESS,REF-00005852,2026-07-18,Merchant_E,Processor_A,NGN,CARD,RETAIL
TXN103638,5000.0,SUCCESS,REF-00003638,2026-07-07,Merchant_D,Processor_A,NGN,USSD,RETAIL
TXN100550,10000.0,SUCCESS,REF-00000550,2026-07-22,Merchant_E,Processor_C,NGN,CARD,BUSINESS
TXN108491,1500.0,SUCCESS,REF-00008491,2026-07-09,Merchant_E,Processor_C,NGN,CARD,BUSINESS
TXN106648,15000.0,SUCCESS,REF-00006648,2026-07-25,Merchant_B,Processor_A,NGN,USSD,BUSINESS
TXN107206,2500.0,SUCCESS,REF-00007206,2026-07-27,Merchant_B,Processor_A,NGN,MOBILE_MONEY,BUSINESS
TXN101694,5000.0,SUCCESS,REF-00001694,2026-07-18,Merchant_D,Processor_B,NGN,USSD,BUSINESS
TXN107233,10000.0,SUCCESS,REF-00007233,2026-07-24,Merchant_E,Processor_C,NGN,CARD,RETAIL
TXN109145,7500.0,SUCCESS,REF-00009145,2026-07-04,Merchant_D,Processor_B,NGN,MOBILE_MONEY,BUSINESS
TXN102997,5000.0,SUCCESS,REF-00002997,2026-07-01,Merchant_C,Processor_A,NGN,CARD,BUSINESS
TXN108364,10000.0,SUCCESS,REF-00008364,2026-07-22,Merchant_D,Processor_B,NGN,MOBILE_MONEY,BUSINESS
TXN107044,100000.0,SUCCESS,REF-00007044,2026-07-05,Merchant_E,Processor_C,NGN,USSD,RETAIL
TXN103075,50000.0,SUCCESS,REF-00003075,2026-07-03,Merchant_D,Processor_A,NGN,USSD,RETAIL
TXN103858,7500.0,SUCCESS,REF-00003858,2026-07-20,Merchant_D,Processor_A,NGN,CARD,RETAIL
TXN109475,50000.0,SUCCESS,REF-00009475,2026-07-17,Merchant_B,Processor_B,NGN,MOBILE_MONEY,BUSINESS
TXN109391,250000.0,SUCCESS,REF-00009391,2026-07-26,Merchant_C,Processor_A,NGN,CARD,BUSINESS
TXN105942,500.0,SUCCESS,REF-00005942,2026-07-02,Merchant_D,Processor_C,NGN,MOBILE_MONEY,BUSINESS
TXN108707,10000.0,SUCCESS,REF-00008707,2026-07-17,Merchant_A,Processor_A,NGN,CARD,RETAIL
TXN102940,2500.0,SUCCESS,REF-00002940,2026-07-04,Merchant_C,Processor_A,NGN,USSD,BUSINESS
TXN109955,5000.0,REFUNDED,REF-00009955,2026-07-30,Merchant_D,Processor_A,NGN,BANK_TRANSFER,BUSINESS
TXN105843,500.0,SUCCESS,REF-00005843,2026-07-25,Merchant_E,Processor_B,NGN,CARD,RETAIL
TXN101243,50000.0,SUCCESS,REF-00001243,2026-07-17,Merchant_A,Processor_A,NGN,BANK_TRANSFER,RETAIL
TXN107467,15000.0,SUCCESS,REF-00007467,2026-07-24,Merchant_E,Processor_C,NGN,USSD,RETAIL
TXN104378,1500.0,SUCCESS,REF-00004378,2026-07-26,Merchant_B,Processor_A,NGN,BANK_TRANSFER,RETAIL
TXN101673,50000.0,FAILED,REF-00001673,2026-07-30,Merchant_B,Processor_A,NGN,MOBILE_MONEY,RETAIL
TXN109658,15000.0,SUCCESS,REF-00009658,2026-07-16,Merchant_E,Processor_B,NGN,BANK_TRANSFER,RETAIL
TXN109581,10000.0,SUCCESS,REF-00009581,2026-07-10,Merchant_A,Processor_B,NGN,CARD,RETAIL
TXN107271,250000.0,SUCCESS,REF-00007271,2026-07-20,Merchant_E,Processor_B,NGN,BANK_TRANSFER,RETAIL
TXN109558,25000.0,SUCCESS,REF-00009558,2026-07-03,Merchant_A,Processor_C,NGN,MOBILE_MONEY,BUSINESS
TXN100207,15000.0,SUCCESS,REF-00000207,2026-07-13,Merchant_C,Processor_C,NGN,USSD,RETAIL
TXN109436,25000.0,SUCCESS,REF-00009436,2026-07-09,Merchant_A,Processor_A,NGN,MOBILE_MONEY,BUSINESS
TXN108141,25000.0,SUCCESS,REF-00008141,2026-07-12,Merchant_D,Processor_A,NGN,CARD,RETAIL
TXN101956,15000.0,SUCCESS,REF-00001956,2026-07-26,Merchant_C,Processor_C,NGN,MOBILE_MONEY,BUSINESS
TXN103011,5000.0,SUCCESS,REF-00003011,2026-07-09,Merchant_A,Processor_B,NGN,BANK_TRANSFER,BUSINESS
TXN102967,10000.0,SUCCESS,REF-00002967,2026-07-18,Merchant_B,Processor_B,NGN,BANK_TRANSFER,BUSINESS
TXN102524,50000.0,SUCCESS,REF-00002524,2026-07-18,Merchant_C,Processor_B,NGN,MOBILE_MONEY,BUSINESS
TXN102111,2500.0,SUCCESS,REF-00002111,2026-07-20,Merchant_A,Processor_C,NGN,BANK_TRANSFER,RETAIL
TXN109323,7500.0,SUCCESS,REF-00009323,2026-07-27,Merchant_B,Processor_C,NGN,BANK_TRANSFER,RETAIL
TXN106039,50000.0,SUCCESS,REF-00006039,2026-07-20,Merchant_A,Processor_A,NGN,CARD,BUSINESS
TXN102071,10000.0,SUCCESS,REF-00002071,2026-07-04,Merchant_A,Processor_C,NGN,CARD,BUSINESS
TXN108685,10000.0,SUCCESS,REF-00008685,2026-07-20,Merchant_A,Processor_A,NGN,CARD,RETAIL
TXN101204,10000.0,FAILED,REF-00001204,2026-07-23,Merchant_B,Processor_B,NGN,USSD,RETAIL
TXN105360,15000.0,FAILED,REF-00005360,2026-07-15,Merchant_C,Processor_A,NGN,USSD,RETAIL
TXN108299,50000.0,SUCCESS,REF-00008299,2026-07-27,Merchant_E,Processor_C,NGN,CARD,BUSINESS
TXN105587,7500.0,SUCCESS,REF-00005587,2026-07-27,Merchant_A,Processor_C,NGN,MOBILE_MONEY,BUSINESS
TXN106225,15000.0,FAILED,REF-00006225,2026-07-13,Merchant_E,Processor_B,NGN,MOBILE_MONEY,RETAIL
TXN105110,250000.0,SUCCESS,REF-00005110,2026-07-04,Merchant_C,Processor_B,NGN,MOBILE_MONEY,RETAIL
TXN107096,50000.0,SUCCESS,REF-00007096,2026-07-16,Merchant_C,Processor_B,NGN,CARD,BUSINESS
TXN103048,7500.0,REFUNDED,REF-00003048,2026-07-12,Merchant_B,Processor_B,NGN,USSD,RETAIL
TXN109588,5000.0,SUCCESS,REF-00009588,2026-07-07,Merchant_B,Processor_B,NGN,BANK_TRANSFER,RETAIL
TXN100954,7500.0,SUCCESS,REF-00000954,2026-07-28,Merchant_E,Processor_A,NGN,MOBILE_MONEY,RETAIL
TXN101502,500.0,SUCCESS,REF-00001502,2026-07-13,Merchant_B,Processor_A,NGN,CARD,BUSINESS
TXN100036,5000.0,FAILED,REF-00000036,2026-07-25,Merchant_A,Processor_C,NGN,CARD,BUSINESS
TXN101902,25000.0,SUCCESS,REF-00001902,2026-07-17,Merchant_D,Processor_B,NGN,BANK_TRANSFER,RETAIL
TXN108463,50000.0,SUCCESS,REF-00008463,2026-07-08,Merchant_D,Processor_A,NGN,USSD,BUSINESS
TXN106376,25000.0,SUCCESS,REF-00006376,2026-07-22,Merchant_A,Processor_B,NGN,USSD,RETAIL
TXN100437,50000.0,SUCCESS,REF-00000437,2026-07-19,Merchant_C,Processor_A,NGN,CARD,BUSINESS
TXN107396,1500.0,SUCCESS,REF-00007396,2026-07-22,Merchant_B,Processor_C,NGN,BANK_TRANSFER,RETAIL
TXN106181,2500.0,FAILED,REF-00006181,2026-07-25,Merchant_D,Processor_C,NGN,USSD,BUSINESS
TXN103805,250000.0,SUCCESS,REF-00003805,2026-07-29,Merchant_C,Processor_B,NGN,BANK_TRANSFER,BUSINESS
TXN104432,10000.0,SUCCESS,REF-00004432,2026-07-08,Merchant_A,Processor_C,NGN,BANK_TRANSFER,BUSINESS
TXN109201,7500.0,SUCCESS,REF-00009201,2026-07-23,Merchant_C,Processor_A,NGN,CARD,RETAIL
TXN107220,100000.0,SUCCESS,REF-00007220,2026-07-03,Merchant_B,Processor_C,NGN,BANK_TRANSFER,RETAIL
TXN109660,10000.0,REFUNDED,REF-00009660,2026-07-02,Merchant_C,Processor_B,NGN,BANK_TRANSFER,BUSINESS
TXN103229,2500.0,SUCCESS,REF-00003229,2026-07-20,Merchant_C,Processor_C,NGN,BANK_TRANSFER,RETAIL
TXN108633,7500.0,SUCCESS,REF-00008633,2026-07-22,Merchant_B,Processor_C,NGN,MOBILE_MONEY,RETAIL
TXN106079,5000.0,SUCCESS,REF-00006079,2026-07-24,Merchant_A,Processor_B,NGN,BANK_TRANSFER,BUSINESS
TXN102868,5000.0,SUCCESS,REF-00002868,2026-07-22,Merchant_E,Processor_A,NGN,BANK_TRANSFER,RETAIL
TXN100038,15000.0,SUCCESS,REF-00000038,2026-07-27,Merchant_C,Processor_B,NGN,CARD,BUSINESS
TXN101812,2500.0,SUCCESS,REF-00001812,2026-07-21,Merchant_B,Processor_B,NGN,USSD,RETAIL
TXN109554,15000.0,FAILED,REF-00009554,2026-07-12,Merchant_C,Processor_B,NGN,USSD,BUSINESS
TXN102072,2500.0,SUCCESS,REF-00002072,2026-07-18,Merchant_A,Processor_A,NGN,BANK_TRANSFER,BUSINESS
TXN100861,7500.0,SUCCESS,REF-00000861,2026-07-31,Merchant_A,Processor_B,NGN,CARD,BUSINESS
TXN103790,2500.0,SUCCESS,REF-00003790,2026-07-15,Merchant_D,Processor_B,NGN,CARD,RETAIL
TXN102902,500.0,SUCCESS,REF-00002902,2026-07-08,Merchant_D,Processor_A,NGN,BANK_TRANSFER,BUSINESS
TXN104050,100000.0,SUCCESS,REF-00004050,2026-07-08,Merchant_D,Processor_C,NGN,BANK_TRANSFER,BUSINESS
TXN105876,50000.0,SUCCESS,REF-00005876,2026-07-24,Merchant_E,Processor_A,NGN,USSD,BUSINESS
TXN100445,100000.0,SUCCESS,REF-00000445,2026-07-01,Merchant_E,Processor_B,NGN,USSD,BUSINESS
TXN100933,10000.0,SUCCESS,REF-00000933,2026-07-23,Merchant_E,Processor_A,NGN,USSD,RETAIL
TXN106954,50000.0,REFUNDED,REF-00006954,2026-07-22,Merchant_E,Processor_A,NGN,BANK_TRANSFER,RETAIL
TXN104730,1500.0,REFUNDED,REF-00004730,2026-07-13,Merchant_A,Processor_B,NGN,USSD,BUSINESS
TXN109763,100000.0,SUCCESS,REF-00009763,2026-07-31,Merchant_B,Processor_B,NGN,CARD,RETAIL
TXN104700,2500.0,REFUNDED,REF-00004700,2026-07-29,Merchant_B,Processor_C,NGN,MOBILE_MONEY,RETAIL
TXN109470,7500.0,SUCCESS,REF-00009470,2026-07-24,Merchant_D,Processor_B,NGN,MOBILE_MONEY,RETAIL
TXN107601,1500.0,SUCCESS,REF-00007601,2026-07-23,Merchant_E,Processor_C,NGN,MOBILE_MONEY,RETAIL
TXN107267,5000.0,SUCCESS,REF-00007267,2026-07-21,Merchant_C,Processor_B,NGN,CARD,BUSINESS
TXN107989,50000.0,SUCCESS,REF-00007989,2026-07-08,Merchant_E,Processor_B,NGN,MOBILE_MONEY,BUSINESS
TXN101577,15000.0,FAILED,REF-00001577,2026-07-23,Merchant_E,Processor_A,NGN,BANK_TRANSFER,RETAIL
TXN105088,10000.0,SUCCESS,REF-00005088,2026-07-23,Merchant_E,Processor_C,NGN,BANK_TRANSFER,BUSINESS
TXN101921,500.0,SUCCESS,REF-00001921,2026-07-12,Merchant_A,Processor_B,NGN,MOBILE_MONEY,BUSINESS
TXN107830,2500.0,SUCCESS,REF-00007830,2026-07-21,Merchant_A,Processor_B,NGN,MOBILE_MONEY,RETAIL
TXN107887,7500.0,SUCCESS,REF-00007887,2026-07-10,Merchant_E,Processor_C,NGN,USSD,RETAIL
TXN101001,10000.0,SUCCESS,REF-00001001,2026-07-25,Merchant_A,Processor_B,NGN,CARD,BUSINESS
TXN100849,15000.0,SUCCESS,REF-00000849,2026-07-01,Merchant_D,Processor_C,NGN,USSD,RETAIL
TXN104760,10000.0,SUCCESS,REF-00004760,2026-07-15,Merchant_A,Processor_A,NGN,CARD,BUSINESS
TXN101321,1500.0,SUCCESS,REF-00001321,2026-07-02,Merchant_E,Processor_C,NGN,USSD,BUSINESS
TXN107465,5000.0,SUCCESS,REF-00007465,2026-07-12,Merchant_D,Processor_B,NGN,BANK_TRANSFER,RETAIL
TXN105302,25000.0,SUCCESS,REF-00005302,2026-07-11,Merchant_B,Processor_B,NGN,CARD,RETAIL
TXN100858,10000.0,SUCCESS,REF-00000858,2026-07-04,Merchant_E,Processor_A,NGN,MOBILE_MONEY,RETAIL
TXN102522,5000.0,SUCCESS,REF-00002522,2026-07-08,Merchant_B,Processor_C,NGN,CARD,RETAIL
TXN103442,2500.0,FAILED,REF-00003442,2026-07-02,Merchant_D,Processor_A,NGN,CARD,BUSINESS
TXN102275,15000.0,SUCCESS,REF-00002275,2026-07-28,Merchant_A,Processor_C,NGN,USSD,RETAIL
TXN108944,5000.0,SUCCESS,REF-00008944,2026-07-04,Merchant_E,Processor_C,NGN,MOBILE_MONEY,BUSINESS
TXN101775,5000.0,SUCCESS,REF-00001775,2026-07-22,Merchant_C,Processor_C,NGN,USSD,RETAIL
TXN107810,2500.0,SUCCESS,REF-00007810,2026-07-25,Merchant_B,Processor_A,NGN,MOBILE_MONEY,RETAIL
TXN104369,1500.0,SUCCESS,REF-00004369,2026-07-08,Merchant_C,Processor_B,NGN,USSD,RETAIL
TXN103182,5000.0,SUCCESS,REF-00003182,2026-07-30,Merchant_C,Processor_A,NGN,MOBILE_MONEY,RETAIL
TXN104683,5000.0,SUCCESS,REF-00004683,2026-07-27,Merchant_E,Processor_B,NGN,CARD,RETAIL
TXN104888,500.0,FAILED,REF-00004888,2026-07-02,Merchant_D,Processor_C,NGN,BANK_TRANSFER,RETAIL
TXN104161,1000.0,SUCCESS,REF-00004161,2026-07-26,Merchant_D,Processor_C,NGN,MOBILE_MONEY,BUSINESS
TXN103046,7500.0,SUCCESS,REF-00003046,2026-07-17,Merchant_C,Processor_B,NGN,USSD,BUSINESS
TXN102094,5000.0,SUCCESS,REF-00002094,2026-07-28,Merchant_A,Processor_C,NGN,CARD,RETAIL
TXN105063,5000.0,SUCCESS,REF-00005063,2026-07-11,Merchant_E,Processor_C,NGN,USSD,RETAIL
TXN109258,25000.0,SUCCESS,REF-00009258,2026-07-30,Merchant_E,Processor_A,NGN,CARD,RETAIL
TXN104434,1000.0,FAILED,REF-00004434,2026-07-03,Merchant_E,Processor_C,NGN,CARD,RETAIL
TXN107958,1500.0,SUCCESS,REF-00007958,2026-07-26,Merchant_B,Processor_C,NGN,MOBILE_MONEY,BUSINESS
TXN105344,250000.0,SUCCESS,REF-00005344,2026-07-18,Merchant_D,Processor_C,NGN,USSD,BUSINESS
TXN103886,100000.0,SUCCESS,REF-00003886,2026-07-09,Merchant_C,Processor_B,NGN,CARD,BUSINESS
TXN104130,5000.0,SUCCESS,REF-00004130,2026-07-26,Merchant_A,Processor_B,NGN,USSD,BUSINESS
TXN101763,10000.0,SUCCESS,REF-00001763,2026-07-20,Merchant_B,Processor_A,NGN,CARD,BUSINESS
TXN104850,250000.0,SUCCESS,REF-00004850,2026-07-03,Merchant_D,Processor_C,NGN,MOBILE_MONEY,RETAIL
TXN107251,100000.0,SUCCESS,REF-00007251,2026-07-18,Merchant_D,Processor_A,NGN,BANK_TRANSFER,RETAIL
TXN101681,250000.0,SUCCESS,REF-00001681,2026-07-23,Merchant_B,Processor_B,NGN,BANK_TRANSFER,BUSINESS
TXN109397,7500.0,SUCCESS,REF-00009397,2026-07-02,Merchant_B,Processor_A,NGN,BANK_TRANSFER,BUSINESS
TXN104028,25000.0,SUCCESS,REF-00004028,2026-07-03,Merchant_B,Processor_A,NGN,BANK_TRANSFER,RETAIL
TXN102767,2500.0,FAILED,REF-00002767,2026-07-31,Merchant_A,Processor_B,NGN,MOBILE_MONEY,RETAIL
TXN103849,1000.0,SUCCESS,REF-00003849,2026-07-06,Merchant_C,Processor_C,NGN,MOBILE_MONEY,RETAIL
TXN103417,15000.0,REFUNDED,REF-00003417,2026-07-30,Merchant_E,Processor_A,NGN,MOBILE_MONEY,BUSINESS
TXN103136,25000.0,FAILED,REF-00003136,2026-07-03,Merchant_E,Processor_B,NGN,USSD,RETAIL
TXN109812,2500.0,FAILED,REF-00009812,2026-07-06,Merchant_A,Processor_A,NGN,CARD,BUSINESS
TXN103108,10000.0,REFUNDED,REF-00003108,2026-07-04,Merchant_E,Processor_C,NGN,CARD,BUSINESS
TXN104556,15000.0,SUCCESS,REF-00004556,2026-07-25,Merchant_C,Processor_B,NGN,BANK_TRANSFER,BUSINESS
TXN107456,15000.0,FAILED,REF-00007456,2026-07-03,Merchant_D,Processor_C,NGN,BANK_TRANSFER,BUSINESS
TXN108642,5000.0,SUCCESS,REF-00008642,2026-07-08,Merchant_E,Processor_B,NGN,CARD,BUSINESS
TXN103294,250000.0,SUCCESS,REF-00003294,2026-07-13,Merchant_A,Processor_A,NGN,CARD,BUSINESS
TXN100989,50000.0,SUCCESS,REF-00000989,2026-07-23,Merchant_D,Processor_A,NGN,CARD,BUSINESS
TXN103226,2500.0,SUCCESS,REF-00003226,2026-07-22,Merchant_D,Processor_A,NGN,MOBILE_MONEY,BUSINESS
TXN100425,10000.0,SUCCESS,REF-00000425,2026-07-16,Merchant_D,Processor_B,NGN,MOBILE_MONEY,BUSINESS
TXN105870,2500.0,SUCCESS,REF-00005870,2026-07-23,Merchant_B,Processor_B,NGN,MOBILE_MONEY,BUSINESS
TXN108626,5000.0,SUCCESS,REF-00008626,2026-07-08,Merchant_A,Processor_A,NGN,BANK_TRANSFER,RETAIL
TXN103472,15000.0,SUCCESS,REF-00003472,2026-07-23,Merchant_E,Processor_C,NGN,MOBILE_MONEY,RETAIL
TXN100468,2500.0,SUCCESS,REF-00000468,2026-07-05,Merchant_D,Processor_A,NGN,CARD,RETAIL
TXN107288,100000.0,SUCCESS,REF-00007288,2026-07-21,Merchant_C,Processor_A,NGN,BANK_TRANSFER,RETAIL
TXN100316,7500.0,SUCCESS,REF-00000316,2026-07-16,Merchant_A,Processor_A,NGN,BANK_TRANSFER,RETAIL
TXN105352,5000.0,SUCCESS,REF-00005352,2026-07-11,Merchant_E,Processor_A,NGN,MOBILE_MONEY,RETAIL
TXN103520,2500.0,SUCCESS,REF-00003520,2026-07-09,Merchant_C,Processor_C,NGN,BANK_TRANSFER,RETAIL
TXN107136,50000.0,SUCCESS,REF-00007136,2026-07-22,Merchant_A,Processor_B,NGN,CARD,BUSINESS
TXN101101,250000.0,SUCCESS,REF-00001101,2026-07-30,Merchant_E,Processor_C,NGN,BANK_TRANSFER,BUSINESS
TXN107894,10000.0,SUCCESS,REF-00007894,2026-07-09,Merchant_B,Processor_B,NGN,USSD,BUSINESS
TXN105633,1500.0,SUCCESS,REF-00005633,2026-07-08,Merchant_A,Processor_B,NGN,CARD,BUSINESS
TXN100141,2500.0,SUCCESS,REF-00000141,2026-07-24,Merchant_D,Processor_C,NGN,CARD,BUSINESS
TXN101009,10000.0,SUCCESS,REF-00001009,2026-07-09,Merchant_A,Processor_C,NGN,MOBILE_MONEY,RETAIL
TXN105654,1500.0,SUCCESS,REF-00005654,2026-07-13,Merchant_C,Processor_A,NGN,CARD,RETAIL
TXN104690,5000.0,SUCCESS,REF-00004690,2026-07-18,Merchant_C,Processor_C,NGN,CARD,RETAIL
TXN105089,1000.0,SUCCESS,REF-00005089,2026-07-26,Merchant_D,Processor_A,NGN,BANK_TRANSFER,RETAIL
TXN107832,2500.0,SUCCESS,REF-00007832,2026-07-11,Merchant_B,Processor_B,NGN,USSD,RETAIL
TXN100552,10000.0,SUCCESS,REF-00000552,2026-07-26,Merchant_E,Processor_A,NGN,BANK_TRANSFER,RETAIL
TXN102596,5000.0,SUCCESS,REF-00002596,2026-07-31,Merchant_E,Processor_A,NGN,USSD,RETAIL
TXN103835,5000.0,SUCCESS,REF-00003835,2026-07-05,Merchant_D,Processor_C,NGN,CARD,BUSINESS
TXN105954,1000.0,SUCCESS,REF-00005954,2026-07-27,Merchant_A,Processor_B,NGN,BANK_TRANSFER,RETAIL
TXN101015,100000.0,FAILED,REF-00001015,2026-07-23,Merchant_C,Processor_C,NGN,BANK_TRANSFER,BUSINESS
TXN101514,2500.0,SUCCESS,REF-00001514,2026-07-20,Merchant_C,Processor_B,NGN,MOBILE_MONEY,RETAIL
TXN106073,7500.0,SUCCESS,REF-00006073,2026-07-14,Merchant_B,Processor_A,NGN,BANK_TRANSFER,BUSINESS
TXN109914,7500.0,SUCCESS,REF-00009914,2026-07-21,Merchant_E,Processor_A,NGN,USSD,RETAIL
TXN104480,1500.0,SUCCESS,REF-00004480,2026-07-19,Merchant_E,Processor_A,NGN,USSD,RETAIL
TXN105567,25000.0,SUCCESS,REF-00005567,2026-07-14,Merchant_C,Processor_C,NGN,CARD,RETAIL
TXN101914,7500.0,FAILED,REF-00001914,2026-07-05,Merchant_D,Processor_C,NGN,MOBILE_MONEY,RETAIL
TXN105130,10000.0,SUCCESS,REF-00005130,2026-07-15,Merchant_C,Processor_A,NGN,MOBILE_MONEY,BUSINESS
TXN102585,15000.0,SUCCESS,REF-00002585,2026-07-29,Merchant_E,Processor_A,NGN,BANK_TRANSFER,BUSINESS
TXN108770,2500.0,SUCCESS,REF-00008770,2026-07-23,Merchant_C,Processor_B,NGN,CARD,BUSINESS
TXN101806,15000.0,SUCCESS,REF-00001806,2026-07-02,Merchant_E,Processor_C,NGN,USSD,BUSINESS
TXN105808,15000.0,FAILED,REF-00005808,2026-07-02,Merchant_A,Processor_C,NGN,MOBILE_MONEY,BUSINESS
TXN109963,10000.0,FAILED,REF-00009963,2026-07-10,Merchant_C,Processor_B,NGN,CARD,BUSINESS
TXN109789,500.0,SUCCESS,REF-00009789,2026-07-21,Merchant_E,Processor_C,NGN,BANK_TRANSFER,RETAIL
TXN109819,5000.0,SUCCESS,REF-00009819,2026-07-10,Merchant_C,Processor_A,NGN,MOBILE_MONEY,RETAIL
TXN100170,15000.0,SUCCESS,REF-00000170,2026-07-12,Merchant_B,Processor_B,NGN,BANK_TRANSFER,BUSINESS
TXN102525,5000.0,SUCCESS,REF-00002525,2026-07-28,Merchant_A,Processor_A,NGN,USSD,BUSINESS
TXN108405,2500.0,SUCCESS,REF-00008405,2026-07-02,Merchant_E,Processor_A,NGN,USSD,BUSINESS
TXN103024,1000.0,SUCCESS,REF-00003024,2026-07-17,Merchant_E,Processor_A,NGN,CARD,BUSINESS
TXN104776,500.0,SUCCESS,REF-00004776,2026-07-05,Merchant_D,Processor_A,NGN,BANK_TRANSFER,RETAIL
TXN101939,1000.0,SUCCESS,REF-00001939,2026-07-19,Merchant_C,Processor_B,NGN,CARD,BUSINESS
TXN101787,15000.0,SUCCESS,REF-00001787,2026-07-19,Merchant_B,Processor_C,NGN,USSD,RETAIL
TXN103880,10000.0,SUCCESS,REF-00003880,2026-07-31,Merchant_C,Processor_A,NGN,MOBILE_MONEY,RETAIL
TXN102853,100000.0,SUCCESS,REF-00002853,2026-07-04,Merchant_D,Processor_C,NGN,USSD,RETAIL
TXN107727,7500.0,SUCCESS,REF-00007727,2026-07-29,Merchant_C,Processor_C,NGN,CARD,RETAIL
TXN101818,15000.0,SUCCESS,REF-00001818,2026-07-17,Merchant_D,Processor_B,NGN,BANK_TRANSFER,BUSINESS
TXN103245,1500.0,SUCCESS,REF-00003245,2026-07-03,Merchant_B,Processor_C,NGN,USSD,RETAIL
TXN102985,250000.0,FAILED,REF-00002985,2026-07-24,Merchant_D,Processor_C,NGN,CARD,BUSINESS
TXN101861,15000.0,SUCCESS,REF-00001861,2026-07-21,Merchant_C,Processor_C,NGN,BANK_TRANSFER,BUSINESS
TXN108198,10000.0,SUCCESS,REF-00008198,2026-07-22,Merchant_B,Processor_C,NGN,CARD,BUSINESS
TXN102112,1500.0,SUCCESS,REF-00002112,2026-07-29,Merchant_E,Processor_C,NGN,USSD,RETAIL
TXN109097,1000.0,SUCCESS,REF-00009097,2026-07-17,Merchant_C,Processor_B,NGN,BANK_TRANSFER,BUSINESS
TXN109950,10000.0,SUCCESS,REF-00009950,2026-07-24,Merchant_A,Processor_C,NGN,USSD,BUSINESS
TXN109165,50000.0,SUCCESS,REF-00009165,2026-07-29,Merchant_C,Processor_C,NGN,USSD,BUSINESS
TXN104905,1500.0,SUCCESS,REF-00004905,2026-07-30,Merchant_D,Processor_A,NGN,USSD,RETAIL
TXN105146,15000.0,SUCCESS,REF-00005146,2026-07-02,Merchant_B,Processor_A,NGN,USSD,BUSINESS
TXN101038,1000.0,FAILED,REF-00001038,2026-07-19,Merchant_D,Processor_C,NGN,USSD,RETAIL
TXN103729,15000.0,SUCCESS,REF-00003729,2026-07-03,Merchant_B,Processor_A,NGN,CARD,BUSINESS
TXN101458,2500.0,FAILED,REF-00001458,2026-07-15,Merchant_D,Processor_C,NGN,MOBILE_MONEY,RETAIL
TXN108157,5000.0,SUCCESS,REF-00008157,2026-07-20,Merchant_D,Processor_B,NGN,MOBILE_MONEY,RETAIL
TXN102174,2500.0,SUCCESS,REF-00002174,2026-07-12,Merchant_D,Processor_A,NGN,USSD,BUSINESS
TXN105911,100000.0,SUCCESS,REF-00005911,2026-07-02,Merchant_E,Processor_B,NGN,USSD,RETAIL
TXN106227,250000.0,FAILED,REF-00006227,2026-07-20,Merchant_E,Processor_B,NGN,USSD,BUSINESS
TXN106026,100000.0,SUCCESS,REF-00006026,2026-07-11,Merchant_E,Processor_C,NGN,BANK_TRANSFER,BUSINESS
TXN106069,2500.0,SUCCESS,REF-00006069,2026-07-27,Merchant_A,Processor_A,NGN,USSD,BUSINESS
TXN103100,1000.0,SUCCESS,REF-00003100,2026-07-03,Merchant_E,Processor_B,NGN,BANK_TRANSFER,BUSINESS
TXN101226,7500.0,SUCCESS,REF-00001226,2026-07-03,Merchant_E,Processor_C,NGN,CARD,BUSINESS
TXN103167,1000.0,SUCCESS,REF-00003167,2026-07-16,Merchant_D,Processor_C,NGN,MOBILE_MONEY,BUSINESS
TXN105980,15000.0,SUCCESS,REF-00005980,2026-07-13,Merchant_C,Processor_C,NGN,USSD,BUSINESS
TXN106843,1000.0,SUCCESS,REF-00006843,2026-07-28,Merchant_E,Processor_B,NGN,MOBILE_MONEY,RETAIL
TXN100696,5000.0,REFUNDED,REF-00000696,2026-07-12,Merchant_C,Processor_B,NGN,CARD,BUSINESS
TXN102213,250000.0,REFUNDED,REF-00002213,2026-07-02,Merchant_A,Processor_B,NGN,MOBILE_MONEY,BUSINESS
TXN106684,25000.0,SUCCESS,REF-00006684,2026-07-23,Merchant_C,Processor_A,NGN,CARD,RETAIL
TXN109148,7500.0,SUCCESS,REF-00009148,2026-07-22,Merchant_E,Processor_B,NGN,USSD,RETAIL
TXN104932,250000.0,SUCCESS,REF-00004932,2026-07-14,Merchant_C,Processor_C,NGN,CARD,RETAIL
TXN101989,25000.0,FAILED,REF-00001989,2026-07-18,Merchant_B,Processor_C,NGN,USSD,RETAIL
TXN108430,2500.0,FAILED,REF-00008430,2026-07-26,Merchant_B,Processor_B,NGN,MOBILE_MONEY,RETAIL
TXN108025,7500.0,FAILED,REF-00008025,2026-07-31,Merchant_A,Processor_C,NGN,CARD,BUSINESS
TXN100736,7500.0,SUCCESS,REF-00000736,2026-07-25,Merchant_B,Processor_A,NGN,BANK_TRANSFER,BUSINESS
TXN102158,7500.0,SUCCESS,REF-00002158,2026-07-09,Merchant_C,Processor_B,NGN,BANK_TRANSFER,BUSINESS
TXN108408,10000.0,SUCCESS,REF-00008408,2026-07-22,Merchant_D,Processor_B,NGN,BANK_TRANSFER,BUSINESS
TXN101192,5000.0,SUCCESS,REF-00001192,2026-07-17,Merchant_E,Processor_A,NGN,USSD,RETAIL
TXN100854,2500.0,SUCCESS,REF-00000854,2026-07-07,Merchant_D,Processor_B,NGN,CARD,RETAIL
TXN109401,5000.0,SUCCESS,REF-00009401,2026-07-23,Merchant_B,Processor_C,NGN,BANK_TRANSFER,BUSINESS
TXN108341,10000.0,SUCCESS,REF-00008341,2026-07-26,Merchant_C,Processor_A,NGN,USSD,BUSINESS
TXN100601,5000.0,SUCCESS,REF-00000601,2026-07-31,Merchant_B,Processor_C,NGN,BANK_TRANSFER,BUSINESS
TXN101351,10000.0,SUCCESS,REF-00001351,2026-07-11,Merchant_C,Processor_C,NGN,MOBILE_MONEY,BUSINESS
TXN101900,10000.0,SUCCESS,REF-00001900,2026-07-09,Merchant_B,Processor_B,NGN,MOBILE_MONEY,RETAIL
TXN105227,100000.0,SUCCESS,REF-00005227,2026-07-28,Merchant_B,Processor_B,NGN,MOBILE_MONEY,RETAIL
TXN107317,15000.0,SUCCESS,REF-00007317,2026-07-23,Merchant_C,Processor_B,NGN,BANK_TRANSFER,BUSINESS
TXN102055,15000.0,SUCCESS,REF-00002055,2026-07-10,Merchant_B,Processor_C,NGN,USSD,RETAIL
TXN106021,50000.0,SUCCESS,REF-00006021,2026-07-26,Merchant_B,Processor_A,NGN,BANK_TRANSFER,BUSINESS
TXN106016,1500.0,REFUNDED,REF-00006016,2026-07-04,Merchant_E,Processor_B,NGN,USSD,RETAIL
TXN100259,1000.0,SUCCESS,REF-00000259,2026-07-12,Merchant_D,Processor_A,NGN,BANK_TRANSFER,RETAIL
TXN105947,500.0,SUCCESS,REF-00005947,2026-07-27,Merchant_B,Processor_C,NGN,USSD,RETAIL
TXN104266,15000.0,FAILED,REF-00004266,2026-07-14,Merchant_A,Processor_B,NGN,BANK_TRANSFER,RETAIL
TXN101155,25000.0,SUCCESS,REF-00001155,2026-07-18,Merchant_A,Processor_A,NGN,CARD,BUSINESS
TXN105749,15000.0,SUCCESS,REF-00005749,2026-07-16,Merchant_D,Processor_A,NGN,CARD,BUSINESS
TXN100457,7500.0,SUCCESS,REF-00000457,2026-07-17,Merchant_B,Processor_B,NGN,USSD,BUSINESS
TXN104663,50000.0,SUCCESS,REF-00004663,2026-07-20,Merchant_B,Processor_B,NGN,MOBILE_MONEY,BUSINESS
TXN102284,1500.0,SUCCESS,REF-00002284,2026-07-10,Merchant_D,Processor_B,NGN,MOBILE_MONEY,RETAIL
TXN106488,7500.0,REFUNDED,REF-00006488,2026-07-02,Merchant_A,Processor_A,NGN,MOBILE_MONEY,BUSINESS
TXN101974,5000.0,SUCCESS,REF-00001974,2026-07-07,Merchant_D,Processor_C,NGN,USSD,BUSINESS
TXN107125,10000.0,SUCCESS,REF-00007125,2026-07-21,Merchant_B,Processor_A,NGN,CARD,BUSINESS
TXN102779,2500.0,SUCCESS,REF-00002779,2026-07-20,Merchant_A,Processor_C,NGN,USSD,BUSINESS
TXN101766,25000.0,SUCCESS,REF-00001766,2026-07-06,Merchant_D,Processor_C,NGN,BANK_TRANSFER,RETAIL
TXN108624,500.0,REFUNDED,REF-00008624,2026-07-31,Merchant_D,Processor_C,NGN,BANK_TRANSFER,BUSINESS
TXN103454,100000.0,SUCCESS,REF-00003454,2026-07-11,Merchant_C,Processor_C,NGN,BANK_TRANSFER,RETAIL
TXN106546,10000.0,REFUNDED,REF-00006546,2026-07-08,Merchant_E,Processor_A,NGN,BANK_TRANSFER,RETAIL
TXN101172,15000.0,FAILED,REF-00001172,2026-07-13,Merchant_D,Processor_B,NGN,BANK_TRANSFER,RETAIL
TXN109169,5000.0,SUCCESS,REF-00009169,2026-07-27,Merchant_E,Processor_C,NGN,BANK_TRANSFER,RETAIL
TXN108783,15000.0,SUCCESS,REF-00008783,2026-07-07,Merchant_C,Processor_A,NGN,MOBILE_MONEY,RETAIL
TXN104784,7500.0,SUCCESS,REF-00004784,2026-07-04,Merchant_A,Processor_B,NGN,MOBILE_MONEY,BUSINESS
TXN105329,10000.0,SUCCESS,REF-00005329,2026-07-11,Merchant_B,Processor_C,NGN,BANK_TRANSFER,RETAIL
TXN104427,1000.0,SUCCESS,REF-00004427,2026-07-25,Merchant_A,Processor_B,NGN,USSD,RETAIL
TXN104219,2500.0,SUCCESS,REF-00004219,2026-07-31,Merchant_E,Processor_A,NGN,CARD,RETAIL
TXN103025,5000.0,SUCCESS,REF-00003025,2026-07-26,Merchant_E,Processor_A,NGN,BANK_TRANSFER,BUSINESS
TXN106132,10000.0,FAILED,REF-00006132,2026-07-11,Merchant_B,Processor_B,NGN,BANK_TRANSFER,RETAIL
TXN102089,5000.0,SUCCESS,REF-00002089,2026-07-26,Merchant_D,Processor_A,NGN,USSD,BUSINESS
TXN103132,100000.0,SUCCESS,REF-00003132,2026-07-12,Merchant_E,Processor_A,NGN,MOBILE_MONEY,RETAIL
TXN101666,2500.0,SUCCESS,REF-00001666,2026-07-15,Merchant_D,Processor_B,NGN,USSD,BUSINESS
TXN102279,1000.0,SUCCESS,REF-00002279,2026-07-16,Merchant_E,Processor_B,NGN,CARD,RETAIL
TXN103252,15000.0,SUCCESS,REF-00003252,2026-07-21,Merchant_C,Processor_B,NGN,CARD,BUSINESS
TXN100664,1000.0,SUCCESS,REF-00000664,2026-07-02,Merchant_D,Processor_B,NGN,USSD,BUSINESS
TXN109302,50000.0,REFUNDED,REF-00009302,2026-07-01,Merchant_A,Processor_A,NGN,BANK_TRANSFER,BUSINESS
TXN108874,100000.0,FAILED,REF-00008874,2026-07-20,Merchant_D,Processor_A,NGN,MOBILE_MONEY,BUSINESS
TXN108762,10000.0,SUCCESS,REF-00008762,2026-07-01,Merchant_D,Processor_B,NGN,BANK_TRANSFER,RETAIL
TXN104113,1000.0,SUCCESS,REF-00004113,2026-07-02,Merchant_B,Processor_C,NGN,BANK_TRANSFER,BUSINESS
TXN109239,15000.0,FAILED,REF-00009239,2026-07-20,Merchant_A,Processor_A,NGN,BANK_TRANSFER,BUSINESS
TXN100906,50000.0,SUCCESS,REF-00000906,2026-07-29,Merchant_A,Processor_C,NGN,BANK_TRANSFER,RETAIL
TXN107413,50000.0,SUCCESS,REF-00007413,2026-07-22,Merchant_C,Processor_C,NGN,MOBILE_MONEY,RETAIL
TXN102825,50000.0,SUCCESS,REF-00002825,2026-07-21,Merchant_E,Processor_C,NGN,USSD,BUSINESS
TXN109339,7500.0,SUCCESS,REF-00009339,2026-07-19,Merchant_E,Processor_C,NGN,CARD,RETAIL
TXN104997,5000.0,SUCCESS,REF-00004997,2026-07-22,Merchant_D,Processor_B,NGN,CARD,BUSINESS
TXN100173,2500.0,SUCCESS,REF-00000173,2026-07-27,Merchant_B,Processor_B,NGN,MOBILE_MONEY,BUSINESS
TXN100602,1500.0,SUCCESS,REF-00000602,2026-07-09,Merchant_C,Processor_C,NGN,USSD,BUSINESS
TXN102053,100000.0,SUCCESS,REF-00002053,2026-07-15,Merchant_C,Processor_C,NGN,MOBILE_MONEY,RETAIL
TXN108992,5000.0,FAILED,REF-00008992,2026-07-24,Merchant_A,Processor_C,NGN,BANK_TRANSFER,RETAIL
TXN103095,15000.0,REFUNDED,REF-00003095,2026-07-04,Merchant_C,Processor_C,NGN,MOBILE_MONEY,BUSINESS
TXN105266,5000.0,SUCCESS,REF-00005266,2026-07-19,Merchant_E,Processor_B,NGN,USSD,BUSINESS
TXN108751,2500.0,SUCCESS,REF-00008751,2026-07-16,Merchant_A,Processor_A,NGN,CARD,BUSINESS
TXN109995,50000.0,SUCCESS,REF-00009995,2026-07-13,Merchant_E,Processor_A,NGN,MOBILE_MONEY,RETAIL
TXN105253,1000.0,SUCCESS,REF-00005253,2026-07-20,Merchant_C,Processor_B,NGN,CARD,RETAIL
TXN106693,50000.0,SUCCESS,REF-00006693,2026-07-25,Merchant_C,Processor_C,NGN,CARD,RETAIL
TXN105979,10000.0,SUCCESS,REF-00005979,2026-07-25,Merchant_C,Processor_A,NGN,CARD,RETAIL
TXN100465,5000.0,SUCCESS,REF-00000465,2026-07-03,Merchant_D,Processor_B,NGN,USSD,BUSINESS
TXN101690,1500.0,SUCCESS,REF-00001690,2026-07-01,Merchant_A,Processor_C,NGN,BANK_TRANSFER,BUSINESS
TXN100323,5000.0,SUCCESS,REF-00000323,2026-07-16,Merchant_B,Processor_A,NGN,BANK_TRANSFER,BUSINESS
TXN106027,1500.0,SUCCESS,REF-00006027,2026-07-25,Merchant_C,Processor_C,NGN,USSD,BUSINESS
TXN107743,5000.0,SUCCESS,REF-00007743,2026-07-20,Merchant_E,Processor_B,NGN,BANK_TRANSFER,RETAIL
TXN109253,5000.0,SUCCESS,REF-00009253,2026-07-31,Merchant_A,Processor_C,NGN,BANK_TRANSFER,BUSINESS
TXN103611,1500.0,FAILED,REF-00003611,2026-07-02,Merchant_C,Processor_C,NGN,BANK_TRANSFER,RETAIL
TXN100923,50000.0,SUCCESS,REF-00000923,2026-07-17,Merchant_D,Processor_B,NGN,MOBILE_MONEY,RETAIL
TXN105963,25000.0,SUCCESS,REF-00005963,2026-07-26,Merchant_E,Processor_C,NGN,BANK_TRANSFER,RETAIL
TXN102364,10000.0,SUCCESS,REF-00002364,2026-07-28,Merchant_C,Processor_A,NGN,MOBILE_MONEY,BUSINESS
TXN107429,15000.0,SUCCESS,REF-00007429,2026-07-25,Merchant_C,Processor_B,NGN,CARD,BUSINESS
TXN102295,500.0,FAILED,REF-00002295,2026-07-04,Merchant_B,Processor_A,NGN,MOBILE_MONEY,BUSINESS
TXN108936,1000.0,SUCCESS,REF-00008936,2026-07-17,Merchant_D,Processor_A,NGN,BANK_TRANSFER,BUSINESS
TXN102274,250000.0,SUCCESS,REF-00002274,2026-07-02,Merchant_B,Processor_B,NGN,USSD,BUSINESS
TXN105719,1500.0,SUCCESS,REF-00005719,2026-07-08,Merchant_E,Processor_A,NGN,CARD,RETAIL
TXN105138,15000.0,SUCCESS,REF-00005138,2026-07-07,Merchant_B,Processor_B,NGN,CARD,BUSINESS
TXN106735,10000.0,FAILED,REF-00006735,2026-07-13,Merchant_D,Processor_B,NGN,MOBILE_MONEY,BUSINESS
TXN105745,25000.0,SUCCESS,REF-00005745,2026-07-17,Merchant_D,Processor_B,NGN,USSD,BUSINESS
TXN105064,25000.0,SUCCESS,REF-00005064,2026-07-25,Merchant_C,Processor_C,NGN,BANK_TRANSFER,BUSINESS
TXN106769,5000.0,SUCCESS,REF-00006769,2026-07-24,Merchant_A,Processor_C,NGN,MOBILE_MONEY,RETAIL
TXN103459,15000.0,SUCCESS,REF-00003459,2026-07-22,Merchant_A,Processor_B,NGN,MOBILE_MONEY,RETAIL
TXN103667,1500.0,SUCCESS,REF-00003667,2026-07-02,Merchant_B,Processor_A,NGN,CARD,RETAIL
TXN100707,50000.0,SUCCESS,REF-00000707,2026-07-31,Merchant_E,Processor_A,NGN,MOBILE_MONEY,BUSINESS
TXN102534,25000.0,SUCCESS,REF-00002534,2026-07-20,Merchant_A,Processor_C,NGN,USSD,RETAIL
TXN109865,500.0,SUCCESS,REF-00009865,2026-07-15,Merchant_B,Processor_A,NGN,MOBILE_MONEY,BUSINESS
TXN105606,50000.0,SUCCESS,REF-00005606,2026-07-10,Merchant_B,Processor_C,NGN,MOBILE_MONEY,RETAIL
TXN102571,100000.0,SUCCESS,REF-00002571,2026-07-18,Merchant_E,Processor_C,NGN,USSD,BUSINESS
TXN105514,1000.0,SUCCESS,REF-00005514,2026-07-13,Merchant_C,Processor_B,NGN,MOBILE_MONEY,BUSINESS
TXN108465,2500.0,SUCCESS,REF-00008465,2026-07-23,Merchant_C,Processor_B,NGN,BANK_TRANSFER,RETAIL
TXN102269,10000.0,SUCCESS,REF-00002269,2026-07-17,Merchant_C,Processor_C,NGN,MOBILE_MONEY,RETAIL
TXN108219,25000.0,SUCCESS,REF-00008219,2026-07-22,Merchant_C,Processor_A,NGN,BANK_TRANSFER,RETAIL
TXN108692,2500.0,SUCCESS,REF-00008692,2026-07-25,Merchant_A,Processor_A,NGN,USSD,BUSINESS
TXN107236,15000.0,SUCCESS,REF-00007236,2026-07-26,Merchant_A,Processor_C,NGN,BANK_TRANSFER,BUSINESS
TXN102179,10000.0,SUCCESS,REF-00002179,2026-07-25,Merchant_E,Processor_B,NGN,USSD,BUSINESS
TXN109005,5000.0,SUCCESS,REF-00009005,2026-07-16,Merchant_B,Processor_A,NGN,BANK_TRANSFER,BUSINESS
TXN106683,5000.0,FAILED,REF-00006683,2026-07-24,Merchant_A,Processor_C,NGN,BANK_TRANSFER,BUSINESS
TXN103911,5000.0,SUCCESS,REF-00003911,2026-07-16,Merchant_B,Processor_A,NGN,USSD,RETAIL
TXN102741,2500.0,SUCCESS,REF-00002741,2026-07-23,Merchant_E,Processor_C,NGN,USSD,BUSINESS
TXN100798,25000.0,SUCCESS,REF-00000798,2026-07-20,Merchant_E,Processor_A,NGN,BANK_TRANSFER,BUSINESS
TXN102947,10000.0,SUCCESS,REF-00002947,2026-07-22,Merchant_D,Processor_A,NGN,USSD,RETAIL
TXN108003,100000.0,SUCCESS,REF-00008003,2026-07-07,Merchant_B,Processor_A,NGN,CARD,RETAIL
TXN106911,250000.0,SUCCESS,REF-00006911,2026-07-17,Merchant_A,Processor_C,NGN,MOBILE_MONEY,BUSINESS
TXN102765,250000.0,SUCCESS,REF-00002765,2026-07-25,Merchant_B,Processor_A,NGN,BANK_TRANSFER,BUSINESS
TXN107838,5000.0,SUCCESS,REF-00007838,2026-07-04,Merchant_B,Processor_A,NGN,CARD,BUSINESS
TXN104583,25000.0,SUCCESS,REF-00004583,2026-07-05,Merchant_E,Processor_A,NGN,CARD,BUSINESS
TXN102068,1500.0,SUCCESS,REF-00002068,2026-07-24,Merchant_C,Processor_B,NGN,CARD,BUSINESS
TXN105537,100000.0,SUCCESS,REF-00005537,2026-07-26,Merchant_B,Processor_B,NGN,USSD,RETAIL
TXN102160,15000.0,SUCCESS,REF-00002160,2026-07-14,Merchant_E,Processor_B,NGN,MOBILE_MONEY,BUSINESS
TXN100647,15000.0,SUCCESS,REF-00000647,2026-07-16,Merchant_B,Processor_A,NGN,BANK_TRANSFER,RETAIL
TXN104154,2500.0,SUCCESS,REF-00004154,2026-07-24,Merchant_D,Processor_A,NGN,MOBILE_MONEY,RETAIL
TXN102710,25000.0,SUCCESS,REF-00002710,2026-07-28,Merchant_E,Processor_B,NGN,BANK_TRANSFER,BUSINESS
TXN102087,15000.0,SUCCESS,REF-00002087,2026-07-12,Merchant_D,Processor_A,NGN,MOBILE_MONEY,RETAIL
TXN104703,15000.0,SUCCESS,REF-00004703,2026-07-28,Merchant_D,Processor_C,NGN,MOBILE_MONEY,BUSINESS
TXN103627,100000.0,SUCCESS,REF-00003627,2026-07-05,Merchant_A,Processor_C,NGN,CARD,BUSINESS
TXN106380,15000.0,SUCCESS,REF-00006380,2026-07-25,Merchant_E,Processor_B,NGN,USSD,RETAIL
TXN108630,15000.0,FAILED,REF-00008630,2026-07-30,Merchant_C,Processor_B,NGN,BANK_TRANSFER,RETAIL
TXN108893,10000.0,SUCCESS,REF-00008893,2026-07-22,Merchant_D,Processor_A,NGN,BANK_TRANSFER,RETAIL
TXN104840,250000.0,SUCCESS,REF-00004840,2026-07-27,Merchant_D,Processor_B,NGN,BANK_TRANSFER,BUSINESS
TXN107495,1000.0,SUCCESS,REF-00007495,2026-07-26,Merchant_D,Processor_A,NGN,CARD,RETAIL
TXN102811,15000.0,SUCCESS,REF-00002811,2026-07-08,Merchant_B,Processor_A,NGN,CARD,RETAIL
TXN100926,2500.0,SUCCESS,REF-00000926,2026-07-31,Merchant_A,Processor_A,NGN,CARD,RETAIL
TXN104532,2500.0,SUCCESS,REF-00004532,2026-07-20,Merchant_A,Processor_B,NGN,CARD,RETAIL
TXN107493,10000.0,SUCCESS,REF-00007493,2026-07-04,Merchant_C,Processor_C,NGN,CARD,RETAIL
TXN109361,50000.0,SUCCESS,REF-00009361,2026-07-01,Merchant_E,Processor_B,NGN,MOBILE_MONEY,RETAIL
TXN100703,1500.0,REFUNDED,REF-00000703,2026-07-12,Merchant_A,Processor_C,NGN,BANK_TRANSFER,RETAIL
TXN101708,15000.0,SUCCESS,REF-00001708,2026-07-22,Merchant_E,Processor_B,NGN,MOBILE_MONEY,RETAIL
TXN100039,7500.0,SUCCESS,REF-00000039,2026-07-27,Merchant_A,Processor_B,NGN,CARD,BUSINESS
TXN104649,1500.0,SUCCESS,REF-00004649,2026-07-03,Merchant_E,Processor_C,NGN,USSD,BUSINESS
TXN107304,1000.0,SUCCESS,REF-00007304,2026-07-28,Merchant_D,Processor_A,NGN,CARD,RETAIL
TXN101926,10000.0,SUCCESS,REF-00001926,2026-07-27,Merchant_B,Processor_A,NGN,CARD,BUSINESS
TXN103838,100000.0,SUCCESS,REF-00003838,2026-07-26,Merchant_C,Processor_C,NGN,CARD,BUSINESS
TXN107007,500.0,SUCCESS,REF-00007007,2026-07-07,Merchant_A,Processor_A,NGN,BANK_TRANSFER,BUSINESS
TXN103680,25000.0,FAILED,REF-00003680,2026-07-17,Merchant_B,Processor_B,NGN,BANK_TRANSFER,RETAIL
TXN106869,250000.0,SUCCESS,REF-00006869,2026-07-05,Merchant_D,Processor_C,NGN,USSD,BUSINESS
TXN101587,7500.0,SUCCESS,REF-00001587,2026-07-20,Merchant_B,Processor_B,NGN,BANK_TRANSFER,BUSINESS
TXN109740,500.0,SUCCESS,REF-00009740,2026-07-10,Merchant_E,Processor_B,NGN,CARD,RETAIL
TXN103614,5000.0,SUCCESS,REF-00003614,2026-07-15,Merchant_B,Processor_A,NGN,USSD,RETAIL
TXN101378,5000.0,SUCCESS,REF-00001378,2026-07-03,Merchant_B,Processor_A,NGN,USSD,BUSINESS
TXN100513,50000.0,SUCCESS,REF-00000513,2026-07-29,Merchant_D,Processor_A,NGN,USSD,BUSINESS
TXN107395,1000.0,REFUNDED,REF-00007395,2026-07-17,Merchant_D,Processor_C,NGN,CARD,BUSINESS
TXN108348,7500.0,REFUNDED,REF-00008348,2026-07-08,Merchant_D,Processor_C,NGN,BANK_TRANSFER,RETAIL
TXN105372,7500.0,SUCCESS,REF-00005372,2026-07-14,Merchant_B,Processor_A,NGN,MOBILE_MONEY,RETAIL
TXN109092,10000.0,SUCCESS,REF-00009092,2026-07-14,Merchant_B,Processor_B,NGN,BANK_TRANSFER,BUSINESS
TXN106099,100000.0,SUCCESS,REF-00006099,2026-07-09,Merchant_A,Processor_B,NGN,MOBILE_MONEY,BUSINESS
TXN102651,5000.0,SUCCESS,REF-00002651,2026-07-05,Merchant_D,Processor_A,NGN,CARD,RETAIL
TXN101562,25000.0,SUCCESS,REF-00001562,2026-07-11,Merchant_D,Processor_C,NGN,BANK_TRANSFER,RETAIL
TXN108684,5000.0,SUCCESS,REF-00008684,2026-07-16,Merchant_E,Processor_C,NGN,CARD,RETAIL
TXN102675,5000.0,SUCCESS,REF-00002675,2026-07-03,Merchant_B,Processor_C,NGN,CARD,BUSINESS
TXN102129,7500.0,SUCCESS,REF-00002129,2026-07-06,Merchant_A,Processor_B,NGN,USSD,BUSINESS
TXN109506,1000.0,SUCCESS,REF-00009506,2026-07-16,Merchant_D,Processor_B,NGN,BANK_TRANSFER,RETAIL
TXN104289,50000.0,SUCCESS,REF-00004289,2026-07-23,Merchant_B,Processor_B,NGN,USSD,RETAIL
TXN105037,250000.0,SUCCESS,REF-00005037,2026-07-11,Merchant_C,Processor_B,NGN,BANK_TRANSFER,BUSINESS
TXN107998,100000.0,SUCCESS,REF-00007998,2026-07-17,Merchant_B,Processor_A,NGN,CARD,BUSINESS
TXN102588,2500.0,FAILED,REF-00002588,2026-07-31,Merchant_C,Processor_B,NGN,USSD,BUSINESS
TXN103572,50000.0,FAILED,REF-00003572,2026-07-21,Merchant_B,Processor_A,NGN,CARD,BUSINESS
TXN102557,5000.0,SUCCESS,REF-00002557,2026-07-19,Merchant_D,Processor_B,NGN,MOBILE_MONEY,BUSINESS
TXN102664,15000.0,SUCCESS,REF-00002664,2026-07-25,Merchant_D,Processor_A,NGN,CARD,BUSINESS
TXN107943,1500.0,SUCCESS,REF-00007943,2026-07-05,Merchant_E,Processor_C,NGN,MOBILE_MONEY,RETAIL
TXN101624,1500.0,SUCCESS,REF-00001624,2026-07-22,Merchant_B,Processor_B,NGN,MOBILE_MONEY,RETAIL
TXN109560,50000.0,SUCCESS,REF-00009560,2026-07-17,Merchant_D,Processor_A,NGN,USSD,RETAIL
TXN102218,100000.0,SUCCESS,REF-00002218,2026-07-01,Merchant_A,Processor_A,NGN,USSD,BUSINESS
TXN103827,10000.0,SUCCESS,REF-00003827,2026-07-19,Merchant_B,Processor_B,NGN,BANK_TRANSFER,BUSINESS
TXN109030,5000.0,FAILED,REF-00009030,2026-07-15,Merchant_A,Processor_C,NGN,BANK_TRANSFER,RETAIL
TXN100547,15000.0,SUCCESS,REF-00000547,2026-07-31,Merchant_B,Processor_A,NGN,USSD,BUSINESS
TXN107835,7500.0,SUCCESS,REF-00007835,2026-07-11,Merchant_D,Processor_A,NGN,BANK_TRANSFER,RETAIL
TXN107917,1500.0,SUCCESS,REF-00007917,2026-07-12,Merchant_D,Processor_A,NGN,CARD,RETAIL
TXN100278,25000.0,SUCCESS,REF-00000278,2026-07-05,Merchant_B,Processor_A,NGN,CARD,RETAIL
TXN109782,25000.0,SUCCESS,REF-00009782,2026-07-29,Merchant_B,Processor_C,NGN,CARD,RETAIL
TXN101153,15000.0,SUCCESS,REF-00001153,2026-07-21,Merchant_A,Processor_C,NGN,CARD,RETAIL
TXN107775,500.0,SUCCESS,REF-00007775,2026-07-06,Merchant_D,Processor_A,NGN,CARD,BUSINESS
TXN102666,1500.0,SUCCESS,REF-00002666,2026-07-02,Merchant_E,Processor_B,NGN,MOBILE_MONEY,RETAIL
TXN108027,2500.0,SUCCESS,REF-00008027,2026-07-17,Merchant_A,Processor_B,NGN,CARD,BUSINESS
TXN100600,1500.0,SUCCESS,REF-00000600,2026-07-23,Merchant_A,Processor_C,NGN,BANK_TRANSFER,BUSINESS
TXN106686,5000.0,SUCCESS,REF-00006686,2026-07-21,Merchant_B,Processor_A,NGN,USSD,RETAIL
TXN101127,7500.0,SUCCESS,REF-00001127,2026-07-11,Merchant_D,Processor_B,NGN,USSD,BUSINESS
TXN108016,10000.0,SUCCESS,REF-00008016,2026-07-20,Merchant_C,Processor_B,NGN,BANK_TRANSFER,RETAIL
TXN102803,250000.0,SUCCESS,REF-00002803,2026-07-10,Merchant_A,Processor_A,NGN,BANK_TRANSFER,BUSINESS
TXN100867,1500.0,SUCCESS,REF-00000867,2026-07-27,Merchant_C,Processor_C,NGN,BANK_TRANSFER,BUSINESS
TXN105310,5000.0,REFUNDED,REF-00005310,2026-07-12,Merchant_C,Processor_C,NGN,USSD,BUSINESS
TXN105684,1500.0,SUCCESS,REF-00005684,2026-07-23,Merchant_D,Processor_A,NGN,BANK_TRANSFER,RETAIL
TXN102406,5000.0,SUCCESS,REF-00002406,2026-07-18,Merchant_E,Processor_C,NGN,BANK_TRANSFER,BUSINESS
TXN100341,10000.0,SUCCESS,REF-00000341,2026-07-07,Merchant_A,Processor_C,NGN,MOBILE_MONEY,RETAIL
TXN105988,15000.0,SUCCESS,REF-00005988,2026-07-09,Merchant_E,Processor_A,NGN,MOBILE_MONEY,BUSINESS
TXN102986,1000.0,FAILED,REF-00002986,2026-07-17,Merchant_C,Processor_A,NGN,MOBILE_MONEY,BUSINESS
TXN102314,250000.0,SUCCESS,REF-00002314,2026-07-14,Merchant_C,Processor_A,NGN,USSD,BUSINESS
TXN106188,1500.0,SUCCESS,REF-00006188,2026-07-14,Merchant_B,Processor_B,NGN,BANK_TRANSFER,RETAIL
TXN103083,10000.0,SUCCESS,REF-00003083,2026-07-07,Merchant_D,Processor_B,NGN,CARD,BUSINESS
TXN109498,250000.0,SUCCESS,REF-00009498,2026-07-23,Merchant_A,Processor_B,NGN,USSD,BUSINESS
TXN103568,25000.0,REFUNDED,REF-00003568,2026-07-22,Merchant_B,Processor_B,NGN,MOBILE_MONEY,RETAIL
TXN101178,25000.0,SUCCESS,REF-00001178,2026-07-25,Merchant_D,Processor_A,NGN,MOBILE_MONEY,BUSINESS
TXN104328,1000.0,SUCCESS,REF-00004328,2026-07-09,Merchant_A,Processor_C,NGN,USSD,RETAIL
TXN106610,50000.0,SUCCESS,REF-00006610,2026-07-11,Merchant_A,Processor_A,NGN,USSD,BUSINESS
TXN100496,10000.0,SUCCESS,REF-00000496,2026-07-15,Merchant_D,Processor_C,NGN,BANK_TRANSFER,BUSINESS
TXN108221,2500.0,SUCCESS,REF-00008221,2026-07-19,Merchant_E,Processor_A,NGN,USSD,RETAIL
TXN109300,2500.0,SUCCESS,REF-00009300,2026-07-06,Merchant_C,Processor_A,NGN,CARD,BUSINESS
TXN103319,25000.0,SUCCESS,REF-00003319,2026-07-10,Merchant_D,Processor_A,NGN,CARD,RETAIL
TXN102398,15000.0,SUCCESS,REF-00002398,2026-07-25,Merchant_A,Processor_A,NGN,USSD,BUSINESS
TXN108326,1500.0,SUCCESS,REF-00008326,2026-07-11,Merchant_B,Processor_C,NGN,CARD,RETAIL
TXN100483,15000.0,SUCCESS,REF-00000483,2026-07-01,Merchant_C,Processor_A,NGN,BANK_TRANSFER,RETAIL
TXN104855,2500.0,SUCCESS,REF-00004855,2026-07-20,Merchant_A,Processor_C,NGN,USSD,RETAIL
TXN100275,10000.0,SUCCESS,REF-00000275,2026-07-02,Merchant_A,Processor_B,NGN,CARD,BUSINESS
TXN108249,50000.0,SUCCESS,REF-00008249,2026-07-26,Merchant_B,Processor_C,NGN,MOBILE_MONEY,BUSINESS
TXN107287,5000.0,SUCCESS,REF-00007287,2026-07-25,Merchant_D,Processor_A,NGN,BANK_TRANSFER,RETAIL
TXN100973,2500.0,SUCCESS,REF-00000973,2026-07-03,Merchant_A,Processor_A,NGN,USSD,RETAIL
TXN105462,1000.0,SUCCESS,REF-00005462,2026-07-28,Merchant_B,Processor_B,NGN,USSD,BUSINESS
TXN107580,15000.0,SUCCESS,REF-00007580,2026-07-01,Merchant_B,Processor_B,NGN,USSD,BUSINESS
TXN108129,2500.0,SUCCESS,REF-00008129,2026-07-26,Merchant_D,Processor_B,NGN,MOBILE_MONEY,BUSINESS
TXN102238,1000.0,SUCCESS,REF-00002238,2026-07-27,Merchant_D,Processor_C,NGN,CARD,BUSINESS
TXN106518,250000.0,SUCCESS,REF-00006518,2026-07-30,Merchant_B,Processor_A,NGN,USSD,RETAIL
TXN106658,1500.0,SUCCESS,REF-00006658,2026-07-28,Merchant_E,Processor_A,NGN,CARD,RETAIL
TXN104636,5000.0,SUCCESS,REF-00004636,2026-07-04,Merchant_B,Processor_B,NGN,BANK_TRANSFER,BUSINESS
TXN103435,5000.0,REFUNDED,REF-00003435,2026-07-17,Merchant_A,Processor_A,NGN,MOBILE_MONEY,RETAIL
TXN106584,15000.0,SUCCESS,REF-00006584,2026-07-27,Merchant_E,Processor_C,NGN,MOBILE_MONEY,RETAIL
TXN109025,5000.0,SUCCESS,REF-00009025,2026-07-16,Merchant_B,Processor_C,NGN,BANK_TRANSFER,RETAIL
TXN107434,500.0,SUCCESS,REF-00007434,2026-07-26,Merchant_C,Processor_C,NGN,BANK_TRANSFER,BUSINESS
TXN103135,15000.0,REFUNDED,REF-00003135,2026-07-17,Merchant_D,Processor_A,NGN,USSD,BUSINESS
TXN101185,100000.0,REFUNDED,REF-00001185,2026-07-16,Merchant_D,Processor_C,NGN,BANK_TRANSFER,BUSINESS
TXN107827,5000.0,SUCCESS,REF-00007827,2026-07-16,Merchant_B,Processor_B,NGN,MOBILE_MONEY,RETAIL
TXN107575,1500.0,SUCCESS,REF-00007575,2026-07-22,Merchant_D,Processor_A,NGN,CARD,BUSINESS
TXN101210,7500.0,SUCCESS,REF-00001210,2026-07-14,Merchant_E,Processor_B,NGN,CARD,BUSINESS
TXN104221,15000.0,REFUNDED,REF-00004221,2026-07-03,Merchant_D,Processor_B,NGN,CARD,RETAIL
TXN100391,7500.0,SUCCESS,REF-00000391,2026-07-06,Merchant_C,Processor_A,NGN,CARD,BUSINESS
TXN102409,7500.0,REFUNDED,REF-00002409,2026-07-03,Merchant_C,Processor_B,NGN,CARD,RETAIL
TXN105134,250000.0,SUCCESS,REF-00005134,2026-07-03,Merchant_E,Processor_B,NGN,CARD,RETAIL
TXN104660,10000.0,SUCCESS,REF-00004660,2026-07-08,Merchant_D,Processor_B,NGN,MOBILE_MONEY,BUSINESS
TXN103713,15000.0,SUCCESS,REF-00003713,2026-07-07,Merchant_E,Processor_A,NGN,BANK_TRANSFER,BUSINESS
TXN105280,250000.0,FAILED,REF-00005280,2026-07-03,Merchant_A,Processor_A,NGN,MOBILE_MONEY,BUSINESS
TXN106859,15000.0,SUCCESS,REF-00006859,2026-07-24,Merchant_B,Processor_C,NGN,USSD,RETAIL
TXN100006,1000.0,SUCCESS,REF-00000006,2026-07-29,Merchant_C,Processor_B,NGN,CARD,RETAIL
TXN109980,5000.0,FAILED,REF-00009980,2026-07-16,Merchant_C,Processor_A,NGN,BANK_TRANSFER,BUSINESS
TXN104468,100000.0,SUCCESS,REF-00004468,2026-07-17,Merchant_C,Processor_B,NGN,BANK_TRANSFER,BUSINESS
TXN105612,50000.0,SUCCESS,REF-00005612,2026-07-23,Merchant_C,Processor_A,NGN,CARD,BUSINESS
TXN105584,7500.0,SUCCESS,REF-00005584,2026-07-28,Merchant_B,Processor_A,NGN,BANK_TRANSFER,RETAIL
TXN104778,2500.0,SUCCESS,REF-00004778,2026-07-21,Merchant_B,Processor_C,NGN,CARD,RETAIL
TXN103735,10000.0,SUCCESS,REF-00003735,2026-07-20,Merchant_B,Processor_A,NGN,USSD,RETAIL
TXN109188,250000.0,SUCCESS,REF-00009188,2026-07-24,Merchant_E,Processor_A,NGN,CARD,RETAIL
TXN102041,10000.0,SUCCESS,REF-00002041,2026-07-20,Merchant_D,Processor_A,NGN,USSD,RETAIL
TXN101644,1000.0,SUCCESS,REF-00001644,2026-07-01,Merchant_D,Processor_B,NGN,BANK_TRANSFER,RETAIL
TXN108904,15000.0,SUCCESS,REF-00008904,2026-07-16,Merchant_A,Processor_B,NGN,MOBILE_MONEY,BUSINESS
TXN107475,10000.0,SUCCESS,REF-00007475,2026-07-03,Merchant_A,Processor_B,NGN,BANK_TRANSFER,BUSINESS
TXN103463,15000.0,SUCCESS,REF-00003463,2026-07-17,Merchant_B,Processor_B,NGN,MOBILE_MONEY,BUSINESS
TXN100433,1000.0,SUCCESS,REF-00000433,2026-07-30,Merchant_C,Processor_C,NGN,CARD,RETAIL
TXN106598,100000.0,SUCCESS,REF-00006598,2026-07-15,Merchant_D,Processor_C,NGN,BANK_TRANSFER,RETAIL
TXN100987,7500.0,SUCCESS,REF-00000987,2026-07-13,Merchant_A,Processor_A,NGN,BANK_TRANSFER,BUSINESS
TXN105443,250000.0,SUCCESS,REF-00005443,2026-07-15,Merchant_B,Processor_C,NGN,USSD,RETAIL
TXN104348,50000.0,SUCCESS,REF-00004348,2026-07-16,Merchant_D,Processor_B,NGN,CARD,RETAIL
TXN103449,1000.0,SUCCESS,REF-00003449,2026-07-26,Merchant_B,Processor_B,NGN,MOBILE_MONEY,RETAIL
TXN106625,1500.0,SUCCESS,REF-00006625,2026-07-23,Merchant_E,Processor_C,NGN,CARD,BUSINESS
TXN107461,5000.0,SUCCESS,REF-00007461,2026-07-04,Merchant_E,Processor_B,NGN,USSD,BUSINESS
TXN108391,1000.0,REFUNDED,REF-00008391,2026-07-06,Merchant_A,Processor_A,NGN,USSD,BUSINESS
TXN107833,100000.0,SUCCESS,REF-00007833,2026-07-24,Merchant_A,Processor_C,NGN,USSD,RETAIL
TXN100560,25000.0,SUCCESS,REF-00000560,2026-07-11,Merchant_D,Processor_B,NGN,CARD,BUSINESS
TXN101736,7500.0,SUCCESS,REF-00001736,2026-07-07,Merchant_E,Processor_A,NGN,USSD,RETAIL
TXN101244,25000.0,SUCCESS,REF-00001244,2026-07-13,Merchant_E,Processor_B,NGN,CARD,BUSINESS
TXN100194,5000.0,SUCCESS,REF-00000194,2026-07-28,Merchant_D,Processor_B,NGN,USSD,BUSINESS
TXN101406,50000.0,SUCCESS,REF-00001406,2026-07-28,Merchant_A,Processor_B,NGN,BANK_TRANSFER,BUSINESS
TXN101118,2500.0,SUCCESS,REF-00001118,2026-07-02,Merchant_C,Processor_B,NGN,MOBILE_MONEY,RETAIL
TXN102532,5000.0,SUCCESS,REF-00002532,2026-07-07,Merchant_D,Processor_C,NGN,CARD,RETAIL
TXN104797,25000.0,SUCCESS,REF-00004797,2026-07-21,Merchant_E,Processor_B,NGN,MOBILE_MONEY,RETAIL
TXN109795,10000.0,SUCCESS,REF-00009795,2026-07-24,Merchant_E,Processor_B,NGN,CARD,RETAIL
TXN102801,100000.0,SUCCESS,REF-00002801,2026-07-26,Merchant_E,Processor_B,NGN,CARD,RETAIL
TXN104346,50000.0,SUCCESS,REF-00004346,2026-07-21,Merchant_B,Processor_A,NGN,BANK_TRANSFER,RETAIL
TXN107402,10000.0,SUCCESS,REF-00007402,2026-07-16,Merchant_D,Processor_C,NGN,BANK_TRANSFER,BUSINESS
TXN105161,1000.0,SUCCESS,REF-00005161,2026-07-02,Merchant_D,Processor_B,NGN,CARD,RETAIL
TXN105556,1000.0,FAILED,REF-00005556,2026-07-19,Merchant_C,Processor_A,NGN,USSD,BUSINESS
TXN107899,100000.0,SUCCESS,REF-00007899,2026-07-22,Merchant_E,Processor_C,NGN,CARD,BUSINESS
TXN104180,7500.0,SUCCESS,REF-00004180,2026-07-23,Merchant_D,Processor_C,NGN,CARD,BUSINESS
TXN106955,5000.0,SUCCESS,REF-00006955,2026-07-04,Merchant_B,Processor_B,NGN,BANK_TRANSFER,BUSINESS
TXN101786,15000.0,SUCCESS,REF-00001786,2026-07-18,Merchant_C,Processor_B,NGN,BANK_TRANSFER,BUSINESS
TXN109126,7500.0,FAILED,REF-00009126,2026-07-06,Merchant_C,Processor_A,NGN,MOBILE_MONEY,RETAIL
TXN107445,25000.0,SUCCESS,REF-00007445,2026-07-14,Merchant_D,Processor_B,NGN,MOBILE_MONEY,RETAIL
TXN109069,1500.0,SUCCESS,REF-00009069,2026-07-29,Merchant_B,Processor_B,NGN,USSD,BUSINESS
TXN109502,10000.0,SUCCESS,REF-00009502,2026-07-13,Merchant_C,Processor_A,NGN,MOBILE_MONEY,RETAIL
TXN100766,25000.0,SUCCESS,REF-00000766,2026-07-17,Merchant_C,Processor_B,NGN,MOBILE_MONEY,RETAIL
TXN106837,15000.0,SUCCESS,REF-00006837,2026-07-29,Merchant_C,Processor_B,NGN,MOBILE_MONEY,RETAIL
TXN105233,7500.0,SUCCESS,REF-00005233,2026-07-26,Merchant_B,Processor_B,NGN,USSD,BUSINESS
TXN100367,100000.0,SUCCESS,REF-00000367,2026-07-30,Merchant_D,Processor_B,NGN,CARD,RETAIL
TXN104688,10000.0,REFUNDED,REF-00004688,2026-07-10,Merchant_A,Processor_A,NGN,CARD,BUSINESS
TXN105127,2500.0,SUCCESS,REF-00005127,2026-07-28,Merchant_C,Processor_C,NGN,USSD,BUSINESS
TXN102941,15000.0,SUCCESS,REF-00002941,2026-07-11,Merchant_B,Processor_A,NGN,CARD,BUSINESS
TXN106406,5000.0,SUCCESS,REF-00006406,2026-07-27,Merchant_B,Processor_B,NGN,MOBILE_MONEY,RETAIL
TXN107643,2500.0,SUCCESS,REF-00007643,2026-07-07,Merchant_C,Processor_B,NGN,MOBILE_MONEY,BUSINESS
TXN104616,50000.0,SUCCESS,REF-00004616,2026-07-09,Merchant_E,Processor_A,NGN,MOBILE_MONEY,RETAIL
TXN109885,15000.0,SUCCESS,REF-00009885,2026-07-23,Merchant_D,Processor_C,NGN,MOBILE_MONEY,RETAIL
TXN100667,1500.0,SUCCESS,REF-00000667,2026-07-10,Merchant_A,Processor_B,NGN,CARD,BUSINESS
TXN106670,5000.0,SUCCESS,REF-00006670,2026-07-10,Merchant_C,Processor_B,NGN,USSD,BUSINESS
TXN107352,10000.0,SUCCESS,REF-00007352,2026-07-29,Merchant_B,Processor_A,NGN,USSD,BUSINESS
TXN104344,10000.0,REFUNDED,REF-00004344,2026-07-21,Merchant_C,Processor_A,NGN,USSD,BUSINESS
TXN103282,50000.0,SUCCESS,REF-00003282,2026-07-06,Merchant_D,Processor_A,NGN,BANK_TRANSFER,RETAIL
TXN106606,1500.0,SUCCESS,REF-00006606,2026-07-27,Merchant_D,Processor_C,NGN,USSD,BUSINESS
TXN101450,10000.0,SUCCESS,REF-00001450,2026-07-06,Merchant_A,Processor_B,NGN,BANK_TRANSFER,RETAIL
TXN108787,25000.0,FAILED,REF-00008787,2026-07-30,Merchant_C,Processor_C,NGN,USSD,BUSINESS
TXN105119,5000.0,SUCCESS,REF-00005119,2026-07-12,Merchant_C,Processor_A,NGN,MOBILE_MONEY,BUSINESS
TXN104637,15000.0,SUCCESS,REF-00004637,2026-07-05,Merchant_B,Processor_C,NGN,USSD,RETAIL
TXN104327,250000.0,SUCCESS,REF-00004327,2026-07-22,Merchant_C,Processor_B,NGN,BANK_TRANSFER,RETAIL
TXN107785,10000.0,SUCCESS,REF-00007785,2026-07-18,Merchant_C,Processor_B,NGN,MOBILE_MONEY,RETAIL
TXN109080,5000.0,SUCCESS,REF-00009080,2026-07-25,Merchant_A,Processor_B,NGN,BANK_TRANSFER,RETAIL
TXN101218,15000.0,SUCCESS,REF-00001218,2026-07-14,Merchant_D,Processor_C,NGN,CARD,BUSINESS
TXN108236,25000.0,SUCCESS,REF-00008236,2026-07-13,Merchant_B,Processor_A,NGN,CARD,BUSINESS
TXN109174,5000.0,SUCCESS,REF-00009174,2026-07-23,Merchant_D,Processor_A,NGN,CARD,BUSINESS
TXN106377,50000.0,SUCCESS,REF-00006377,2026-07-06,Merchant_C,Processor_B,NGN,MOBILE_MONEY,RETAIL
TXN102413,500.0,REFUNDED,REF-00002413,2026-07-24,Merchant_C,Processor_C,NGN,MOBILE_MONEY,BUSINESS
TXN108022,50000.0,SUCCESS,REF-00008022,2026-07-11,Merchant_B,Processor_C,NGN,BANK_TRANSFER,RETAIL
TXN102634,25000.0,SUCCESS,REF-00002634,2026-07-08,Merchant_C,Processor_C,NGN,MOBILE_MONEY,RETAIL
TXN103562,1000.0,SUCCESS,REF-00003562,2026-07-27,Merchant_C,Processor_B,NGN,USSD,BUSINESS
TXN106366,5000.0,SUCCESS,REF-00006366,2026-07-21,Merchant_E,Processor_C,NGN,BANK_TRANSFER,RETAIL
TXN105187,5000.0,SUCCESS,REF-00005187,2026-07-22,Merchant_C,Processor_C,NGN,USSD,RETAIL
TXN106568,5000.0,REFUNDED,REF-00006568,2026-07-08,Merchant_D,Processor_C,NGN,MOBILE_MONEY,RETAIL
TXN103998,10000.0,SUCCESS,REF-00003998,2026-07-21,Merchant_C,Processor_B,NGN,USSD,RETAIL
TXN107844,50000.0,REFUNDED,REF-00007844,2026-07-31,Merchant_D,Processor_C,NGN,MOBILE_MONEY,RETAIL
TXN109308,1500.0,FAILED,REF-00009308,2026-07-16,Merchant_C,Processor_A,NGN,MOBILE_MONEY,RETAIL
TXN105591,10000.0,SUCCESS,REF-00005591,2026-07-03,Merchant_A,Processor_C,NGN,USSD,BUSINESS
TXN102245,10000.0,SUCCESS,REF-00002245,2026-07-26,Merchant_C,Processor_C,NGN,CARD,RETAIL
TXN100205,500.0,SUCCESS,REF-00000205,2026-07-23,Merchant_B,Processor_A,NGN,MOBILE_MONEY,BUSINESS
TXN106240,100000.0,SUCCESS,REF-00006240,2026-07-18,Merchant_B,Processor_C,NGN,BANK_TRANSFER,RETAIL
TXN100347,1000.0,FAILED,REF-00000347,2026-07-25,Merchant_D,Processor_C,NGN,BANK_TRANSFER,BUSINESS
TXN106191,15000.0,SUCCESS,REF-00006191,2026-07-10,Merchant_A,Processor_A,NGN,CARD,BUSINESS
TXN106838,1500.0,SUCCESS,REF-00006838,2026-07-30,Merchant_C,Processor_A,NGN,USSD,BUSINESS
TXN103942,1000.0,SUCCESS,REF-00003942,2026-07-04,Merchant_C,Processor_B,NGN,CARD,RETAIL
TXN109516,7500.0,SUCCESS,REF-00009516,2026-07-31,Merchant_D,Processor_C,NGN,USSD,BUSINESS
TXN101193,15000.0,SUCCESS,REF-00001193,2026-07-03,Merchant_A,Processor_B,NGN,CARD,BUSINESS
TXN109624,5000.0,SUCCESS,REF-00009624,2026-07-14,Merchant_C,Processor_B,NGN,MOBILE_MONEY,BUSINESS
TXN108280,5000.0,REFUNDED,REF-00008280,2026-07-22,Merchant_D,Processor_A,NGN,BANK_TRANSFER,BUSINESS
TXN109275,5000.0,SUCCESS,REF-00009275,2026-07-23,Merchant_C,Processor_C,NGN,CARD,BUSINESS
TXN106084,2500.0,SUCCESS,REF-00006084,2026-07-14,Merchant_E,Processor_C,NGN,BANK_TRANSFER,RETAIL
TXN104386,250000.0,SUCCESS,REF-00004386,2026-07-20,Merchant_E,Processor_A,NGN,USSD,RETAIL
TXN106010,50000.0,SUCCESS,REF-00006010,2026-07-21,Merchant_A,Processor_B,NGN,CARD,RETAIL
TXN102780,1000.0,SUCCESS,REF-00002780,2026-07-16,Merchant_A,Processor_A,NGN,CARD,BUSINESS
TXN104821,5000.0,SUCCESS,REF-00004821,2026-07-23,Merchant_A,Processor_A,NGN,CARD,BUSINESS
TXN107572,1500.0,SUCCESS,REF-00007572,2026-07-09,Merchant_A,Processor_A,NGN,CARD,RETAIL
TXN101589,25000.0,SUCCESS,REF-00001589,2026-07-21,Merchant_E,Processor_C,NGN,BANK_TRANSFER,BUSINESS
TXN101952,15000.0,SUCCESS,REF-00001952,2026-07-25,Merchant_B,Processor_B,NGN,MOBILE_MONEY,BUSINESS
TXN104392,15000.0,SUCCESS,REF-00004392,2026-07-07,Merchant_D,Processor_B,NGN,BANK_TRANSFER,BUSINESS
TXN104284,10000.0,SUCCESS,REF-00004284,2026-07-14,Merchant_A,Processor_A,NGN,MOBILE_MONEY,BUSINESS
TXN107328,1500.0,SUCCESS,REF-00007328,2026-07-13,Merchant_B,Processor_A,NGN,CARD,BUSINESS
TXN104357,15000.0,SUCCESS,REF-00004357,2026-07-29,Merchant_A,Processor_A,NGN,MOBILE_MONEY,BUSINESS
TXN107422,7500.0,SUCCESS,REF-00007422,2026-07-28,Merchant_D,Processor_C,NGN,BANK_TRANSFER,RETAIL
TXN105229,15000.0,FAILED,REF-00005229,2026-07-15,Merchant_B,Processor_B,NGN,CARD,BUSINESS
TXN109331,25000.0,SUCCESS,REF-00009331,2026-07-02,Merchant_A,Processor_A,NGN,BANK_TRANSFER,BUSINESS
TXN101246,1500.0,SUCCESS,REF-00001246,2026-07-25,Merchant_D,Processor_C,NGN,BANK_TRANSFER,RETAIL
TXN109001,10000.0,SUCCESS,REF-00009001,2026-07-07,Merchant_E,Processor_A,NGN,BANK_TRANSFER,RETAIL
TXN100937,100000.0,SUCCESS,REF-00000937,2026-07-10,Merchant_B,Processor_A,NGN,MOBILE_MONEY,RETAIL
TXN106550,5000.0,SUCCESS,REF-00006550,2026-07-22,Merchant_B,Processor_B,NGN,CARD,RETAIL
TXN101390,2500.0,SUCCESS,REF-00001390,2026-07-11,Merchant_C,Processor_C,NGN,CARD,RETAIL
TXN107969,100000.0,SUCCESS,REF-00007969,2026-07-16,Merchant_C,Processor_C,NGN,BANK_TRANSFER,RETAIL
TXN101475,15000.0,SUCCESS,REF-00001475,2026-07-30,Merchant_C,Processor_A,NGN,USSD,RETAIL
TXN100656,5000.0,SUCCESS,REF-00000656,2026-07-30,Merchant_D,Processor_B,NGN,BANK_TRANSFER,BUSINESS
TXN102692,500.0,SUCCESS,REF-00002692,2026-07-14,Merchant_E,Processor_C,NGN,MOBILE_MONEY,RETAIL
TXN109857,10000.0,SUCCESS,REF-00009857,2026-07-29,Merchant_B,Processor_C,NGN,MOBILE_MONEY,RETAIL
TXN102966,25000.0,SUCCESS,REF-00002966,2026-07-30,Merchant_C,Processor_B,NGN,CARD,RETAIL
TXN108850,100000.0,REFUNDED,REF-00008850,2026-07-24,Merchant_A,Processor_B,NGN,USSD,RETAIL
TXN100236,5000.0,SUCCESS,REF-00000236,2026-07-25,Merchant_C,Processor_A,NGN,MOBILE_MONEY,BUSINESS
TXN103264,50000.0,SUCCESS,REF-00003264,2026-07-02,Merchant_B,Processor_C,NGN,CARD,BUSINESS
TXN104615,5000.0,FAILED,REF-00004615,2026-07-15,Merchant_A,Processor_A,NGN,USSD,BUSINESS
TXN100503,50000.0,SUCCESS,REF-00000503,2026-07-02,Merchant_B,Processor_A,NGN,USSD,BUSINESS
TXN105178,10000.0,SUCCESS,REF-00005178,2026-07-01,Merchant_A,Processor_C,NGN,CARD,RETAIL
TXN104901,10000.0,SUCCESS,REF-00004901,2026-07-26,Merchant_B,Processor_A,NGN,MOBILE_MONEY,BUSINESS
TXN102847,2500.0,FAILED,REF-00002847,2026-07-11,Merchant_E,Processor_A,NGN,BANK_TRANSFER,RETAIL
TXN108981,15000.0,SUCCESS,REF-00008981,2026-07-20,Merchant_D,Processor_C,NGN,MOBILE_MONEY,BUSINESS
TXN109845,7500.0,SUCCESS,REF-00009845,2026-07-10,Merchant_B,Processor_B,NGN,MOBILE_MONEY,BUSINESS
TXN107404,5000.0,SUCCESS,REF-00007404,2026-07-13,Merchant_A,Processor_A,NGN,MOBILE_MONEY,RETAIL
TXN101381,7500.0,SUCCESS,REF-00001381,2026-07-17,Merchant_D,Processor_B,NGN,CARD,RETAIL
TXN104570,10000.0,SUCCESS,REF-00004570,2026-07-08,Merchant_E,Processor_A,NGN,CARD,BUSINESS
TXN108792,1500.0,SUCCESS,REF-00008792,2026-07-24,Merchant_D,Processor_C,NGN,BANK_TRANSFER,BUSINESS
TXN102757,100000.0,SUCCESS,REF-00002757,2026-07-24,Merchant_D,Processor_A,NGN,MOBILE_MONEY,BUSINESS
TXN105761,100000.0,SUCCESS,REF-00005761,2026-07-17,Merchant_D,Processor_B,NGN,MOBILE_MONEY,BUSINESS
TXN104194,15000.0,SUCCESS,REF-00004194,2026-07-16,Merchant_D,Processor_A,NGN,BANK_TRANSFER,BUSINESS
TXN103967,1000.0,FAILED,REF-00003967,2026-07-02,Merchant_D,Processor_B,NGN,USSD,RETAIL
TXN102180,5000.0,SUCCESS,REF-00002180,2026-07-05,Merchant_A,Processor_B,NGN,USSD,BUSINESS
TXN108321,25000.0,SUCCESS,REF-00008321,2026-07-09,Merchant_E,Processor_C,NGN,BANK_TRANSFER,BUSINESS
TXN106133,1000.0,SUCCESS,REF-00006133,2026-07-22,Merchant_A,Processor_C,NGN,MOBILE_MONEY,BUSINESS
TXN104177,50000.0,SUCCESS,REF-00004177,2026-07-26,Merchant_D,Processor_A,NGN,CARD,RETAIL
TXN105925,25000.0,SUCCESS,REF-00005925,2026-07-27,Merchant_E,Processor_B,NGN,MOBILE_MONEY,BUSINESS
TXN109629,5000.0,SUCCESS,REF-00009629,2026-07-26,Merchant_B,Processor_A,NGN,BANK_TRANSFER,RETAIL
TXN105573,15000.0,SUCCESS,REF-00005573,2026-07-18,Merchant_C,Processor_C,NGN,BANK_TRANSFER,RETAIL
TXN102759,1000.0,SUCCESS,REF-00002759,2026-07-11,Merchant_A,Processor_C,NGN,BANK_TRANSFER,RETAIL
TXN102658,2500.0,SUCCESS,REF-00002658,2026-07-28,Merchant_A,Processor_C,NGN,CARD,BUSINESS
TXN109591,1500.0,SUCCESS,REF-00009591,2026-07-16,Merchant_B,Processor_C,NGN,MOBILE_MONEY,RETAIL
TXN102300,50000.0,FAILED,REF-00002300,2026-07-27,Merchant_E,Processor_B,NGN,CARD,BUSINESS
TXN107223,5000.0,SUCCESS,REF-00007223,2026-07-30,Merchant_B,Processor_A,NGN,USSD,BUSINESS
TXN104587,1500.0,SUCCESS,REF-00004587,2026-07-31,Merchant_C,Processor_C,NGN,MOBILE_MONEY,BUSINESS
TXN106286,50000.0,REFUNDED,REF-00006286,2026-07-08,Merchant_B,Processor_A,NGN,BANK_TRANSFER,BUSINESS
TXN106180,15000.0,SUCCESS,REF-00006180,2026-07-24,Merchant_A,Processor_A,NGN,MOBILE_MONEY,RETAIL
TXN106626,50000.0,SUCCESS,REF-00006626,2026-07-15,Merchant_C,Processor_C,NGN,BANK_TRANSFER,RETAIL
TXN101547,10000.0,FAILED,REF-00001547,2026-07-08,Merchant_B,Processor_A,NGN,CARD,BUSINESS
TXN104323,10000.0,SUCCESS,REF-00004323,2026-07-02,Merchant_C,Processor_C,NGN,MOBILE_MONEY,BUSINESS
TXN100016,5000.0,SUCCESS,REF-00000016,2026-07-04,Merchant_E,Processor_A,NGN,BANK_TRANSFER,RETAIL
TXN103270,2500.0,SUCCESS,REF-00003270,2026-07-31,Merchant_E,Processor_C,NGN,CARD,RETAIL
TXN101061,250000.0,SUCCESS,REF-00001061,2026-07-22,Merchant_E,Processor_A,NGN,MOBILE_MONEY,BUSINESS
TXN102814,10000.0,SUCCESS,REF-00002814,2026-07-27,Merchant_A,Processor_A,NGN,MOBILE_MONEY,BUSINESS
TXN101230,100000.0,SUCCESS,REF-00001230,2026-07-23,Merchant_C,Processor_B,NGN,USSD,RETAIL
TXN108177,25000.0,SUCCESS,REF-00008177,2026-07-12,Merchant_C,Processor_C,NGN,MOBILE_MONEY,BUSINESS
TXN104203,250000.0,SUCCESS,REF-00004203,2026-07-06,Merchant_D,Processor_C,NGN,USSD,RETAIL
TXN104503,500.0,SUCCESS,REF-00004503,2026-07-28,Merchant_D,Processor_C,NGN,MOBILE_MONEY,BUSINESS
TXN103384,500.0,SUCCESS,REF-00003384,2026-07-22,Merchant_A,Processor_B,NGN,USSD,BUSINESS
TXN105764,100000.0,SUCCESS,REF-00005764,2026-07-20,Merchant_E,Processor_A,NGN,CARD,BUSINESS
TXN102706,1500.0,SUCCESS,REF-00002706,2026-07-01,Merchant_A,Processor_A,NGN,MOBILE_MONEY,BUSINESS
TXN102370,15000.0,SUCCESS,REF-00002370,2026-07-27,Merchant_E,Processor_A,NGN,CARD,BUSINESS
TXN101570,10000.0,SUCCESS,REF-00001570,2026-07-04,Merchant_B,Processor_A,NGN,MOBILE_MONEY,BUSINESS
TXN103718,7500.0,SUCCESS,REF-00003718,2026-07-04,Merchant_D,Processor_B,NGN,MOBILE_MONEY,BUSINESS
TXN107344,10000.0,SUCCESS,REF-00007344,2026-07-12,Merchant_E,Processor_A,NGN,MOBILE_MONEY,BUSINESS
TXN104756,500.0,SUCCESS,REF-00004756,2026-07-24,Merchant_E,Processor_C,NGN,MOBILE_MONEY,RETAIL
TXN109281,100000.0,REFUNDED,REF-00009281,2026-07-25,Merchant_C,Processor_C,NGN,MOBILE_MONEY,BUSINESS
TXN109495,7500.0,SUCCESS,REF-00009495,2026-07-21,Merchant_A,Processor_B,NGN,MOBILE_MONEY,RETAIL
TXN102895,100000.0,SUCCESS,REF-00002895,2026-07-10,Merchant_C,Processor_C,NGN,BANK_TRANSFER,RETAIL
TXN102942,5000.0,SUCCESS,REF-00002942,2026-07-19,Merchant_B,Processor_B,NGN,MOBILE_MONEY,BUSINESS
TXN107823,25000.0,SUCCESS,REF-00007823,2026-07-28,Merchant_D,Processor_A,NGN,USSD,BUSINESS
TXN103446,50000.0,SUCCESS,REF-00003446,2026-07-01,Merchant_D,Processor_A,NGN,MOBILE_MONEY,RETAIL
TXN102903,7500.0,SUCCESS,REF-00002903,2026-07-16,Merchant_E,Processor_C,NGN,CARD,BUSINESS
TXN104239,5000.0,SUCCESS,REF-00004239,2026-07-01,Merchant_E,Processor_C,NGN,USSD,RETAIL
TXN105334,250000.0,SUCCESS,REF-00005334,2026-07-20,Merchant_B,Processor_B,NGN,USSD,RETAIL
TXN103087,500.0,REFUNDED,REF-00003087,2026-07-19,Merchant_C,Processor_C,NGN,USSD,RETAIL
TXN100872,15000.0,SUCCESS,REF-00000872,2026-07-30,Merchant_E,Processor_A,NGN,BANK_TRANSFER,RETAIL
TXN104752,15000.0,SUCCESS,REF-00004752,2026-07-19,Merchant_B,Processor_B,NGN,MOBILE_MONEY,RETAIL
TXN104278,1500.0,SUCCESS,REF-00004278,2026-07-19,Merchant_D,Processor_B,NGN,CARD,BUSINESS
TXN100438,25000.0,SUCCESS,REF-00000438,2026-07-22,Merchant_C,Processor_C,NGN,CARD,RETAIL
TXN109497,7500.0,FAILED,REF-00009497,2026-07-18,Merchant_B,Processor_C,NGN,CARD,RETAIL
TXN101809,1000.0,SUCCESS,REF-00001809,2026-07-11,Merchant_A,Processor_B,NGN,BANK_TRANSFER,BUSINESS
TXN101141,5000.0,FAILED,REF-00001141,2026-07-04,Merchant_A,Processor_A,NGN,BANK_TRANSFER,RETAIL
TXN106540,1500.0,SUCCESS,REF-00006540,2026-07-26,Merchant_E,Processor_C,NGN,BANK_TRANSFER,BUSINESS
TXN106173,50000.0,FAILED,REF-00006173,2026-07-23,Merchant_B,Processor_A,NGN,MOBILE_MONEY,BUSINESS
TXN109105,5000.0,SUCCESS,REF-00009105,2026-07-21,Merchant_C,Processor_B,NGN,BANK_TRANSFER,RETAIL
TXN106791,5000.0,SUCCESS,REF-00006791,2026-07-30,Merchant_B,Processor_B,NGN,CARD,BUSINESS
TXN102924,5000.0,SUCCESS,REF-00002924,2026-07-14,Merchant_D,Processor_A,NGN,BANK_TRANSFER,RETAIL
TXN108895,1500.0,SUCCESS,REF-00008895,2026-07-05,Merchant_C,Processor_C,NGN,CARD,BUSINESS
TXN108445,15000.0,SUCCESS,REF-00008445,2026-07-29,Merchant_A,Processor_A,NGN,USSD,BUSINESS
TXN101948,5000.0,SUCCESS,REF-00001948,2026-07-06,Merchant_A,Processor_C,NGN,CARD,BUSINESS
TXN107828,10000.0,SUCCESS,REF-00007828,2026-07-14,Merchant_C,Processor_A,NGN,USSD,RETAIL
TXN109314,10000.0,SUCCESS,REF-00009314,2026-07-26,Merchant_A,Processor_C,NGN,MOBILE_MONEY,BUSINESS
TXN105938,2500.0,SUCCESS,REF-00005938,2026-07-15,Merchant_B,Processor_C,NGN,BANK_TRANSFER,RETAIL
TXN108085,15000.0,SUCCESS,REF-00008085,2026-07-29,Merchant_B,Processor_B,NGN,MOBILE_MONEY,RETAIL
TXN103808,1000.0,SUCCESS,REF-00003808,2026-07-03,Merchant_A,Processor_B,NGN,MOBILE_MONEY,RETAIL
TXN102488,10000.0,SUCCESS,REF-00002488,2026-07-30,Merchant_D,Processor_B,NGN,MOBILE_MONEY,BUSINESS
TXN102467,500.0,SUCCESS,REF-00002467,2026-07-17,Merchant_E,Processor_C,NGN,USSD,BUSINESS
TXN107187,5000.0,REFUNDED,REF-00007187,2026-07-08,Merchant_B,Processor_A,NGN,BANK_TRANSFER,BUSINESS
TXN103815,10000.0,SUCCESS,REF-00003815,2026-07-13,Merchant_C,Processor_C,NGN,MOBILE_MONEY,BUSINESS
TXN103396,50000.0,SUCCESS,REF-00003396,2026-07-21,Merchant_C,Processor_A,NGN,MOBILE_MONEY,BUSINESS
TXN106707,10000.0,REFUNDED,REF-00006707,2026-07-22,Merchant_C,Processor_C,NGN,CARD,BUSINESS
TXN101661,10000.0,REFUNDED,REF-00001661,2026-07-19,Merchant_D,Processor_B,NGN,CARD,BUSINESS
TXN105985,500.0,SUCCESS,REF-00005985,2026-07-04,Merchant_A,Processor_C,NGN,BANK_TRANSFER,BUSINESS
TXN103534,2500.0,SUCCESS,REF-00003534,2026-07-23,Merchant_A,Processor_B,NGN,CARD,BUSINESS
TXN100756,15000.0,SUCCESS,REF-00000756,2026-07-05,Merchant_A,Processor_C,NGN,USSD,BUSINESS
TXN106624,50000.0,SUCCESS,REF-00006624,2026-07-04,Merchant_E,Processor_B,NGN,USSD,RETAIL
TXN102965,25000.0,SUCCESS,REF-00002965,2026-07-04,Merchant_E,Processor_A,NGN,USSD,BUSINESS
TXN100225,2500.0,SUCCESS,REF-00000225,2026-07-28,Merchant_E,Processor_B,NGN,MOBILE_MONEY,BUSINESS
TXN107581,7500.0,SUCCESS,REF-00007581,2026-07-20,Merchant_A,Processor_C,NGN,BANK_TRANSFER,RETAIL
TXN106856,15000.0,SUCCESS,REF-00006856,2026-07-31,Merchant_A,Processor_A,NGN,USSD,RETAIL
TXN102959,50000.0,REFUNDED,REF-00002959,2026-07-15,Merchant_A,Processor_C,NGN,USSD,BUSINESS
TXN109833,250000.0,REFUNDED,REF-00009833,2026-07-24,Merchant_E,Processor_B,NGN,USSD,RETAIL
TXN108075,2500.0,SUCCESS,REF-00008075,2026-07-26,Merchant_C,Processor_B,NGN,USSD,BUSINESS
TXN101640,10000.0,REFUNDED,REF-00001640,2026-07-29,Merchant_E,Processor_C,NGN,USSD,RETAIL
TXN100588,1500.0,SUCCESS,REF-00000588,2026-07-17,Merchant_C,Processor_C,NGN,USSD,RETAIL
TXN101133,2500.0,SUCCESS,REF-00001133,2026-07-16,Merchant_A,Processor_B,NGN,BANK_TRANSFER,BUSINESS
TXN107437,2500.0,SUCCESS,REF-00007437,2026-07-06,Merchant_C,Processor_A,NGN,USSD,RETAIL
TXN100458,1000.0,SUCCESS,REF-00000458,2026-07-12,Merchant_D,Processor_B,NGN,BANK_TRANSFER,BUSINESS
TXN100991,25000.0,SUCCESS,REF-00000991,2026-07-01,Merchant_E,Processor_C,NGN,BANK_TRANSFER,BUSINESS
TXN103437,15000.0,SUCCESS,REF-00003437,2026-07-17,Merchant_B,Processor_B,NGN,BANK_TRANSFER,RETAIL
TXN106299,5000.0,SUCCESS,REF-00006299,2026-07-16,Merchant_B,Processor_B,NGN,USSD,BUSINESS
TXN102503,250000.0,SUCCESS,REF-00002503,2026-07-02,Merchant_B,Processor_A,NGN,USSD,RETAIL
TXN107795,500.0,SUCCESS,REF-00007795,2026-07-29,Merchant_B,Processor_B,NGN,BANK_TRANSFER,BUSINESS
TXN101859,25000.0,SUCCESS,REF-00001859,2026-07-26,Merchant_E,Processor_A,NGN,BANK_TRANSFER,BUSINESS
TXN108518,7500.0,SUCCESS,REF-00008518,2026-07-23,Merchant_B,Processor_C,NGN,USSD,RETAIL
TXN106559,250000.0,SUCCESS,REF-00006559,2026-07-14,Merchant_D,Processor_B,NGN,CARD,BUSINESS
TXN105294,25000.0,SUCCESS,REF-00005294,2026-07-26,Merchant_C,Processor_A,NGN,CARD,RETAIL
TXN103196,100000.0,REFUNDED,REF-00003196,2026-07-02,Merchant_E,Processor_C,NGN,CARD,RETAIL
TXN107680,100000.0,SUCCESS,REF-00007680,2026-07-27,Merchant_D,Processor_A,NGN,USSD,BUSINESS
TXN104505,5000.0,SUCCESS,REF-00004505,2026-07-05,Merchant_C,Processor_C,NGN,BANK_TRANSFER,RETAIL
TXN108814,15000.0,SUCCESS,REF-00008814,2026-07-05,Merchant_C,Processor_A,NGN,CARD,BUSINESS
TXN109238,10000.0,FAILED,REF-00009238,2026-07-06,Merchant_E,Processor_A,NGN,MOBILE_MONEY,BUSINESS
TXN109716,2500.0,SUCCESS,REF-00009716,2026-07-23,Merchant_D,Processor_B,NGN,MOBILE_MONEY,RETAIL
TXN101419,100000.0,SUCCESS,REF-00001419,2026-07-13,Merchant_B,Processor_C,NGN,BANK_TRANSFER,RETAIL
TXN101867,1500.0,SUCCESS,REF-00001867,2026-07-27,Merchant_B,Processor_B,NGN,MOBILE_MONEY,BUSINESS
TXN107278,25000.0,SUCCESS,REF-00007278,2026-07-06,Merchant_C,Processor_A,NGN,USSD,BUSINESS
TXN104543,5000.0,SUCCESS,REF-00004543,2026-07-29,Merchant_E,Processor_C,NGN,MOBILE_MONEY,BUSINESS
TXN102183,5000.0,SUCCESS,REF-00002183,2026-07-02,Merchant_A,Processor_C,NGN,BANK_TRANSFER,BUSINESS
TXN103028,15000.0,SUCCESS,REF-00003028,2026-07-04,Merchant_E,Processor_C,NGN,CARD,RETAIL
TXN101582,15000.0,FAILED,REF-00001582,2026-07-15,Merchant_C,Processor_C,NGN,USSD,RETAIL
TXN107137,15000.0,SUCCESS,REF-00007137,2026-07-08,Merchant_C,Processor_C,NGN,BANK_TRANSFER,BUSINESS
TXN103097,1000.0,SUCCESS,REF-00003097,2026-07-05,Merchant_D,Processor_C,NGN,USSD,RETAIL
TXN100621,2500.0,SUCCESS,REF-00000621,2026-07-07,Merchant_C,Processor_B,NGN,CARD,RETAIL
TXN102876,10000.0,SUCCESS,REF-00002876,2026-07-07,Merchant_D,Processor_B,NGN,CARD,BUSINESS
TXN103125,15000.0,SUCCESS,REF-00003125,2026-07-29,Merchant_A,Processor_B,NGN,CARD,RETAIL
TXN106896,50000.0,SUCCESS,REF-00006896,2026-07-25,Merchant_A,Processor_C,NGN,USSD,BUSINESS
TXN107140,100000.0,SUCCESS,REF-00007140,2026-07-03,Merchant_C,Processor_A,NGN,MOBILE_MONEY,RETAIL
TXN105217,25000.0,SUCCESS,REF-00005217,2026-07-11,Merchant_B,Processor_A,NGN,USSD,BUSINESS
TXN101346,5000.0,FAILED,REF-00001346,2026-07-30,Merchant_C,Processor_C,NGN,CARD,RETAIL
TXN103939,7500.0,SUCCESS,REF-00003939,2026-07-01,Merchant_D,Processor_B,NGN,USSD,BUSINESS
TXN103991,2500.0,SUCCESS,REF-00003991,2026-07-27,Merchant_D,Processor_C,NGN,USSD,BUSINESS
TXN108926,15000.0,SUCCESS,REF-00008926,2026-07-22,Merchant_A,Processor_B,NGN,MOBILE_MONEY,BUSINESS
TXN106156,25000.0,SUCCESS,REF-00006156,2026-07-18,Merchant_A,Processor_A,NGN,CARD,BUSINESS
TXN101354,10000.0,SUCCESS,REF-00001354,2026-07-06,Merchant_A,Processor_B,NGN,MOBILE_MONEY,BUSINESS
TXN100637,2500.0,SUCCESS,REF-00000637,2026-07-28,Merchant_C,Processor_A,NGN,CARD,RETAIL
TXN104035,250000.0,SUCCESS,REF-00004035,2026-07-06,Merchant_E,Processor_B,NGN,BANK_TRANSFER,RETAIL
TXN101564,50000.0,SUCCESS,REF-00001564,2026-07-01,Merchant_C,Processor_A,NGN,CARD,RETAIL
TXN108664,10000.0,SUCCESS,REF-00008664,2026-07-18,Merchant_A,Processor_B,NGN,USSD,RETAIL
TXN105914,10000.0,SUCCESS,REF-00005914,2026-07-16,Merchant_B,Processor_C,NGN,BANK_TRANSFER,BUSINESS
TXN106520,2500.0,SUCCESS,REF-00006520,2026-07-28,Merchant_D,Processor_C,NGN,USSD,BUSINESS
TXN102901,25000.0,SUCCESS,REF-00002901,2026-07-26,Merchant_E,Processor_C,NGN,BANK_TRANSFER,RETAIL
TXN108741,7500.0,SUCCESS,REF-00008741,2026-07-01,Merchant_B,Processor_C,NGN,USSD,BUSINESS
TXN102506,50000.0,SUCCESS,REF-00002506,2026-07-12,Merchant_D,Processor_C,NGN,BANK_TRANSFER,RETAIL
TXN108165,5000.0,SUCCESS,REF-00008165,2026-07-08,Merchant_C,Processor_A,NGN,BANK_TRANSFER,RETAIL
TXN107156,10000.0,SUCCESS,REF-00007156,2026-07-19,Merchant_D,Processor_A,NGN,USSD,BUSINESS
TXN101652,2500.0,SUCCESS,REF-00001652,2026-07-30,Merchant_A,Processor_C,NGN,BANK_TRANSFER,RETAIL
TXN104517,100000.0,SUCCESS,REF-00004517,2026-07-20,Merchant_C,Processor_C,NGN,USSD,RETAIL
TXN109606,50000.0,FAILED,REF-00009606,2026-07-20,Merchant_E,Processor_B,NGN,MOBILE_MONEY,RETAIL
TXN104226,5000.0,SUCCESS,REF-00004226,2026-07-20,Merchant_A,Processor_C,NGN,USSD,BUSINESS
TXN101938,10000.0,SUCCESS,REF-00001938,2026-07-24,Merchant_E,Processor_A,NGN,MOBILE_MONEY,RETAIL
TXN101730,5000.0,SUCCESS,REF-00001730,2026-07-21,Merchant_E,Processor_A,NGN,BANK_TRANSFER,RETAIL
TXN104233,100000.0,FAILED,REF-00004233,2026-07-03,Merchant_C,Processor_C,NGN,CARD,BUSINESS
TXN101580,2500.0,SUCCESS,REF-00001580,2026-07-15,Merchant_B,Processor_C,NGN,MOBILE_MONEY,BUSINESS
TXN106799,10000.0,FAILED,REF-00006799,2026-07-17,Merchant_A,Processor_A,NGN,CARD,BUSINESS
TXN106857,5000.0,SUCCESS,REF-00006857,2026-07-24,Merchant_A,Processor_C,NGN,CARD,BUSINESS
TXN104678,15000.0,SUCCESS,REF-00004678,2026-07-03,Merchant_A,Processor_A,NGN,USSD,BUSINESS
TXN108480,500.0,SUCCESS,REF-00008480,2026-07-09,Merchant_E,Processor_C,NGN,USSD,BUSINESS
TXN107925,2500.0,SUCCESS,REF-00007925,2026-07-07,Merchant_D,Processor_B,NGN,CARD,BUSINESS
TXN101052,100000.0,SUCCESS,REF-00001052,2026-07-26,Merchant_D,Processor_A,NGN,USSD,RETAIL
TXN104049,2500.0,SUCCESS,REF-00004049,2026-07-10,Merchant_A,Processor_B,NGN,CARD,BUSINESS
TXN108293,1500.0,SUCCESS,REF-00008293,2026-07-19,Merchant_C,Processor_A,NGN,USSD,RETAIL
TXN102740,5000.0,SUCCESS,REF-00002740,2026-07-01,Merchant_B,Processor_A,NGN,USSD,RETAIL
TXN105311,15000.0,SUCCESS,REF-00005311,2026-07-07,Merchant_D,Processor_C,NGN,USSD,BUSINESS
TXN108018,7500.0,SUCCESS,REF-00008018,2026-07-08,Merchant_B,Processor_B,NGN,CARD,RETAIL
TXN102128,100000.0,SUCCESS,REF-00002128,2026-07-24,Merchant_B,Processor_C,NGN,BANK_TRANSFER,RETAIL
TXN103223,500.0,FAILED,REF-00003223,2026-07-22,Merchant_E,Processor_B,NGN,USSD,BUSINESS
TXN100796,100000.0,SUCCESS,REF-00000796,2026-07-12,Merchant_A,Processor_B,NGN,USSD,RETAIL
TXN106967,5000.0,SUCCESS,REF-00006967,2026-07-21,Merchant_B,Processor_C,NGN,CARD,RETAIL
TXN107452,2500.0,SUCCESS,REF-00007452,2026-07-31,Merchant_B,Processor_C,NGN,MOBILE_MONEY,RETAIL
TXN108542,50000.0,SUCCESS,REF-00008542,2026-07-08,Merchant_B,Processor_B,NGN,CARD,BUSINESS
TXN105135,5000.0,SUCCESS,REF-00005135,2026-07-12,Merchant_E,Processor_C,NGN,USSD,BUSINESS
TXN109634,5000.0,SUCCESS,REF-00009634,2026-07-08,Merchant_A,Processor_C,NGN,USSD,BUSINESS
TXN108376,1500.0,SUCCESS,REF-00008376,2026-07-30,Merchant_D,Processor_C,NGN,BANK_TRANSFER,RETAIL
TXN109874,15000.0,SUCCESS,REF-00009874,2026-07-22,Merchant_E,Processor_A,NGN,USSD,RETAIL
TXN107936,10000.0,SUCCESS,REF-00007936,2026-07-31,Merchant_E,Processor_B,NGN,MOBILE_MONEY,BUSINESS
TXN109766,15000.0,SUCCESS,REF-00009766,2026-07-02,Merchant_D,Processor_C,NGN,USSD,BUSINESS
TXN104421,250000.0,SUCCESS,REF-00004421,2026-07-27,Merchant_B,Processor_C,NGN,USSD,RETAIL
TXN101208,5000.0,SUCCESS,REF-00001208,2026-07-13,Merchant_D,Processor_A,NGN,BANK_TRANSFER,RETAIL
TXN104267,1000.0,SUCCESS,REF-00004267,2026-07-26,Merchant_E,Processor_C,NGN,MOBILE_MONEY,RETAIL
TXN101623,250000.0,SUCCESS,REF-00001623,2026-07-11,Merchant_A,Processor_B,NGN,MOBILE_MONEY,RETAIL
TXN105379,2500.0,SUCCESS,REF-00005379,2026-07-30,Merchant_C,Processor_C,NGN,USSD,RETAIL
TXN109637,500.0,SUCCESS,REF-00009637,2026-07-09,Merchant_A,Processor_B,NGN,MOBILE_MONEY,BUSINESS
TXN104812,500.0,SUCCESS,REF-00004812,2026-07-19,Merchant_B,Processor_C,NGN,BANK_TRANSFER,BUSINESS
TXN103304,2500.0,SUCCESS,REF-00003304,2026-07-28,Merchant_E,Processor_C,NGN,CARD,RETAIL
TXN108788,1000.0,REFUNDED,REF-00008788,2026-07-25,Merchant_B,Processor_A,NGN,USSD,RETAIL
TXN105240,250000.0,REFUNDED,REF-00005240,2026-07-15,Merchant_A,Processor_C,NGN,USSD,RETAIL
TXN109122,15000.0,SUCCESS,REF-00009122,2026-07-21,Merchant_A,Processor_B,NGN,MOBILE_MONEY,BUSINESS
TXN105061,100000.0,SUCCESS,REF-00005061,2026-07-29,Merchant_D,Processor_B,NGN,USSD,BUSINESS
TXN100619,25000.0,SUCCESS,REF-00000619,2026-07-16,Merchant_C,Processor_B,NGN,USSD,RETAIL
TXN106253,500.0,SUCCESS,REF-00006253,2026-07-10,Merchant_E,Processor_A,NGN,BANK_TRANSFER,RETAIL
TXN106282,25000.0,SUCCESS,REF-00006282,2026-07-01,Merchant_B,Processor_B,NGN,CARD,RETAIL
TXN107501,50000.0,SUCCESS,REF-00007501,2026-07-22,Merchant_E,Processor_C,NGN,CARD,BUSINESS
TXN103029,15000.0,SUCCESS,REF-00003029,2026-07-18,Merchant_D,Processor_C,NGN,MOBILE_MONEY,BUSINESS
TXN107259,7500.0,SUCCESS,REF-00007259,2026-07-16,Merchant_E,Processor_A,NGN,BANK_TRANSFER,BUSINESS
TXN100307,5000.0,SUCCESS,REF-00000307,2026-07-06,Merchant_E,Processor_B,NGN,BANK_TRANSFER,RETAIL
TXN100935,5000.0,SUCCESS,REF-00000935,2026-07-11,Merchant_C,Processor_A,NGN,BANK_TRANSFER,RETAIL
TXN104741,1000.0,SUCCESS,REF-00004741,2026-07-26,Merchant_B,Processor_B,NGN,BANK_TRANSFER,BUSINESS
TXN100411,250000.0,SUCCESS,REF-00000411,2026-07-04,Merchant_B,Processor_B,NGN,USSD,BUSINESS
TXN106110,250000.0,SUCCESS,REF-00006110,2026-07-06,Merchant_E,Processor_A,NGN,MOBILE_MONEY,BUSINESS
TXN109320,2500.0,SUCCESS,REF-00009320,2026-07-11,Merchant_B,Processor_B,NGN,MOBILE_MONEY,BUSINESS
TXN106202,100000.0,SUCCESS,REF-00006202,2026-07-13,Merchant_E,Processor_C,NGN,USSD,RETAIL
TXN107190,10000.0,SUCCESS,REF-00007190,2026-07-28,Merchant_A,Processor_B,NGN,MOBILE_MONEY,RETAIL
TXN104920,250000.0,SUCCESS,REF-00004920,2026-07-09,Merchant_C,Processor_A,NGN,BANK_TRANSFER,RETAIL
TXN108674,1000.0,SUCCESS,REF-00008674,2026-07-12,Merchant_A,Processor_A,NGN,USSD,RETAIL
TXN105759,5000.0,SUCCESS,REF-00005759,2026-07-04,Merchant_B,Processor_B,NGN,USSD,BUSINESS
TXN100717,250000.0,SUCCESS,REF-00000717,2026-07-08,Merchant_C,Processor_A,NGN,CARD,RETAIL
TXN103567,15000.0,SUCCESS,REF-00003567,2026-07-18,Merchant_B,Processor_B,NGN,USSD,BUSINESS
TXN100719,25000.0,SUCCESS,REF-00000719,2026-07-26,Merchant_E,Processor_A,NGN,CARD,BUSINESS
TXN107114,10000.0,SUCCESS,REF-00007114,2026-07-30,Merchant_D,Processor_A,NGN,USSD,RETAIL
TXN106482,15000.0,SUCCESS,REF-00006482,2026-07-08,Merchant_D,Processor_B,NGN,MOBILE_MONEY,BUSINESS
TXN105597,15000.0,SUCCESS,REF-00005597,2026-07-27,Merchant_A,Processor_B,NGN,CARD,BUSINESS
TXN105775,5000.0,SUCCESS,REF-00005775,2026-07-24,Merchant_D,Processor_C,NGN,CARD,RETAIL
TXN101777,7500.0,SUCCESS,REF-00001777,2026-07-24,Merchant_D,Processor_B,NGN,CARD,RETAIL
TXN107275,100000.0,SUCCESS,REF-00007275,2026-07-29,Merchant_E,Processor_C,NGN,CARD,RETAIL
TXN109090,7500.0,SUCCESS,REF-00009090,2026-07-25,Merchant_C,Processor_C,NGN,BANK_TRANSFER,RETAIL
TXN106164,2500.0,SUCCESS,REF-00006164,2026-07-04,Merchant_A,Processor_C,NGN,USSD,BUSINESS
TXN102489,5000.0,SUCCESS,REF-00002489,2026-07-01,Merchant_D,Processor_B,NGN,BANK_TRANSFER,RETAIL
TXN102259,7500.0,SUCCESS,REF-00002259,2026-07-02,Merchant_B,Processor_C,NGN,MOBILE_MONEY,RETAIL
TXN106592,5000.0,SUCCESS,REF-00006592,2026-07-10,Merchant_B,Processor_C,NGN,USSD,RETAIL
TXN108553,7500.0,SUCCESS,REF-00008553,2026-07-08,Merchant_B,Processor_C,NGN,BANK_TRANSFER,BUSINESS
TXN104542,2500.0,SUCCESS,REF-00004542,2026-07-31,Merchant_A,Processor_C,NGN,USSD,RETAIL
TXN102749,15000.0,SUCCESS,REF-00002749,2026-07-17,Merchant_E,Processor_C,NGN,BANK_TRANSFER,BUSINESS
TXN103474,50000.0,SUCCESS,REF-00003474,2026-07-08,Merchant_B,Processor_B,NGN,MOBILE_MONEY,BUSINESS
TXN100676,1000.0,SUCCESS,REF-00000676,2026-07-16,Merchant_D,Processor_C,NGN,BANK_TRANSFER,BUSINESS
TXN106074,5000.0,SUCCESS,REF-00006074,2026-07-03,Merchant_A,Processor_C,NGN,MOBILE_MONEY,BUSINESS
TXN106646,100000.0,FAILED,REF-00006646,2026-07-29,Merchant_B,Processor_B,NGN,CARD,BUSINESS
TXN100746,5000.0,SUCCESS,REF-00000746,2026-07-17,Merchant_D,Processor_A,NGN,BANK_TRANSFER,RETAIL
TXN105601,5000.0,REFUNDED,REF-00005601,2026-07-04,Merchant_C,Processor_A,NGN,CARD,RETAIL
TXN109840,50000.0,REFUNDED,REF-00009840,2026-07-27,Merchant_B,Processor_A,NGN,MOBILE_MONEY,BUSINESS
TXN102168,15000.0,SUCCESS,REF-00002168,2026-07-28,Merchant_D,Processor_C,NGN,CARD,BUSINESS
TXN101031,15000.0,SUCCESS,REF-00001031,2026-07-19,Merchant_B,Processor_B,NGN,BANK_TRANSFER,BUSINESS
TXN108879,2500.0,SUCCESS,REF-00008879,2026-07-02,Merchant_D,Processor_A,NGN,USSD,RETAIL
TXN100086,25000.0,SUCCESS,REF-00000086,2026-07-18,Merchant_D,Processor_A,NGN,BANK_TRANSFER,RETAIL
TXN105316,5000.0,SUCCESS,REF-00005316,2026-07-10,Merchant_D,Processor_C,NGN,CARD,BUSINESS
TXN109743,15000.0,SUCCESS,REF-00009743,2026-07-10,Merchant_C,Processor_A,NGN,CARD,BUSINESS
TXN101682,15000.0,SUCCESS,REF-00001682,2026-07-07,Merchant_D,Processor_C,NGN,BANK_TRANSFER,BUSINESS
TXN102956,25000.0,REFUNDED,REF-00002956,2026-07-14,Merchant_A,Processor_C,NGN,BANK_TRANSFER,RETAIL
TXN109136,15000.0,SUCCESS,REF-00009136,2026-07-05,Merchant_C,Processor_B,NGN,BANK_TRANSFER,BUSINESS
TXN103760,1000.0,SUCCESS,REF-00003760,2026-07-31,Merchant_B,Processor_A,NGN,BANK_TRANSFER,BUSINESS
TXN107532,2500.0,SUCCESS,REF-00007532,2026-07-02,Merchant_B,Processor_C,NGN,MOBILE_MONEY,BUSINESS
TXN106343,50000.0,SUCCESS,REF-00006343,2026-07-24,Merchant_E,Processor_A,NGN,USSD,RETAIL
TXN105370,5000.0,SUCCESS,REF-00005370,2026-07-30,Merchant_B,Processor_A,NGN,CARD,BUSINESS
TXN101110,50000.0,SUCCESS,REF-00001110,2026-07-24,Merchant_C,Processor_A,NGN,MOBILE_MONEY,BUSINESS
TXN106863,1000.0,SUCCESS,REF-00006863,2026-07-31,Merchant_D,Processor_B,NGN,BANK_TRANSFER,BUSINESS
TXN103343,1500.0,SUCCESS,REF-00003343,2026-07-28,Merchant_E,Processor_A,NGN,BANK_TRANSFER,BUSINESS
TXN102421,500.0,SUCCESS,REF-00002421,2026-07-30,Merchant_E,Processor_B,NGN,MOBILE_MONEY,RETAIL
TXN101255,7500.0,REFUNDED,REF-00001255,2026-07-15,Merchant_B,Processor_A,NGN,BANK_TRANSFER,BUSINESS
TXN100003,15000.0,SUCCESS,REF-00000003,2026-07-15,Merchant_E,Processor_C,NGN,CARD,BUSINESS
TXN104435,5000.0,SUCCESS,REF-00004435,2026-07-16,Merchant_B,Processor_C,NGN,CARD,BUSINESS
TXN109848,15000.0,SUCCESS,REF-00009848,2026-07-25,Merchant_B,Processor_A,NGN,CARD,RETAIL
TXN104329,50000.0,SUCCESS,REF-00004329,2026-07-24,Merchant_C,Processor_B,NGN,MOBILE_MONEY,BUSINESS
TXN108467,10000.0,SUCCESS,REF-00008467,2026-07-20,Merchant_B,Processor_C,NGN,BANK_TRANSFER,BUSINESS
TXN106763,5000.0,SUCCESS,REF-00006763,2026-07-11,Merchant_D,Processor_A,NGN,MOBILE_MONEY,BUSINESS
TXN104204,1000.0,SUCCESS,REF-00004204,2026-07-09,Merchant_B,Processor_A,NGN,CARD,RETAIL
TXN100962,2500.0,SUCCESS,REF-00000962,2026-07-17,Merchant_C,Processor_A,NGN,MOBILE_MONEY,RETAIL
TXN102935,1500.0,SUCCESS,REF-00002935,2026-07-15,Merchant_E,Processor_B,NGN,BANK_TRANSFER,RETAIL
TXN104493,50000.0,SUCCESS,REF-00004493,2026-07-29,Merchant_D,Processor_A,NGN,BANK_TRANSFER,RETAIL
TXN103364,100000.0,SUCCESS,REF-00003364,2026-07-31,Merchant_C,Processor_C,NGN,USSD,BUSINESS
TXN102307,15000.0,REFUNDED,REF-00002307,2026-07-01,Merchant_E,Processor_A,NGN,USSD,BUSINESS
TXN109541,5000.0,SUCCESS,REF-00009541,2026-07-14,Merchant_B,Processor_A,NGN,USSD,BUSINESS
TXN105458,250000.0,SUCCESS,REF-00005458,2026-07-05,Merchant_B,Processor_C,NGN,CARD,RETAIL
TXN103960,10000.0,SUCCESS,REF-00003960,2026-07-22,Merchant_E,Processor_B,NGN,USSD,RETAIL
TXN106118,2500.0,SUCCESS,REF-00006118,2026-07-15,Merchant_C,Processor_C,NGN,CARD,RETAIL
TXN102457,15000.0,SUCCESS,REF-00002457,2026-07-01,Merchant_A,Processor_B,NGN,MOBILE_MONEY,RETAIL
TXN101468,100000.0,SUCCESS,REF-00001468,2026-07-25,Merchant_D,Processor_C,NGN,BANK_TRANSFER,RETAIL
TXN102700,10000.0,SUCCESS,REF-00002700,2026-07-01,Merchant_E,Processor_A,NGN,MOBILE_MONEY,BUSINESS
TXN104902,1500.0,SUCCESS,REF-00004902,2026-07-17,Merchant_A,Processor_C,NGN,USSD,RETAIL
TXN102579,15000.0,SUCCESS,REF-00002579,2026-07-27,Merchant_A,Processor_B,NGN,USSD,BUSINESS
TXN100830,2500.0,SUCCESS,REF-00000830,2026-07-06,Merchant_A,Processor_C,NGN,CARD,RETAIL
TXN109553,15000.0,SUCCESS,REF-00009553,2026-07-01,Merchant_A,Processor_C,NGN,CARD,RETAIL
TXN103220,10000.0,SUCCESS,REF-00003220,2026-07-23,Merchant_C,Processor_B,NGN,MOBILE_MONEY,BUSINESS
TXN103281,1500.0,SUCCESS,REF-00003281,2026-07-09,Merchant_B,Processor_C,NGN,MOBILE_MONEY,BUSINESS
TXN105364,10000.0,SUCCESS,REF-00005364,2026-07-14,Merchant_B,Processor_C,NGN,USSD,BUSINESS
TXN107997,7500.0,SUCCESS,REF-00007997,2026-07-16,Merchant_D,Processor_A,NGN,CARD,BUSINESS
TXN101304,25000.0,SUCCESS,REF-00001304,2026-07-31,Merchant_B,Processor_C,NGN,CARD,RETAIL
TXN101980,1500.0,SUCCESS,REF-00001980,2026-07-27,Merchant_D,Processor_A,NGN,MOBILE_MONEY,RETAIL
TXN108956,15000.0,SUCCESS,REF-00008956,2026-07-14,Merchant_B,Processor_B,NGN,CARD,RETAIL
TXN107076,10000.0,SUCCESS,REF-00007076,2026-07-09,Merchant_D,Processor_A,NGN,MOBILE_MONEY,RETAIL
TXN104860,15000.0,SUCCESS,REF-00004860,2026-07-01,Merchant_C,Processor_B,NGN,BANK_TRANSFER,RETAIL
TXN108270,5000.0,SUCCESS,REF-00008270,2026-07-01,Merchant_C,Processor_A,NGN,USSD,RETAIL
TXN101869,25000.0,SUCCESS,REF-00001869,2026-07-08,Merchant_A,Processor_A,NGN,CARD,RETAIL
TXN100260,15000.0,SUCCESS,REF-00000260,2026-07-24,Merchant_C,Processor_A,NGN,CARD,BUSINESS
TXN102412,10000.0,SUCCESS,REF-00002412,2026-07-21,Merchant_B,Processor_C,NGN,BANK_TRANSFER,RETAIL
TXN105296,7500.0,FAILED,REF-00005296,2026-07-09,Merchant_D,Processor_C,NGN,BANK_TRANSFER,BUSINESS
TXN101234,15000.0,SUCCESS,REF-00001234,2026-07-07,Merchant_A,Processor_B,NGN,BANK_TRANSFER,BUSINESS
TXN106500,2500.0,SUCCESS,REF-00006500,2026-07-18,Merchant_D,Processor_C,NGN,MOBILE_MONEY,BUSINESS
TXN108984,500.0,SUCCESS,REF-00008984,2026-07-27,Merchant_E,Processor_B,NGN,MOBILE_MONEY,RETAIL
TXN109267,5000.0,SUCCESS,REF-00009267,2026-07-09,Merchant_E,Processor_A,NGN,BANK_TRANSFER,BUSINESS
TXN103155,15000.0,SUCCESS,REF-00003155,2026-07-30,Merchant_B,Processor_C,NGN,USSD,RETAIL
TXN100562,1500.0,SUCCESS,REF-00000562,2026-07-05,Merchant_A,Processor_B,NGN,USSD,BUSINESS
TXN109338,5000.0,SUCCESS,REF-00009338,2026-07-07,Merchant_E,Processor_B,NGN,CARD,BUSINESS
TXN101315,15000.0,SUCCESS,REF-00001315,2026-07-30,Merchant_C,Processor_A,NGN,MOBILE_MONEY,BUSINESS
TXN104972,10000.0,SUCCESS,REF-00004972,2026-07-03,Merchant_E,Processor_A,NGN,USSD,BUSINESS
TXN108266,15000.0,SUCCESS,REF-00008266,2026-07-18,Merchant_D,Processor_A,NGN,CARD,RETAIL
TXN101286,1000.0,FAILED,REF-00001286,2026-07-04,Merchant_B,Processor_A,NGN,USSD,BUSINESS
TXN104937,10000.0,SUCCESS,REF-00004937,2026-07-11,Merchant_C,Processor_A,NGN,MOBILE_MONEY,RETAIL
TXN102507,7500.0,REFUNDED,REF-00002507,2026-07-17,Merchant_C,Processor_A,NGN,USSD,BUSINESS
TXN101122,50000.0,SUCCESS,REF-00001122,2026-07-13,Merchant_D,Processor_C,NGN,USSD,BUSINESS
TXN107721,100000.0,SUCCESS,REF-00007721,2026-07-07,Merchant_D,Processor_C,NGN,MOBILE_MONEY,RETAIL
TXN109806,25000.0,SUCCESS,REF-00009806,2026-07-22,Merchant_C,Processor_B,NGN,CARD,BUSINESS
TXN107329,10000.0,SUCCESS,REF-00007329,2026-07-06,Merchant_C,Processor_C,NGN,CARD,BUSINESS
TXN100612,15000.0,SUCCESS,REF-00000612,2026-07-22,Merchant_E,Processor_A,NGN,BANK_TRANSFER,BUSINESS
TXN103885,100000.0,FAILED,REF-00003885,2026-07-12,Merchant_B,Processor_A,NGN,CARD,RETAIL
TXN107954,100000.0,FAILED,REF-00007954,2026-07-18,Merchant_E,Processor_C,NGN,BANK_TRANSFER,RETAIL
TXN102852,2500.0,SUCCESS,REF-00002852,2026-07-14,Merchant_E,Processor_B,NGN,MOBILE_MONEY,RETAIL
TXN109439,25000.0,FAILED,REF-00009439,2026-07-27,Merchant_C,Processor_A,NGN,CARD,BUSINESS
TXN107444,5000.0,SUCCESS,REF-00007444,2026-07-14,Merchant_D,Processor_B,NGN,MOBILE_MONEY,BUSINESS
TXN102401,1000.0,SUCCESS,REF-00002401,2026-07-21,Merchant_A,Processor_A,NGN,CARD,RETAIL
TXN106586,10000.0,SUCCESS,REF-00006586,2026-07-12,Merchant_D,Processor_C,NGN,USSD,BUSINESS
TXN103086,7500.0,SUCCESS,REF-00003086,2026-07-14,Merchant_B,Processor_C,NGN,CARD,RETAIL
TXN100763,25000.0,SUCCESS,REF-00000763,2026-07-03,Merchant_E,Processor_B,NGN,USSD,RETAIL
TXN103495,2500.0,SUCCESS,REF-00003495,2026-07-11,Merchant_D,Processor_C,NGN,CARD,BUSINESS
TXN102647,10000.0,SUCCESS,REF-00002647,2026-07-14,Merchant_B,Processor_B,NGN,MOBILE_MONEY,RETAIL
TXN106879,2500.0,SUCCESS,REF-00006879,2026-07-30,Merchant_B,Processor_A,NGN,BANK_TRANSFER,BUSINESS
TXN108021,50000.0,SUCCESS,REF-00008021,2026-07-15,Merchant_E,Processor_A,NGN,CARD,BUSINESS
TXN105045,15000.0,SUCCESS,REF-00005045,2026-07-26,Merchant_B,Processor_B,NGN,MOBILE_MONEY,RETAIL
TXN102308,1000.0,SUCCESS,REF-00002308,2026-07-22,Merchant_E,Processor_B,NGN,USSD,RETAIL
TXN106924,15000.0,SUCCESS,REF-00006924,2026-07-12,Merchant_E,Processor_B,NGN,USSD,RETAIL
TXN107306,50000.0,SUCCESS,REF-00007306,2026-07-22,Merchant_E,Processor_B,NGN,USSD,BUSINESS
TXN108686,5000.0,SUCCESS,REF-00008686,2026-07-27,Merchant_C,Processor_B,NGN,USSD,RETAIL
TXN109416,15000.0,SUCCESS,REF-00009416,2026-07-10,Merchant_A,Processor_B,NGN,MOBILE_MONEY,BUSINESS
TXN106176,10000.0,SUCCESS,REF-00006176,2026-07-29,Merchant_B,Processor_C,NGN,CARD,RETAIL
TXN102822,15000.0,SUCCESS,REF-00002822,2026-07-31,Merchant_C,Processor_B,NGN,USSD,RETAIL
TXN104247,1500.0,SUCCESS,REF-00004247,2026-07-24,Merchant_A,Processor_C,NGN,USSD,RETAIL
TXN108882,500.0,SUCCESS,REF-00008882,2026-07-26,Merchant_D,Processor_B,NGN,CARD,RETAIL
TXN104394,100000.0,SUCCESS,REF-00004394,2026-07-28,Merchant_A,Processor_B,NGN,MOBILE_MONEY,BUSINESS
TXN107511,250000.0,SUCCESS,REF-00007511,2026-07-08,Merchant_C,Processor_C,NGN,USSD,BUSINESS
TXN101299,25000.0,SUCCESS,REF-00001299,2026-07-31,Merchant_E,Processor_A,NGN,BANK_TRANSFER,RETAIL
TXN103564,7500.0,SUCCESS,REF-00003564,2026-07-28,Merchant_A,Processor_C,NGN,MOBILE_MONEY,RETAIL
TXN107695,15000.0,SUCCESS,REF-00007695,2026-07-13,Merchant_C,Processor_A,NGN,BANK_TRANSFER,RETAIL
TXN101382,250000.0,SUCCESS,REF-00001382,2026-07-05,Merchant_C,Processor_A,NGN,MOBILE_MONEY,RETAIL
TXN106126,10000.0,FAILED,REF-00006126,2026-07-25,Merchant_D,Processor_B,NGN,USSD,RETAIL
TXN100832,1500.0,SUCCESS,REF-00000832,2026-07-14,Merchant_A,Processor_A,NGN,MOBILE_MONEY,RETAIL
TXN100249,50000.0,SUCCESS,REF-00000249,2026-07-07,Merchant_C,Processor_B,NGN,MOBILE_MONEY,RETAIL
TXN101120,100000.0,SUCCESS,REF-00001120,2026-07-21,Merchant_B,Processor_C,NGN,BANK_TRANSFER,RETAIL
TXN107708,10000.0,SUCCESS,REF-00007708,2026-07-16,Merchant_E,Processor_B,NGN,MOBILE_MONEY,RETAIL
TXN103852,15000.0,REFUNDED,REF-00003852,2026-07-14,Merchant_D,Processor_C,NGN,MOBILE_MONEY,RETAIL
TXN106374,2500.0,SUCCESS,REF-00006374,2026-07-02,Merchant_A,Processor_B,NGN,USSD,BUSINESS
TXN104322,15000.0,SUCCESS,REF-00004322,2026-07-08,Merchant_C,Processor_B,NGN,CARD,RETAIL
TXN104819,2500.0,SUCCESS,REF-00004819,2026-07-06,Merchant_B,Processor_B,NGN,BANK_TRANSFER,RETAIL
TXN106201,7500.0,SUCCESS,REF-00006201,2026-07-19,Merchant_E,Processor_B,NGN,BANK_TRANSFER,RETAIL
TXN106339,5000.0,SUCCESS,REF-00006339,2026-07-22,Merchant_C,Processor_C,NGN,CARD,RETAIL
TXN101549,15000.0,REFUNDED,REF-00001549,2026-07-10,Merchant_E,Processor_A,NGN,BANK_TRANSFER,BUSINESS
TXN107966,5000.0,SUCCESS,REF-00007966,2026-07-22,Merchant_A,Processor_C,NGN,USSD,BUSINESS
TXN101700,250000.0,SUCCESS,REF-00001700,2026-07-23,Merchant_E,Processor_C,NGN,MOBILE_MONEY,BUSINESS
TXN104206,10000.0,SUCCESS,REF-00004206,2026-07-28,Merchant_A,Processor_B,NGN,MOBILE_MONEY,BUSINESS
TXN101762,1000.0,SUCCESS,REF-00001762,2026-07-12,Merchant_C,Processor_A,NGN,USSD,BUSINESS
TXN106994,100000.0,SUCCESS,REF-00006994,2026-07-29,Merchant_B,Processor_B,NGN,BANK_TRANSFER,BUSINESS
TXN105167,1500.0,SUCCESS,REF-00005167,2026-07-18,Merchant_E,Processor_A,NGN,MOBILE_MONEY,BUSINESS
TXN103143,10000.0,SUCCESS,REF-00003143,2026-07-12,Merchant_D,Processor_B,NGN,CARD,RETAIL
TXN103739,10000.0,SUCCESS,REF-00003739,2026-07-24,Merchant_C,Processor_C,NGN,MOBILE_MONEY,RETAIL
TXN101750,10000.0,SUCCESS,REF-00001750,2026-07-02,Merchant_D,Processor_B,NGN,USSD,BUSINESS
TXN106368,10000.0,SUCCESS,REF-00006368,2026-07-30,Merchant_C,Processor_B,NGN,MOBILE_MONEY,RETAIL
TXN105737,2500.0,SUCCESS,REF-00005737,2026-07-09,Merchant_C,Processor_A,NGN,USSD,RETAIL
TXN109191,500.0,REFUNDED,REF-00009191,2026-07-13,Merchant_E,Processor_A,NGN,BANK_TRANSFER,BUSINESS
TXN108169,2500.0,SUCCESS,REF-00008169,2026-07-15,Merchant_C,Processor_B,NGN,CARD,BUSINESS
TXN102681,50000.0,SUCCESS,REF-00002681,2026-07-12,Merchant_C,Processor_B,NGN,USSD,RETAIL
TXN107798,2500.0,SUCCESS,REF-00007798,2026-07-13,Merchant_B,Processor_B,NGN,CARD,BUSINESS
TXN105036,15000.0,SUCCESS,REF-00005036,2026-07-31,Merchant_D,Processor_C,NGN,BANK_TRANSFER,BUSINESS
TXN106834,100000.0,SUCCESS,REF-00006834,2026-07-11,Merchant_C,Processor_C,NGN,BANK_TRANSFER,RETAIL
TXN102831,15000.0,SUCCESS,REF-00002831,2026-07-28,Merchant_D,Processor_C,NGN,USSD,BUSINESS
TXN104694,7500.0,SUCCESS,REF-00004694,2026-07-15,Merchant_A,Processor_C,NGN,MOBILE_MONEY,BUSINESS
TXN107285,10000.0,SUCCESS,REF-00007285,2026-07-15,Merchant_E,Processor_C,NGN,CARD,BUSINESS
TXN102220,25000.0,SUCCESS,REF-00002220,2026-07-24,Merchant_B,Processor_A,NGN,MOBILE_MONEY,RETAIL
TXN108636,50000.0,SUCCESS,REF-00008636,2026-07-28,Merchant_A,Processor_B,NGN,CARD,RETAIL
TXN106032,25000.0,SUCCESS,REF-00006032,2026-07-13,Merchant_B,Processor_B,NGN,BANK_TRANSFER,BUSINESS
TXN101274,10000.0,SUCCESS,REF-00001274,2026-07-13,Merchant_A,Processor_C,NGN,BANK_TRANSFER,BUSINESS
TXN109772,1500.0,SUCCESS,REF-00009772,2026-07-04,Merchant_B,Processor_C,NGN,BANK_TRANSFER,RETAIL
TXN105630,25000.0,SUCCESS,REF-00005630,2026-07-05,Merchant_B,Processor_A,NGN,MOBILE_MONEY,BUSINESS
TXN109761,1500.0,REFUNDED,REF-00009761,2026-07-31,Merchant_B,Processor_A,NGN,BANK_TRANSFER,RETAIL
TXN108559,50000.0,FAILED,REF-00008559,2026-07-30,Merchant_E,Processor_A,NGN,MOBILE_MONEY,RETAIL
TXN105699,5000.0,SUCCESS,REF-00005699,2026-07-04,Merchant_C,Processor_B,NGN,BANK_TRANSFER,RETAIL
TXN106304,5000.0,SUCCESS,REF-00006304,2026-07-21,Merchant_A,Processor_C,NGN,MOBILE_MONEY,RETAIL
TXN102019,15000.0,SUCCESS,REF-00002019,2026-07-18,Merchant_D,Processor_A,NGN,USSD,RETAIL
TXN105416,5000.0,SUCCESS,REF-00005416,2026-07-23,Merchant_E,Processor_B,NGN,USSD,RETAIL
TXN103649,250000.0,SUCCESS,REF-00003649,2026-07-01,Merchant_D,Processor_A,NGN,CARD,RETAIL
TXN109034,7500.0,SUCCESS,REF-00009034,2026-07-14,Merchant_E,Processor_B,NGN,MOBILE_MONEY,RETAIL
TXN106514,10000.0,SUCCESS,REF-00006514,2026-07-03,Merchant_C,Processor_A,NGN,MOBILE_MONEY,RETAIL
TXN108848,7500.0,REFUNDED,REF-00008848,2026-07-10,Merchant_E,Processor_A,NGN,USSD,BUSINESS
TXN100705,250000.0,SUCCESS,REF-00000705,2026-07-13,Merchant_A,Processor_B,NGN,USSD,BUSINESS
TXN103833,5000.0,REFUNDED,REF-00003833,2026-07-21,Merchant_B,Processor_C,NGN,USSD,RETAIL
TXN102680,2500.0,SUCCESS,REF-00002680,2026-07-08,Merchant_B,Processor_B,NGN,CARD,BUSINESS
TXN102423,7500.0,SUCCESS,REF-00002423,2026-07-07,Merchant_E,Processor_C,NGN,USSD,BUSINESS
TXN103782,500.0,SUCCESS,REF-00003782,2026-07-22,Merchant_C,Processor_C,NGN,CARD,RETAIL
TXN101510,50000.0,SUCCESS,REF-00001510,2026-07-26,Merchant_A,Processor_A,NGN,CARD,RETAIL
TXN108820,1000.0,REFUNDED,REF-00008820,2026-07-29,Merchant_A,Processor_C,NGN,USSD,RETAIL
TXN104316,25000.0,SUCCESS,REF-00004316,2026-07-30,Merchant_B,Processor_A,NGN,USSD,BUSINESS
TXN107336,1000.0,SUCCESS,REF-00007336,2026-07-01,Merchant_D,Processor_C,NGN,USSD,RETAIL
TXN107079,25000.0,FAILED,REF-00007079,2026-07-12,Merchant_E,Processor_A,NGN,MOBILE_MONEY,RETAIL
TXN106990,100000.0,SUCCESS,REF-00006990,2026-07-12,Merchant_B,Processor_C,NGN,BANK_TRANSFER,BUSINESS
TXN108720,5000.0,FAILED,REF-00008720,2026-07-06,Merchant_B,Processor_C,NGN,MOBILE_MONEY,BUSINESS
TXN107857,2500.0,SUCCESS,REF-00007857,2026-07-24,Merchant_D,Processor_A,NGN,CARD,BUSINESS
TXN109379,5000.0,SUCCESS,REF-00009379,2026-07-29,Merchant_C,Processor_B,NGN,CARD,RETAIL
TXN106446,250000.0,SUCCESS,REF-00006446,2026-07-03,Merchant_B,Processor_C,NGN,BANK_TRANSFER,BUSINESS
TXN103687,5000.0,REFUNDED,REF-00003687,2026-07-20,Merchant_A,Processor_A,NGN,BANK_TRANSFER,RETAIL
TXN109881,10000.0,SUCCESS,REF-00009881,2026-07-30,Merchant_B,Processor_A,NGN,USSD,BUSINESS
TXN107095,15000.0,FAILED,REF-00007095,2026-07-02,Merchant_E,Processor_A,NGN,MOBILE_MONEY,BUSINESS
TXN102990,1500.0,FAILED,REF-00002990,2026-07-24,Merchant_E,Processor_B,NGN,MOBILE_MONEY,BUSINESS
TXN102840,7500.0,SUCCESS,REF-00002840,2026-07-16,Merchant_B,Processor_B,NGN,MOBILE_MONEY,BUSINESS
TXN104211,10000.0,REFUNDED,REF-00004211,2026-07-31,Merchant_C,Processor_C,NGN,BANK_TRANSFER,RETAIL
TXN100305,250000.0,SUCCESS,REF-00000305,2026-07-17,Merchant_C,Processor_A,NGN,MOBILE_MONEY,BUSINESS
TXN107873,100000.0,SUCCESS,REF-00007873,2026-07-17,Merchant_B,Processor_B,NGN,BANK_TRANSFER,RETAIL
TXN107359,100000.0,SUCCESS,REF-00007359,2026-07-31,Merchant_E,Processor_A,NGN,MOBILE_MONEY,RETAIL
TXN106880,25000.0,SUCCESS,REF-00006880,2026-07-23,Merchant_A,Processor_A,NGN,BANK_TRANSFER,RETAIL
TXN104768,25000.0,SUCCESS,REF-00004768,2026-07-28,Merchant_D,Processor_A,NGN,MOBILE_MONEY,RETAIL
TXN102562,1000.0,SUCCESS,REF-00002562,2026-07-04,Merchant_B,Processor_B,NGN,CARD,RETAIL
TXN100603,1000.0,FAILED,REF-00000603,2026-07-12,Merchant_A,Processor_B,NGN,BANK_TRANSFER,RETAIL
TXN106419,10000.0,SUCCESS,REF-00006419,2026-07-11,Merchant_B,Processor_C,NGN,USSD,BUSINESS
TXN107372,1000.0,SUCCESS,REF-00007372,2026-07-22,Merchant_D,Processor_B,NGN,CARD,RETAIL
TXN100808,7500.0,SUCCESS,REF-00000808,2026-07-21,Merchant_A,Processor_C,NGN,CARD,BUSINESS
TXN107812,1000.0,SUCCESS,REF-00007812,2026-07-29,Merchant_A,Processor_C,NGN,BANK_TRANSFER,BUSINESS
TXN100126,50000.0,SUCCESS,REF-00000126,2026-07-28,Merchant_C,Processor_B,NGN,MOBILE_MONEY,RETAIL
TXN106776,25000.0,SUCCESS,REF-00006776,2026-07-09,Merchant_C,Processor_B,NGN,MOBILE_MONEY,BUSINESS
TXN103610,10000.0,SUCCESS,REF-00003610,2026-07-18,Merchant_A,Processor_A,NGN,BANK_TRANSFER,RETAIL
TXN107320,2500.0,SUCCESS,REF-00007320,2026-07-05,Merchant_A,Processor_C,NGN,MOBILE_MONEY,BUSINESS
TXN100741,5000.0,SUCCESS,REF-00000741,2026-07-10,Merchant_E,Processor_A,NGN,MOBILE_MONEY,RETAIL
TXN103337,25000.0,SUCCESS,REF-00003337,2026-07-30,Merchant_D,Processor_C,NGN,MOBILE_MONEY,RETAIL
TXN108777,2500.0,SUCCESS,REF-00008777,2026-07-21,Merchant_B,Processor_B,NGN,BANK_TRANSFER,BUSINESS
TXN104962,5000.0,SUCCESS,REF-00004962,2026-07-02,Merchant_B,Processor_B,NGN,BANK_TRANSFER,RETAIL
TXN106022,50000.0,SUCCESS,REF-00006022,2026-07-19,Merchant_D,Processor_B,NGN,USSD,RETAIL
TXN102387,15000.0,SUCCESS,REF-00002387,2026-07-25,Merchant_C,Processor_B,NGN,MOBILE_MONEY,BUSINESS
TXN106438,1500.0,SUCCESS,REF-00006438,2026-07-05,Merchant_A,Processor_A,NGN,MOBILE_MONEY,RETAIL
TXN102495,10000.0,REFUNDED,REF-00002495,2026-07-02,Merchant_D,Processor_B,NGN,BANK_TRANSFER,BUSINESS
TXN107693,15000.0,SUCCESS,REF-00007693,2026-07-28,Merchant_A,Processor_A,NGN,USSD,RETAIL
TXN106798,1000.0,SUCCESS,REF-00006798,2026-07-12,Merchant_A,Processor_B,NGN,BANK_TRANSFER,BUSINESS
TXN105040,25000.0,SUCCESS,REF-00005040,2026-07-17,Merchant_A,Processor_A,NGN,BANK_TRANSFER,RETAIL
TXN108610,7500.0,FAILED,REF-00008610,2026-07-28,Merchant_A,Processor_A,NGN,USSD,BUSINESS
TXN108062,100000.0,SUCCESS,REF-00008062,2026-07-22,Merchant_E,Processor_C,NGN,BANK_TRANSFER,RETAIL
TXN109965,10000.0,SUCCESS,REF-00009965,2026-07-13,Merchant_A,Processor_B,NGN,CARD,RETAIL
TXN106548,1500.0,SUCCESS,REF-00006548,2026-07-05,Merchant_A,Processor_A,NGN,USSD,RETAIL
TXN101686,100000.0,SUCCESS,REF-00001686,2026-07-19,Merchant_B,Processor_C,NGN,MOBILE_MONEY,BUSINESS
TXN105446,5000.0,SUCCESS,REF-00005446,2026-07-11,Merchant_D,Processor_C,NGN,MOBILE_MONEY,RETAIL
TXN102046,1000.0,SUCCESS,REF-00002046,2026-07-30,Merchant_E,Processor_A,NGN,USSD,RETAIL
TXN107082,7500.0,SUCCESS,REF-00007082,2026-07-23,Merchant_B,Processor_C,NGN,MOBILE_MONEY,BUSINESS
TXN105835,15000.0,SUCCESS,REF-00005835,2026-07-11,Merchant_C,Processor_B,NGN,CARD,BUSINESS
TXN108132,250000.0,SUCCESS,REF-00008132,2026-07-13,Merchant_B,Processor_C,NGN,MOBILE_MONEY,RETAIL
TXN103393,5000.0,FAILED,REF-00003393,2026-07-05,Merchant_A,Processor_B,NGN,USSD,BUSINESS
TXN106659,5000.0,SUCCESS,REF-00006659,2026-07-05,Merchant_C,Processor_B,NGN,BANK_TRANSFER,RETAIL
TXN103912,500.0,SUCCESS,REF-00003912,2026-07-07,Merchant_E,Processor_A,NGN,USSD,BUSINESS
TXN109332,7500.0,SUCCESS,REF-00009332,2026-07-14,Merchant_B,Processor_B,NGN,USSD,BUSINESS
TXN103120,5000.0,SUCCESS,REF-00003120,2026-07-08,Merchant_E,Processor_B,NGN,CARD,BUSINESS
TXN102115,1500.0,SUCCESS,REF-00002115,2026-07-21,Merchant_B,Processor_C,NGN,MOBILE_MONEY,RETAIL
TXN106601,15000.0,SUCCESS,REF-00006601,2026-07-13,Merchant_A,Processor_B,NGN,USSD,RETAIL
TXN100470,500.0,SUCCESS,REF-00000470,2026-07-29,Merchant_C,Processor_B,NGN,MOBILE_MONEY,RETAIL
TXN104715,5000.0,SUCCESS,REF-00004715,2026-07-27,Merchant_A,Processor_B,NGN,BANK_TRANSFER,RETAIL
TXN107773,5000.0,SUCCESS,REF-00007773,2026-07-19,Merchant_B,Processor_B,NGN,USSD,BUSINESS
TXN107667,25000.0,SUCCESS,REF-00007667,2026-07-11,Merchant_C,Processor_A,NGN,USSD,RETAIL
TXN107168,2500.0,SUCCESS,REF-00007168,2026-07-26,Merchant_B,Processor_C,NGN,MOBILE_MONEY,RETAIL
TXN105238,500.0,SUCCESS,REF-00005238,2026-07-10,Merchant_E,Processor_B,NGN,CARD,RETAIL
TXN106179,5000.0,SUCCESS,REF-00006179,2026-07-20,Merchant_E,Processor_C,NGN,CARD,BUSINESS
TXN108403,10000.0,SUCCESS,REF-00008403,2026-07-04,Merchant_D,Processor_B,NGN,MOBILE_MONEY,BUSINESS
TXN104030,15000.0,SUCCESS,REF-00004030,2026-07-12,Merchant_C,Processor_B,NGN,USSD,RETAIL
TXN101657,5000.0,REFUNDED,REF-00001657,2026-07-29,Merchant_D,Processor_A,NGN,BANK_TRANSFER,BUSINESS
TXN109404,1500.0,SUCCESS,REF-00009404,2026-07-26,Merchant_C,Processor_B,NGN,CARD,BUSINESS
TXN101656,10000.0,REFUNDED,REF-00001656,2026-07-13,Merchant_D,Processor_B,NGN,CARD,BUSINESS
TXN100237,500.0,SUCCESS,REF-00000237,2026-07-07,Merchant_C,Processor_A,NGN,BANK_TRANSFER,BUSINESS
TXN101135,1000.0,SUCCESS,REF-00001135,2026-07-11,Merchant_B,Processor_A,NGN,CARD,BUSINESS
TXN108098,7500.0,SUCCESS,REF-00008098,2026-07-20,Merchant_E,Processor_B,NGN,MOBILE_MONEY,RETAIL
TXN103353,10000.0,SUCCESS,REF-00003353,2026-07-20,Merchant_D,Processor_B,NGN,USSD,BUSINESS
TXN101896,15000.0,SUCCESS,REF-00001896,2026-07-26,Merchant_B,Processor_A,NGN,CARD,BUSINESS
TXN109452,1500.0,SUCCESS,REF-00009452,2026-07-15,Merchant_C,Processor_B,NGN,BANK_TRANSFER,BUSINESS
TXN109599,7500.0,SUCCESS,REF-00009599,2026-07-26,Merchant_A,Processor_A,NGN,MOBILE_MONEY,RETAIL
TXN105831,10000.0,SUCCESS,REF-00005831,2026-07-17,Merchant_C,Processor_B,NGN,MOBILE_MONEY,BUSINESS
TXN105946,5000.0,SUCCESS,REF-00005946,2026-07-15,Merchant_B,Processor_B,NGN,MOBILE_MONEY,BUSINESS
TXN101513,500.0,SUCCESS,REF-00001513,2026-07-05,Merchant_B,Processor_B,NGN,MOBILE_MONEY,BUSINESS
TXN109958,15000.0,SUCCESS,REF-00009958,2026-07-15,Merchant_C,Processor_B,NGN,USSD,BUSINESS
TXN105017,5000.0,SUCCESS,REF-00005017,2026-07-24,Merchant_D,Processor_C,NGN,MOBILE_MONEY,RETAIL
TXN105730,50000.0,SUCCESS,REF-00005730,2026-07-30,Merchant_D,Processor_A,NGN,MOBILE_MONEY,RETAIL
TXN107968,7500.0,SUCCESS,REF-00007968,2026-07-31,Merchant_E,Processor_A,NGN,MOBILE_MONEY,RETAIL
TXN106245,15000.0,SUCCESS,REF-00006245,2026-07-30,Merchant_D,Processor_C,NGN,BANK_TRANSFER,RETAIL
TXN106149,100000.0,FAILED,REF-00006149,2026-07-16,Merchant_A,Processor_C,NGN,BANK_TRANSFER,BUSINESS
TXN102796,1000.0,SUCCESS,REF-00002796,2026-07-15,Merchant_D,Processor_A,NGN,BANK_TRANSFER,RETAIL
TXN105211,2500.0,SUCCESS,REF-00005211,2026-07-17,Merchant_C,Processor_A,NGN,BANK_TRANSFER,RETAIL
TXN103379,25000.0,SUCCESS,REF-00003379,2026-07-23,Merchant_E,Processor_A,NGN,CARD,RETAIL
TXN108455,1500.0,SUCCESS,REF-00008455,2026-07-06,Merchant_E,Processor_B,NGN,MOBILE_MONEY,BUSINESS
TXN108306,1500.0,SUCCESS,REF-00008306,2026-07-16,Merchant_B,Processor_B,NGN,CARD,RETAIL
TXN109880,7500.0,FAILED,REF-00009880,2026-07-29,Merchant_C,Processor_C,NGN,CARD,BUSINESS
TXN105287,1000.0,FAILED,REF-00005287,2026-07-13,Merchant_C,Processor_C,NGN,CARD,BUSINESS
TXN104216,1000.0,SUCCESS,REF-00004216,2026-07-15,Merchant_E,Processor_B,NGN,USSD,BUSINESS
TXN107160,25000.0,SUCCESS,REF-00007160,2026-07-02,Merchant_E,Processor_A,NGN,MOBILE_MONEY,RETAIL
TXN104867,1500.0,SUCCESS,REF-00004867,2026-07-05,Merchant_E,Processor_B,NGN,MOBILE_MONEY,RETAIL
TXN102217,5000.0,SUCCESS,REF-00002217,2026-07-13,Merchant_A,Processor_B,NGN,CARD,RETAIL
TXN105790,2500.0,SUCCESS,REF-00005790,2026-07-06,Merchant_E,Processor_A,NGN,BANK_TRANSFER,RETAIL
TXN106981,10000.0,SUCCESS,REF-00006981,2026-07-08,Merchant_D,Processor_C,NGN,USSD,BUSINESS
TXN100653,25000.0,SUCCESS,REF-00000653,2026-07-04,Merchant_A,Processor_C,NGN,CARD,RETAIL
TXN101556,15000.0,SUCCESS,REF-00001556,2026-07-19,Merchant_E,Processor_B,NGN,CARD,RETAIL
TXN108557,15000.0,SUCCESS,REF-00008557,2026-07-16,Merchant_E,Processor_B,NGN,USSD,RETAIL
TXN106940,50000.0,SUCCESS,REF-00006940,2026-07-08,Merchant_B,Processor_A,NGN,CARD,BUSINESS
TXN100692,10000.0,REFUNDED,REF-00000692,2026-07-29,Merchant_A,Processor_C,NGN,MOBILE_MONEY,BUSINESS
TXN108963,500.0,SUCCESS,REF-00008963,2026-07-02,Merchant_D,Processor_C,NGN,BANK_TRANSFER,BUSINESS
TXN109089,15000.0,SUCCESS,REF-00009089,2026-07-29,Merchant_A,Processor_C,NGN,BANK_TRANSFER,BUSINESS
TXN102079,25000.0,SUCCESS,REF-00002079,2026-07-14,Merchant_B,Processor_A,NGN,BANK_TRANSFER,RETAIL
TXN101111,2500.0,SUCCESS,REF-00001111,2026-07-17,Merchant_E,Processor_A,NGN,BANK_TRANSFER,BUSINESS
TXN103662,1000.0,SUCCESS,REF-00003662,2026-07-21,Merchant_E,Processor_B,NGN,CARD,BUSINESS
TXN109465,250000.0,SUCCESS,REF-00009465,2026-07-11,Merchant_A,Processor_C,NGN,BANK_TRANSFER,RETAIL
TXN104347,10000.0,SUCCESS,REF-00004347,2026-07-05,Merchant_C,Processor_C,NGN,CARD,RETAIL
TXN106427,25000.0,SUCCESS,REF-00006427,2026-07-02,Merchant_C,Processor_B,NGN,MOBILE_MONEY,RETAIL
TXN101542,10000.0,SUCCESS,REF-00001542,2026-07-16,Merchant_A,Processor_A,NGN,CARD,BUSINESS
TXN107188,10000.0,SUCCESS,REF-00007188,2026-07-24,Merchant_D,Processor_A,NGN,CARD,BUSINESS
TXN108378,10000.0,SUCCESS,REF-00008378,2026-07-15,Merchant_D,Processor_A,NGN,CARD,RETAIL
TXN104447,50000.0,SUCCESS,REF-00004447,2026-07-08,Merchant_E,Processor_A,NGN,USSD,BUSINESS
TXN103232,2500.0,SUCCESS,REF-00003232,2026-07-15,Merchant_D,Processor_C,NGN,USSD,RETAIL
TXN102541,25000.0,SUCCESS,REF-00002541,2026-07-31,Merchant_E,Processor_A,NGN,USSD,RETAIL
TXN100689,1500.0,SUCCESS,REF-00000689,2026-07-28,Merchant_A,Processor_B,NGN,MOBILE_MONEY,BUSINESS
TXN102723,7500.0,FAILED,REF-00002723,2026-07-28,Merchant_B,Processor_A,NGN,BANK_TRANSFER,RETAIL
TXN105554,50000.0,SUCCESS,REF-00005554,2026-07-26,Merchant_A,Processor_A,NGN,CARD,RETAIL
TXN109199,10000.0,SUCCESS,REF-00009199,2026-07-15,Merchant_A,Processor_B,NGN,CARD,BUSINESS
TXN108846,100000.0,SUCCESS,REF-00008846,2026-07-12,Merchant_E,Processor_B,NGN,BANK_TRANSFER,BUSINESS
TXN103372,2500.0,SUCCESS,REF-00003372,2026-07-14,Merchant_A,Processor_A,NGN,USSD,BUSINESS
TXN100201,1000.0,SUCCESS,REF-00000201,2026-07-29,Merchant_E,Processor_B,NGN,MOBILE_MONEY,BUSINESS
TXN105945,5000.0,SUCCESS,REF-00005945,2026-07-06,Merchant_D,Processor_A,NGN,CARD,RETAIL
TXN100628,500.0,SUCCESS,REF-00000628,2026-07-12,Merchant_B,Processor_C,NGN,BANK_TRANSFER,BUSINESS
TXN104603,5000.0,SUCCESS,REF-00004603,2026-07-09,Merchant_D,Processor_A,NGN,USSD,BUSINESS
TXN104918,25000.0,SUCCESS,REF-00004918,2026-07-05,Merchant_A,Processor_C,NGN,MOBILE_MONEY,RETAIL
TXN101177,1000.0,REFUNDED,REF-00001177,2026-07-15,Merchant_B,Processor_B,NGN,BANK_TRANSFER,RETAIL
TXN104437,25000.0,SUCCESS,REF-00004437,2026-07-20,Merchant_E,Processor_C,NGN,BANK_TRANSFER,RETAIL
TXN102015,7500.0,SUCCESS,REF-00002015,2026-07-29,Merchant_A,Processor_A,NGN,CARD,RETAIL
TXN101847,2500.0,SUCCESS,REF-00001847,2026-07-30,Merchant_C,Processor_B,NGN,MOBILE_MONEY,BUSINESS
TXN106718,2500.0,SUCCESS,REF-00006718,2026-07-01,Merchant_D,Processor_A,NGN,MOBILE_MONEY,BUSINESS
TXN107831,7500.0,SUCCESS,REF-00007831,2026-07-31,Merchant_C,Processor_B,NGN,USSD,BUSINESS
TXN103860,50000.0,SUCCESS,REF-00003860,2026-07-25,Merchant_E,Processor_B,NGN,USSD,RETAIL
TXN102573,10000.0,SUCCESS,REF-00002573,2026-07-18,Merchant_B,Processor_B,NGN,CARD,RETAIL
TXN106750,5000.0,SUCCESS,REF-00006750,2026-07-20,Merchant_C,Processor_A,NGN,MOBILE_MONEY,RETAIL
TXN104655,1500.0,SUCCESS,REF-00004655,2026-07-11,Merchant_C,Processor_A,NGN,USSD,RETAIL
TXN108392,250000.0,SUCCESS,REF-00008392,2026-07-05,Merchant_D,Processor_A,NGN,MOBILE_MONEY,RETAIL
TXN109737,500.0,SUCCESS,REF-00009737,2026-07-12,Merchant_A,Processor_C,NGN,BANK_TRANSFER,BUSINESS
TXN100310,7500.0,REFUNDED,REF-00000310,2026-07-20,Merchant_B,Processor_A,NGN,BANK_TRANSFER,BUSINESS
TXN101409,50000.0,SUCCESS,REF-00001409,2026-07-21,Merchant_C,Processor_C,NGN,BANK_TRANSFER,RETAIL
TXN109488,1000.0,SUCCESS,REF-00009488,2026-07-21,Merchant_A,Processor_A,NGN,MOBILE_MONEY,RETAIL
TXN106656,2500.0,SUCCESS,REF-00006656,2026-07-02,Merchant_C,Processor_B,NGN,CARD,BUSINESS
TXN104229,1500.0,SUCCESS,REF-00004229,2026-07-12,Merchant_E,Processor_C,NGN,USSD,BUSINESS
TXN104571,15000.0,FAILED,REF-00004571,2026-07-02,Merchant_D,Processor_C,NGN,CARD,BUSINESS
TXN100370,1000.0,SUCCESS,REF-00000370,2026-07-05,Merchant_E,Processor_B,NGN,CARD,RETAIL
TXN102237,1500.0,FAILED,REF-00002237,2026-07-31,Merchant_C,Processor_C,NGN,CARD,RETAIL
TXN103851,1000.0,SUCCESS,REF-00003851,2026-07-22,Merchant_B,Processor_B,NGN,CARD,RETAIL
TXN101258,1000.0,FAILED,REF-00001258,2026-07-15,Merchant_C,Processor_B,NGN,USSD,BUSINESS
TXN104297,1500.0,SUCCESS,REF-00004297,2026-07-06,Merchant_E,Processor_C,NGN,BANK_TRANSFER,BUSINESS
TXN101089,2500.0,SUCCESS,REF-00001089,2026-07-15,Merchant_C,Processor_B,NGN,BANK_TRANSFER,BUSINESS
TXN102199,5000.0,SUCCESS,REF-00002199,2026-07-28,Merchant_D,Processor_B,NGN,BANK_TRANSFER,RETAIL
TXN102654,25000.0,SUCCESS,REF-00002654,2026-07-13,Merchant_B,Processor_C,NGN,MOBILE_MONEY,BUSINESS
TXN101993,1500.0,SUCCESS,REF-00001993,2026-07-17,Merchant_D,Processor_B,NGN,MOBILE_MONEY,RETAIL
TXN108995,10000.0,SUCCESS,REF-00008995,2026-07-03,Merchant_E,Processor_A,NGN,USSD,RETAIL
TXN109240,5000.0,SUCCESS,REF-00009240,2026-07-24,Merchant_C,Processor_C,NGN,USSD,RETAIL
TXN100431,25000.0,SUCCESS,REF-00000431,2026-07-22,Merchant_D,Processor_B,NGN,USSD,RETAIL
TXN108925,15000.0,SUCCESS,REF-00008925,2026-07-15,Merchant_D,Processor_C,NGN,BANK_TRANSFER,BUSINESS
TXN106000,15000.0,SUCCESS,REF-00006000,2026-07-06,Merchant_B,Processor_A,NGN,USSD,RETAIL
TXN102429,100000.0,SUCCESS,REF-00002429,2026-07-09,Merchant_B,Processor_A,NGN,BANK_TRANSFER,BUSINESS
TXN106034,15000.0,SUCCESS,REF-00006034,2026-07-07,Merchant_B,Processor_C,NGN,BANK_TRANSFER,RETAIL
TXN101207,7500.0,SUCCESS,REF-00001207,2026-07-02,Merchant_D,Processor_B,NGN,CARD,BUSINESS
TXN103908,10000.0,SUCCESS,REF-00003908,2026-07-20,Merchant_E,Processor_B,NGN,MOBILE_MONEY,BUSINESS
TXN103892,15000.0,SUCCESS,REF-00003892,2026-07-18,Merchant_D,Processor_C,NGN,MOBILE_MONEY,RETAIL
TXN103798,1500.0,FAILED,REF-00003798,2026-07-07,Merchant_E,Processor_A,NGN,USSD,RETAIL
TXN109155,1500.0,SUCCESS,REF-00009155,2026-07-01,Merchant_C,Processor_B,NGN,CARD,RETAIL
TXN104970,10000.0,REFUNDED,REF-00004970,2026-07-02,Merchant_E,Processor_B,NGN,USSD,BUSINESS
TXN102531,50000.0,SUCCESS,REF-00002531,2026-07-31,Merchant_C,Processor_C,NGN,USSD,BUSINESS
TXN105653,5000.0,SUCCESS,REF-00005653,2026-07-05,Merchant_B,Processor_B,NGN,MOBILE_MONEY,RETAIL
TXN103990,1000.0,SUCCESS,REF-00003990,2026-07-28,Merchant_D,Processor_B,NGN,CARD,RETAIL
TXN103875,7500.0,SUCCESS,REF-00003875,2026-07-24,Merchant_D,Processor_C,NGN,USSD,BUSINESS
TXN104611,1000.0,SUCCESS,REF-00004611,2026-07-03,Merchant_C,Processor_B,NGN,USSD,RETAIL
TXN105864,25000.0,SUCCESS,REF-00005864,2026-07-01,Merchant_B,Processor_A,NGN,USSD,RETAIL
TXN107113,2500.0,FAILED,REF-00007113,2026-07-10,Merchant_C,Processor_C,NGN,BANK_TRANSFER,RETAIL
TXN100210,10000.0,REFUNDED,REF-00000210,2026-07-29,Merchant_C,Processor_A,NGN,MOBILE_MONEY,RETAIL
TXN107305,100000.0,SUCCESS,REF-00007305,2026-07-03,Merchant_C,Processor_B,NGN,BANK_TRANSFER,BUSINESS
TXN106638,1000.0,SUCCESS,REF-00006638,2026-07-04,Merchant_D,Processor_B,NGN,USSD,BUSINESS
TXN100083,1000.0,SUCCESS,REF-00000083,2026-07-14,Merchant_C,Processor_A,NGN,CARD,RETAIL
TXN106102,5000.0,SUCCESS,REF-00006102,2026-07-27,Merchant_B,Processor_A,NGN,BANK_TRANSFER,RETAIL
TXN109310,2500.0,SUCCESS,REF-00009310,2026-07-27,Merchant_B,Processor_C,NGN,BANK_TRANSFER,BUSINESS
TXN101222,7500.0,SUCCESS,REF-00001222,2026-07-13,Merchant_E,Processor_A,NGN,USSD,RETAIL
TXN105406,250000.0,SUCCESS,REF-00005406,2026-07-26,Merchant_E,Processor_B,NGN,BANK_TRANSFER,RETAIL
TXN108761,15000.0,SUCCESS,REF-00008761,2026-07-09,Merchant_E,Processor_C,NGN,CARD,BUSINESS
TXN106917,100000.0,SUCCESS,REF-00006917,2026-07-21,Merchant_C,Processor_C,NGN,CARD,BUSINESS
TXN100744,2500.0,SUCCESS,REF-00000744,2026-07-24,Merchant_B,Processor_A,NGN,MOBILE_MONEY,BUSINESS
TXN105385,10000.0,SUCCESS,REF-00005385,2026-07-11,Merchant_D,Processor_A,NGN,MOBILE_MONEY,BUSINESS
TXN105185,100000.0,SUCCESS,REF-00005185,2026-07-25,Merchant_E,Processor_A,NGN,CARD,BUSINESS
TXN100643,5000.0,FAILED,REF-00000643,2026-07-30,Merchant_E,Processor_A,NGN,CARD,BUSINESS
TXN104627,10000.0,SUCCESS,REF-00004627,2026-07-28,Merchant_D,Processor_C,NGN,BANK_TRANSFER,BUSINESS
TXN108776,250000.0,SUCCESS,REF-00008776,2026-07-06,Merchant_D,Processor_A,NGN,MOBILE_MONEY,RETAIL
TXN108101,250000.0,SUCCESS,REF-00008101,2026-07-04,Merchant_E,Processor_C,NGN,BANK_TRANSFER,RETAIL
TXN107116,50000.0,SUCCESS,REF-00007116,2026-07-11,Merchant_C,Processor_B,NGN,CARD,BUSINESS
TXN101494,15000.0,SUCCESS,REF-00001494,2026-07-15,Merchant_B,Processor_A,NGN,MOBILE_MONEY,RETAIL
TXN102544,1000.0,SUCCESS,REF-00002544,2026-07-09,Merchant_B,Processor_A,NGN,BANK_TRANSFER,BUSINESS
TXN101679,25000.0,SUCCESS,REF-00001679,2026-07-08,Merchant_B,Processor_C,NGN,MOBILE_MONEY,BUSINESS
TXN108340,50000.0,SUCCESS,REF-00008340,2026-07-26,Merchant_C,Processor_C,NGN,USSD,BUSINESS
TXN100120,50000.0,SUCCESS,REF-00000120,2026-07-15,Merchant_B,Processor_C,NGN,USSD,RETAIL
TXN107597,500.0,SUCCESS,REF-00007597,2026-07-17,Merchant_B,Processor_C,NGN,USSD,BUSINESS
TXN103138,10000.0,FAILED,REF-00003138,2026-07-23,Merchant_A,Processor_A,NGN,USSD,BUSINESS
TXN100812,1500.0,SUCCESS,REF-00000812,2026-07-14,Merchant_A,Processor_A,NGN,USSD,RETAIL
TXN103837,1000.0,SUCCESS,REF-00003837,2026-07-06,Merchant_D,Processor_B,NGN,MOBILE_MONEY,BUSINESS
TXN104993,15000.0,SUCCESS,REF-00004993,2026-07-21,Merchant_E,Processor_A,NGN,CARD,RETAIL
TXN108464,250000.0,SUCCESS,REF-00008464,2026-07-08,Merchant_A,Processor_A,NGN,BANK_TRANSFER,RETAIL
TXN103907,5000.0,SUCCESS,REF-00003907,2026-07-11,Merchant_C,Processor_B,NGN,CARD,BUSINESS
TXN106053,7500.0,SUCCESS,REF-00006053,2026-07-03,Merchant_E,Processor_B,NGN,CARD,BUSINESS
TXN102718,50000.0,SUCCESS,REF-00002718,2026-07-17,Merchant_E,Processor_B,NGN,CARD,RETAIL
TXN109048,250000.0,SUCCESS,REF-00009048,2026-07-22,Merchant_B,Processor_A,NGN,BANK_TRANSFER,BUSINESS
TXN106828,15000.0,SUCCESS,REF-00006828,2026-07-08,Merchant_D,Processor_B,NGN,USSD,BUSINESS
TXN104440,100000.0,SUCCESS,REF-00004440,2026-07-13,Merchant_A,Processor_B,NGN,MOBILE_MONEY,BUSINESS
TXN106395,5000.0,SUCCESS,REF-00006395,2026-07-20,Merchant_D,Processor_B,NGN,MOBILE_MONEY,RETAIL
TXN108595,10000.0,FAILED,REF-00008595,2026-07-09,Merchant_C,Processor_A,NGN,CARD,BUSINESS
TXN100666,2500.0,SUCCESS,REF-00000666,2026-07-31,Merchant_B,Processor_B,NGN,MOBILE_MONEY,BUSINESS
TXN101397,2500.0,SUCCESS,REF-00001397,2026-07-08,Merchant_B,Processor_B,NGN,BANK_TRANSFER,BUSINESS
TXN109875,1000.0,SUCCESS,REF-00009875,2026-07-18,Merchant_C,Processor_B,NGN,CARD,RETAIL
TXN106541,50000.0,SUCCESS,REF-00006541,2026-07-05,Merchant_E,Processor_B,NGN,BANK_TRANSFER,BUSINESS
TXN106170,1000.0,SUCCESS,REF-00006170,2026-07-27,Merchant_B,Processor_C,NGN,CARD,RETAIL
TXN103539,1000.0,SUCCESS,REF-00003539,2026-07-21,Merchant_A,Processor_A,NGN,USSD,RETAIL
TXN101010,2500.0,SUCCESS,REF-00001010,2026-07-03,Merchant_C,Processor_C,NGN,MOBILE_MONEY,RETAIL
TXN106289,7500.0,SUCCESS,REF-00006289,2026-07-01,Merchant_D,Processor_C,NGN,MOBILE_MONEY,RETAIL
TXN109721,7500.0,SUCCESS,REF-00009721,2026-07-12,Merchant_A,Processor_C,NGN,BANK_TRANSFER,RETAIL
TXN103651,7500.0,SUCCESS,REF-00003651,2026-07-05,Merchant_E,Processor_C,NGN,MOBILE_MONEY,RETAIL
TXN101036,5000.0,SUCCESS,REF-00001036,2026-07-14,Merchant_B,Processor_A,NGN,CARD,RETAIL
TXN103956,100000.0,SUCCESS,REF-00003956,2026-07-26,Merchant_D,Processor_C,NGN,USSD,RETAIL
TXN109425,25000.0,SUCCESS,REF-00009425,2026-07-17,Merchant_E,Processor_C,NGN,MOBILE_MONEY,RETAIL
TXN109790,2500.0,SUCCESS,REF-00009790,2026-07-12,Merchant_E,Processor_C,NGN,USSD,BUSINESS
TXN103794,500.0,SUCCESS,REF-00003794,2026-07-15,Merchant_A,Processor_A,NGN,BANK_TRANSFER,RETAIL
TXN105783,1000.0,SUCCESS,REF-00005783,2026-07-08,Merchant_D,Processor_C,NGN,USSD,RETAIL
TXN108752,2500.0,SUCCESS,REF-00008752,2026-07-02,Merchant_C,Processor_A,NGN,MOBILE_MONEY,BUSINESS
TXN103830,5000.0,SUCCESS,REF-00003830,2026-07-05,Merchant_B,Processor_B,NGN,MOBILE_MONEY,BUSINESS
TXN103681,1500.0,SUCCESS,REF-00003681,2026-07-14,Merchant_D,Processor_C,NGN,BANK_TRANSFER,RETAIL
TXN108712,15000.0,REFUNDED,REF-00008712,2026-07-26,Merchant_A,Processor_B,NGN,BANK_TRANSFER,BUSINESS
TXN108552,15000.0,SUCCESS,REF-00008552,2026-07-26,Merchant_D,Processor_C,NGN,USSD,BUSINESS
TXN108739,15000.0,SUCCESS,REF-00008739,2026-07-03,Merchant_E,Processor_B,NGN,USSD,RETAIL
TXN105546,1000.0,SUCCESS,REF-00005546,2026-07-04,Merchant_E,Processor_B,NGN,BANK_TRANSFER,RETAIL
TXN102869,5000.0,SUCCESS,REF-00002869,2026-07-07,Merchant_C,Processor_C,NGN,MOBILE_MONEY,RETAIL
TXN109369,10000.0,SUCCESS,REF-00009369,2026-07-27,Merchant_E,Processor_A,NGN,USSD,RETAIL
TXN109902,1500.0,SUCCESS,REF-00009902,2026-07-05,Merchant_E,Processor_A,NGN,BANK_TRANSFER,RETAIL
TXN102006,7500.0,SUCCESS,REF-00002006,2026-07-26,Merchant_A,Processor_C,NGN,USSD,RETAIL
TXN106927,15000.0,SUCCESS,REF-00006927,2026-07-28,Merchant_A,Processor_A,NGN,BANK_TRANSFER,RETAIL
TXN108223,100000.0,SUCCESS,REF-00008223,2026-07-04,Merchant_C,Processor_A,NGN,MOBILE_MONEY,RETAIL
TXN109366,10000.0,REFUNDED,REF-00009366,2026-07-07,Merchant_C,Processor_A,NGN,USSD,RETAIL
TXN102615,1000.0,SUCCESS,REF-00002615,2026-07-21,Merchant_E,Processor_C,NGN,USSD,BUSINESS
TXN109775,7500.0,SUCCESS,REF-00009775,2026-07-20,Merchant_C,Processor_A,NGN,CARD,BUSINESS
TXN102148,10000.0,SUCCESS,REF-00002148,2026-07-17,Merchant_D,Processor_C,NGN,CARD,BUSINESS
TXN107141,1500.0,REFUNDED,REF-00007141,2026-07-19,Merchant_D,Processor_A,NGN,MOBILE_MONEY,BUSINESS
TXN104977,2500.0,SUCCESS,REF-00004977,2026-07-30,Merchant_D,Processor_C,NGN,BANK_TRANSFER,BUSINESS
TXN109221,10000.0,REFUNDED,REF-00009221,2026-07-14,Merchant_B,Processor_C,NGN,CARD,RETAIL
TXN109326,25000.0,SUCCESS,REF-00009326,2026-07-12,Merchant_B,Processor_C,NGN,CARD,RETAIL
TXN100022,5000.0,FAILED,REF-00000022,2026-07-02,Merchant_A,Processor_B,NGN,MOBILE_MONEY,RETAIL
TXN101781,100000.0,SUCCESS,REF-00001781,2026-07-24,Merchant_A,Processor_A,NGN,BANK_TRANSFER,RETAIL
TXN105028,25000.0,SUCCESS,REF-00005028,2026-07-12,Merchant_B,Processor_C,NGN,MOBILE_MONEY,BUSINESS
TXN108832,25000.0,SUCCESS,REF-00008832,2026-07-31,Merchant_D,Processor_A,NGN,USSD,RETAIL
TXN101796,25000.0,SUCCESS,REF-00001796,2026-07-09,Merchant_D,Processor_B,NGN,USSD,RETAIL
TXN104325,250000.0,FAILED,REF-00004325,2026-07-29,Merchant_E,Processor_B,NGN,BANK_TRANSFER,BUSINESS
TXN101573,50000.0,SUCCESS,REF-00001573,2026-07-25,Merchant_E,Processor_C,NGN,CARD,RETAIL
TXN102099,7500.0,SUCCESS,REF-00002099,2026-07-14,Merchant_A,Processor_B,NGN,MOBILE_MONEY,BUSINESS
TXN100355,15000.0,SUCCESS,REF-00000355,2026-07-07,Merchant_D,Processor_B,NGN,MOBILE_MONEY,RETAIL
TXN105625,50000.0,SUCCESS,REF-00005625,2026-07-29,Merchant_D,Processor_A,NGN,USSD,BUSINESS
TXN100177,5000.0,SUCCESS,REF-00000177,2026-07-05,Merchant_E,Processor_B,NGN,MOBILE_MONEY,BUSINESS
TXN109028,250000.0,SUCCESS,REF-00009028,2026-07-03,Merchant_D,Processor_B,NGN,CARD,RETAIL
TXN103674,15000.0,REFUNDED,REF-00003674,2026-07-22,Merchant_C,Processor_B,NGN,BANK_TRANSFER,RETAIL
TXN107549,25000.0,SUCCESS,REF-00007549,2026-07-10,Merchant_E,Processor_B,NGN,MOBILE_MONEY,RETAIL
TXN107298,5000.0,SUCCESS,REF-00007298,2026-07-15,Merchant_B,Processor_C,NGN,CARD,RETAIL
TXN100574,50000.0,FAILED,REF-00000574,2026-07-20,Merchant_B,Processor_B,NGN,BANK_TRANSFER,RETAIL
TXN104195,1500.0,SUCCESS,REF-00004195,2026-07-02,Merchant_A,Processor_A,NGN,MOBILE_MONEY,BUSINESS
TXN104043,15000.0,SUCCESS,REF-00004043,2026-07-19,Merchant_E,Processor_A,NGN,MOBILE_MONEY,BUSINESS
TXN103920,100000.0,SUCCESS,REF-00003920,2026-07-05,Merchant_D,Processor_B,NGN,BANK_TRANSFER,BUSINESS
TXN102511,100000.0,REFUNDED,REF-00002511,2026-07-03,Merchant_E,Processor_B,NGN,MOBILE_MONEY,BUSINESS
TXN102247,50000.0,SUCCESS,REF-00002247,2026-07-19,Merchant_E,Processor_A,NGN,MOBILE_MONEY,RETAIL
TXN109479,1000.0,SUCCESS,REF-00009479,2026-07-02,Merchant_C,Processor_B,NGN,MOBILE_MONEY,BUSINESS
TXN104178,5000.0,SUCCESS,REF-00004178,2026-07-11,Merchant_A,Processor_A,NGN,USSD,RETAIL
TXN103934,5000.0,SUCCESS,REF-00003934,2026-07-21,Merchant_E,Processor_A,NGN,BANK_TRANSFER,BUSINESS
TXN109321,100000.0,REFUNDED,REF-00009321,2026-07-17,Merchant_A,Processor_C,NGN,USSD,RETAIL
TXN103451,15000.0,SUCCESS,REF-00003451,2026-07-08,Merchant_E,Processor_A,NGN,BANK_TRANSFER,RETAIL
TXN108194,5000.0,SUCCESS,REF-00008194,2026-07-22,Merchant_C,Processor_A,NGN,USSD,RETAIL
TXN104175,250000.0,SUCCESS,REF-00004175,2026-07-15,Merchant_A,Processor_C,NGN,MOBILE_MONEY,RETAIL
TXN105487,15000.0,SUCCESS,REF-00005487,2026-07-04,Merchant_D,Processor_A,NGN,CARD,BUSINESS
TXN106060,7500.0,SUCCESS,REF-00006060,2026-07-30,Merchant_A,Processor_C,NGN,BANK_TRANSFER,BUSINESS
TXN107670,25000.0,SUCCESS,REF-00007670,2026-07-16,Merchant_B,Processor_B,NGN,CARD,BUSINESS
TXN100834,10000.0,SUCCESS,REF-00000834,2026-07-08,Merchant_D,Processor_A,NGN,BANK_TRANSFER,BUSINESS
TXN106796,250000.0,SUCCESS,REF-00006796,2026-07-21,Merchant_D,Processor_C,NGN,BANK_TRANSFER,BUSINESS
TXN107529,2500.0,SUCCESS,REF-00007529,2026-07-29,Merchant_B,Processor_C,NGN,MOBILE_MONEY,BUSINESS
TXN102807,1500.0,SUCCESS,REF-00002807,2026-07-17,Merchant_A,Processor_C,NGN,BANK_TRANSFER,RETAIL
TXN105098,7500.0,SUCCESS,REF-00005098,2026-07-15,Merchant_A,Processor_A,NGN,MOBILE_MONEY,BUSINESS
TXN108622,10000.0,SUCCESS,REF-00008622,2026-07-03,Merchant_B,Processor_B,NGN,MOBILE_MONEY,RETAIL
TXN100315,25000.0,SUCCESS,REF-00000315,2026-07-31,Merchant_E,Processor_A,NGN,MOBILE_MONEY,RETAIL
TXN100376,50000.0,SUCCESS,REF-00000376,2026-07-19,Merchant_A,Processor_B,NGN,USSD,RETAIL
TXN103792,15000.0,SUCCESS,REF-00003792,2026-07-15,Merchant_B,Processor_B,NGN,USSD,BUSINESS
TXN107907,50000.0,SUCCESS,REF-00007907,2026-07-27,Merchant_B,Processor_A,NGN,MOBILE_MONEY,RETAIL
TXN106302,10000.0,SUCCESS,REF-00006302,2026-07-16,Merchant_E,Processor_A,NGN,CARD,BUSINESS
TXN109803,15000.0,SUCCESS,REF-00009803,2026-07-22,Merchant_E,Processor_C,NGN,CARD,BUSINESS
TXN106627,25000.0,SUCCESS,REF-00006627,2026-07-11,Merchant_E,Processor_B,NGN,BANK_TRANSFER,BUSINESS
TXN107632,5000.0,SUCCESS,REF-00007632,2026-07-20,Merchant_D,Processor_A,NGN,CARD,RETAIL
TXN107986,25000.0,SUCCESS,REF-00007986,2026-07-05,Merchant_C,Processor_B,NGN,BANK_TRANSFER,RETAIL
TXN106854,500.0,SUCCESS,REF-00006854,2026-07-18,Merchant_A,Processor_C,NGN,BANK_TRANSFER,BUSINESS
TXN101179,10000.0,SUCCESS,REF-00001179,2026-07-22,Merchant_C,Processor_A,NGN,BANK_TRANSFER,BUSINESS
TXN103639,2500.0,SUCCESS,REF-00003639,2026-07-12,Merchant_E,Processor_A,NGN,USSD,RETAIL
TXN106723,7500.0,SUCCESS,REF-00006723,2026-07-12,Merchant_C,Processor_B,NGN,MOBILE_MONEY,BUSINESS
TXN103450,7500.0,SUCCESS,REF-00003450,2026-07-28,Merchant_A,Processor_C,NGN,CARD,BUSINESS
TXN108295,50000.0,SUCCESS,REF-00008295,2026-07-18,Merchant_A,Processor_B,NGN,MOBILE_MONEY,RETAIL
TXN103122,1000.0,SUCCESS,REF-00003122,2026-07-03,Merchant_E,Processor_C,NGN,MOBILE_MONEY,BUSINESS
TXN108951,50000.0,SUCCESS,REF-00008951,2026-07-29,Merchant_D,Processor_C,NGN,USSD,BUSINESS
TXN100936,500.0,FAILED,REF-00000936,2026-07-12,Merchant_D,Processor_A,NGN,BANK_TRANSFER,BUSINESS
TXN107976,100000.0,SUCCESS,REF-00007976,2026-07-04,Merchant_B,Processor_B,NGN,MOBILE_MONEY,BUSINESS
TXN102994,1500.0,SUCCESS,REF-00002994,2026-07-22,Merchant_D,Processor_A,NGN,BANK_TRANSFER,BUSINESS
TXN109333,25000.0,FAILED,REF-00009333,2026-07-13,Merchant_B,Processor_A,NGN,USSD,BUSINESS
TXN109566,15000.0,SUCCESS,REF-00009566,2026-07-04,Merchant_D,Processor_B,NGN,MOBILE_MONEY,BUSINESS
TXN102271,5000.0,SUCCESS,REF-00002271,2026-07-17,Merchant_B,Processor_B,NGN,CARD,RETAIL
TXN101223,100000.0,FAILED,REF-00001223,2026-07-18,Merchant_C,Processor_A,NGN,MOBILE_MONEY,RETAIL
TXN102363,10000.0,SUCCESS,REF-00002363,2026-07-24,Merchant_E,Processor_B,NGN,USSD,BUSINESS
TXN107526,10000.0,SUCCESS,REF-00007526,2026-07-18,Merchant_B,Processor_B,NGN,USSD,RETAIL
TXN105599,25000.0,SUCCESS,REF-00005599,2026-07-31,Merchant_D,Processor_C,NGN,MOBILE_MONEY,BUSINESS
TXN108826,15000.0,SUCCESS,REF-00008826,2026-07-29,Merchant_C,Processor_B,NGN,CARD,BUSINESS
TXN102008,1000.0,SUCCESS,REF-00002008,2026-07-23,Merchant_D,Processor_C,NGN,BANK_TRANSFER,RETAIL
TXN109125,250000.0,SUCCESS,REF-00009125,2026-07-30,Merchant_C,Processor_C,NGN,MOBILE_MONEY,RETAIL
TXN105929,100000.0,SUCCESS,REF-00005929,2026-07-20,Merchant_B,Processor_B,NGN,MOBILE_MONEY,BUSINESS
TXN101591,250000.0,FAILED,REF-00001591,2026-07-09,Merchant_E,Processor_C,NGN,CARD,RETAIL
TXN106293,5000.0,SUCCESS,REF-00006293,2026-07-19,Merchant_B,Processor_B,NGN,CARD,RETAIL
TXN106469,25000.0,SUCCESS,REF-00006469,2026-07-05,Merchant_E,Processor_C,NGN,USSD,RETAIL
TXN107825,50000.0,SUCCESS,REF-00007825,2026-07-17,Merchant_C,Processor_B,NGN,BANK_TRANSFER,BUSINESS
TXN104073,15000.0,FAILED,REF-00004073,2026-07-07,Merchant_B,Processor_C,NGN,BANK_TRANSFER,BUSINESS
TXN106001,1500.0,SUCCESS,REF-00006001,2026-07-17,Merchant_C,Processor_C,NGN,MOBILE_MONEY,RETAIL
TXN107956,15000.0,SUCCESS,REF-00007956,2026-07-14,Merchant_D,Processor_B,NGN,BANK_TRANSFER,BUSINESS
TXN105170,7500.0,SUCCESS,REF-00005170,2026-07-06,Merchant_E,Processor_B,NGN,USSD,BUSINESS
TXN108314,7500.0,FAILED,REF-00008314,2026-07-17,Merchant_A,Processor_A,NGN,USSD,RETAIL
TXN101446,25000.0,FAILED,REF-00001446,2026-07-19,Merchant_B,Processor_A,NGN,CARD,BUSINESS
TXN106739,100000.0,SUCCESS,REF-00006739,2026-07-06,Merchant_E,Processor_B,NGN,CARD,RETAIL
TXN101776,15000.0,SUCCESS,REF-00001776,2026-07-12,Merchant_C,Processor_C,NGN,USSD,RETAIL
TXN104818,100000.0,SUCCESS,REF-00004818,2026-07-20,Merchant_D,Processor_A,NGN,CARD,RETAIL
TXN105247,50000.0,SUCCESS,REF-00005247,2026-07-21,Merchant_C,Processor_C,NGN,USSD,BUSINESS
TXN105891,10000.0,SUCCESS,REF-00005891,2026-07-02,Merchant_B,Processor_B,NGN,CARD,BUSINESS
TXN108568,7500.0,SUCCESS,REF-00008568,2026-07-18,Merchant_C,Processor_B,NGN,MOBILE_MONEY,BUSINESS
TXN101933,15000.0,SUCCESS,REF-00001933,2026-07-17,Merchant_B,Processor_C,NGN,BANK_TRANSFER,BUSINESS
TXN106078,10000.0,SUCCESS,REF-00006078,2026-07-23,Merchant_A,Processor_B,NGN,USSD,BUSINESS
TXN101683,50000.0,SUCCESS,REF-00001683,2026-07-03,Merchant_A,Processor_C,NGN,CARD,RETAIL
TXN108320,1500.0,SUCCESS,REF-00008320,2026-07-07,Merchant_A,Processor_A,NGN,USSD,RETAIL
TXN100019,5000.0,SUCCESS,REF-00000019,2026-07-03,Merchant_B,Processor_C,NGN,MOBILE_MONEY,BUSINESS
TXN100449,1000.0,REFUNDED,REF-00000449,2026-07-05,Merchant_B,Processor_A,NGN,USSD,BUSINESS
TXN103915,7500.0,SUCCESS,REF-00003915,2026-07-26,Merchant_C,Processor_A,NGN,CARD,BUSINESS
TXN106818,50000.0,SUCCESS,REF-00006818,2026-07-10,Merchant_E,Processor_B,NGN,CARD,RETAIL
TXN104684,25000.0,SUCCESS,REF-00004684,2026-07-14,Merchant_B,Processor_C,NGN,USSD,BUSINESS
TXN105033,15000.0,FAILED,REF-00005033,2026-07-18,Merchant_D,Processor_A,NGN,USSD,BUSINESS
TXN101091,15000.0,SUCCESS,REF-00001091,2026-07-19,Merchant_D,Processor_B,NGN,CARD,BUSINESS
TXN108228,10000.0,SUCCESS,REF-00008228,2026-07-28,Merchant_E,Processor_B,NGN,MOBILE_MONEY,BUSINESS
TXN108450,15000.0,SUCCESS,REF-00008450,2026-07-10,Merchant_E,Processor_A,NGN,MOBILE_MONEY,RETAIL
TXN108810,2500.0,SUCCESS,REF-00008810,2026-07-25,Merchant_B,Processor_C,NGN,MOBILE_MONEY,BUSINESS
TXN105505,1500.0,SUCCESS,REF-00005505,2026-07-03,Merchant_E,Processor_A,NGN,BANK_TRANSFER,BUSINESS
TXN105147,100000.0,SUCCESS,REF-00005147,2026-07-16,Merchant_D,Processor_C,NGN,BANK_TRANSFER,BUSINESS
TXN109483,50000.0,REFUNDED,REF-00009483,2026-07-24,Merchant_E,Processor_B,NGN,BANK_TRANSFER,RETAIL
TXN100894,15000.0,SUCCESS,REF-00000894,2026-07-28,Merchant_D,Processor_C,NGN,USSD,BUSINESS
TXN100314,50000.0,SUCCESS,REF-00000314,2026-07-11,Merchant_C,Processor_C,NGN,BANK_TRANSFER,RETAIL
TXN103261,10000.0,SUCCESS,REF-00003261,2026-07-18,Merchant_A,Processor_A,NGN,USSD,BUSINESS
TXN107488,15000.0,SUCCESS,REF-00007488,2026-07-27,Merchant_D,Processor_A,NGN,MOBILE_MONEY,BUSINESS
TXN104081,2500.0,SUCCESS,REF-00004081,2026-07-08,Merchant_A,Processor_C,NGN,CARD,BUSINESS
TXN100115,100000.0,SUCCESS,REF-00000115,2026-07-08,Merchant_B,Processor_C,NGN,BANK_TRANSFER,BUSINESS
TXN101077,15000.0,SUCCESS,REF-00001077,2026-07-02,Merchant_D,Processor_A,NGN,CARD,BUSINESS
TXN102240,50000.0,SUCCESS,REF-00002240,2026-07-28,Merchant_B,Processor_C,NGN,BANK_TRANSFER,RETAIL
TXN102955,25000.0,SUCCESS,REF-00002955,2026-07-20,Merchant_E,Processor_C,NGN,BANK_TRANSFER,BUSINESS
TXN107776,5000.0,SUCCESS,REF-00007776,2026-07-06,Merchant_C,Processor_C,NGN,CARD,RETAIL
TXN102276,25000.0,SUCCESS,REF-00002276,2026-07-24,Merchant_E,Processor_A,NGN,MOBILE_MONEY,BUSINESS
TXN105226,10000.0,SUCCESS,REF-00005226,2026-07-23,Merchant_C,Processor_B,NGN,MOBILE_MONEY,BUSINESS
TXN102258,5000.0,SUCCESS,REF-00002258,2026-07-04,Merchant_A,Processor_C,NGN,MOBILE_MONEY,BUSINESS
TXN105900,15000.0,SUCCESS,REF-00005900,2026-07-26,Merchant_E,Processor_B,NGN,CARD,BUSINESS
TXN109843,25000.0,SUCCESS,REF-00009843,2026-07-25,Merchant_E,Processor_C,NGN,USSD,BUSINESS
TXN104373,7500.0,SUCCESS,REF-00004373,2026-07-14,Merchant_A,Processor_A,NGN,CARD,BUSINESS
TXN101793,15000.0,SUCCESS,REF-00001793,2026-07-13,Merchant_C,Processor_B,NGN,USSD,RETAIL
TXN100213,2500.0,SUCCESS,REF-00000213,2026-07-07,Merchant_E,Processor_A,NGN,MOBILE_MONEY,BUSINESS
TXN104486,500.0,SUCCESS,REF-00004486,2026-07-01,Merchant_D,Processor_B,NGN,USSD,BUSINESS
TXN105392,50000.0,SUCCESS,REF-00005392,2026-07-18,Merchant_A,Processor_A,NGN,MOBILE_MONEY,RETAIL
TXN104839,5000.0,SUCCESS,REF-00004839,2026-07-14,Merchant_C,Processor_A,NGN,MOBILE_MONEY,BUSINESS
TXN103924,250000.0,SUCCESS,REF-00003924,2026-07-05,Merchant_E,Processor_B,NGN,MOBILE_MONEY,BUSINESS
TXN105813,5000.0,SUCCESS,REF-00005813,2026-07-05,Merchant_B,Processor_B,NGN,MOBILE_MONEY,BUSINESS
TXN105032,10000.0,SUCCESS,REF-00005032,2026-07-02,Merchant_C,Processor_C,NGN,CARD,RETAIL
TXN108333,7500.0,SUCCESS,REF-00008333,2026-07-26,Merchant_B,Processor_A,NGN,BANK_TRANSFER,RETAIL
TXN102203,1000.0,SUCCESS,REF-00002203,2026-07-18,Merchant_A,Processor_C,NGN,BANK_TRANSFER,BUSINESS
TXN101536,1500.0,FAILED,REF-00001536,2026-07-08,Merchant_B,Processor_B,NGN,BANK_TRANSFER,BUSINESS
TXN106277,5000.0,SUCCESS,REF-00006277,2026-07-29,Merchant_D,Processor_C,NGN,CARD,BUSINESS
TXN109583,1500.0,SUCCESS,REF-00009583,2026-07-16,Merchant_E,Processor_C,NGN,MOBILE_MONEY,BUSINESS
TXN101007,50000.0,SUCCESS,REF-00001007,2026-07-01,Merchant_E,Processor_C,NGN,MOBILE_MONEY,RETAIL
TXN101144,2500.0,SUCCESS,REF-00001144,2026-07-03,Merchant_C,Processor_A,NGN,MOBILE_MONEY,BUSINESS
TXN101209,250000.0,SUCCESS,REF-00001209,2026-07-26,Merchant_E,Processor_C,NGN,BANK_TRANSFER,RETAIL
TXN101449,15000.0,SUCCESS,REF-00001449,2026-07-06,Merchant_D,Processor_A,NGN,MOBILE_MONEY,RETAIL
TXN101631,5000.0,FAILED,REF-00001631,2026-07-17,Merchant_B,Processor_B,NGN,USSD,RETAIL
TXN105410,15000.0,SUCCESS,REF-00005410,2026-07-11,Merchant_C,Processor_B,NGN,CARD,RETAIL
TXN108342,1500.0,SUCCESS,REF-00008342,2026-07-23,Merchant_A,Processor_A,NGN,MOBILE_MONEY,RETAIL
TXN109985,10000.0,FAILED,REF-00009985,2026-07-04,Merchant_E,Processor_B,NGN,MOBILE_MONEY,BUSINESS
TXN109225,100000.0,SUCCESS,REF-00009225,2026-07-11,Merchant_E,Processor_A,NGN,MOBILE_MONEY,BUSINESS
TXN108666,25000.0,SUCCESS,REF-00008666,2026-07-15,Merchant_B,Processor_A,NGN,USSD,BUSINESS
TXN101723,1000.0,SUCCESS,REF-00001723,2026-07-14,Merchant_E,Processor_C,NGN,MOBILE_MONEY,BUSINESS
TXN100322,15000.0,REFUNDED,REF-00000322,2026-07-06,Merchant_B,Processor_C,NGN,BANK_TRANSFER,RETAIL
TXN104291,1000.0,SUCCESS,REF-00004291,2026-07-28,Merchant_B,Processor_A,NGN,MOBILE_MONEY,BUSINESS
TXN103894,25000.0,SUCCESS,REF-00003894,2026-07-11,Merchant_E,Processor_A,NGN,BANK_TRANSFER,BUSINESS
TXN103943,7500.0,SUCCESS,REF-00003943,2026-07-31,Merchant_B,Processor_B,NGN,BANK_TRANSFER,BUSINESS
TXN106431,100000.0,SUCCESS,REF-00006431,2026-07-16,Merchant_E,Processor_C,NGN,MOBILE_MONEY,RETAIL
TXN107180,2500.0,REFUNDED,REF-00007180,2026-07-28,Merchant_E,Processor_A,NGN,USSD,BUSINESS
TXN106555,25000.0,SUCCESS,REF-00006555,2026-07-15,Merchant_D,Processor_B,NGN,BANK_TRANSFER,BUSINESS
TXN104618,5000.0,SUCCESS,REF-00004618,2026-07-23,Merchant_E,Processor_B,NGN,MOBILE_MONEY,BUSINESS
TXN101761,50000.0,SUCCESS,REF-00001761,2026-07-23,Merchant_E,Processor_C,NGN,MOBILE_MONEY,RETAIL
TXN109362,7500.0,SUCCESS,REF-00009362,2026-07-23,Merchant_C,Processor_A,NGN,USSD,RETAIL
TXN100282,5000.0,FAILED,REF-00000282,2026-07-27,Merchant_E,Processor_B,NGN,MOBILE_MONEY,BUSINESS
TXN102294,500.0,SUCCESS,REF-00002294,2026-07-22,Merchant_D,Processor_C,NGN,CARD,BUSINESS
TXN107165,1000.0,REFUNDED,REF-00007165,2026-07-20,Merchant_E,Processor_C,NGN,CARD,BUSINESS
TXN103047,5000.0,SUCCESS,REF-00003047,2026-07-03,Merchant_C,Processor_B,NGN,CARD,RETAIL
TXN101842,7500.0,FAILED,REF-00001842,2026-07-13,Merchant_E,Processor_A,NGN,MOBILE_MONEY,BUSINESS
TXN104941,7500.0,SUCCESS,REF-00004941,2026-07-14,Merchant_C,Processor_C,NGN,BANK_TRANSFER,RETAIL
TXN107371,15000.0,SUCCESS,REF-00007371,2026-07-23,Merchant_C,Processor_B,NGN,USSD,BUSINESS
TXN109040,1500.0,SUCCESS,REF-00009040,2026-07-31,Merchant_E,Processor_C,NGN,MOBILE_MONEY,RETAIL
TXN101490,2500.0,FAILED,REF-00001490,2026-07-13,Merchant_C,Processor_A,NGN,BANK_TRANSFER,BUSINESS
TXN109138,10000.0,FAILED,REF-00009138,2026-07-09,Merchant_E,Processor_A,NGN,MOBILE_MONEY,RETAIL
TXN107393,10000.0,SUCCESS,REF-00007393,2026-07-15,Merchant_C,Processor_A,NGN,CARD,RETAIL
TXN100263,10000.0,FAILED,REF-00000263,2026-07-22,Merchant_E,Processor_C,NGN,CARD,RETAIL
TXN106851,100000.0,SUCCESS,REF-00006851,2026-07-22,Merchant_B,Processor_B,NGN,BANK_TRANSFER,BUSINESS
TXN106337,1500.0,SUCCESS,REF-00006337,2026-07-16,Merchant_C,Processor_C,NGN,BANK_TRANSFER,RETAIL
TXN102262,100000.0,SUCCESS,REF-00002262,2026-07-29,Merchant_D,Processor_A,NGN,BANK_TRANSFER,BUSINESS
TXN104147,7500.0,SUCCESS,REF-00004147,2026-07-11,Merchant_B,Processor_A,NGN,USSD,BUSINESS
TXN103950,500.0,REFUNDED,REF-00003950,2026-07-17,Merchant_D,Processor_B,NGN,BANK_TRANSFER,RETAIL
TXN107903,50000.0,SUCCESS,REF-00007903,2026-07-25,Merchant_A,Processor_C,NGN,CARD,RETAIL
TXN109094,10000.0,SUCCESS,REF-00009094,2026-07-27,Merchant_C,Processor_C,NGN,CARD,RETAIL
TXN100968,10000.0,SUCCESS,REF-00000968,2026-07-28,Merchant_C,Processor_C,NGN,USSD,BUSINESS
TXN101946,7500.0,SUCCESS,REF-00001946,2026-07-22,Merchant_C,Processor_B,NGN,MOBILE_MONEY,BUSINESS
TXN101966,1500.0,SUCCESS,REF-00001966,2026-07-26,Merchant_D,Processor_C,NGN,BANK_TRANSFER,RETAIL
TXN102067,2500.0,REFUNDED,REF-00002067,2026-07-14,Merchant_A,Processor_B,NGN,USSD,BUSINESS
TXN101463,15000.0,SUCCESS,REF-00001463,2026-07-07,Merchant_C,Processor_B,NGN,MOBILE_MONEY,RETAIL
TXN107205,1500.0,SUCCESS,REF-00007205,2026-07-12,Merchant_C,Processor_A,NGN,MOBILE_MONEY,RETAIL
TXN108108,25000.0,SUCCESS,REF-00008108,2026-07-11,Merchant_B,Processor_B,NGN,BANK_TRANSFER,BUSINESS
TXN102149,50000.0,SUCCESS,REF-00002149,2026-07-24,Merchant_D,Processor_B,NGN,CARD,RETAIL
TXN104523,15000.0,SUCCESS,REF-00004523,2026-07-01,Merchant_A,Processor_A,NGN,BANK_TRANSFER,RETAIL
TXN100646,15000.0,FAILED,REF-00000646,2026-07-12,Merchant_A,Processor_C,NGN,BANK_TRANSFER,BUSINESS
TXN102812,15000.0,SUCCESS,REF-00002812,2026-07-17,Merchant_A,Processor_A,NGN,CARD,BUSINESS
TXN104183,5000.0,SUCCESS,REF-00004183,2026-07-17,Merchant_B,Processor_C,NGN,CARD,RETAIL
TXN101319,1000.0,FAILED,REF-00001319,2026-07-30,Merchant_C,Processor_B,NGN,CARD,BUSINESS
TXN109742,50000.0,SUCCESS,REF-00009742,2026-07-02,Merchant_E,Processor_A,NGN,MOBILE_MONEY,RETAIL
TXN108481,2500.0,REFUNDED,REF-00008481,2026-07-28,Merchant_A,Processor_C,NGN,MOBILE_MONEY,BUSINESS
TXN106319,500.0,SUCCESS,REF-00006319,2026-07-17,Merchant_B,Processor_A,NGN,BANK_TRANSFER,RETAIL
TXN104213,2500.0,SUCCESS,REF-00004213,2026-07-04,Merchant_B,Processor_C,NGN,USSD,BUSINESS
TXN109370,25000.0,SUCCESS,REF-00009370,2026-07-26,Merchant_C,Processor_A,NGN,BANK_TRANSFER,BUSINESS
TXN103864,1000.0,SUCCESS,REF-00003864,2026-07-24,Merchant_E,Processor_A,NGN,USSD,BUSINESS
TXN104199,15000.0,SUCCESS,REF-00004199,2026-07-24,Merchant_C,Processor_A,NGN,BANK_TRANSFER,RETAIL
TXN105743,250000.0,SUCCESS,REF-00005743,2026-07-21,Merchant_B,Processor_A,NGN,BANK_TRANSFER,BUSINESS
TXN109458,15000.0,SUCCESS,REF-00009458,2026-07-26,Merchant_A,Processor_A,NGN,BANK_TRANSFER,RETAIL
TXN107503,1500.0,SUCCESS,REF-00007503,2026-07-24,Merchant_D,Processor_B,NGN,MOBILE_MONEY,RETAIL
TXN109350,1000.0,SUCCESS,REF-00009350,2026-07-20,Merchant_D,Processor_A,NGN,BANK_TRANSFER,RETAIL
TXN106729,50000.0,SUCCESS,REF-00006729,2026-07-03,Merchant_C,Processor_C,NGN,USSD,RETAIL
TXN103903,2500.0,SUCCESS,REF-00003903,2026-07-31,Merchant_A,Processor_C,NGN,MOBILE_MONEY,BUSINESS
TXN102716,15000.0,SUCCESS,REF-00002716,2026-07-12,Merchant_E,Processor_B,NGN,BANK_TRANSFER,RETAIL
TXN109656,100000.0,SUCCESS,REF-00009656,2026-07-04,Merchant_B,Processor_B,NGN,CARD,BUSINESS
TXN100769,50000.0,SUCCESS,REF-00000769,2026-07-20,Merchant_B,Processor_A,NGN,MOBILE_MONEY,RETAIL
TXN102753,5000.0,SUCCESS,REF-00002753,2026-07-10,Merchant_A,Processor_C,NGN,CARD,BUSINESS
TXN104862,1000.0,SUCCESS,REF-00004862,2026-07-19,Merchant_C,Processor_B,NGN,BANK_TRANSFER,BUSINESS
TXN108229,10000.0,SUCCESS,REF-00008229,2026-07-17,Merchant_C,Processor_A,NGN,USSD,RETAIL
TXN100094,25000.0,SUCCESS,REF-00000094,2026-07-04,Merchant_B,Processor_C,NGN,CARD,BUSINESS
TXN102377,25000.0,SUCCESS,REF-00002377,2026-07-27,Merchant_A,Processor_B,NGN,CARD,RETAIL
TXN101410,2500.0,SUCCESS,REF-00001410,2026-07-05,Merchant_A,Processor_C,NGN,MOBILE_MONEY,BUSINESS
TXN108239,1500.0,SUCCESS,REF-00008239,2026-07-24,Merchant_C,Processor_A,NGN,CARD,RETAIL
TXN107213,10000.0,SUCCESS,REF-00007213,2026-07-24,Merchant_E,Processor_B,NGN,BANK_TRANSFER,RETAIL
TXN108143,5000.0,SUCCESS,REF-00008143,2026-07-31,Merchant_B,Processor_A,NGN,MOBILE_MONEY,RETAIL
TXN100687,5000.0,SUCCESS,REF-00000687,2026-07-18,Merchant_E,Processor_C,NGN,CARD,BUSINESS
TXN108046,25000.0,SUCCESS,REF-00008046,2026-07-22,Merchant_C,Processor_B,NGN,USSD,BUSINESS
TXN105129,50000.0,SUCCESS,REF-00005129,2026-07-03,Merchant_C,Processor_A,NGN,MOBILE_MONEY,BUSINESS
TXN105586,7500.0,SUCCESS,REF-00005586,2026-07-25,Merchant_A,Processor_A,NGN,USSD,BUSINESS
TXN100109,1000.0,SUCCESS,REF-00000109,2026-07-08,Merchant_C,Processor_B,NGN,USSD,RETAIL
TXN109274,25000.0,SUCCESS,REF-00009274,2026-07-18,Merchant_B,Processor_B,NGN,MOBILE_MONEY,BUSINESS
TXN108591,500.0,SUCCESS,REF-00008591,2026-07-22,Merchant_B,Processor_A,NGN,CARD,BUSINESS
TXN108425,5000.0,SUCCESS,REF-00008425,2026-07-28,Merchant_D,Processor_C,NGN,CARD,BUSINESS
TXN106785,100000.0,SUCCESS,REF-00006785,2026-07-23,Merchant_C,Processor_C,NGN,USSD,BUSINESS
TXN103608,100000.0,SUCCESS,REF-00003608,2026-07-29,Merchant_C,Processor_A,NGN,CARD,RETAIL
TXN109317,5000.0,REFUNDED,REF-00009317,2026-07-01,Merchant_E,Processor_B,NGN,MOBILE_MONEY,BUSINESS
TXN109811,50000.0,REFUNDED,REF-00009811,2026-07-26,Merchant_E,Processor_C,NGN,USSD,BUSINESS
TXN101296,1500.0,SUCCESS,REF-00001296,2026-07-23,Merchant_A,Processor_A,NGN,BANK_TRANSFER,RETAIL
TXN102023,1000.0,REFUNDED,REF-00002023,2026-07-10,Merchant_A,Processor_A,NGN,BANK_TRANSFER,BUSINESS
TXN103247,7500.0,SUCCESS,REF-00003247,2026-07-07,Merchant_D,Processor_C,NGN,BANK_TRANSFER,RETAIL
TXN107676,25000.0,SUCCESS,REF-00007676,2026-07-07,Merchant_E,Processor_C,NGN,CARD,BUSINESS
TXN109091,1000.0,SUCCESS,REF-00009091,2026-07-06,Merchant_A,Processor_C,NGN,BANK_TRANSFER,BUSINESS
TXN107458,2500.0,SUCCESS,REF-00007458,2026-07-03,Merchant_C,Processor_C,NGN,BANK_TRANSFER,BUSINESS
TXN109020,5000.0,SUCCESS,REF-00009020,2026-07-09,Merchant_E,Processor_A,NGN,USSD,RETAIL
TXN104425,7500.0,SUCCESS,REF-00004425,2026-07-10,Merchant_E,Processor_B,NGN,MOBILE_MONEY,RETAIL
TXN103403,5000.0,SUCCESS,REF-00003403,2026-07-05,Merchant_C,Processor_C,NGN,USSD,RETAIL
TXN104815,100000.0,SUCCESS,REF-00004815,2026-07-16,Merchant_E,Processor_B,NGN,USSD,BUSINESS
TXN107866,2500.0,SUCCESS,REF-00007866,2026-07-11,Merchant_D,Processor_C,NGN,BANK_TRANSFER,BUSINESS
TXN100773,7500.0,SUCCESS,REF-00000773,2026-07-13,Merchant_D,Processor_C,NGN,USSD,RETAIL
TXN105242,10000.0,SUCCESS,REF-00005242,2026-07-09,Merchant_C,Processor_B,NGN,BANK_TRANSFER,BUSINESS
TXN107162,15000.0,SUCCESS,REF-00007162,2026-07-23,Merchant_B,Processor_B,NGN,CARD,RETAIL
TXN101617,15000.0,SUCCESS,REF-00001617,2026-07-21,Merchant_E,Processor_B,NGN,BANK_TRANSFER,RETAIL
TXN100204,15000.0,SUCCESS,REF-00000204,2026-07-05,Merchant_A,Processor_C,NGN,MOBILE_MONEY,BUSINESS
TXN102848,10000.0,SUCCESS,REF-00002848,2026-07-04,Merchant_E,Processor_A,NGN,USSD,BUSINESS
TXN103287,50000.0,SUCCESS,REF-00003287,2026-07-08,Merchant_B,Processor_C,NGN,MOBILE_MONEY,RETAIL
TXN107834,1500.0,SUCCESS,REF-00007834,2026-07-01,Merchant_A,Processor_A,NGN,MOBILE_MONEY,RETAIL
TXN100105,2500.0,SUCCESS,REF-00000105,2026-07-14,Merchant_D,Processor_B,NGN,USSD,BUSINESS
TXN109706,500.0,SUCCESS,REF-00009706,2026-07-08,Merchant_A,Processor_A,NGN,USSD,BUSINESS
TXN103069,15000.0,SUCCESS,REF-00003069,2026-07-25,Merchant_A,Processor_A,NGN,USSD,RETAIL
TXN107612,100000.0,SUCCESS,REF-00007612,2026-07-28,Merchant_B,Processor_C,NGN,MOBILE_MONEY,BUSINESS
TXN104360,1000.0,REFUNDED,REF-00004360,2026-07-03,Merchant_C,Processor_C,NGN,CARD,RETAIL
TXN100327,15000.0,SUCCESS,REF-00000327,2026-07-28,Merchant_C,Processor_B,NGN,MOBILE_MONEY,BUSINESS
TXN107361,7500.0,SUCCESS,REF-00007361,2026-07-21,Merchant_E,Processor_A,NGN,CARD,RETAIL
TXN108168,7500.0,SUCCESS,REF-00008168,2026-07-22,Merchant_B,Processor_A,NGN,BANK_TRANSFER,BUSINESS
TXN104128,5000.0,SUCCESS,REF-00004128,2026-07-20,Merchant_D,Processor_C,NGN,USSD,BUSINESS
TXN101858,50000.0,SUCCESS,REF-00001858,2026-07-19,Merchant_B,Processor_A,NGN,MOBILE_MONEY,BUSINESS
TXN101387,1500.0,SUCCESS,REF-00001387,2026-07-14,Merchant_C,Processor_B,NGN,CARD,BUSINESS
TXN101860,25000.0,FAILED,REF-00001860,2026-07-29,Merchant_E,Processor_A,NGN,CARD,BUSINESS
TXN102898,7500.0,FAILED,REF-00002898,2026-07-09,Merchant_A,Processor_B,NGN,CARD,RETAIL
TXN108690,7500.0,SUCCESS,REF-00008690,2026-07-21,Merchant_C,Processor_C,NGN,USSD,BUSINESS
TXN102198,10000.0,SUCCESS,REF-00002198,2026-07-13,Merchant_D,Processor_A,NGN,CARD,BUSINESS
TXN101429,50000.0,SUCCESS,REF-00001429,2026-07-29,Merchant_E,Processor_B,NGN,USSD,RETAIL
TXN108120,5000.0,SUCCESS,REF-00008120,2026-07-11,Merchant_B,Processor_B,NGN,MOBILE_MONEY,BUSINESS
TXN108923,50000.0,SUCCESS,REF-00008923,2026-07-25,Merchant_C,Processor_B,NGN,CARD,RETAIL
TXN108462,5000.0,SUCCESS,REF-00008462,2026-07-03,Merchant_E,Processor_C,NGN,CARD,BUSINESS
TXN104559,250000.0,SUCCESS,REF-00004559,2026-07-03,Merchant_A,Processor_A,NGN,USSD,BUSINESS
TXN100604,1500.0,SUCCESS,REF-00000604,2026-07-21,Merchant_B,Processor_B,NGN,USSD,RETAIL
TXN109664,5000.0,SUCCESS,REF-00009664,2026-07-06,Merchant_B,Processor_B,NGN,MOBILE_MONEY,RETAIL
TXN108222,1000.0,SUCCESS,REF-00008222,2026-07-01,Merchant_D,Processor_B,NGN,USSD,BUSINESS
TXN101500,10000.0,SUCCESS,REF-00001500,2026-07-04,Merchant_B,Processor_C,NGN,MOBILE_MONEY,BUSINESS
TXN107686,25000.0,SUCCESS,REF-00007686,2026-07-07,Merchant_C,Processor_A,NGN,MOBILE_MONEY,RETAIL
TXN102649,7500.0,FAILED,REF-00002649,2026-07-02,Merchant_B,Processor_B,NGN,CARD,RETAIL
TXN109990,7500.0,SUCCESS,REF-00009990,2026-07-05,Merchant_B,Processor_A,NGN,BANK_TRANSFER,BUSINESS
TXN109608,2500.0,SUCCESS,REF-00009608,2026-07-03,Merchant_E,Processor_A,NGN,BANK_TRANSFER,BUSINESS
TXN104563,1000.0,SUCCESS,REF-00004563,2026-07-21,Merchant_A,Processor_B,NGN,USSD,RETAIL
TXN108379,7500.0,SUCCESS,REF-00008379,2026-07-02,Merchant_B,Processor_B,NGN,USSD,RETAIL
TXN102923,1500.0,FAILED,REF-00002923,2026-07-06,Merchant_C,Processor_C,NGN,BANK_TRANSFER,BUSINESS
TXN103753,25000.0,SUCCESS,REF-00003753,2026-07-24,Merchant_E,Processor_A,NGN,MOBILE_MONEY,RETAIL
TXN105201,250000.0,SUCCESS,REF-00005201,2026-07-22,Merchant_C,Processor_B,NGN,BANK_TRANSFER,BUSINESS
TXN102172,1500.0,SUCCESS,REF-00002172,2026-07-25,Merchant_B,Processor_C,NGN,MOBILE_MONEY,BUSINESS
TXN101588,7500.0,SUCCESS,REF-00001588,2026-07-25,Merchant_E,Processor_A,NGN,MOBILE_MONEY,RETAIL
TXN103707,5000.0,SUCCESS,REF-00003707,2026-07-26,Merchant_B,Processor_C,NGN,USSD,BUSINESS
TXN106441,500.0,SUCCESS,REF-00006441,2026-07-30,Merchant_E,Processor_C,NGN,USSD,RETAIL
TXN103288,100000.0,SUCCESS,REF-00003288,2026-07-21,Merchant_B,Processor_B,NGN,USSD,BUSINESS
TXN103745,2500.0,SUCCESS,REF-00003745,2026-07-28,Merchant_B,Processor_C,NGN,BANK_TRANSFER,RETAIL
TXN106015,25000.0,SUCCESS,REF-00006015,2026-07-15,Merchant_C,Processor_C,NGN,BANK_TRANSFER,RETAIL
TXN101016,1500.0,SUCCESS,REF-00001016,2026-07-06,Merchant_E,Processor_C,NGN,BANK_TRANSFER,RETAIL
TXN108144,250000.0,SUCCESS,REF-00008144,2026-07-23,Merchant_C,Processor_C,NGN,MOBILE_MONEY,BUSINESS
TXN103050,2500.0,FAILED,REF-00003050,2026-07-01,Merchant_A,Processor_C,NGN,USSD,RETAIL
TXN106507,100000.0,SUCCESS,REF-00006507,2026-07-17,Merchant_E,Processor_C,NGN,CARD,BUSINESS
TXN107266,2500.0,SUCCESS,REF-00007266,2026-07-26,Merchant_C,Processor_C,NGN,BANK_TRANSFER,BUSINESS
TXN108337,10000.0,SUCCESS,REF-00008337,2026-07-29,Merchant_B,Processor_A,NGN,CARD,BUSINESS
TXN103457,25000.0,SUCCESS,REF-00003457,2026-07-08,Merchant_B,Processor_A,NGN,CARD,RETAIL
TXN109652,2500.0,SUCCESS,REF-00009652,2026-07-23,Merchant_B,Processor_C,NGN,BANK_TRANSFER,BUSINESS
TXN109967,1000.0,SUCCESS,REF-00009967,2026-07-21,Merchant_E,Processor_B,NGN,BANK_TRANSFER,BUSINESS
TXN104464,15000.0,REFUNDED,REF-00004464,2026-07-24,Merchant_E,Processor_C,NGN,BANK_TRANSFER,BUSINESS
TXN103101,25000.0,SUCCESS,REF-00003101,2026-07-09,Merchant_E,Processor_B,NGN,USSD,BUSINESS
TXN101257,10000.0,SUCCESS,REF-00001257,2026-07-02,Merchant_E,Processor_A,NGN,CARD,BUSINESS
TXN106151,10000.0,SUCCESS,REF-00006151,2026-07-05,Merchant_B,Processor_A,NGN,MOBILE_MONEY,RETAIL
TXN109256,2500.0,SUCCESS,REF-00009256,2026-07-28,Merchant_C,Processor_A,NGN,CARD,RETAIL
TXN107628,100000.0,SUCCESS,REF-00007628,2026-07-09,Merchant_A,Processor_B,NGN,MOBILE_MONEY,BUSINESS
TXN107640,7500.0,SUCCESS,REF-00007640,2026-07-21,Merchant_E,Processor_B,NGN,CARD,RETAIL
TXN102189,15000.0,SUCCESS,REF-00002189,2026-07-27,Merchant_C,Processor_A,NGN,CARD,RETAIL
TXN102875,10000.0,SUCCESS,REF-00002875,2026-07-26,Merchant_E,Processor_B,NGN,USSD,BUSINESS
TXN102782,250000.0,SUCCESS,REF-00002782,2026-07-10,Merchant_A,Processor_A,NGN,MOBILE_MONEY,RETAIL
TXN108527,25000.0,SUCCESS,REF-00008527,2026-07-13,Merchant_E,Processor_A,NGN,BANK_TRANSFER,RETAIL
TXN102228,5000.0,SUCCESS,REF-00002228,2026-07-16,Merchant_A,Processor_A,NGN,BANK_TRANSFER,RETAIL
TXN109830,7500.0,SUCCESS,REF-00009830,2026-07-01,Merchant_C,Processor_A,NGN,USSD,RETAIL
TXN104677,250000.0,SUCCESS,REF-00004677,2026-07-27,Merchant_A,Processor_B,NGN,BANK_TRANSFER,BUSINESS
TXN102763,7500.0,SUCCESS,REF-00002763,2026-07-18,Merchant_D,Processor_B,NGN,CARD,RETAIL
TXN105192,25000.0,SUCCESS,REF-00005192,2026-07-15,Merchant_D,Processor_B,NGN,USSD,RETAIL
TXN108244,5000.0,SUCCESS,REF-00008244,2026-07-27,Merchant_D,Processor_C,NGN,MOBILE_MONEY,BUSINESS
TXN101908,5000.0,SUCCESS,REF-00001908,2026-07-10,Merchant_E,Processor_C,NGN,USSD,RETAIL
TXN106517,25000.0,FAILED,REF-00006517,2026-07-01,Merchant_A,Processor_C,NGN,CARD,BUSINESS
TXN102527,250000.0,SUCCESS,REF-00002527,2026-07-20,Merchant_A,Processor_B,NGN,USSD,RETAIL
TXN104595,15000.0,SUCCESS,REF-00004595,2026-07-21,Merchant_E,Processor_A,NGN,CARD,RETAIL
TXN105468,50000.0,SUCCESS,REF-00005468,2026-07-24,Merchant_D,Processor_C,NGN,USSD,RETAIL
TXN101323,2500.0,SUCCESS,REF-00001323,2026-07-11,Merchant_D,Processor_A,NGN,MOBILE_MONEY,RETAIL
TXN101200,25000.0,SUCCESS,REF-00001200,2026-07-22,Merchant_B,Processor_C,NGN,MOBILE_MONEY,BUSINESS
TXN106450,50000.0,SUCCESS,REF-00006450,2026-07-29,Merchant_D,Processor_C,NGN,BANK_TRANSFER,BUSINESS
TXN102951,25000.0,SUCCESS,REF-00002951,2026-07-29,Merchant_C,Processor_C,NGN,CARD,RETAIL
TXN103940,25000.0,SUCCESS,REF-00003940,2026-07-18,Merchant_D,Processor_B,NGN,BANK_TRANSFER,BUSINESS
TXN107020,10000.0,SUCCESS,REF-00007020,2026-07-17,Merchant_E,Processor_A,NGN,USSD,BUSINESS
TXN107928,25000.0,SUCCESS,REF-00007928,2026-07-01,Merchant_A,Processor_B,NGN,USSD,RETAIL
TXN108534,10000.0,SUCCESS,REF-00008534,2026-07-31,Merchant_B,Processor_B,NGN,USSD,BUSINESS
TXN107370,15000.0,SUCCESS,REF-00007370,2026-07-01,Merchant_E,Processor_C,NGN,USSD,BUSINESS
TXN100012,50000.0,FAILED,REF-00000012,2026-07-11,Merchant_B,Processor_B,NGN,MOBILE_MONEY,BUSINESS
TXN106585,7500.0,SUCCESS,REF-00006585,2026-07-20,Merchant_A,Processor_A,NGN,USSD,RETAIL
TXN102505,1000.0,REFUNDED,REF-00002505,2026-07-23,Merchant_C,Processor_B,NGN,MOBILE_MONEY,RETAIL
TXN105610,1000.0,SUCCESS,REF-00005610,2026-07-25,Merchant_A,Processor_A,NGN,BANK_TRANSFER,RETAIL
TXN100363,10000.0,SUCCESS,REF-00000363,2026-07-17,Merchant_B,Processor_B,NGN,MOBILE_MONEY,RETAIL
TXN100871,5000.0,SUCCESS,REF-00000871,2026-07-07,Merchant_E,Processor_A,NGN,MOBILE_MONEY,RETAIL
TXN108167,15000.0,SUCCESS,REF-00008167,2026-07-20,Merchant_D,Processor_C,NGN,CARD,RETAIL
TXN101245,15000.0,SUCCESS,REF-00001245,2026-07-20,Merchant_C,Processor_C,NGN,USSD,RETAIL
TXN105124,100000.0,SUCCESS,REF-00005124,2026-07-22,Merchant_C,Processor_A,NGN,USSD,RETAIL
TXN104268,50000.0,FAILED,REF-00004268,2026-07-06,Merchant_A,Processor_B,NGN,USSD,BUSINESS
TXN104385,10000.0,SUCCESS,REF-00004385,2026-07-06,Merchant_A,Processor_C,NGN,BANK_TRANSFER,BUSINESS
TXN103068,2500.0,FAILED,REF-00003068,2026-07-30,Merchant_B,Processor_C,NGN,USSD,RETAIL
TXN100035,50000.0,SUCCESS,REF-00000035,2026-07-12,Merchant_E,Processor_C,NGN,USSD,RETAIL
TXN102769,15000.0,SUCCESS,REF-00002769,2026-07-15,Merchant_C,Processor_A,NGN,USSD,RETAIL
TXN105053,1000.0,FAILED,REF-00005053,2026-07-24,Merchant_E,Processor_B,NGN,CARD,BUSINESS
TXN103736,15000.0,FAILED,REF-00003736,2026-07-04,Merchant_C,Processor_B,NGN,MOBILE_MONEY,RETAIL
TXN108990,2500.0,SUCCESS,REF-00008990,2026-07-31,Merchant_E,Processor_B,NGN,CARD,BUSINESS
TXN109809,10000.0,SUCCESS,REF-00009809,2026-07-23,Merchant_A,Processor_B,NGN,USSD,RETAIL
TXN102236,100000.0,SUCCESS,REF-00002236,2026-07-04,Merchant_A,Processor_A,NGN,MOBILE_MONEY,RETAIL
TXN109032,5000.0,FAILED,REF-00009032,2026-07-03,Merchant_A,Processor_B,NGN,CARD,BUSINESS
TXN100230,50000.0,SUCCESS,REF-00000230,2026-07-30,Merchant_C,Processor_B,NGN,USSD,BUSINESS
TXN109383,5000.0,SUCCESS,REF-00009383,2026-07-01,Merchant_C,Processor_A,NGN,USSD,BUSINESS
TXN104740,25000.0,FAILED,REF-00004740,2026-07-19,Merchant_A,Processor_A,NGN,CARD,BUSINESS
TXN105209,1500.0,SUCCESS,REF-00005209,2026-07-15,Merchant_E,Processor_A,NGN,MOBILE_MONEY,RETAIL
TXN104733,100000.0,SUCCESS,REF-00004733,2026-07-27,Merchant_E,Processor_A,NGN,MOBILE_MONEY,BUSINESS
TXN105436,2500.0,SUCCESS,REF-00005436,2026-07-23,Merchant_D,Processor_B,NGN,CARD,RETAIL
TXN101084,100000.0,SUCCESS,REF-00001084,2026-07-06,Merchant_D,Processor_A,NGN,USSD,RETAIL
TXN102604,500.0,SUCCESS,REF-00002604,2026-07-12,Merchant_D,Processor_A,NGN,MOBILE_MONEY,BUSINESS
TXN102449,5000.0,SUCCESS,REF-00002449,2026-07-18,Merchant_B,Processor_B,NGN,CARD,RETAIL
TXN100377,500.0,SUCCESS,REF-00000377,2026-07-16,Merchant_C,Processor_A,NGN,CARD,RETAIL
TXN102896,10000.0,SUCCESS,REF-00002896,2026-07-02,Merchant_B,Processor_B,NGN,CARD,RETAIL
TXN109755,2500.0,SUCCESS,REF-00009755,2026-07-02,Merchant_E,Processor_A,NGN,MOBILE_MONEY,BUSINESS
TXN100446,250000.0,SUCCESS,REF-00000446,2026-07-28,Merchant_D,Processor_B,NGN,BANK_TRANSFER,BUSINESS
TXN108351,1000.0,FAILED,REF-00008351,2026-07-19,Merchant_C,Processor_C,NGN,BANK_TRANSFER,BUSINESS
TXN106356,10000.0,SUCCESS,REF-00006356,2026-07-14,Merchant_C,Processor_A,NGN,BANK_TRANSFER,RETAIL
TXN109108,2500.0,REFUNDED,REF-00009108,2026-07-22,Merchant_D,Processor_A,NGN,BANK_TRANSFER,RETAIL
TXN100525,7500.0,SUCCESS,REF-00000525,2026-07-25,Merchant_B,Processor_A,NGN,BANK_TRANSFER,BUSINESS
TXN105570,250000.0,SUCCESS,REF-00005570,2026-07-10,Merchant_B,Processor_C,NGN,USSD,BUSINESS
TXN100136,10000.0,SUCCESS,REF-00000136,2026-07-09,Merchant_D,Processor_C,NGN,CARD,BUSINESS
TXN104487,5000.0,SUCCESS,REF-00004487,2026-07-08,Merchant_C,Processor_C,NGN,BANK_TRANSFER,BUSINESS
TXN109071,25000.0,SUCCESS,REF-00009071,2026-07-20,Merchant_E,Processor_B,NGN,MOBILE_MONEY,RETAIL
TXN107342,25000.0,SUCCESS,REF-00007342,2026-07-28,Merchant_A,Processor_B,NGN,CARD,RETAIL
TXN101054,250000.0,REFUNDED,REF-00001054,2026-07-22,Merchant_D,Processor_B,NGN,MOBILE_MONEY,RETAIL
TXN109783,100000.0,SUCCESS,REF-00009783,2026-07-14,Merchant_C,Processor_A,NGN,MOBILE_MONEY,RETAIL
TXN102356,100000.0,SUCCESS,REF-00002356,2026-07-22,Merchant_A,Processor_C,NGN,MOBILE_MONEY,BUSINESS
TXN103352,100000.0,SUCCESS,REF-00003352,2026-07-28,Merchant_E,Processor_A,NGN,USSD,BUSINESS
TXN103473,25000.0,SUCCESS,REF-00003473,2026-07-05,Merchant_D,Processor_B,NGN,MOBILE_MONEY,RETAIL
TXN102062,50000.0,SUCCESS,REF-00002062,2026-07-01,Merchant_A,Processor_A,NGN,CARD,BUSINESS
TXN105295,1500.0,SUCCESS,REF-00005295,2026-07-08,Merchant_D,Processor_C,NGN,CARD,RETAIL
TXN101447,50000.0,SUCCESS,REF-00001447,2026-07-07,Merchant_E,Processor_B,NGN,USSD,BUSINESS
TXN108604,7500.0,SUCCESS,REF-00008604,2026-07-19,Merchant_E,Processor_A,NGN,USSD,BUSINESS
TXN109469,5000.0,SUCCESS,REF-00009469,2026-07-13,Merchant_A,Processor_A,NGN,CARD,RETAIL
TXN106115,25000.0,FAILED,REF-00006115,2026-07-28,Merchant_D,Processor_A,NGN,CARD,RETAIL
TXN102529,250000.0,SUCCESS,REF-00002529,2026-07-15,Merchant_C,Processor_C,NGN,MOBILE_MONEY,RETAIL
TXN107583,1500.0,SUCCESS,REF-00007583,2026-07-16,Merchant_A,Processor_A,NGN,MOBILE_MONEY,RETAIL
TXN105342,1000.0,SUCCESS,REF-00005342,2026-07-09,Merchant_A,Processor_C,NGN,USSD,RETAIL
TXN104399,1500.0,SUCCESS,REF-00004399,2026-07-03,Merchant_D,Processor_B,NGN,BANK_TRANSFER,BUSINESS
TXN108317,25000.0,REFUNDED,REF-00008317,2026-07-14,Merchant_C,Processor_C,NGN,MOBILE_MONEY,BUSINESS
TXN109049,10000.0,SUCCESS,REF-00009049,2026-07-14,Merchant_D,Processor_A,NGN,MOBILE_MONEY,BUSINESS
TXN106123,250000.0,SUCCESS,REF-00006123,2026-07-22,Merchant_A,Processor_A,NGN,BANK_TRANSFER,RETAIL
TXN104339,2500.0,SUCCESS,REF-00004339,2026-07-12,Merchant_B,Processor_A,NGN,MOBILE_MONEY,RETAIL
TXN102453,5000.0,SUCCESS,REF-00002453,2026-07-06,Merchant_E,Processor_A,NGN,BANK_TRANSFER,RETAIL
TXN104441,50000.0,SUCCESS,REF-00004441,2026-07-29,Merchant_A,Processor_C,NGN,BANK_TRANSFER,BUSINESS
TXN101394,5000.0,SUCCESS,REF-00001394,2026-07-03,Merchant_C,Processor_C,NGN,CARD,BUSINESS
TXN107726,1000.0,SUCCESS,REF-00007726,2026-07-05,Merchant_E,Processor_B,NGN,BANK_TRANSFER,BUSINESS
TXN106307,5000.0,SUCCESS,REF-00006307,2026-07-07,Merchant_C,Processor_C,NGN,BANK_TRANSFER,BUSINESS
TXN107951,1000.0,SUCCESS,REF-00007951,2026-07-14,Merchant_A,Processor_B,NGN,USSD,BUSINESS
TXN105691,1500.0,SUCCESS,REF-00005691,2026-07-30,Merchant_D,Processor_B,NGN,USSD,RETAIL
TXN109704,5000.0,REFUNDED,REF-00009704,2026-07-26,Merchant_C,Processor_B,NGN,USSD,BUSINESS
TXN108520,7500.0,SUCCESS,REF-00008520,2026-07-06,Merchant_B,Processor_B,NGN,MOBILE_MONEY,RETAIL
TXN100504,15000.0,SUCCESS,REF-00000504,2026-07-26,Merchant_D,Processor_B,NGN,USSD,RETAIL
TXN104234,500.0,FAILED,REF-00004234,2026-07-28,Merchant_E,Processor_C,NGN,CARD,BUSINESS
TXN107618,250000.0,REFUNDED,REF-00007618,2026-07-25,Merchant_B,Processor_B,NGN,CARD,BUSINESS
TXN107455,250000.0,SUCCESS,REF-00007455,2026-07-12,Merchant_C,Processor_A,NGN,CARD,BUSINESS
TXN107877,5000.0,SUCCESS,REF-00007877,2026-07-16,Merchant_B,Processor_C,NGN,MOBILE_MONEY,BUSINESS
TXN109356,50000.0,SUCCESS,REF-00009356,2026-07-06,Merchant_C,Processor_B,NGN,BANK_TRANSFER,RETAIL
TXN109490,10000.0,FAILED,REF-00009490,2026-07-16,Merchant_A,Processor_B,NGN,BANK_TRANSFER,RETAIL
TXN102192,15000.0,FAILED,REF-00002192,2026-07-26,Merchant_A,Processor_C,NGN,CARD,RETAIL
TXN101488,5000.0,SUCCESS,REF-00001488,2026-07-15,Merchant_A,Processor_A,NGN,BANK_TRANSFER,BUSINESS
TXN105521,10000.0,REFUNDED,REF-00005521,2026-07-04,Merchant_B,Processor_A,NGN,BANK_TRANSFER,RETAIL
TXN104693,10000.0,SUCCESS,REF-00004693,2026-07-29,Merchant_E,Processor_C,NGN,BANK_TRANSFER,RETAIL
TXN104863,5000.0,SUCCESS,REF-00004863,2026-07-31,Merchant_C,Processor_B,NGN,MOBILE_MONEY,RETAIL
TXN104942,50000.0,SUCCESS,REF-00004942,2026-07-28,Merchant_C,Processor_C,NGN,BANK_TRANSFER,RETAIL
TXN105990,500.0,SUCCESS,REF-00005990,2026-07-19,Merchant_A,Processor_C,NGN,BANK_TRANSFER,RETAIL
TXN104051,15000.0,SUCCESS,REF-00004051,2026-07-24,Merchant_B,Processor_A,NGN,MOBILE_MONEY,RETAIL
TXN108437,500.0,SUCCESS,REF-00008437,2026-07-21,Merchant_B,Processor_B,NGN,USSD,RETAIL
TXN101853,50000.0,SUCCESS,REF-00001853,2026-07-11,Merchant_E,Processor_C,NGN,CARD,RETAIL
TXN100580,7500.0,SUCCESS,REF-00000580,2026-07-20,Merchant_D,Processor_C,NGN,MOBILE_MONEY,BUSINESS
TXN102045,25000.0,SUCCESS,REF-00002045,2026-07-29,Merchant_E,Processor_A,NGN,MOBILE_MONEY,RETAIL
TXN104813,10000.0,SUCCESS,REF-00004813,2026-07-19,Merchant_A,Processor_C,NGN,CARD,BUSINESS
TXN103279,50000.0,SUCCESS,REF-00003279,2026-07-03,Merchant_A,Processor_A,NGN,BANK_TRANSFER,BUSINESS
TXN102750,5000.0,SUCCESS,REF-00002750,2026-07-19,Merchant_C,Processor_C,NGN,BANK_TRANSFER,RETAIL
TXN103946,15000.0,SUCCESS,REF-00003946,2026-07-07,Merchant_A,Processor_B,NGN,MOBILE_MONEY,RETAIL
TXN102526,2500.0,SUCCESS,REF-00002526,2026-07-30,Merchant_A,Processor_A,NGN,USSD,RETAIL
TXN103909,5000.0,SUCCESS,REF-00003909,2026-07-24,Merchant_D,Processor_B,NGN,CARD,BUSINESS
TXN101701,7500.0,SUCCESS,REF-00001701,2026-07-03,Merchant_A,Processor_B,NGN,USSD,RETAIL
TXN106070,100000.0,SUCCESS,REF-00006070,2026-07-31,Merchant_E,Processor_C,NGN,MOBILE_MONEY,RETAIL
TXN102383,7500.0,SUCCESS,REF-00002383,2026-07-02,Merchant_C,Processor_B,NGN,USSD,BUSINESS
TXN109650,5000.0,SUCCESS,REF-00009650,2026-07-14,Merchant_A,Processor_C,NGN,MOBILE_MONEY,RETAIL
TXN104305,1000.0,SUCCESS,REF-00004305,2026-07-01,Merchant_A,Processor_A,NGN,CARD,RETAIL
TXN105636,10000.0,SUCCESS,REF-00005636,2026-07-06,Merchant_D,Processor_A,NGN,USSD,BUSINESS
TXN100444,50000.0,SUCCESS,REF-00000444,2026-07-30,Merchant_B,Processor_B,NGN,USSD,BUSINESS
TXN107765,15000.0,SUCCESS,REF-00007765,2026-07-04,Merchant_D,Processor_B,NGN,CARD,RETAIL
TXN102789,250000.0,SUCCESS,REF-00002789,2026-07-23,Merchant_A,Processor_B,NGN,CARD,RETAIL
TXN101151,50000.0,SUCCESS,REF-00001151,2026-07-19,Merchant_A,Processor_A,NGN,MOBILE_MONEY,RETAIL
TXN100295,10000.0,REFUNDED,REF-00000295,2026-07-21,Merchant_A,Processor_A,NGN,MOBILE_MONEY,BUSINESS
TXN104723,7500.0,SUCCESS,REF-00004723,2026-07-04,Merchant_C,Processor_A,NGN,MOBILE_MONEY,BUSINESS
TXN100663,2500.0,SUCCESS,REF-00000663,2026-07-04,Merchant_D,Processor_C,NGN,MOBILE_MONEY,BUSINESS
TXN108603,1500.0,SUCCESS,REF-00008603,2026-07-22,Merchant_B,Processor_B,NGN,MOBILE_MONEY,RETAIL
TXN100725,50000.0,SUCCESS,REF-00000725,2026-07-09,Merchant_A,Processor_C,NGN,CARD,BUSINESS
TXN108974,7500.0,SUCCESS,REF-00008974,2026-07-22,Merchant_B,Processor_C,NGN,USSD,RETAIL
TXN103971,10000.0,SUCCESS,REF-00003971,2026-07-05,Merchant_E,Processor_C,NGN,BANK_TRANSFER,BUSINESS
TXN100819,5000.0,SUCCESS,REF-00000819,2026-07-11,Merchant_D,Processor_B,NGN,BANK_TRANSFER,RETAIL
TXN106232,10000.0,SUCCESS,REF-00006232,2026-07-17,Merchant_B,Processor_B,NGN,MOBILE_MONEY,BUSINESS
TXN104026,7500.0,SUCCESS,REF-00004026,2026-07-24,Merchant_C,Processor_C,NGN,BANK_TRANSFER,RETAIL
TXN105916,250000.0,SUCCESS,REF-00005916,2026-07-28,Merchant_C,Processor_A,NGN,USSD,BUSINESS
TXN108881,7500.0,SUCCESS,REF-00008881,2026-07-13,Merchant_B,Processor_B,NGN,USSD,RETAIL
TXN105418,10000.0,SUCCESS,REF-00005418,2026-07-22,Merchant_E,Processor_B,NGN,MOBILE_MONEY,BUSINESS
TXN106468,100000.0,SUCCESS,REF-00006468,2026-07-10,Merchant_D,Processor_B,NGN,BANK_TRANSFER,RETAIL
TXN109408,2500.0,SUCCESS,REF-00009408,2026-07-07,Merchant_A,Processor_A,NGN,CARD,BUSINESS
TXN101772,100000.0,SUCCESS,REF-00001772,2026-07-03,Merchant_C,Processor_A,NGN,CARD,BUSINESS
TXN103545,1500.0,SUCCESS,REF-00003545,2026-07-22,Merchant_A,Processor_B,NGN,MOBILE_MONEY,RETAIL
TXN109298,100000.0,SUCCESS,REF-00009298,2026-07-21,Merchant_B,Processor_B,NGN,USSD,RETAIL
TXN104141,1500.0,SUCCESS,REF-00004141,2026-07-18,Merchant_D,Processor_C,NGN,BANK_TRANSFER,BUSINESS
TXN100606,2500.0,SUCCESS,REF-00000606,2026-07-26,Merchant_B,Processor_B,NGN,USSD,BUSINESS
TXN109796,100000.0,SUCCESS,REF-00009796,2026-07-23,Merchant_B,Processor_C,NGN,MOBILE_MONEY,RETAIL
TXN107350,5000.0,SUCCESS,REF-00007350,2026-07-31,Merchant_A,Processor_C,NGN,USSD,BUSINESS
TXN103325,25000.0,SUCCESS,REF-00003325,2026-07-29,Merchant_A,Processor_A,NGN,BANK_TRANSFER,BUSINESS
TXN105640,10000.0,SUCCESS,REF-00005640,2026-07-03,Merchant_E,Processor_B,NGN,USSD,RETAIL
TXN103622,2500.0,SUCCESS,REF-00003622,2026-07-24,Merchant_C,Processor_A,NGN,MOBILE_MONEY,BUSINESS
TXN104981,2500.0,SUCCESS,REF-00004981,2026-07-29,Merchant_A,Processor_A,NGN,CARD,RETAIL
TXN102165,250000.0,SUCCESS,REF-00002165,2026-07-24,Merchant_E,Processor_B,NGN,CARD,RETAIL
TXN100191,100000.0,SUCCESS,REF-00000191,2026-07-15,Merchant_E,Processor_B,NGN,BANK_TRANSFER,RETAIL
TXN109004,15000.0,SUCCESS,REF-00009004,2026-07-27,Merchant_C,Processor_B,NGN,MOBILE_MONEY,BUSINESS
TXN109678,10000.0,SUCCESS,REF-00009678,2026-07-16,Merchant_A,Processor_B,NGN,MOBILE_MONEY,BUSINESS
TXN100751,100000.0,SUCCESS,REF-00000751,2026-07-17,Merchant_D,Processor_B,NGN,USSD,BUSINESS
TXN105148,15000.0,FAILED,REF-00005148,2026-07-09,Merchant_E,Processor_B,NGN,CARD,BUSINESS
TXN107226,50000.0,SUCCESS,REF-00007226,2026-07-09,Merchant_C,Processor_B,NGN,BANK_TRANSFER,RETAIL
TXN105880,2500.0,SUCCESS,REF-00005880,2026-07-18,Merchant_B,Processor_A,NGN,BANK_TRANSFER,RETAIL
TXN106740,1500.0,SUCCESS,REF-00006740,2026-07-02,Merchant_E,Processor_B,NGN,BANK_TRANSFER,BUSINESS
TXN107515,50000.0,FAILED,REF-00007515,2026-07-19,Merchant_A,Processor_A,NGN,USSD,RETAIL
TXN105825,5000.0,SUCCESS,REF-00005825,2026-07-18,Merchant_C,Processor_A,NGN,MOBILE_MONEY,BUSINESS
TXN100061,5000.0,SUCCESS,REF-00000061,2026-07-07,Merchant_D,Processor_B,NGN,BANK_TRANSFER,BUSINESS
TXN100181,1000.0,SUCCESS,REF-00000181,2026-07-01,Merchant_D,Processor_A,NGN,USSD,RETAIL
TXN108433,50000.0,SUCCESS,REF-00008433,2026-07-05,Merchant_E,Processor_C,NGN,BANK_TRANSFER,BUSINESS
TXN103208,7500.0,SUCCESS,REF-00003208,2026-07-27,Merchant_A,Processor_B,NGN,USSD,RETAIL
TXN102470,2500.0,SUCCESS,REF-00002470,2026-07-14,Merchant_E,Processor_C,NGN,CARD,RETAIL
TXN106364,7500.0,SUCCESS,REF-00006364,2026-07-03,Merchant_D,Processor_C,NGN,USSD,BUSINESS
TXN109530,1000.0,SUCCESS,REF-00009530,2026-07-15,Merchant_C,Processor_B,NGN,MOBILE_MONEY,RETAIL
TXN109670,7500.0,SUCCESS,REF-00009670,2026-07-20,Merchant_E,Processor_B,NGN,CARD,RETAIL
TXN100460,1000.0,SUCCESS,REF-00000460,2026-07-30,Merchant_A,Processor_A,NGN,CARD,BUSINESS
TXN101017,10000.0,FAILED,REF-00001017,2026-07-28,Merchant_B,Processor_B,NGN,BANK_TRANSFER,RETAIL
TXN104574,25000.0,SUCCESS,REF-00004574,2026-07-30,Merchant_C,Processor_C,NGN,CARD,BUSINESS
TXN101138,10000.0,SUCCESS,REF-00001138,2026-07-08,Merchant_A,Processor_C,NGN,USSD,RETAIL
TXN100255,10000.0,SUCCESS,REF-00000255,2026-07-05,Merchant_D,Processor_B,NGN,MOBILE_MONEY,RETAIL
TXN109966,25000.0,SUCCESS,REF-00009966,2026-07-09,Merchant_D,Processor_A,NGN,CARD,BUSINESS
TXN106811,1000.0,SUCCESS,REF-00006811,2026-07-26,Merchant_E,Processor_C,NGN,MOBILE_MONEY,BUSINESS
TXN104201,2500.0,FAILED,REF-00004201,2026-07-15,Merchant_A,Processor_C,NGN,USSD,RETAIL
TXN103700,15000.0,FAILED,REF-00003700,2026-07-29,Merchant_C,Processor_B,NGN,USSD,BUSINESS
TXN109200,100000.0,SUCCESS,REF-00009200,2026-07-18,Merchant_B,Processor_C,NGN,MOBILE_MONEY,RETAIL
TXN106687,5000.0,SUCCESS,REF-00006687,2026-07-12,Merchant_E,Processor_A,NGN,USSD,RETAIL
TXN102290,15000.0,SUCCESS,REF-00002290,2026-07-15,Merchant_B,Processor_C,NGN,MOBILE_MONEY,BUSINESS
TXN100914,10000.0,SUCCESS,REF-00000914,2026-07-05,Merchant_C,Processor_C,NGN,BANK_TRANSFER,RETAIL
TXN106172,1000.0,SUCCESS,REF-00006172,2026-07-10,Merchant_D,Processor_C,NGN,USSD,RETAIL
TXN108748,1500.0,SUCCESS,REF-00008748,2026-07-11,Merchant_D,Processor_C,NGN,BANK_TRANSFER,BUSINESS
TXN105837,7500.0,SUCCESS,REF-00005837,2026-07-27,Merchant_B,Processor_C,NGN,CARD,BUSINESS
TXN108824,100000.0,SUCCESS,REF-00008824,2026-07-13,Merchant_C,Processor_C,NGN,CARD,BUSINESS
TXN103698,100000.0,SUCCESS,REF-00003698,2026-07-04,Merchant_C,Processor_C,NGN,BANK_TRANSFER,BUSINESS
TXN101963,5000.0,SUCCESS,REF-00001963,2026-07-07,Merchant_A,Processor_A,NGN,CARD,RETAIL
TXN101822,15000.0,SUCCESS,REF-00001822,2026-07-26,Merchant_E,Processor_A,NGN,CARD,RETAIL
TXN103780,7500.0,REFUNDED,REF-00003780,2026-07-25,Merchant_E,Processor_C,NGN,CARD,RETAIL
TXN102614,5000.0,FAILED,REF-00002614,2026-07-26,Merchant_C,Processor_A,NGN,CARD,RETAIL
TXN104350,25000.0,SUCCESS,REF-00004350,2026-07-05,Merchant_A,Processor_C,NGN,USSD,RETAIL
TXN107668,100000.0,SUCCESS,REF-00007668,2026-07-15,Merchant_E,Processor_B,NGN,CARD,RETAIL
TXN103961,7500.0,SUCCESS,REF-00003961,2026-07-17,Merchant_E,Processor_A,NGN,USSD,BUSINESS
TXN101150,25000.0,SUCCESS,REF-00001150,2026-07-26,Merchant_E,Processor_C,NGN,MOBILE_MONEY,BUSINESS
TXN109589,50000.0,SUCCESS,REF-00009589,2026-07-28,Merchant_C,Processor_B,NGN,CARD,RETAIL
TXN108315,5000.0,SUCCESS,REF-00008315,2026-07-07,Merchant_B,Processor_C,NGN,MOBILE_MONEY,RETAIL
TXN101898,5000.0,SUCCESS,REF-00001898,2026-07-21,Merchant_C,Processor_B,NGN,BANK_TRANSFER,RETAIL
TXN104107,1000.0,SUCCESS,REF-00004107,2026-07-13,Merchant_D,Processor_B,NGN,BANK_TRANSFER,BUSINESS
TXN102689,7500.0,SUCCESS,REF-00002689,2026-07-10,Merchant_D,Processor_C,NGN,USSD,RETAIL
TXN100288,5000.0,SUCCESS,REF-00000288,2026-07-23,Merchant_B,Processor_A,NGN,BANK_TRANSFER,BUSINESS
TXN101027,50000.0,SUCCESS,REF-00001027,2026-07-21,Merchant_D,Processor_C,NGN,USSD,RETAIL
TXN101195,100000.0,SUCCESS,REF-00001195,2026-07-20,Merchant_D,Processor_B,NGN,MOBILE_MONEY,BUSINESS
TXN107431,7500.0,REFUNDED,REF-00007431,2026-07-26,Merchant_D,Processor_A,NGN,MOBILE_MONEY,RETAIL
TXN108308,7500.0,SUCCESS,REF-00008308,2026-07-15,Merchant_E,Processor_C,NGN,CARD,BUSINESS
TXN103959,500.0,SUCCESS,REF-00003959,2026-07-07,Merchant_D,Processor_C,NGN,MOBILE_MONEY,BUSINESS
TXN104125,15000.0,SUCCESS,REF-00004125,2026-07-01,Merchant_E,Processor_C,NGN,BANK_TRANSFER,BUSINESS
TXN101012,100000.0,REFUNDED,REF-00001012,2026-07-01,Merchant_B,Processor_B,NGN,USSD,RETAIL
TXN102039,2500.0,SUCCESS,REF-00002039,2026-07-07,Merchant_C,Processor_A,NGN,USSD,RETAIL
TXN101174,15000.0,FAILED,REF-00001174,2026-07-09,Merchant_B,Processor_A,NGN,CARD,BUSINESS
TXN101545,10000.0,SUCCESS,REF-00001545,2026-07-24,Merchant_C,Processor_C,NGN,CARD,RETAIL
TXN101563,5000.0,SUCCESS,REF-00001563,2026-07-23,Merchant_E,Processor_A,NGN,BANK_TRANSFER,BUSINESS
TXN108009,500.0,SUCCESS,REF-00008009,2026-07-22,Merchant_C,Processor_B,NGN,USSD,BUSINESS
TXN108345,25000.0,SUCCESS,REF-00008345,2026-07-06,Merchant_D,Processor_A,NGN,CARD,BUSINESS
TXN109662,2500.0,SUCCESS,REF-00009662,2026-07-29,Merchant_B,Processor_B,NGN,MOBILE_MONEY,BUSINESS
TXN108485,25000.0,SUCCESS,REF-00008485,2026-07-25,Merchant_E,Processor_A,NGN,BANK_TRANSFER,RETAIL
TXN103824,2500.0,SUCCESS,REF-00003824,2026-07-03,Merchant_E,Processor_B,NGN,MOBILE_MONEY,RETAIL
TXN104402,2500.0,SUCCESS,REF-00004402,2026-07-02,Merchant_D,Processor_C,NGN,USSD,BUSINESS
TXN108929,250000.0,SUCCESS,REF-00008929,2026-07-08,Merchant_A,Processor_A,NGN,CARD,BUSINESS
TXN105821,7500.0,SUCCESS,REF-00005821,2026-07-16,Merchant_A,Processor_A,NGN,BANK_TRANSFER,BUSINESS
TXN108745,10000.0,FAILED,REF-00008745,2026-07-17,Merchant_D,Processor_C,NGN,BANK_TRANSFER,RETAIL
TXN108727,2500.0,SUCCESS,REF-00008727,2026-07-23,Merchant_C,Processor_B,NGN,CARD,BUSINESS
TXN102447,2500.0,REFUNDED,REF-00002447,2026-07-18,Merchant_A,Processor_C,NGN,CARD,RETAIL
TXN103041,250000.0,SUCCESS,REF-00003041,2026-07-01,Merchant_C,Processor_C,NGN,USSD,BUSINESS
TXN103402,250000.0,SUCCESS,REF-00003402,2026-07-18,Merchant_C,Processor_B,NGN,MOBILE_MONEY,RETAIL
TXN105736,15000.0,SUCCESS,REF-00005736,2026-07-29,Merchant_D,Processor_C,NGN,MOBILE_MONEY,BUSINESS
TXN105350,25000.0,SUCCESS,REF-00005350,2026-07-20,Merchant_B,Processor_C,NGN,MOBILE_MONEY,BUSINESS
TXN103770,10000.0,SUCCESS,REF-00003770,2026-07-01,Merchant_E,Processor_A,NGN,USSD,RETAIL
TXN103119,2500.0,SUCCESS,REF-00003119,2026-07-06,Merchant_A,Processor_A,NGN,CARD,RETAIL
TXN104925,2500.0,SUCCESS,REF-00004925,2026-07-02,Merchant_C,Processor_B,NGN,BANK_TRANSFER,BUSINESS
TXN103831,50000.0,SUCCESS,REF-00003831,2026-07-20,Merchant_B,Processor_B,NGN,MOBILE_MONEY,BUSINESS
TXN109600,500.0,SUCCESS,REF-00009600,2026-07-14,Merchant_B,Processor_A,NGN,CARD,BUSINESS
TXN102212,500.0,REFUNDED,REF-00002212,2026-07-08,Merchant_E,Processor_A,NGN,MOBILE_MONEY,BUSINESS
TXN102576,250000.0,SUCCESS,REF-00002576,2026-07-05,Merchant_E,Processor_B,NGN,USSD,BUSINESS
TXN108024,2500.0,SUCCESS,REF-00008024,2026-07-21,Merchant_D,Processor_B,NGN,USSD,RETAIL
TXN100007,50000.0,SUCCESS,REF-00000007,2026-07-21,Merchant_A,Processor_C,NGN,CARD,BUSINESS
TXN109747,5000.0,SUCCESS,REF-00009747,2026-07-04,Merchant_A,Processor_A,NGN,USSD,RETAIL
TXN107035,50000.0,SUCCESS,REF-00007035,2026-07-14,Merchant_D,Processor_A,NGN,BANK_TRANSFER,RETAIL
TXN105631,10000.0,SUCCESS,REF-00005631,2026-07-25,Merchant_B,Processor_A,NGN,USSD,RETAIL
TXN104084,2500.0,SUCCESS,REF-00004084,2026-07-28,Merchant_E,Processor_B,NGN,BANK_TRANSFER,RETAIL
TXN109899,1000.0,SUCCESS,REF-00009899,2026-07-10,Merchant_D,Processor_B,NGN,MOBILE_MONEY,BUSINESS
TXN107745,15000.0,SUCCESS,REF-00007745,2026-07-06,Merchant_D,Processor_B,NGN,USSD,BUSINESS
TXN109983,100000.0,SUCCESS,REF-00009983,2026-07-06,Merchant_A,Processor_C,NGN,BANK_TRANSFER,BUSINESS
TXN105927,15000.0,SUCCESS,REF-00005927,2026-07-15,Merchant_A,Processor_B,NGN,MOBILE_MONEY,RETAIL
TXN102357,1000.0,SUCCESS,REF-00002357,2026-07-11,Merchant_D,Processor_A,NGN,MOBILE_MONEY,BUSINESS
TXN108339,25000.0,SUCCESS,REF-00008339,2026-07-31,Merchant_C,Processor_C,NGN,MOBILE_MONEY,RETAIL
TXN109826,10000.0,SUCCESS,REF-00009826,2026-07-25,Merchant_A,Processor_C,NGN,MOBILE_MONEY,BUSINESS
TXN106030,15000.0,SUCCESS,REF-00006030,2026-07-18,Merchant_C,Processor_B,NGN,CARD,BUSINESS
TXN109844,1000.0,SUCCESS,REF-00009844,2026-07-20,Merchant_C,Processor_B,NGN,BANK_TRANSFER,BUSINESS
TXN104614,2500.0,SUCCESS,REF-00004614,2026-07-12,Merchant_A,Processor_B,NGN,CARD,BUSINESS
TXN103276,50000.0,SUCCESS,REF-00003276,2026-07-14,Merchant_E,Processor_C,NGN,MOBILE_MONEY,RETAIL
TXN108548,5000.0,SUCCESS,REF-00008548,2026-07-25,Merchant_A,Processor_C,NGN,USSD,RETAIL
TXN101773,250000.0,SUCCESS,REF-00001773,2026-07-20,Merchant_B,Processor_B,NGN,BANK_TRANSFER,BUSINESS
TXN102918,7500.0,SUCCESS,REF-00002918,2026-07-04,Merchant_D,Processor_C,NGN,BANK_TRANSFER,BUSINESS
TXN107033,10000.0,SUCCESS,REF-00007033,2026-07-13,Merchant_A,Processor_C,NGN,MOBILE_MONEY,RETAIL
TXN104149,25000.0,SUCCESS,REF-00004149,2026-07-15,Merchant_D,Processor_C,NGN,USSD,RETAIL
TXN103804,2500.0,SUCCESS,REF-00003804,2026-07-20,Merchant_E,Processor_C,NGN,USSD,RETAIL
TXN109748,500.0,REFUNDED,REF-00009748,2026-07-18,Merchant_D,Processor_B,NGN,BANK_TRANSFER,RETAIL
TXN102873,7500.0,SUCCESS,REF-00002873,2026-07-01,Merchant_B,Processor_A,NGN,CARD,RETAIL
TXN108517,100000.0,SUCCESS,REF-00008517,2026-07-25,Merchant_E,Processor_C,NGN,USSD,RETAIL
TXN105920,1000.0,FAILED,REF-00005920,2026-07-22,Merchant_B,Processor_C,NGN,BANK_TRANSFER,BUSINESS
TXN104989,25000.0,SUCCESS,REF-00004989,2026-07-21,Merchant_A,Processor_C,NGN,USSD,RETAIL
TXN107547,2500.0,SUCCESS,REF-00007547,2026-07-23,Merchant_A,Processor_C,NGN,MOBILE_MONEY,RETAIL
TXN106885,100000.0,SUCCESS,REF-00006885,2026-07-31,Merchant_C,Processor_B,NGN,USSD,RETAIL
TXN107570,5000.0,FAILED,REF-00007570,2026-07-04,Merchant_E,Processor_A,NGN,CARD,BUSINESS
TXN109340,15000.0,SUCCESS,REF-00009340,2026-07-02,Merchant_E,Processor_A,NGN,CARD,BUSINESS
TXN102642,25000.0,SUCCESS,REF-00002642,2026-07-16,Merchant_E,Processor_C,NGN,CARD,BUSINESS
TXN101412,2500.0,SUCCESS,REF-00001412,2026-07-19,Merchant_D,Processor_A,NGN,BANK_TRANSFER,BUSINESS
TXN106475,100000.0,SUCCESS,REF-00006475,2026-07-10,Merchant_A,Processor_C,NGN,USSD,RETAIL
TXN101367,100000.0,REFUNDED,REF-00001367,2026-07-01,Merchant_D,Processor_A,NGN,CARD,RETAIL
TXN104249,250000.0,REFUNDED,REF-00004249,2026-07-06,Merchant_D,Processor_C,NGN,MOBILE_MONEY,RETAIL
TXN102234,15000.0,SUCCESS,REF-00002234,2026-07-21,Merchant_D,Processor_C,NGN,MOBILE_MONEY,RETAIL
TXN108560,1500.0,SUCCESS,REF-00008560,2026-07-13,Merchant_A,Processor_A,NGN,MOBILE_MONEY,BUSINESS
TXN105215,15000.0,SUCCESS,REF-00005215,2026-07-24,Merchant_E,Processor_B,NGN,BANK_TRANSFER,BUSINESS
TXN106539,15000.0,SUCCESS,REF-00006539,2026-07-20,Merchant_C,Processor_A,NGN,CARD,RETAIL
TXN109073,10000.0,SUCCESS,REF-00009073,2026-07-13,Merchant_D,Processor_A,NGN,CARD,BUSINESS
TXN106238,50000.0,SUCCESS,REF-00006238,2026-07-06,Merchant_C,Processor_B,NGN,USSD,BUSINESS
TXN102378,7500.0,SUCCESS,REF-00002378,2026-07-01,Merchant_D,Processor_C,NGN,BANK_TRANSFER,RETAIL
TXN106206,2500.0,FAILED,REF-00006206,2026-07-09,Merchant_E,Processor_C,NGN,MOBILE_MONEY,BUSINESS
TXN104118,1500.0,REFUNDED,REF-00004118,2026-07-31,Merchant_C,Processor_A,NGN,USSD,RETAIL
TXN104299,15000.0,SUCCESS,REF-00004299,2026-07-29,Merchant_B,Processor_C,NGN,MOBILE_MONEY,BUSINESS
TXN101621,1000.0,SUCCESS,REF-00001621,2026-07-29,Merchant_E,Processor_C,NGN,MOBILE_MONEY,RETAIL
TXN109938,100000.0,SUCCESS,REF-00009938,2026-07-28,Merchant_A,Processor_A,NGN,CARD,RETAIL
TXN104940,5000.0,SUCCESS,REF-00004940,2026-07-03,Merchant_E,Processor_B,NGN,USSD,RETAIL
TXN103479,7500.0,SUCCESS,REF-00003479,2026-07-11,Merchant_E,Processor_B,NGN,BANK_TRANSFER,RETAIL
TXN102031,10000.0,SUCCESS,REF-00002031,2026-07-30,Merchant_E,Processor_A,NGN,MOBILE_MONEY,RETAIL
TXN101753,2500.0,SUCCESS,REF-00001753,2026-07-05,Merchant_A,Processor_C,NGN,CARD,BUSINESS
TXN109151,10000.0,SUCCESS,REF-00009151,2026-07-29,Merchant_E,Processor_A,NGN,CARD,RETAIL
TXN107392,50000.0,SUCCESS,REF-00007392,2026-07-30,Merchant_E,Processor_A,NGN,MOBILE_MONEY,RETAIL
TXN108649,2500.0,SUCCESS,REF-00008649,2026-07-08,Merchant_A,Processor_A,NGN,CARD,BUSINESS
TXN100720,100000.0,SUCCESS,REF-00000720,2026-07-10,Merchant_D,Processor_C,NGN,CARD,BUSINESS
TXN101216,1000.0,SUCCESS,REF-00001216,2026-07-15,Merchant_D,Processor_C,NGN,MOBILE_MONEY,BUSINESS
TXN104282,2500.0,SUCCESS,REF-00004282,2026-07-13,Merchant_A,Processor_C,NGN,BANK_TRANSFER,BUSINESS
TXN107496,1000.0,SUCCESS,REF-00007496,2026-07-28,Merchant_C,Processor_C,NGN,MOBILE_MONEY,RETAIL
TXN101984,1500.0,SUCCESS,REF-00001984,2026-07-31,Merchant_D,Processor_B,NGN,USSD,RETAIL
TXN109720,25000.0,SUCCESS,REF-00009720,2026-07-10,Merchant_D,Processor_A,NGN,MOBILE_MONEY,BUSINESS
TXN106332,10000.0,SUCCESS,REF-00006332,2026-07-29,Merchant_D,Processor_B,NGN,MOBILE_MONEY,BUSINESS
TXN101535,1500.0,SUCCESS,REF-00001535,2026-07-15,Merchant_D,Processor_A,NGN,BANK_TRANSFER,BUSINESS
TXN105819,10000.0,SUCCESS,REF-00005819,2026-07-03,Merchant_B,Processor_C,NGN,MOBILE_MONEY,RETAIL
TXN100671,100000.0,SUCCESS,REF-00000671,2026-07-01,Merchant_C,Processor_C,NGN,MOBILE_MONEY,RETAIL
TXN102142,25000.0,SUCCESS,REF-00002142,2026-07-27,Merchant_E,Processor_A,NGN,CARD,BUSINESS
TXN101925,1000.0,SUCCESS,REF-00001925,2026-07-27,Merchant_C,Processor_B,NGN,MOBILE_MONEY,BUSINESS
TXN108740,15000.0,SUCCESS,REF-00008740,2026-07-30,Merchant_D,Processor_B,NGN,BANK_TRANSFER,RETAIL
TXN106098,2500.0,SUCCESS,REF-00006098,2026-07-05,Merchant_B,Processor_A,NGN,CARD,RETAIL
TXN106487,5000.0,SUCCESS,REF-00006487,2026-07-27,Merchant_C,Processor_B,NGN,MOBILE_MONEY,BUSINESS
TXN109303,10000.0,SUCCESS,REF-00009303,2026-07-19,Merchant_B,Processor_A,NGN,CARD,RETAIL
TXN106350,500.0,SUCCESS,REF-00006350,2026-07-19,Merchant_B,Processor_A,NGN,USSD,BUSINESS
TXN103601,10000.0,SUCCESS,REF-00003601,2026-07-11,Merchant_E,Processor_B,NGN,MOBILE_MONEY,BUSINESS
TXN101441,1000.0,SUCCESS,REF-00001441,2026-07-02,Merchant_E,Processor_B,NGN,MOBILE_MONEY,BUSINESS
TXN109415,1000.0,SUCCESS,REF-00009415,2026-07-07,Merchant_A,Processor_B,NGN,CARD,RETAIL
TXN103648,15000.0,SUCCESS,REF-00003648,2026-07-08,Merchant_A,Processor_C,NGN,MOBILE_MONEY,RETAIL
TXN104352,7500.0,SUCCESS,REF-00004352,2026-07-12,Merchant_C,Processor_C,NGN,MOBILE_MONEY,RETAIL
TXN100220,15000.0,SUCCESS,REF-00000220,2026-07-13,Merchant_A,Processor_C,NGN,BANK_TRANSFER,BUSINESS
TXN104097,1000.0,REFUNDED,REF-00004097,2026-07-22,Merchant_A,Processor_B,NGN,MOBILE_MONEY,BUSINESS
TXN103819,10000.0,SUCCESS,REF-00003819,2026-07-13,Merchant_A,Processor_B,NGN,BANK_TRANSFER,BUSINESS
TXN100313,250000.0,SUCCESS,REF-00000313,2026-07-22,Merchant_B,Processor_C,NGN,USSD,BUSINESS
TXN109403,5000.0,SUCCESS,REF-00009403,2026-07-03,Merchant_A,Processor_B,NGN,USSD,BUSINESS
TXN108245,15000.0,SUCCESS,REF-00008245,2026-07-15,Merchant_D,Processor_B,NGN,CARD,BUSINESS
TXN100175,1500.0,SUCCESS,REF-00000175,2026-07-01,Merchant_A,Processor_B,NGN,CARD,BUSINESS
TXN108286,7500.0,SUCCESS,REF-00008286,2026-07-18,Merchant_D,Processor_B,NGN,CARD,BUSINESS
TXN102091,250000.0,SUCCESS,REF-00002091,2026-07-29,Merchant_A,Processor_C,NGN,CARD,RETAIL
TXN107620,50000.0,SUCCESS,REF-00007620,2026-07-14,Merchant_E,Processor_B,NGN,MOBILE_MONEY,BUSINESS
TXN105847,25000.0,SUCCESS,REF-00005847,2026-07-22,Merchant_C,Processor_C,NGN,BANK_TRANSFER,BUSINESS
TXN106755,7500.0,SUCCESS,REF-00006755,2026-07-30,Merchant_B,Processor_B,NGN,CARD,BUSINESS
TXN102641,1000.0,SUCCESS,REF-00002641,2026-07-04,Merchant_B,Processor_B,NGN,USSD,RETAIL
TXN109765,2500.0,SUCCESS,REF-00009765,2026-07-09,Merchant_A,Processor_B,NGN,MOBILE_MONEY,RETAIL
TXN101248,100000.0,SUCCESS,REF-00001248,2026-07-10,Merchant_E,Processor_A,NGN,BANK_TRANSFER,BUSINESS
TXN106058,50000.0,SUCCESS,REF-00006058,2026-07-16,Merchant_B,Processor_A,NGN,BANK_TRANSFER,RETAIL
TXN106381,10000.0,SUCCESS,REF-00006381,2026-07-08,Merchant_C,Processor_B,NGN,CARD,BUSINESS
TXN103529,7500.0,SUCCESS,REF-00003529,2026-07-14,Merchant_D,Processor_A,NGN,CARD,RETAIL
TXN100461,15000.0,SUCCESS,REF-00000461,2026-07-29,Merchant_C,Processor_C,NGN,BANK_TRANSFER,RETAIL
TXN103861,15000.0,SUCCESS,REF-00003861,2026-07-04,Merchant_E,Processor_C,NGN,USSD,BUSINESS
TXN102577,15000.0,SUCCESS,REF-00002577,2026-07-24,Merchant_E,Processor_C,NGN,CARD,RETAIL
TXN104472,2500.0,SUCCESS,REF-00004472,2026-07-27,Merchant_C,Processor_B,NGN,BANK_TRANSFER,BUSINESS
TXN101438,2500.0,FAILED,REF-00001438,2026-07-01,Merchant_A,Processor_B,NGN,MOBILE_MONEY,BUSINESS
TXN107761,1000.0,SUCCESS,REF-00007761,2026-07-11,Merchant_B,Processor_B,NGN,BANK_TRANSFER,RETAIL
TXN100169,15000.0,SUCCESS,REF-00000169,2026-07-03,Merchant_B,Processor_A,NGN,CARD,RETAIL
TXN104666,1000.0,SUCCESS,REF-00004666,2026-07-06,Merchant_D,Processor_C,NGN,MOBILE_MONEY,BUSINESS
TXN102446,2500.0,SUCCESS,REF-00002446,2026-07-21,Merchant_E,Processor_B,NGN,USSD,BUSINESS
TXN100517,50000.0,SUCCESS,REF-00000517,2026-07-03,Merchant_E,Processor_A,NGN,BANK_TRANSFER,BUSINESS
TXN101664,250000.0,SUCCESS,REF-00001664,2026-07-14,Merchant_B,Processor_B,NGN,BANK_TRANSFER,BUSINESS
TXN100113,50000.0,SUCCESS,REF-00000113,2026-07-25,Merchant_B,Processor_C,NGN,BANK_TRANSFER,RETAIL
TXN103598,5000.0,SUCCESS,REF-00003598,2026-07-07,Merchant_B,Processor_A,NGN,MOBILE_MONEY,RETAIL
TXN107588,10000.0,SUCCESS,REF-00007588,2026-07-10,Merchant_D,Processor_A,NGN,CARD,BUSINESS
TXN105623,25000.0,SUCCESS,REF-00005623,2026-07-09,Merchant_A,Processor_C,NGN,BANK_TRANSFER,BUSINESS
TXN104939,50000.0,SUCCESS,REF-00004939,2026-07-08,Merchant_A,Processor_B,NGN,MOBILE_MONEY,BUSINESS
TXN106266,250000.0,REFUNDED,REF-00006266,2026-07-15,Merchant_C,Processor_C,NGN,BANK_TRANSFER,BUSINESS
TXN100495,5000.0,SUCCESS,REF-00000495,2026-07-18,Merchant_E,Processor_B,NGN,CARD,BUSINESS
TXN109920,5000.0,SUCCESS,REF-00009920,2026-07-05,Merchant_C,Processor_C,NGN,MOBILE_MONEY,BUSINESS
TXN109192,100000.0,SUCCESS,REF-00009192,2026-07-17,Merchant_A,Processor_B,NGN,USSD,BUSINESS
TXN102928,25000.0,SUCCESS,REF-00002928,2026-07-11,Merchant_C,Processor_B,NGN,BANK_TRANSFER,RETAIL
TXN103394,100000.0,SUCCESS,REF-00003394,2026-07-01,Merchant_C,Processor_C,NGN,CARD,RETAIL
TXN109870,5000.0,SUCCESS,REF-00009870,2026-07-03,Merchant_E,Processor_C,NGN,USSD,BUSINESS
TXN109869,1500.0,SUCCESS,REF-00009869,2026-07-20,Merchant_C,Processor_C,NGN,CARD,RETAIL
TXN107126,1000.0,SUCCESS,REF-00007126,2026-07-08,Merchant_B,Processor_A,NGN,USSD,BUSINESS
TXN108281,250000.0,SUCCESS,REF-00008281,2026-07-26,Merchant_D,Processor_C,NGN,CARD,RETAIL
TXN109184,25000.0,FAILED,REF-00009184,2026-07-24,Merchant_E,Processor_C,NGN,USSD,BUSINESS
TXN106249,1000.0,SUCCESS,REF-00006249,2026-07-10,Merchant_A,Processor_C,NGN,MOBILE_MONEY,BUSINESS
TXN108261,1500.0,SUCCESS,REF-00008261,2026-07-10,Merchant_E,Processor_C,NGN,USSD,BUSINESS
TXN101817,25000.0,SUCCESS,REF-00001817,2026-07-02,Merchant_B,Processor_A,NGN,CARD,RETAIL
TXN109641,10000.0,FAILED,REF-00009641,2026-07-23,Merchant_E,Processor_B,NGN,BANK_TRANSFER,RETAIL
TXN106733,5000.0,SUCCESS,REF-00006733,2026-07-30,Merchant_B,Processor_C,NGN,USSD,RETAIL
TXN105137,1000.0,SUCCESS,REF-00005137,2026-07-28,Merchant_B,Processor_B,NGN,CARD,BUSINESS
TXN106944,10000.0,SUCCESS,REF-00006944,2026-07-17,Merchant_A,Processor_C,NGN,BANK_TRANSFER,RETAIL
TXN107629,25000.0,SUCCESS,REF-00007629,2026-07-25,Merchant_E,Processor_B,NGN,MOBILE_MONEY,BUSINESS
TXN107294,1500.0,SUCCESS,REF-00007294,2026-07-17,Merchant_E,Processor_A,NGN,MOBILE_MONEY,BUSINESS
TXN108769,1500.0,SUCCESS,REF-00008769,2026-07-08,Merchant_C,Processor_C,NGN,BANK_TRANSFER,BUSINESS
TXN104641,5000.0,SUCCESS,REF-00004641,2026-07-15,Merchant_E,Processor_A,NGN,CARD,RETAIL
TXN102482,100000.0,SUCCESS,REF-00002482,2026-07-01,Merchant_E,Processor_A,NGN,CARD,RETAIL
TXN108806,7500.0,REFUNDED,REF-00008806,2026-07-17,Merchant_C,Processor_C,NGN,USSD,RETAIL
TXN100452,7500.0,SUCCESS,REF-00000452,2026-07-16,Merchant_C,Processor_A,NGN,MOBILE_MONEY,RETAIL
TXN108897,10000.0,SUCCESS,REF-00008897,2026-07-22,Merchant_C,Processor_C,NGN,MOBILE_MONEY,RETAIL
TXN101685,50000.0,SUCCESS,REF-00001685,2026-07-10,Merchant_D,Processor_A,NGN,MOBILE_MONEY,RETAIL
TXN104508,10000.0,FAILED,REF-00004508,2026-07-27,Merchant_C,Processor_C,NGN,MOBILE_MONEY,BUSINESS
TXN101590,25000.0,SUCCESS,REF-00001590,2026-07-26,Merchant_C,Processor_B,NGN,CARD,BUSINESS
TXN102293,10000.0,SUCCESS,REF-00002293,2026-07-29,Merchant_D,Processor_B,NGN,MOBILE_MONEY,RETAIL
TXN101270,25000.0,SUCCESS,REF-00001270,2026-07-02,Merchant_C,Processor_A,NGN,BANK_TRANSFER,BUSINESS
TXN101057,7500.0,FAILED,REF-00001057,2026-07-27,Merchant_A,Processor_A,NGN,CARD,BUSINESS
TXN102137,25000.0,SUCCESS,REF-00002137,2026-07-03,Merchant_A,Processor_B,NGN,BANK_TRANSFER,BUSINESS
TXN100878,500.0,SUCCESS,REF-00000878,2026-07-30,Merchant_D,Processor_A,NGN,BANK_TRANSFER,RETAIL
TXN109661,2500.0,SUCCESS,REF-00009661,2026-07-12,Merchant_C,Processor_A,NGN,CARD,RETAIL
TXN108170,50000.0,SUCCESS,REF-00008170,2026-07-24,Merchant_B,Processor_C,NGN,BANK_TRANSFER,RETAIL
TXN102098,50000.0,SUCCESS,REF-00002098,2026-07-31,Merchant_E,Processor_A,NGN,BANK_TRANSFER,BUSINESS
TXN100822,5000.0,REFUNDED,REF-00000822,2026-07-15,Merchant_D,Processor_B,NGN,USSD,RETAIL
TXN108435,2500.0,SUCCESS,REF-00008435,2026-07-05,Merchant_D,Processor_A,NGN,MOBILE_MONEY,BUSINESS
TXN101098,25000.0,SUCCESS,REF-00001098,2026-07-24,Merchant_C,Processor_B,NGN,BANK_TRANSFER,RETAIL
TXN103415,10000.0,SUCCESS,REF-00003415,2026-07-21,Merchant_B,Processor_A,NGN,USSD,BUSINESS
TXN109185,25000.0,SUCCESS,REF-00009185,2026-07-24,Merchant_D,Processor_C,NGN,USSD,RETAIL
TXN100660,5000.0,SUCCESS,REF-00000660,2026-07-10,Merchant_E,Processor_B,NGN,MOBILE_MONEY,BUSINESS
TXN101619,25000.0,SUCCESS,REF-00001619,2026-07-01,Merchant_E,Processor_A,NGN,USSD,BUSINESS
TXN105348,7500.0,SUCCESS,REF-00005348,2026-07-05,Merchant_D,Processor_A,NGN,USSD,BUSINESS
TXN101456,15000.0,SUCCESS,REF-00001456,2026-07-20,Merchant_B,Processor_A,NGN,BANK_TRANSFER,RETAIL
TXN106012,250000.0,SUCCESS,REF-00006012,2026-07-25,Merchant_E,Processor_A,NGN,MOBILE_MONEY,RETAIL
TXN103527,25000.0,SUCCESS,REF-00003527,2026-07-30,Merchant_C,Processor_A,NGN,MOBILE_MONEY,BUSINESS
TXN102798,250000.0,SUCCESS,REF-00002798,2026-07-01,Merchant_B,Processor_C,NGN,BANK_TRANSFER,RETAIL
TXN108264,50000.0,SUCCESS,REF-00008264,2026-07-16,Merchant_D,Processor_A,NGN,CARD,RETAIL
TXN103528,250000.0,SUCCESS,REF-00003528,2026-07-04,Merchant_B,Processor_A,NGN,USSD,RETAIL
TXN107504,10000.0,SUCCESS,REF-00007504,2026-07-15,Merchant_A,Processor_A,NGN,BANK_TRANSFER,RETAIL
TXN106091,25000.0,SUCCESS,REF-00006091,2026-07-25,Merchant_D,Processor_A,NGN,USSD,BUSINESS
TXN103502,250000.0,SUCCESS,REF-00003502,2026-07-19,Merchant_D,Processor_A,NGN,MOBILE_MONEY,BUSINESS
TXN106873,5000.0,SUCCESS,REF-00006873,2026-07-14,Merchant_E,Processor_B,NGN,MOBILE_MONEY,BUSINESS
TXN107245,1000.0,SUCCESS,REF-00007245,2026-07-12,Merchant_C,Processor_A,NGN,USSD,BUSINESS
TXN105617,2500.0,SUCCESS,REF-00005617,2026-07-13,Merchant_A,Processor_C,NGN,MOBILE_MONEY,BUSINESS
TXN100970,15000.0,SUCCESS,REF-00000970,2026-07-29,Merchant_D,Processor_C,NGN,MOBILE_MONEY,BUSINESS
TXN103626,500.0,SUCCESS,REF-00003626,2026-07-11,Merchant_C,Processor_A,NGN,CARD,BUSINESS
TXN101327,25000.0,SUCCESS,REF-00001327,2026-07-13,Merchant_B,Processor_B,NGN,MOBILE_MONEY,RETAIL
TXN107247,50000.0,SUCCESS,REF-00007247,2026-07-15,Merchant_A,Processor_B,NGN,MOBILE_MONEY,BUSINESS
TXN100942,15000.0,SUCCESS,REF-00000942,2026-07-24,Merchant_D,Processor_A,NGN,USSD,BUSINESS
TXN105921,250000.0,FAILED,REF-00005921,2026-07-26,Merchant_C,Processor_C,NGN,BANK_TRANSFER,BUSINESS
TXN100463,10000.0,FAILED,REF-00000463,2026-07-21,Merchant_C,Processor_A,NGN,MOBILE_MONEY,RETAIL
TXN109121,7500.0,SUCCESS,REF-00009121,2026-07-04,Merchant_B,Processor_A,NGN,MOBILE_MONEY,RETAIL
TXN109351,5000.0,SUCCESS,REF-00009351,2026-07-01,Merchant_B,Processor_B,NGN,BANK_TRANSFER,BUSINESS
TXN100555,7500.0,SUCCESS,REF-00000555,2026-07-20,Merchant_E,Processor_C,NGN,BANK_TRANSFER,BUSINESS
TXN103802,50000.0,REFUNDED,REF-00003802,2026-07-05,Merchant_B,Processor_A,NGN,BANK_TRANSFER,RETAIL
TXN104596,25000.0,FAILED,REF-00004596,2026-07-22,Merchant_D,Processor_A,NGN,USSD,RETAIL
TXN104896,1500.0,SUCCESS,REF-00004896,2026-07-15,Merchant_D,Processor_C,NGN,MOBILE_MONEY,BUSINESS
TXN107878,15000.0,SUCCESS,REF-00007878,2026-07-02,Merchant_E,Processor_A,NGN,MOBILE_MONEY,BUSINESS
TXN109367,50000.0,SUCCESS,REF-00009367,2026-07-15,Merchant_A,Processor_A,NGN,BANK_TRANSFER,BUSINESS
TXN103744,500.0,SUCCESS,REF-00003744,2026-07-31,Merchant_A,Processor_A,NGN,CARD,BUSINESS
TXN107042,15000.0,SUCCESS,REF-00007042,2026-07-13,Merchant_B,Processor_B,NGN,USSD,BUSINESS
TXN107243,10000.0,SUCCESS,REF-00007243,2026-07-09,Merchant_D,Processor_C,NGN,BANK_TRANSFER,BUSINESS
TXN102280,2500.0,SUCCESS,REF-00002280,2026-07-06,Merchant_C,Processor_A,NGN,BANK_TRANSFER,BUSINESS
TXN106143,100000.0,REFUNDED,REF-00006143,2026-07-18,Merchant_C,Processor_B,NGN,MOBILE_MONEY,RETAIL
TXN108184,5000.0,SUCCESS,REF-00008184,2026-07-21,Merchant_C,Processor_B,NGN,CARD,BUSINESS
TXN109977,50000.0,SUCCESS,REF-00009977,2026-07-03,Merchant_C,Processor_A,NGN,USSD,RETAIL
TXN109563,10000.0,SUCCESS,REF-00009563,2026-07-03,Merchant_C,Processor_C,NGN,CARD,RETAIL
TXN106155,500.0,SUCCESS,REF-00006155,2026-07-21,Merchant_B,Processor_C,NGN,CARD,RETAIL
TXN104467,1500.0,FAILED,REF-00004467,2026-07-09,Merchant_A,Processor_C,NGN,MOBILE_MONEY,BUSINESS
TXN104645,25000.0,SUCCESS,REF-00004645,2026-07-10,Merchant_D,Processor_C,NGN,BANK_TRANSFER,RETAIL
TXN101395,50000.0,SUCCESS,REF-00001395,2026-07-03,Merchant_B,Processor_C,NGN,BANK_TRANSFER,RETAIL
TXN100898,500.0,SUCCESS,REF-00000898,2026-07-01,Merchant_D,Processor_B,NGN,CARD,BUSINESS
TXN106501,1000.0,SUCCESS,REF-00006501,2026-07-12,Merchant_B,Processor_B,NGN,USSD,BUSINESS
TXN103947,15000.0,SUCCESS,REF-00003947,2026-07-22,Merchant_A,Processor_B,NGN,USSD,BUSINESS
TXN101215,2500.0,SUCCESS,REF-00001215,2026-07-03,Merchant_E,Processor_C,NGN,MOBILE_MONEY,BUSINESS
TXN104887,15000.0,SUCCESS,REF-00004887,2026-07-12,Merchant_A,Processor_B,NGN,USSD,BUSINESS
TXN109360,10000.0,SUCCESS,REF-00009360,2026-07-13,Merchant_B,Processor_A,NGN,MOBILE_MONEY,BUSINESS
TXN107274,7500.0,SUCCESS,REF-00007274,2026-07-30,Merchant_D,Processor_C,NGN,CARD,BUSINESS
TXN100432,15000.0,SUCCESS,REF-00000432,2026-07-14,Merchant_D,Processor_C,NGN,USSD,BUSINESS
TXN104417,500.0,SUCCESS,REF-00004417,2026-07-29,Merchant_C,Processor_A,NGN,BANK_TRANSFER,BUSINESS
TXN104482,10000.0,SUCCESS,REF-00004482,2026-07-13,Merchant_C,Processor_A,NGN,CARD,BUSINESS
TXN103778,15000.0,SUCCESS,REF-00003778,2026-07-15,Merchant_A,Processor_C,NGN,MOBILE_MONEY,RETAIL
TXN102639,25000.0,SUCCESS,REF-00002639,2026-07-26,Merchant_E,Processor_A,NGN,CARD,BUSINESS
TXN100189,2500.0,SUCCESS,REF-00000189,2026-07-09,Merchant_C,Processor_B,NGN,CARD,RETAIL
TXN107318,7500.0,FAILED,REF-00007318,2026-07-11,Merchant_D,Processor_A,NGN,MOBILE_MONEY,RETAIL
TXN107427,5000.0,SUCCESS,REF-00007427,2026-07-17,Merchant_E,Processor_C,NGN,USSD,BUSINESS
TXN105397,7500.0,SUCCESS,REF-00005397,2026-07-06,Merchant_D,Processor_A,NGN,USSD,BUSINESS
TXN109173,1000.0,SUCCESS,REF-00009173,2026-07-09,Merchant_D,Processor_A,NGN,BANK_TRANSFER,BUSINESS
TXN106274,15000.0,SUCCESS,REF-00006274,2026-07-24,Merchant_D,Processor_B,NGN,USSD,BUSINESS
TXN105815,1000.0,SUCCESS,REF-00005815,2026-07-07,Merchant_C,Processor_C,NGN,MOBILE_MONEY,RETAIL
TXN107702,15000.0,SUCCESS,REF-00007702,2026-07-24,Merchant_C,Processor_A,NGN,MOBILE_MONEY,BUSINESS
TXN107682,15000.0,SUCCESS,REF-00007682,2026-07-27,Merchant_D,Processor_B,NGN,MOBILE_MONEY,RETAIL
TXN102897,5000.0,SUCCESS,REF-00002897,2026-07-14,Merchant_A,Processor_A,NGN,USSD,RETAIL
TXN104095,7500.0,SUCCESS,REF-00004095,2026-07-06,Merchant_B,Processor_A,NGN,MOBILE_MONEY,BUSINESS
TXN109226,7500.0,SUCCESS,REF-00009226,2026-07-29,Merchant_E,Processor_C,NGN,USSD,BUSINESS
TXN102215,5000.0,SUCCESS,REF-00002215,2026-07-27,Merchant_D,Processor_C,NGN,MOBILE_MONEY,RETAIL
TXN105845,2500.0,SUCCESS,REF-00005845,2026-07-14,Merchant_B,Processor_B,NGN,MOBILE_MONEY,BUSINESS
TXN105261,50000.0,SUCCESS,REF-00005261,2026-07-04,Merchant_A,Processor_A,NGN,USSD,BUSINESS
TXN105773,25000.0,FAILED,REF-00005773,2026-07-23,Merchant_A,Processor_B,NGN,BANK_TRANSFER,BUSINESS
TXN103189,25000.0,REFUNDED,REF-00003189,2026-07-07,Merchant_D,Processor_B,NGN,BANK_TRANSFER,BUSINESS
TXN103917,5000.0,SUCCESS,REF-00003917,2026-07-24,Merchant_D,Processor_A,NGN,BANK_TRANSFER,BUSINESS
TXN108452,25000.0,SUCCESS,REF-00008452,2026-07-29,Merchant_A,Processor_B,NGN,USSD,BUSINESS
TXN109120,100000.0,SUCCESS,REF-00009120,2026-07-02,Merchant_A,Processor_B,NGN,MOBILE_MONEY,BUSINESS
TXN105480,50000.0,SUCCESS,REF-00005480,2026-07-25,Merchant_E,Processor_C,NGN,USSD,RETAIL
TXN107870,50000.0,SUCCESS,REF-00007870,2026-07-03,Merchant_D,Processor_B,NGN,CARD,BUSINESS
TXN109695,10000.0,SUCCESS,REF-00009695,2026-07-23,Merchant_E,Processor_A,NGN,CARD,RETAIL
TXN106285,10000.0,SUCCESS,REF-00006285,2026-07-10,Merchant_B,Processor_B,NGN,USSD,RETAIL
TXN109006,5000.0,SUCCESS,REF-00009006,2026-07-06,Merchant_A,Processor_C,NGN,CARD,BUSINESS
TXN103308,5000.0,FAILED,REF-00003308,2026-07-11,Merchant_C,Processor_B,NGN,BANK_TRANSFER,BUSINESS
TXN105666,25000.0,SUCCESS,REF-00005666,2026-07-25,Merchant_B,Processor_C,NGN,BANK_TRANSFER,BUSINESS
TXN102874,25000.0,REFUNDED,REF-00002874,2026-07-12,Merchant_B,Processor_A,NGN,BANK_TRANSFER,RETAIL
TXN103825,1000.0,SUCCESS,REF-00003825,2026-07-14,Merchant_E,Processor_B,NGN,CARD,RETAIL
TXN103065,2500.0,SUCCESS,REF-00003065,2026-07-13,Merchant_D,Processor_A,NGN,BANK_TRANSFER,BUSINESS
TXN100805,25000.0,SUCCESS,REF-00000805,2026-07-25,Merchant_A,Processor_B,NGN,BANK_TRANSFER,BUSINESS
TXN109123,100000.0,REFUNDED,REF-00009123,2026-07-07,Merchant_A,Processor_B,NGN,BANK_TRANSFER,BUSINESS
TXN104261,100000.0,SUCCESS,REF-00004261,2026-07-20,Merchant_A,Processor_B,NGN,USSD,BUSINESS
TXN100471,250000.0,SUCCESS,REF-00000471,2026-07-17,Merchant_E,Processor_B,NGN,MOBILE_MONEY,RETAIL
TXN102118,1000.0,SUCCESS,REF-00002118,2026-07-14,Merchant_A,Processor_C,NGN,MOBILE_MONEY,RETAIL
TXN108935,15000.0,SUCCESS,REF-00008935,2026-07-10,Merchant_B,Processor_A,NGN,USSD,RETAIL
TXN104490,2500.0,SUCCESS,REF-00004490,2026-07-12,Merchant_D,Processor_B,NGN,BANK_TRANSFER,RETAIL
TXN104495,15000.0,SUCCESS,REF-00004495,2026-07-13,Merchant_A,Processor_B,NGN,BANK_TRANSFER,RETAIL
TXN106484,2500.0,SUCCESS,REF-00006484,2026-07-25,Merchant_B,Processor_A,NGN,USSD,BUSINESS
TXN100254,1500.0,FAILED,REF-00000254,2026-07-30,Merchant_B,Processor_C,NGN,USSD,RETAIL
TXN106208,7500.0,SUCCESS,REF-00006208,2026-07-05,Merchant_D,Processor_A,NGN,CARD,BUSINESS
TXN100739,5000.0,SUCCESS,REF-00000739,2026-07-25,Merchant_A,Processor_A,NGN,USSD,RETAIL
TXN103370,2500.0,SUCCESS,REF-00003370,2026-07-28,Merchant_A,Processor_C,NGN,BANK_TRANSFER,RETAIL
TXN101288,500.0,SUCCESS,REF-00001288,2026-07-11,Merchant_E,Processor_B,NGN,USSD,BUSINESS
TXN100890,25000.0,SUCCESS,REF-00000890,2026-07-28,Merchant_B,Processor_A,NGN,BANK_TRANSFER,RETAIL
TXN107690,1000.0,SUCCESS,REF-00007690,2026-07-14,Merchant_A,Processor_C,NGN,CARD,BUSINESS
TXN101729,15000.0,SUCCESS,REF-00001729,2026-07-22,Merchant_D,Processor_A,NGN,USSD,BUSINESS
TXN104048,50000.0,FAILED,REF-00004048,2026-07-12,Merchant_C,Processor_B,NGN,CARD,BUSINESS
TXN104504,10000.0,SUCCESS,REF-00004504,2026-07-26,Merchant_C,Processor_B,NGN,BANK_TRANSFER,BUSINESS
TXN108116,25000.0,SUCCESS,REF-00008116,2026-07-15,Merchant_B,Processor_B,NGN,BANK_TRANSFER,RETAIL
TXN106233,1500.0,SUCCESS,REF-00006233,2026-07-23,Merchant_A,Processor_A,NGN,BANK_TRANSFER,RETAIL
TXN104009,1000.0,REFUNDED,REF-00004009,2026-07-21,Merchant_B,Processor_A,NGN,BANK_TRANSFER,BUSINESS
TXN106315,100000.0,SUCCESS,REF-00006315,2026-07-17,Merchant_D,Processor_B,NGN,CARD,BUSINESS
TXN105651,15000.0,SUCCESS,REF-00005651,2026-07-15,Merchant_A,Processor_A,NGN,USSD,RETAIL
TXN106997,100000.0,SUCCESS,REF-00006997,2026-07-30,Merchant_B,Processor_A,NGN,USSD,RETAIL
TXN105104,5000.0,SUCCESS,REF-00005104,2026-07-05,Merchant_C,Processor_A,NGN,BANK_TRANSFER,BUSINESS
TXN109187,500.0,SUCCESS,REF-00009187,2026-07-13,Merchant_B,Processor_B,NGN,BANK_TRANSFER,BUSINESS
TXN100023,5000.0,SUCCESS,REF-00000023,2026-07-24,Merchant_E,Processor_B,NGN,CARD,BUSINESS
TXN109555,50000.0,SUCCESS,REF-00009555,2026-07-17,Merchant_E,Processor_B,NGN,CARD,BUSINESS
TXN106891,100000.0,SUCCESS,REF-00006891,2026-07-24,Merchant_C,Processor_B,NGN,BANK_TRANSFER,RETAIL
TXN106966,50000.0,SUCCESS,REF-00006966,2026-07-28,Merchant_E,Processor_C,NGN,BANK_TRANSFER,BUSINESS
TXN107929,1500.0,SUCCESS,REF-00007929,2026-07-19,Merchant_B,Processor_B,NGN,USSD,RETAIL
TXN106428,2500.0,SUCCESS,REF-00006428,2026-07-29,Merchant_D,Processor_A,NGN,USSD,BUSINESS
TXN106189,1500.0,SUCCESS,REF-00006189,2026-07-10,Merchant_B,Processor_B,NGN,USSD,BUSINESS
TXN106330,500.0,SUCCESS,REF-00006330,2026-07-03,Merchant_D,Processor_C,NGN,BANK_TRANSFER,RETAIL
TXN109534,7500.0,SUCCESS,REF-00009534,2026-07-19,Merchant_E,Processor_B,NGN,MOBILE_MONEY,RETAIL
TXN108754,250000.0,SUCCESS,REF-00008754,2026-07-19,Merchant_E,Processor_A,NGN,CARD,RETAIL
TXN106578,5000.0,SUCCESS,REF-00006578,2026-07-11,Merchant_E,Processor_B,NGN,CARD,RETAIL
TXN103420,25000.0,FAILED,REF-00003420,2026-07-20,Merchant_E,Processor_A,NGN,CARD,BUSINESS
TXN105314,10000.0,SUCCESS,REF-00005314,2026-07-26,Merchant_C,Processor_B,NGN,BANK_TRANSFER,BUSINESS
TXN102346,15000.0,SUCCESS,REF-00002346,2026-07-15,Merchant_A,Processor_C,NGN,BANK_TRANSFER,BUSINESS
TXN101088,250000.0,SUCCESS,REF-00001088,2026-07-30,Merchant_A,Processor_B,NGN,CARD,BUSINESS
TXN102119,100000.0,SUCCESS,REF-00002119,2026-07-10,Merchant_D,Processor_B,NGN,CARD,RETAIL
TXN107793,15000.0,SUCCESS,REF-00007793,2026-07-26,Merchant_B,Processor_C,NGN,CARD,BUSINESS
TXN105664,15000.0,SUCCESS,REF-00005664,2026-07-19,Merchant_B,Processor_A,NGN,BANK_TRANSFER,RETAIL
TXN105823,25000.0,SUCCESS,REF-00005823,2026-07-19,Merchant_D,Processor_C,NGN,MOBILE_MONEY,BUSINESS
TXN100695,15000.0,SUCCESS,REF-00000695,2026-07-05,Merchant_E,Processor_A,NGN,MOBILE_MONEY,BUSINESS
TXN108010,50000.0,SUCCESS,REF-00008010,2026-07-15,Merchant_E,Processor_B,NGN,MOBILE_MONEY,RETAIL
TXN105106,5000.0,SUCCESS,REF-00005106,2026-07-24,Merchant_B,Processor_B,NGN,USSD,BUSINESS
TXN108597,5000.0,SUCCESS,REF-00008597,2026-07-19,Merchant_A,Processor_C,NGN,USSD,BUSINESS
TXN109491,1000.0,REFUNDED,REF-00009491,2026-07-30,Merchant_C,Processor_C,NGN,BANK_TRANSFER,RETAIL
TXN104659,25000.0,REFUNDED,REF-00004659,2026-07-05,Merchant_E,Processor_C,NGN,MOBILE_MONEY,RETAIL
TXN104780,1000.0,FAILED,REF-00004780,2026-07-28,Merchant_C,Processor_B,NGN,MOBILE_MONEY,RETAIL
TXN105760,25000.0,SUCCESS,REF-00005760,2026-07-18,Merchant_E,Processor_B,NGN,USSD,BUSINESS
TXN100960,1000.0,SUCCESS,REF-00000960,2026-07-22,Merchant_C,Processor_B,NGN,MOBILE_MONEY,RETAIL
TXN109375,2500.0,SUCCESS,REF-00009375,2026-07-23,Merchant_D,Processor_C,NGN,CARD,RETAIL
TXN105026,2500.0,SUCCESS,REF-00005026,2026-07-08,Merchant_A,Processor_A,NGN,USSD,BUSINESS
TXN104319,10000.0,SUCCESS,REF-00004319,2026-07-27,Merchant_B,Processor_A,NGN,CARD,RETAIL
TXN108258,15000.0,SUCCESS,REF-00008258,2026-07-17,Merchant_B,Processor_B,NGN,MOBILE_MONEY,BUSINESS
TXN102598,5000.0,SUCCESS,REF-00002598,2026-07-29,Merchant_C,Processor_A,NGN,BANK_TRANSFER,RETAIL
TXN100733,10000.0,SUCCESS,REF-00000733,2026-07-29,Merchant_B,Processor_B,NGN,MOBILE_MONEY,BUSINESS
TXN107568,50000.0,SUCCESS,REF-00007568,2026-07-04,Merchant_C,Processor_C,NGN,BANK_TRANSFER,RETAIL
TXN102982,25000.0,SUCCESS,REF-00002982,2026-07-31,Merchant_E,Processor_A,NGN,CARD,RETAIL
TXN108800,25000.0,SUCCESS,REF-00008800,2026-07-08,Merchant_B,Processor_B,NGN,CARD,RETAIL
TXN102933,10000.0,SUCCESS,REF-00002933,2026-07-23,Merchant_A,Processor_B,NGN,MOBILE_MONEY,RETAIL
TXN102345,15000.0,SUCCESS,REF-00002345,2026-07-07,Merchant_D,Processor_A,NGN,USSD,BUSINESS
TXN105950,1500.0,FAILED,REF-00005950,2026-07-01,Merchant_D,Processor_B,NGN,CARD,RETAIL
TXN104497,1500.0,SUCCESS,REF-00004497,2026-07-29,Merchant_B,Processor_A,NGN,BANK_TRANSFER,BUSINESS
TXN109817,7500.0,FAILED,REF-00009817,2026-07-24,Merchant_C,Processor_B,NGN,BANK_TRANSFER,BUSINESS
TXN108954,5000.0,SUCCESS,REF-00008954,2026-07-23,Merchant_E,Processor_A,NGN,USSD,BUSINESS
TXN105519,15000.0,SUCCESS,REF-00005519,2026-07-27,Merchant_E,Processor_C,NGN,MOBILE_MONEY,RETAIL
TXN100879,2500.0,FAILED,REF-00000879,2026-07-26,Merchant_B,Processor_A,NGN,CARD,RETAIL
TXN106600,10000.0,SUCCESS,REF-00006600,2026-07-29,Merchant_D,Processor_B,NGN,MOBILE_MONEY,RETAIL
TXN103607,5000.0,SUCCESS,REF-00003607,2026-07-28,Merchant_D,Processor_C,NGN,CARD,RETAIL
TXN103480,1500.0,SUCCESS,REF-00003480,2026-07-01,Merchant_B,Processor_B,NGN,MOBILE_MONEY,BUSINESS
TXN108331,15000.0,SUCCESS,REF-00008331,2026-07-04,Merchant_A,Processor_B,NGN,USSD,BUSINESS
TXN104380,1000.0,FAILED,REF-00004380,2026-07-29,Merchant_D,Processor_B,NGN,BANK_TRANSFER,BUSINESS
TXN100680,50000.0,SUCCESS,REF-00000680,2026-07-02,Merchant_D,Processor_A,NGN,MOBILE_MONEY,RETAIL
TXN100340,10000.0,SUCCESS,REF-00000340,2026-07-08,Merchant_C,Processor_B,NGN,MOBILE_MONEY,BUSINESS
TXN106547,10000.0,SUCCESS,REF-00006547,2026-07-01,Merchant_D,Processor_B,NGN,CARD,BUSINESS
TXN104628,15000.0,SUCCESS,REF-00004628,2026-07-01,Merchant_E,Processor_B,NGN,MOBILE_MONEY,BUSINESS
TXN106801,1000.0,SUCCESS,REF-00006801,2026-07-10,Merchant_E,Processor_B,NGN,MOBILE_MONEY,BUSINESS
TXN107625,15000.0,SUCCESS,REF-00007625,2026-07-30,Merchant_B,Processor_C,NGN,USSD,BUSINESS
TXN107028,5000.0,SUCCESS,REF-00007028,2026-07-24,Merchant_C,Processor_C,NGN,MOBILE_MONEY,RETAIL
TXN104294,7500.0,SUCCESS,REF-00004294,2026-07-20,Merchant_A,Processor_C,NGN,USSD,BUSINESS
TXN104071,15000.0,SUCCESS,REF-00004071,2026-07-12,Merchant_E,Processor_B,NGN,USSD,BUSINESS
TXN103661,10000.0,SUCCESS,REF-00003661,2026-07-10,Merchant_E,Processor_B,NGN,USSD,BUSINESS
TXN105818,100000.0,SUCCESS,REF-00005818,2026-07-23,Merchant_E,Processor_B,NGN,CARD,BUSINESS
TXN105648,15000.0,SUCCESS,REF-00005648,2026-07-19,Merchant_E,Processor_C,NGN,USSD,BUSINESS
TXN101829,5000.0,SUCCESS,REF-00001829,2026-07-27,Merchant_E,Processor_C,NGN,CARD,RETAIL
TXN100579,2500.0,SUCCESS,REF-00000579,2026-07-08,Merchant_D,Processor_C,NGN,BANK_TRANSFER,BUSINESS
TXN102510,1000.0,SUCCESS,REF-00002510,2026-07-29,Merchant_D,Processor_C,NGN,USSD,RETAIL
TXN102499,7500.0,SUCCESS,REF-00002499,2026-07-14,Merchant_E,Processor_A,NGN,MOBILE_MONEY,RETAIL
TXN108823,1000.0,FAILED,REF-00008823,2026-07-10,Merchant_A,Processor_C,NGN,USSD,RETAIL
TXN101265,1000.0,FAILED,REF-00001265,2026-07-09,Merchant_A,Processor_C,NGN,BANK_TRANSFER,RETAIL
TXN106948,100000.0,SUCCESS,REF-00006948,2026-07-13,Merchant_A,Processor_C,NGN,USSD,RETAIL
TXN107170,10000.0,SUCCESS,REF-00007170,2026-07-11,Merchant_E,Processor_B,NGN,CARD,BUSINESS
TXN101972,5000.0,SUCCESS,REF-00001972,2026-07-15,Merchant_D,Processor_B,NGN,BANK_TRANSFER,BUSINESS
TXN104879,50000.0,SUCCESS,REF-00004879,2026-07-11,Merchant_C,Processor_B,NGN,BANK_TRANSFER,RETAIL
TXN104646,15000.0,FAILED,REF-00004646,2026-07-28,Merchant_D,Processor_A,NGN,CARD,RETAIL
TXN101117,100000.0,SUCCESS,REF-00001117,2026-07-05,Merchant_E,Processor_A,NGN,CARD,RETAIL
TXN101398,15000.0,SUCCESS,REF-00001398,2026-07-22,Merchant_D,Processor_A,NGN,MOBILE_MONEY,RETAIL
TXN103313,500.0,SUCCESS,REF-00003313,2026-07-19,Merchant_C,Processor_B,NGN,BANK_TRANSFER,BUSINESS
TXN105414,1000.0,SUCCESS,REF-00005414,2026-07-19,Merchant_A,Processor_A,NGN,USSD,BUSINESS
TXN109512,1000.0,REFUNDED,REF-00009512,2026-07-09,Merchant_D,Processor_C,NGN,CARD,RETAIL
TXN100009,25000.0,SUCCESS,REF-00000009,2026-07-26,Merchant_C,Processor_B,NGN,MOBILE_MONEY,BUSINESS
TXN108703,2500.0,SUCCESS,REF-00008703,2026-07-05,Merchant_D,Processor_B,NGN,CARD,RETAIL
TXN108947,100000.0,SUCCESS,REF-00008947,2026-07-24,Merchant_A,Processor_B,NGN,CARD,BUSINESS
TXN102497,50000.0,SUCCESS,REF-00002497,2026-07-07,Merchant_E,Processor_A,NGN,MOBILE_MONEY,RETAIL
TXN106765,100000.0,SUCCESS,REF-00006765,2026-07-16,Merchant_E,Processor_B,NGN,BANK_TRANSFER,BUSINESS
TXN104032,1000.0,FAILED,REF-00004032,2026-07-10,Merchant_B,Processor_A,NGN,USSD,BUSINESS
TXN104155,500.0,SUCCESS,REF-00004155,2026-07-02,Merchant_C,Processor_C,NGN,CARD,RETAIL
TXN102336,7500.0,SUCCESS,REF-00002336,2026-07-02,Merchant_B,Processor_A,NGN,BANK_TRANSFER,RETAIL
TXN108300,25000.0,SUCCESS,REF-00008300,2026-07-14,Merchant_B,Processor_C,NGN,MOBILE_MONEY,BUSINESS
TXN102207,50000.0,SUCCESS,REF-00002207,2026-07-29,Merchant_D,Processor_B,NGN,MOBILE_MONEY,RETAIL
TXN102974,5000.0,REFUNDED,REF-00002974,2026-07-30,Merchant_A,Processor_B,NGN,MOBILE_MONEY,RETAIL
TXN102385,10000.0,SUCCESS,REF-00002385,2026-07-03,Merchant_D,Processor_B,NGN,BANK_TRANSFER,BUSINESS
TXN105770,15000.0,SUCCESS,REF-00005770,2026-07-14,Merchant_E,Processor_A,NGN,USSD,RETAIL
TXN105246,50000.0,SUCCESS,REF-00005246,2026-07-07,Merchant_A,Processor_C,NGN,BANK_TRANSFER,RETAIL
TXN102315,1500.0,SUCCESS,REF-00002315,2026-07-15,Merchant_D,Processor_C,NGN,BANK_TRANSFER,BUSINESS
TXN100077,1000.0,SUCCESS,REF-00000077,2026-07-07,Merchant_E,Processor_C,NGN,MOBILE_MONEY,RETAIL
TXN100833,1500.0,SUCCESS,REF-00000833,2026-07-13,Merchant_D,Processor_C,NGN,CARD,BUSINESS
TXN107684,1000.0,SUCCESS,REF-00007684,2026-07-31,Merchant_A,Processor_A,NGN,CARD,BUSINESS
TXN100383,100000.0,SUCCESS,REF-00000383,2026-07-24,Merchant_E,Processor_B,NGN,MOBILE_MONEY,RETAIL
TXN107778,100000.0,SUCCESS,REF-00007778,2026-07-15,Merchant_B,Processor_B,NGN,CARD,RETAIL
TXN108313,15000.0,SUCCESS,REF-00008313,2026-07-05,Merchant_A,Processor_A,NGN,MOBILE_MONEY,RETAIL
TXN107520,5000.0,SUCCESS,REF-00007520,2026-07-16,Merchant_C,Processor_A,NGN,BANK_TRANSFER,BUSINESS
TXN100095,10000.0,SUCCESS,REF-00000095,2026-07-22,Merchant_E,Processor_C,NGN,MOBILE_MONEY,RETAIL
TXN106477,1000.0,SUCCESS,REF-00006477,2026-07-13,Merchant_A,Processor_B,NGN,USSD,BUSINESS
TXN105656,15000.0,SUCCESS,REF-00005656,2026-07-26,Merchant_A,Processor_C,NGN,USSD,RETAIL
TXN102043,1000.0,SUCCESS,REF-00002043,2026-07-30,Merchant_A,Processor_C,NGN,USSD,BUSINESS
TXN104712,2500.0,SUCCESS,REF-00004712,2026-07-17,Merchant_D,Processor_C,NGN,BANK_TRANSFER,RETAIL
TXN102154,1000.0,SUCCESS,REF-00002154,2026-07-24,Merchant_C,Processor_C,NGN,CARD,BUSINESS
TXN107678,1000.0,SUCCESS,REF-00007678,2026-07-02,Merchant_A,Processor_B,NGN,BANK_TRANSFER,RETAIL
TXN101886,500.0,SUCCESS,REF-00001886,2026-07-03,Merchant_D,Processor_B,NGN,CARD,RETAIL
TXN103633,5000.0,SUCCESS,REF-00003633,2026-07-22,Merchant_A,Processor_A,NGN,BANK_TRANSFER,BUSINESS
TXN107733,50000.0,SUCCESS,REF-00007733,2026-07-20,Merchant_C,Processor_A,NGN,BANK_TRANSFER,BUSINESS
TXN108711,5000.0,SUCCESS,REF-00008711,2026-07-25,Merchant_A,Processor_A,NGN,USSD,BUSINESS
TXN106692,15000.0,SUCCESS,REF-00006692,2026-07-31,Merchant_E,Processor_A,NGN,BANK_TRANSFER,BUSINESS
TXN107755,25000.0,SUCCESS,REF-00007755,2026-07-30,Merchant_D,Processor_A,NGN,USSD,BUSINESS
TXN102777,1500.0,FAILED,REF-00002777,2026-07-30,Merchant_C,Processor_C,NGN,BANK_TRANSFER,BUSINESS
TXN102175,50000.0,SUCCESS,REF-00002175,2026-07-10,Merchant_A,Processor_C,NGN,MOBILE_MONEY,RETAIL
TXN103820,5000.0,SUCCESS,REF-00003820,2026-07-19,Merchant_A,Processor_C,NGN,USSD,BUSINESS
TXN109781,7500.0,SUCCESS,REF-00009781,2026-07-12,Merchant_D,Processor_C,NGN,MOBILE_MONEY,RETAIL
TXN101976,2500.0,SUCCESS,REF-00001976,2026-07-19,Merchant_A,Processor_B,NGN,BANK_TRANSFER,BUSINESS
TXN107050,100000.0,SUCCESS,REF-00007050,2026-07-23,Merchant_D,Processor_A,NGN,BANK_TRANSFER,BUSINESS
TXN103082,2500.0,SUCCESS,REF-00003082,2026-07-11,Merchant_C,Processor_C,NGN,MOBILE_MONEY,BUSINESS
TXN108716,10000.0,SUCCESS,REF-00008716,2026-07-11,Merchant_D,Processor_C,NGN,CARD,BUSINESS
TXN109008,10000.0,SUCCESS,REF-00009008,2026-07-12,Merchant_D,Processor_C,NGN,CARD,BUSINESS
TXN106405,100000.0,FAILED,REF-00006405,2026-07-08,Merchant_C,Processor_C,NGN,CARD,RETAIL
TXN108657,2500.0,SUCCESS,REF-00008657,2026-07-23,Merchant_C,Processor_B,NGN,BANK_TRANSFER,RETAIL
TXN106476,10000.0,SUCCESS,REF-00006476,2026-07-29,Merchant_E,Processor_B,NGN,CARD,BUSINESS
TXN103832,50000.0,SUCCESS,REF-00003832,2026-07-17,Merchant_C,Processor_B,NGN,CARD,RETAIL
TXN101996,250000.0,SUCCESS,REF-00001996,2026-07-24,Merchant_B,Processor_A,NGN,BANK_TRANSFER,RETAIL
TXN108230,2500.0,SUCCESS,REF-00008230,2026-07-03,Merchant_C,Processor_A,NGN,BANK_TRANSFER,BUSINESS
TXN102060,1000.0,REFUNDED,REF-00002060,2026-07-20,Merchant_B,Processor_A,NGN,CARD,BUSINESS
TXN107384,15000.0,SUCCESS,REF-00007384,2026-07-15,Merchant_D,Processor_A,NGN,CARD,BUSINESS
TXN103749,100000.0,SUCCESS,REF-00003749,2026-07-31,Merchant_E,Processor_C,NGN,MOBILE_MONEY,RETAIL
TXN100467,50000.0,SUCCESS,REF-00000467,2026-07-09,Merchant_D,Processor_A,NGN,BANK_TRANSFER,BUSINESS
TXN100211,25000.0,SUCCESS,REF-00000211,2026-07-04,Merchant_B,Processor_B,NGN,BANK_TRANSFER,RETAIL
TXN101646,1500.0,SUCCESS,REF-00001646,2026-07-30,Merchant_B,Processor_C,NGN,MOBILE_MONEY,RETAIL
TXN108365,25000.0,SUCCESS,REF-00008365,2026-07-30,Merchant_A,Processor_C,NGN,USSD,BUSINESS
TXN102451,250000.0,SUCCESS,REF-00002451,2026-07-15,Merchant_D,Processor_A,NGN,USSD,RETAIL
TXN104664,50000.0,SUCCESS,REF-00004664,2026-07-24,Merchant_E,Processor_C,NGN,BANK_TRANSFER,RETAIL
TXN103803,250000.0,SUCCESS,REF-00003803,2026-07-25,Merchant_A,Processor_A,NGN,BANK_TRANSFER,BUSINESS
TXN101827,250000.0,FAILED,REF-00001827,2026-07-22,Merchant_B,Processor_A,NGN,CARD,BUSINESS
TXN102871,100000.0,FAILED,REF-00002871,2026-07-21,Merchant_B,Processor_A,NGN,USSD,BUSINESS
TXN108822,1500.0,SUCCESS,REF-00008822,2026-07-04,Merchant_B,Processor_C,NGN,CARD,RETAIL
TXN102170,15000.0,SUCCESS,REF-00002170,2026-07-09,Merchant_D,Processor_C,NGN,USSD,BUSINESS
TXN107569,500.0,SUCCESS,REF-00007569,2026-07-31,Merchant_E,Processor_B,NGN,MOBILE_MONEY,BUSINESS
TXN100123,1000.0,SUCCESS,REF-00000123,2026-07-26,Merchant_D,Processor_B,NGN,CARD,RETAIL
TXN107995,5000.0,SUCCESS,REF-00007995,2026-07-06,Merchant_C,Processor_C,NGN,MOBILE_MONEY,RETAIL
TXN102178,25000.0,SUCCESS,REF-00002178,2026-07-08,Merchant_C,Processor_C,NGN,MOBILE_MONEY,BUSINESS
TXN100494,7500.0,SUCCESS,REF-00000494,2026-07-24,Merchant_B,Processor_B,NGN,USSD,RETAIL
TXN104872,2500.0,SUCCESS,REF-00004872,2026-07-31,Merchant_A,Processor_C,NGN,BANK_TRANSFER,BUSINESS
TXN107418,1000.0,SUCCESS,REF-00007418,2026-07-31,Merchant_E,Processor_A,NGN,BANK_TRANSFER,RETAIL
TXN107931,25000.0,SUCCESS,REF-00007931,2026-07-04,Merchant_C,Processor_C,NGN,MOBILE_MONEY,RETAIL
TXN103482,5000.0,SUCCESS,REF-00003482,2026-07-19,Merchant_D,Processor_C,NGN,BANK_TRANSFER,RETAIL
TXN105399,50000.0,SUCCESS,REF-00005399,2026-07-16,Merchant_E,Processor_C,NGN,CARD,BUSINESS
TXN106952,7500.0,SUCCESS,REF-00006952,2026-07-14,Merchant_B,Processor_C,NGN,USSD,RETAIL
TXN101020,25000.0,SUCCESS,REF-00001020,2026-07-31,Merchant_B,Processor_B,NGN,CARD,RETAIL
TXN100056,1000.0,SUCCESS,REF-00000056,2026-07-05,Merchant_D,Processor_C,NGN,BANK_TRANSFER,RETAIL
TXN106730,7500.0,SUCCESS,REF-00006730,2026-07-28,Merchant_A,Processor_B,NGN,MOBILE_MONEY,BUSINESS
TXN106640,25000.0,SUCCESS,REF-00006640,2026-07-29,Merchant_E,Processor_C,NGN,USSD,RETAIL
TXN108837,10000.0,SUCCESS,REF-00008837,2026-07-11,Merchant_A,Processor_B,NGN,MOBILE_MONEY,BUSINESS
TXN109518,10000.0,SUCCESS,REF-00009518,2026-07-18,Merchant_D,Processor_A,NGN,USSD,BUSINESS
TXN106003,15000.0,SUCCESS,REF-00006003,2026-07-18,Merchant_D,Processor_C,NGN,CARD,BUSINESS
TXN102771,5000.0,SUCCESS,REF-00002771,2026-07-18,Merchant_E,Processor_B,NGN,BANK_TRANSFER,BUSINESS
TXN108677,25000.0,FAILED,REF-00008677,2026-07-19,Merchant_D,Processor_B,NGN,CARD,BUSINESS
TXN103413,5000.0,SUCCESS,REF-00003413,2026-07-20,Merchant_D,Processor_A,NGN,MOBILE_MONEY,RETAIL
TXN102989,50000.0,SUCCESS,REF-00002989,2026-07-10,Merchant_C,Processor_A,NGN,CARD,RETAIL
TXN107036,2500.0,SUCCESS,REF-00007036,2026-07-08,Merchant_B,Processor_B,NGN,BANK_TRANSFER,BUSINESS
TXN108662,500.0,SUCCESS,REF-00008662,2026-07-13,Merchant_E,Processor_C,NGN,BANK_TRANSFER,BUSINESS
TXN108562,15000.0,SUCCESS,REF-00008562,2026-07-05,Merchant_B,Processor_C,NGN,CARD,RETAIL
TXN101440,250000.0,SUCCESS,REF-00001440,2026-07-23,Merchant_B,Processor_C,NGN,USSD,RETAIL
TXN105738,500.0,SUCCESS,REF-00005738,2026-07-13,Merchant_A,Processor_B,NGN,BANK_TRANSFER,BUSINESS
TXN106706,100000.0,FAILED,REF-00006706,2026-07-22,Merchant_C,Processor_A,NGN,BANK_TRANSFER,BUSINESS
TXN109970,1000.0,SUCCESS,REF-00009970,2026-07-15,Merchant_D,Processor_B,NGN,BANK_TRANSFER,BUSINESS
TXN103430,10000.0,SUCCESS,REF-00003430,2026-07-06,Merchant_B,Processor_A,NGN,BANK_TRANSFER,BUSINESS
TXN101726,10000.0,SUCCESS,REF-00001726,2026-07-04,Merchant_B,Processor_C,NGN,USSD,RETAIL
TXN103386,2500.0,SUCCESS,REF-00003386,2026-07-15,Merchant_B,Processor_B,NGN,USSD,BUSINESS
TXN103937,1500.0,SUCCESS,REF-00003937,2026-07-29,Merchant_B,Processor_A,NGN,MOBILE_MONEY,BUSINESS
TXN106644,2500.0,SUCCESS,REF-00006644,2026-07-02,Merchant_E,Processor_A,NGN,MOBILE_MONEY,BUSINESS
TXN105373,25000.0,SUCCESS,REF-00005373,2026-07-10,Merchant_D,Processor_B,NGN,MOBILE_MONEY,RETAIL
TXN100293,5000.0,SUCCESS,REF-00000293,2026-07-30,Merchant_E,Processor_C,NGN,CARD,BUSINESS
TXN103888,15000.0,SUCCESS,REF-00003888,2026-07-04,Merchant_A,Processor_A,NGN,CARD,BUSINESS
TXN105288,1000.0,SUCCESS,REF-00005288,2026-07-15,Merchant_C,Processor_B,NGN,MOBILE_MONEY,RETAIL
TXN107198,100000.0,SUCCESS,REF-00007198,2026-07-12,Merchant_C,Processor_A,NGN,BANK_TRANSFER,BUSINESS
TXN102483,1500.0,SUCCESS,REF-00002483,2026-07-02,Merchant_E,Processor_C,NGN,MOBILE_MONEY,BUSINESS
TXN101240,50000.0,SUCCESS,REF-00001240,2026-07-30,Merchant_A,Processor_C,NGN,CARD,RETAIL
TXN101805,25000.0,SUCCESS,REF-00001805,2026-07-13,Merchant_A,Processor_C,NGN,USSD,BUSINESS
TXN103465,25000.0,SUCCESS,REF-00003465,2026-07-23,Merchant_E,Processor_B,NGN,BANK_TRANSFER,BUSINESS
TXN103764,10000.0,SUCCESS,REF-00003764,2026-07-13,Merchant_D,Processor_C,NGN,BANK_TRANSFER,RETAIL
TXN106066,10000.0,SUCCESS,REF-00006066,2026-07-31,Merchant_C,Processor_A,NGN,BANK_TRANSFER,BUSINESS
TXN105657,50000.0,REFUNDED,REF-00005657,2026-07-18,Merchant_D,Processor_A,NGN,CARD,BUSINESS
TXN100399,25000.0,SUCCESS,REF-00000399,2026-07-03,Merchant_C,Processor_B,NGN,BANK_TRANSFER,BUSINESS
TXN105529,5000.0,SUCCESS,REF-00005529,2026-07-20,Merchant_E,Processor_B,NGN,BANK_TRANSFER,BUSINESS
TXN109842,5000.0,SUCCESS,REF-00009842,2026-07-14,Merchant_E,Processor_C,NGN,USSD,RETAIL
TXN101616,250000.0,SUCCESS,REF-00001616,2026-07-06,Merchant_D,Processor_A,NGN,BANK_TRANSFER,BUSINESS
TXN102996,1500.0,SUCCESS,REF-00002996,2026-07-22,Merchant_C,Processor_A,NGN,CARD,RETAIL
TXN108493,100000.0,SUCCESS,REF-00008493,2026-07-24,Merchant_C,Processor_A,NGN,BANK_TRANSFER,BUSINESS
TXN105577,250000.0,SUCCESS,REF-00005577,2026-07-08,Merchant_A,Processor_C,NGN,CARD,BUSINESS
TXN101715,250000.0,SUCCESS,REF-00001715,2026-07-28,Merchant_C,Processor_A,NGN,USSD,BUSINESS
TXN108190,100000.0,SUCCESS,REF-00008190,2026-07-25,Merchant_B,Processor_C,NGN,USSD,BUSINESS
TXN102100,100000.0,SUCCESS,REF-00002100,2026-07-24,Merchant_A,Processor_C,NGN,BANK_TRANSFER,BUSINESS
TXN107541,1000.0,SUCCESS,REF-00007541,2026-07-26,Merchant_B,Processor_B,NGN,MOBILE_MONEY,RETAIL
TXN102224,500.0,SUCCESS,REF-00002224,2026-07-28,Merchant_C,Processor_A,NGN,USSD,BUSINESS
TXN104623,25000.0,FAILED,REF-00004623,2026-07-27,Merchant_C,Processor_B,NGN,BANK_TRANSFER,BUSINESS
TXN107087,15000.0,SUCCESS,REF-00007087,2026-07-20,Merchant_C,Processor_A,NGN,USSD,RETAIL
TXN106835,1500.0,SUCCESS,REF-00006835,2026-07-14,Merchant_C,Processor_C,NGN,USSD,RETAIL
TXN104162,10000.0,SUCCESS,REF-00004162,2026-07-16,Merchant_C,Processor_A,NGN,CARD,BUSINESS
TXN109681,500.0,SUCCESS,REF-00009681,2026-07-20,Merchant_C,Processor_C,NGN,MOBILE_MONEY,RETAIL
TXN108047,500.0,SUCCESS,REF-00008047,2026-07-02,Merchant_A,Processor_A,NGN,CARD,BUSINESS
TXN104895,1000.0,SUCCESS,REF-00004895,2026-07-30,Merchant_E,Processor_B,NGN,BANK_TRANSFER,BUSINESS
TXN101578,15000.0,SUCCESS,REF-00001578,2026-07-19,Merchant_E,Processor_C,NGN,BANK_TRANSFER,BUSINESS
TXN109419,10000.0,SUCCESS,REF-00009419,2026-07-02,Merchant_B,Processor_B,NGN,CARD,RETAIL
TXN103329,15000.0,REFUNDED,REF-00003329,2026-07-09,Merchant_E,Processor_A,NGN,MOBILE_MONEY,BUSINESS
TXN100904,7500.0,SUCCESS,REF-00000904,2026-07-13,Merchant_E,Processor_B,NGN,MOBILE_MONEY,RETAIL
TXN107851,25000.0,REFUNDED,REF-00007851,2026-07-28,Merchant_D,Processor_A,NGN,MOBILE_MONEY,RETAIL
TXN107607,15000.0,SUCCESS,REF-00007607,2026-07-15,Merchant_C,Processor_B,NGN,USSD,RETAIL
TXN108414,1500.0,SUCCESS,REF-00008414,2026-07-25,Merchant_C,Processor_A,NGN,BANK_TRANSFER,BUSINESS
TXN103063,15000.0,REFUNDED,REF-00003063,2026-07-09,Merchant_A,Processor_C,NGN,USSD,BUSINESS
TXN104971,100000.0,SUCCESS,REF-00004971,2026-07-07,Merchant_D,Processor_A,NGN,CARD,BUSINESS
TXN107391,500.0,SUCCESS,REF-00007391,2026-07-08,Merchant_D,Processor_C,NGN,MOBILE_MONEY,RETAIL
TXN109093,25000.0,SUCCESS,REF-00009093,2026-07-08,Merchant_A,Processor_B,NGN,USSD,RETAIL
TXN100482,7500.0,SUCCESS,REF-00000482,2026-07-23,Merchant_B,Processor_C,NGN,MOBILE_MONEY,BUSINESS
TXN105744,1500.0,SUCCESS,REF-00005744,2026-07-03,Merchant_D,Processor_A,NGN,USSD,RETAIL
TXN107482,7500.0,SUCCESS,REF-00007482,2026-07-16,Merchant_E,Processor_B,NGN,BANK_TRANSFER,RETAIL
TXN106629,25000.0,SUCCESS,REF-00006629,2026-07-03,Merchant_E,Processor_B,NGN,MOBILE_MONEY,RETAIL
TXN108440,5000.0,SUCCESS,REF-00008440,2026-07-27,Merchant_C,Processor_B,NGN,USSD,RETAIL
TXN108950,5000.0,REFUNDED,REF-00008950,2026-07-06,Merchant_E,Processor_C,NGN,CARD,RETAIL
TXN101632,15000.0,SUCCESS,REF-00001632,2026-07-20,Merchant_A,Processor_C,NGN,USSD,BUSINESS
TXN102578,5000.0,SUCCESS,REF-00002578,2026-07-09,Merchant_D,Processor_A,NGN,CARD,BUSINESS
TXN107499,15000.0,FAILED,REF-00007499,2026-07-31,Merchant_E,Processor_A,NGN,CARD,BUSINESS
TXN100145,500.0,SUCCESS,REF-00000145,2026-07-17,Merchant_A,Processor_B,NGN,MOBILE_MONEY,BUSINESS
TXN104816,100000.0,SUCCESS,REF-00004816,2026-07-12,Merchant_B,Processor_B,NGN,BANK_TRANSFER,BUSINESS
TXN105475,7500.0,SUCCESS,REF-00005475,2026-07-16,Merchant_E,Processor_B,NGN,CARD,RETAIL
TXN103344,10000.0,SUCCESS,REF-00003344,2026-07-01,Merchant_B,Processor_B,NGN,CARD,RETAIL
TXN106685,500.0,SUCCESS,REF-00006685,2026-07-11,Merchant_E,Processor_C,NGN,BANK_TRANSFER,BUSINESS
TXN106887,5000.0,SUCCESS,REF-00006887,2026-07-25,Merchant_C,Processor_A,NGN,BANK_TRANSFER,BUSINESS
TXN108154,50000.0,SUCCESS,REF-00008154,2026-07-19,Merchant_A,Processor_C,NGN,BANK_TRANSFER,BUSINESS
TXN108665,10000.0,SUCCESS,REF-00008665,2026-07-23,Merchant_E,Processor_C,NGN,CARD,BUSINESS
TXN102676,5000.0,SUCCESS,REF-00002676,2026-07-05,Merchant_C,Processor_A,NGN,BANK_TRANSFER,RETAIL
TXN107577,25000.0,SUCCESS,REF-00007577,2026-07-06,Merchant_C,Processor_A,NGN,CARD,BUSINESS
TXN107585,15000.0,SUCCESS,REF-00007585,2026-07-11,Merchant_C,Processor_B,NGN,CARD,RETAIL
TXN101883,25000.0,SUCCESS,REF-00001883,2026-07-15,Merchant_E,Processor_C,NGN,CARD,BUSINESS
TXN103467,15000.0,SUCCESS,REF-00003467,2026-07-13,Merchant_D,Processor_A,NGN,BANK_TRANSFER,RETAIL
TXN107473,10000.0,SUCCESS,REF-00007473,2026-07-18,Merchant_D,Processor_C,NGN,CARD,BUSINESS
TXN105638,500.0,SUCCESS,REF-00005638,2026-07-29,Merchant_E,Processor_A,NGN,MOBILE_MONEY,RETAIL
TXN104766,50000.0,SUCCESS,REF-00004766,2026-07-17,Merchant_E,Processor_B,NGN,CARD,BUSINESS
TXN105433,1000.0,SUCCESS,REF-00005433,2026-07-16,Merchant_E,Processor_B,NGN,BANK_TRANSFER,RETAIL
TXN105681,10000.0,SUCCESS,REF-00005681,2026-07-17,Merchant_D,Processor_B,NGN,BANK_TRANSFER,BUSINESS
TXN100371,500.0,FAILED,REF-00000371,2026-07-27,Merchant_D,Processor_B,NGN,CARD,BUSINESS
TXN109124,7500.0,SUCCESS,REF-00009124,2026-07-02,Merchant_C,Processor_C,NGN,CARD,RETAIL
TXN108056,5000.0,FAILED,REF-00008056,2026-07-20,Merchant_B,Processor_A,NGN,CARD,RETAIL
TXN105034,1500.0,SUCCESS,REF-00005034,2026-07-24,Merchant_E,Processor_A,NGN,MOBILE_MONEY,BUSINESS
TXN100726,1500.0,SUCCESS,REF-00000726,2026-07-07,Merchant_B,Processor_B,NGN,BANK_TRANSFER,BUSINESS
TXN102786,250000.0,SUCCESS,REF-00002786,2026-07-18,Merchant_E,Processor_A,NGN,MOBILE_MONEY,RETAIL
TXN104657,10000.0,SUCCESS,REF-00004657,2026-07-17,Merchant_A,Processor_B,NGN,BANK_TRANSFER,RETAIL
TXN102326,50000.0,SUCCESS,REF-00002326,2026-07-11,Merchant_B,Processor_C,NGN,USSD,RETAIL
TXN101930,10000.0,SUCCESS,REF-00001930,2026-07-10,Merchant_D,Processor_C,NGN,BANK_TRANSFER,BUSINESS
TXN102125,15000.0,FAILED,REF-00002125,2026-07-17,Merchant_E,Processor_B,NGN,CARD,RETAIL
TXN100582,10000.0,SUCCESS,REF-00000582,2026-07-13,Merchant_D,Processor_C,NGN,BANK_TRANSFER,BUSINESS
TXN102145,50000.0,SUCCESS,REF-00002145,2026-07-18,Merchant_E,Processor_B,NGN,BANK_TRANSFER,RETAIL
TXN109466,100000.0,FAILED,REF-00009466,2026-07-21,Merchant_B,Processor_B,NGN,USSD,RETAIL
TXN103573,250000.0,SUCCESS,REF-00003573,2026-07-12,Merchant_E,Processor_C,NGN,USSD,BUSINESS
TXN101072,1000.0,SUCCESS,REF-00001072,2026-07-23,Merchant_B,Processor_C,NGN,MOBILE_MONEY,BUSINESS
TXN108972,5000.0,SUCCESS,REF-00008972,2026-07-16,Merchant_C,Processor_A,NGN,MOBILE_MONEY,RETAIL
TXN105560,5000.0,SUCCESS,REF-00005560,2026-07-15,Merchant_C,Processor_A,NGN,CARD,BUSINESS
TXN105292,500.0,SUCCESS,REF-00005292,2026-07-26,Merchant_C,Processor_B,NGN,MOBILE_MONEY,BUSINESS
TXN105757,7500.0,SUCCESS,REF-00005757,2026-07-15,Merchant_C,Processor_A,NGN,MOBILE_MONEY,BUSINESS
TXN106258,50000.0,SUCCESS,REF-00006258,2026-07-02,Merchant_B,Processor_C,NGN,USSD,RETAIL
TXN101528,50000.0,SUCCESS,REF-00001528,2026-07-26,Merchant_C,Processor_C,NGN,CARD,BUSINESS
TXN107043,1500.0,SUCCESS,REF-00007043,2026-07-07,Merchant_C,Processor_B,NGN,CARD,BUSINESS
TXN109382,10000.0,FAILED,REF-00009382,2026-07-26,Merchant_A,Processor_B,NGN,MOBILE_MONEY,RETAIL
TXN109400,15000.0,SUCCESS,REF-00009400,2026-07-09,Merchant_C,Processor_C,NGN,CARD,RETAIL
TXN100728,2500.0,SUCCESS,REF-00000728,2026-07-26,Merchant_C,Processor_A,NGN,CARD,BUSINESS
TXN108446,10000.0,SUCCESS,REF-00008446,2026-07-27,Merchant_A,Processor_C,NGN,USSD,RETAIL
TXN103085,15000.0,SUCCESS,REF-00003085,2026-07-28,Merchant_D,Processor_C,NGN,MOBILE_MONEY,BUSINESS
TXN109156,100000.0,SUCCESS,REF-00009156,2026-07-18,Merchant_E,Processor_B,NGN,CARD,BUSINESS
TXN109210,100000.0,SUCCESS,REF-00009210,2026-07-07,Merchant_E,Processor_C,NGN,MOBILE_MONEY,RETAIL
TXN102135,100000.0,SUCCESS,REF-00002135,2026-07-17,Merchant_E,Processor_A,NGN,MOBILE_MONEY,RETAIL
TXN108538,10000.0,SUCCESS,REF-00008538,2026-07-24,Merchant_E,Processor_A,NGN,CARD,BUSINESS
TXN102335,5000.0,SUCCESS,REF-00002335,2026-07-26,Merchant_C,Processor_A,NGN,BANK_TRANSFER,BUSINESS
TXN104686,1500.0,SUCCESS,REF-00004686,2026-07-11,Merchant_A,Processor_A,NGN,CARD,RETAIL
TXN105660,1500.0,SUCCESS,REF-00005660,2026-07-05,Merchant_A,Processor_A,NGN,BANK_TRANSFER,RETAIL
TXN109862,100000.0,SUCCESS,REF-00009862,2026-07-21,Merchant_B,Processor_A,NGN,USSD,RETAIL
TXN108330,25000.0,SUCCESS,REF-00008330,2026-07-30,Merchant_E,Processor_A,NGN,MOBILE_MONEY,BUSINESS
TXN109292,10000.0,SUCCESS,REF-00009292,2026-07-02,Merchant_E,Processor_A,NGN,BANK_TRANSFER,RETAIL
TXN107720,10000.0,FAILED,REF-00007720,2026-07-10,Merchant_E,Processor_C,NGN,MOBILE_MONEY,BUSINESS
TXN105917,15000.0,SUCCESS,REF-00005917,2026-07-24,Merchant_A,Processor_C,NGN,USSD,BUSINESS
TXN108816,10000.0,SUCCESS,REF-00008816,2026-07-15,Merchant_A,Processor_A,NGN,USSD,RETAIL
TXN108449,25000.0,SUCCESS,REF-00008449,2026-07-19,Merchant_B,Processor_B,NGN,BANK_TRANSFER,RETAIL
TXN104058,100000.0,SUCCESS,REF-00004058,2026-07-08,Merchant_E,Processor_C,NGN,USSD,BUSINESS
TXN107716,2500.0,SUCCESS,REF-00007716,2026-07-30,Merchant_C,Processor_C,NGN,MOBILE_MONEY,RETAIL
TXN103669,7500.0,SUCCESS,REF-00003669,2026-07-16,Merchant_B,Processor_C,NGN,USSD,BUSINESS
TXN108023,7500.0,REFUNDED,REF-00008023,2026-07-01,Merchant_C,Processor_C,NGN,USSD,RETAIL
TXN101376,7500.0,SUCCESS,REF-00001376,2026-07-06,Merchant_C,Processor_C,NGN,BANK_TRANSFER,BUSINESS
TXN106367,1500.0,SUCCESS,REF-00006367,2026-07-14,Merchant_E,Processor_C,NGN,USSD,BUSINESS
TXN103738,25000.0,SUCCESS,REF-00003738,2026-07-30,Merchant_C,Processor_A,NGN,CARD,BUSINESS
TXN106920,100000.0,SUCCESS,REF-00006920,2026-07-16,Merchant_B,Processor_B,NGN,MOBILE_MONEY,BUSINESS
TXN105303,100000.0,SUCCESS,REF-00005303,2026-07-15,Merchant_E,Processor_A,NGN,BANK_TRANSFER,RETAIL
TXN102394,100000.0,SUCCESS,REF-00002394,2026-07-27,Merchant_C,Processor_A,NGN,CARD,BUSINESS
TXN102554,1000.0,SUCCESS,REF-00002554,2026-07-13,Merchant_D,Processor_C,NGN,BANK_TRANSFER,BUSINESS
TXN109212,1000.0,SUCCESS,REF-00009212,2026-07-18,Merchant_A,Processor_B,NGN,CARD,RETAIL
TXN102169,5000.0,SUCCESS,REF-00002169,2026-07-29,Merchant_A,Processor_A,NGN,USSD,BUSINESS
TXN105662,50000.0,SUCCESS,REF-00005662,2026-07-16,Merchant_A,Processor_A,NGN,CARD,RETAIL
TXN102735,25000.0,SUCCESS,REF-00002735,2026-07-31,Merchant_E,Processor_C,NGN,CARD,BUSINESS
TXN106998,5000.0,SUCCESS,REF-00006998,2026-07-20,Merchant_D,Processor_B,NGN,CARD,RETAIL
TXN109421,10000.0,SUCCESS,REF-00009421,2026-07-04,Merchant_E,Processor_A,NGN,MOBILE_MONEY,RETAIL
TXN109578,1000.0,SUCCESS,REF-00009578,2026-07-01,Merchant_C,Processor_B,NGN,BANK_TRANSFER,BUSINESS
TXN102011,1000.0,SUCCESS,REF-00002011,2026-07-15,Merchant_B,Processor_A,NGN,USSD,BUSINESS
TXN105461,2500.0,SUCCESS,REF-00005461,2026-07-05,Merchant_A,Processor_A,NGN,USSD,RETAIL
TXN102543,15000.0,SUCCESS,REF-00002543,2026-07-31,Merchant_A,Processor_A,NGN,MOBILE_MONEY,RETAIL
TXN106972,1000.0,SUCCESS,REF-00006972,2026-07-13,Merchant_D,Processor_B,NGN,MOBILE_MONEY,BUSINESS
TXN107333,10000.0,FAILED,REF-00007333,2026-07-27,Merchant_C,Processor_B,NGN,MOBILE_MONEY,BUSINESS
TXN103070,25000.0,SUCCESS,REF-00003070,2026-07-02,Merchant_D,Processor_C,NGN,CARD,BUSINESS
TXN105510,1500.0,SUCCESS,REF-00005510,2026-07-26,Merchant_A,Processor_A,NGN,MOBILE_MONEY,BUSINESS
TXN108149,2500.0,SUCCESS,REF-00008149,2026-07-27,Merchant_B,Processor_C,NGN,MOBILE_MONEY,RETAIL
TXN100219,50000.0,SUCCESS,REF-00000219,2026-07-10,Merchant_C,Processor_C,NGN,CARD,RETAIL
TXN101416,500.0,FAILED,REF-00001416,2026-07-30,Merchant_C,Processor_A,NGN,BANK_TRANSFER,RETAIL
TXN104225,25000.0,SUCCESS,REF-00004225,2026-07-14,Merchant_C,Processor_B,NGN,MOBILE_MONEY,RETAIL
TXN106956,10000.0,SUCCESS,REF-00006956,2026-07-28,Merchant_D,Processor_C,NGN,MOBILE_MONEY,BUSINESS
TXN104159,10000.0,SUCCESS,REF-00004159,2026-07-28,Merchant_C,Processor_A,NGN,CARD,RETAIL
TXN107709,50000.0,SUCCESS,REF-00007709,2026-07-04,Merchant_E,Processor_C,NGN,CARD,BUSINESS
TXN109646,25000.0,SUCCESS,REF-00009646,2026-07-02,Merchant_D,Processor_C,NGN,CARD,BUSINESS
TXN109329,50000.0,SUCCESS,REF-00009329,2026-07-12,Merchant_A,Processor_C,NGN,BANK_TRANSFER,BUSINESS
TXN100755,50000.0,SUCCESS,REF-00000755,2026-07-30,Merchant_E,Processor_C,NGN,MOBILE_MONEY,BUSINESS
TXN103854,15000.0,SUCCESS,REF-00003854,2026-07-12,Merchant_A,Processor_B,NGN,MOBILE_MONEY,BUSINESS
TXN103177,100000.0,SUCCESS,REF-00003177,2026-07-08,Merchant_A,Processor_B,NGN,CARD,RETAIL
TXN100701,1000.0,SUCCESS,REF-00000701,2026-07-10,Merchant_B,Processor_A,NGN,CARD,RETAIL
TXN105922,1500.0,SUCCESS,REF-00005922,2026-07-11,Merchant_A,Processor_B,NGN,MOBILE_MONEY,RETAIL
TXN101183,100000.0,SUCCESS,REF-00001183,2026-07-11,Merchant_E,Processor_C,NGN,MOBILE_MONEY,BUSINESS
TXN102755,5000.0,SUCCESS,REF-00002755,2026-07-21,Merchant_A,Processor_A,NGN,MOBILE_MONEY,RETAIL
TXN108794,7500.0,SUCCESS,REF-00008794,2026-07-29,Merchant_E,Processor_B,NGN,CARD,BUSINESS
TXN106737,500.0,SUCCESS,REF-00006737,2026-07-05,Merchant_D,Processor_B,NGN,BANK_TRANSFER,RETAIL
TXN103987,7500.0,SUCCESS,REF-00003987,2026-07-15,Merchant_E,Processor_A,NGN,BANK_TRANSFER,RETAIL
TXN109582,1500.0,SUCCESS,REF-00009582,2026-07-22,Merchant_D,Processor_A,NGN,MOBILE_MONEY,BUSINESS
TXN100961,15000.0,SUCCESS,REF-00000961,2026-07-31,Merchant_D,Processor_A,NGN,USSD,BUSINESS
TXN105957,5000.0,SUCCESS,REF-00005957,2026-07-28,Merchant_D,Processor_B,NGN,BANK_TRANSFER,RETAIL
TXN109418,10000.0,SUCCESS,REF-00009418,2026-07-26,Merchant_B,Processor_B,NGN,USSD,BUSINESS
TXN102791,250000.0,SUCCESS,REF-00002791,2026-07-29,Merchant_E,Processor_C,NGN,USSD,BUSINESS
TXN100634,1000.0,SUCCESS,REF-00000634,2026-07-25,Merchant_D,Processor_A,NGN,MOBILE_MONEY,BUSINESS
TXN108316,50000.0,SUCCESS,REF-00008316,2026-07-16,Merchant_D,Processor_A,NGN,CARD,RETAIL
TXN107598,250000.0,SUCCESS,REF-00007598,2026-07-27,Merchant_E,Processor_B,NGN,USSD,RETAIL
TXN106200,25000.0,SUCCESS,REF-00006200,2026-07-06,Merchant_C,Processor_A,NGN,MOBILE_MONEY,RETAIL
TXN100261,250000.0,SUCCESS,REF-00000261,2026-07-15,Merchant_E,Processor_A,NGN,CARD,BUSINESS
TXN107397,100000.0,SUCCESS,REF-00007397,2026-07-26,Merchant_A,Processor_A,NGN,BANK_TRANSFER,BUSINESS
TXN107642,7500.0,SUCCESS,REF-00007642,2026-07-13,Merchant_E,Processor_A,NGN,MOBILE_MONEY,BUSINESS
TXN100379,5000.0,SUCCESS,REF-00000379,2026-07-03,Merchant_D,Processor_B,NGN,BANK_TRANSFER,BUSINESS
TXN101283,500.0,SUCCESS,REF-00001283,2026-07-06,Merchant_C,Processor_B,NGN,MOBILE_MONEY,BUSINESS
TXN103146,100000.0,FAILED,REF-00003146,2026-07-05,Merchant_C,Processor_A,NGN,USSD,RETAIL
TXN101140,50000.0,SUCCESS,REF-00001140,2026-07-08,Merchant_D,Processor_A,NGN,CARD,RETAIL
TXN103591,1500.0,SUCCESS,REF-00003591,2026-07-30,Merchant_E,Processor_C,NGN,USSD,RETAIL
TXN107677,250000.0,SUCCESS,REF-00007677,2026-07-22,Merchant_D,Processor_B,NGN,MOBILE_MONEY,BUSINESS
TXN106397,5000.0,REFUNDED,REF-00006397,2026-07-27,Merchant_D,Processor_A,NGN,MOBILE_MONEY,RETAIL
TXN103259,100000.0,SUCCESS,REF-00003259,2026-07-14,Merchant_E,Processor_A,NGN,USSD,RETAIL
TXN106710,1000.0,SUCCESS,REF-00006710,2026-07-17,Merchant_D,Processor_B,NGN,MOBILE_MONEY,RETAIL
TXN102441,10000.0,SUCCESS,REF-00002441,2026-07-08,Merchant_A,Processor_C,NGN,BANK_TRANSFER,BUSINESS
TXN107110,25000.0,SUCCESS,REF-00007110,2026-07-01,Merchant_C,Processor_B,NGN,USSD,BUSINESS
TXN108916,10000.0,SUCCESS,REF-00008916,2026-07-19,Merchant_C,Processor_A,NGN,CARD,RETAIL
TXN105046,10000.0,SUCCESS,REF-00005046,2026-07-29,Merchant_B,Processor_B,NGN,BANK_TRANSFER,RETAIL
TXN105820,50000.0,SUCCESS,REF-00005820,2026-07-18,Merchant_A,Processor_C,NGN,BANK_TRANSFER,RETAIL
TXN100893,7500.0,SUCCESS,REF-00000893,2026-07-31,Merchant_B,Processor_B,NGN,MOBILE_MONEY,RETAIL
TXN100532,250000.0,REFUNDED,REF-00000532,2026-07-16,Merchant_A,Processor_C,NGN,USSD,BUSINESS
TXN100900,2500.0,SUCCESS,REF-00000900,2026-07-21,Merchant_D,Processor_C,NGN,MOBILE_MONEY,RETAIL
TXN103602,1500.0,SUCCESS,REF-00003602,2026-07-22,Merchant_D,Processor_A,NGN,USSD,BUSINESS
TXN104094,5000.0,SUCCESS,REF-00004094,2026-07-30,Merchant_A,Processor_A,NGN,USSD,RETAIL
TXN103930,100000.0,SUCCESS,REF-00003930,2026-07-17,Merchant_D,Processor_C,NGN,CARD,BUSINESS
TXN100542,2500.0,SUCCESS,REF-00000542,2026-07-31,Merchant_C,Processor_A,NGN,MOBILE_MONEY,BUSINESS
TXN101264,500.0,SUCCESS,REF-00001264,2026-07-10,Merchant_E,Processor_B,NGN,USSD,BUSINESS
TXN102138,1500.0,SUCCESS,REF-00002138,2026-07-20,Merchant_D,Processor_B,NGN,CARD,RETAIL
TXN104773,50000.0,SUCCESS,REF-00004773,2026-07-24,Merchant_C,Processor_B,NGN,USSD,BUSINESS
TXN104553,100000.0,SUCCESS,REF-00004553,2026-07-19,Merchant_D,Processor_C,NGN,MOBILE_MONEY,BUSINESS
TXN100669,5000.0,SUCCESS,REF-00000669,2026-07-19,Merchant_D,Processor_C,NGN,USSD,RETAIL
TXN102870,100000.0,SUCCESS,REF-00002870,2026-07-25,Merchant_D,Processor_B,NGN,BANK_TRANSFER,RETAIL
TXN102371,50000.0,SUCCESS,REF-00002371,2026-07-20,Merchant_B,Processor_B,NGN,MOBILE_MONEY,BUSINESS
TXN107219,100000.0,SUCCESS,REF-00007219,2026-07-02,Merchant_B,Processor_C,NGN,BANK_TRANSFER,BUSINESS
TXN105545,1000.0,SUCCESS,REF-00005545,2026-07-29,Merchant_A,Processor_A,NGN,CARD,RETAIL
TXN109773,7500.0,REFUNDED,REF-00009773,2026-07-10,Merchant_B,Processor_C,NGN,USSD,RETAIL
TXN109711,50000.0,SUCCESS,REF-00009711,2026-07-08,Merchant_D,Processor_C,NGN,MOBILE_MONEY,BUSINESS
TXN106570,10000.0,SUCCESS,REF-00006570,2026-07-29,Merchant_B,Processor_A,NGN,CARD,RETAIL
TXN101838,100000.0,SUCCESS,REF-00001838,2026-07-25,Merchant_D,Processor_B,NGN,BANK_TRANSFER,RETAIL
TXN108082,2500.0,SUCCESS,REF-00008082,2026-07-20,Merchant_E,Processor_A,NGN,BANK_TRANSFER,BUSINESS
TXN100523,50000.0,SUCCESS,REF-00000523,2026-07-26,Merchant_B,Processor_C,NGN,BANK_TRANSFER,RETAIL
TXN102632,500.0,SUCCESS,REF-00002632,2026-07-13,Merchant_E,Processor_A,NGN,BANK_TRANSFER,BUSINESS
TXN107627,7500.0,SUCCESS,REF-00007627,2026-07-31,Merchant_C,Processor_B,NGN,CARD,RETAIL
TXN108873,500.0,SUCCESS,REF-00008873,2026-07-18,Merchant_C,Processor_B,NGN,USSD,RETAIL
TXN109979,15000.0,SUCCESS,REF-00009979,2026-07-15,Merchant_E,Processor_A,NGN,CARD,RETAIL
TXN103615,1000.0,SUCCESS,REF-00003615,2026-07-20,Merchant_B,Processor_B,NGN,USSD,RETAIL
TXN108079,10000.0,SUCCESS,REF-00008079,2026-07-17,Merchant_A,Processor_A,NGN,MOBILE_MONEY,RETAIL
TXN101408,10000.0,SUCCESS,REF-00001408,2026-07-03,Merchant_C,Processor_B,NGN,BANK_TRANSFER,RETAIL
TXN101103,100000.0,SUCCESS,REF-00001103,2026-07-10,Merchant_A,Processor_A,NGN,CARD,BUSINESS
TXN105474,500.0,SUCCESS,REF-00005474,2026-07-08,Merchant_D,Processor_C,NGN,MOBILE_MONEY,RETAIL
TXN104746,1500.0,SUCCESS,REF-00004746,2026-07-12,Merchant_E,Processor_A,NGN,USSD,BUSINESS
TXN108201,7500.0,SUCCESS,REF-00008201,2026-07-17,Merchant_E,Processor_C,NGN,MOBILE_MONEY,RETAIL
TXN106217,5000.0,SUCCESS,REF-00006217,2026-07-25,Merchant_C,Processor_A,NGN,MOBILE_MONEY,RETAIL
TXN103645,1500.0,SUCCESS,REF-00003645,2026-07-10,Merchant_B,Processor_C,NGN,USSD,RETAIL
TXN104562,100000.0,SUCCESS,REF-00004562,2026-07-27,Merchant_E,Processor_A,NGN,MOBILE_MONEY,RETAIL
TXN105451,2500.0,SUCCESS,REF-00005451,2026-07-24,Merchant_E,Processor_B,NGN,BANK_TRANSFER,RETAIL
TXN103772,5000.0,SUCCESS,REF-00003772,2026-07-31,Merchant_E,Processor_C,NGN,USSD,RETAIL
TXN109306,2500.0,SUCCESS,REF-00009306,2026-07-21,Merchant_D,Processor_B,NGN,USSD,BUSINESS
TXN108913,2500.0,SUCCESS,REF-00008913,2026-07-23,Merchant_B,Processor_B,NGN,CARD,BUSINESS
TXN108700,100000.0,SUCCESS,REF-00008700,2026-07-17,Merchant_A,Processor_A,NGN,MOBILE_MONEY,RETAIL
TXN100129,10000.0,SUCCESS,REF-00000129,2026-07-09,Merchant_C,Processor_B,NGN,BANK_TRANSFER,BUSINESS
TXN100264,100000.0,SUCCESS,REF-00000264,2026-07-24,Merchant_C,Processor_B,NGN,BANK_TRANSFER,RETAIL
TXN101684,1500.0,FAILED,REF-00001684,2026-07-10,Merchant_B,Processor_A,NGN,USSD,BUSINESS
TXN103376,25000.0,FAILED,REF-00003376,2026-07-22,Merchant_A,Processor_B,NGN,MOBILE_MONEY,BUSINESS
TXN108833,10000.0,FAILED,REF-00008833,2026-07-14,Merchant_E,Processor_A,NGN,USSD,RETAIL
TXN102420,1500.0,REFUNDED,REF-00002420,2026-07-25,Merchant_C,Processor_C,NGN,BANK_TRANSFER,BUSINESS
TXN103183,2500.0,SUCCESS,REF-00003183,2026-07-21,Merchant_B,Processor_B,NGN,BANK_TRANSFER,RETAIL
TXN103117,500.0,SUCCESS,REF-00003117,2026-07-21,Merchant_C,Processor_A,NGN,BANK_TRANSFER,RETAIL
TXN104807,250000.0,SUCCESS,REF-00004807,2026-07-14,Merchant_D,Processor_B,NGN,USSD,BUSINESS
TXN106385,15000.0,SUCCESS,REF-00006385,2026-07-20,Merchant_B,Processor_B,NGN,MOBILE_MONEY,RETAIL
TXN101699,10000.0,SUCCESS,REF-00001699,2026-07-25,Merchant_C,Processor_C,NGN,MOBILE_MONEY,BUSINESS
TXN104927,2500.0,SUCCESS,REF-00004927,2026-07-08,Merchant_D,Processor_C,NGN,USSD,RETAIL
TXN108949,10000.0,SUCCESS,REF-00008949,2026-07-23,Merchant_A,Processor_B,NGN,BANK_TRANSFER,BUSINESS
TXN101340,2500.0,SUCCESS,REF-00001340,2026-07-15,Merchant_D,Processor_C,NGN,MOBILE_MONEY,BUSINESS
TXN105658,250000.0,SUCCESS,REF-00005658,2026-07-30,Merchant_B,Processor_C,NGN,BANK_TRANSFER,BUSINESS
TXN100172,10000.0,SUCCESS,REF-00000172,2026-07-22,Merchant_C,Processor_B,NGN,USSD,RETAIL
TXN104190,25000.0,SUCCESS,REF-00004190,2026-07-03,Merchant_B,Processor_A,NGN,MOBILE_MONEY,BUSINESS
TXN109372,1000.0,SUCCESS,REF-00009372,2026-07-15,Merchant_A,Processor_B,NGN,MOBILE_MONEY,BUSINESS
TXN100235,25000.0,SUCCESS,REF-00000235,2026-07-28,Merchant_C,Processor_B,NGN,USSD,RETAIL
TXN107659,15000.0,FAILED,REF-00007659,2026-07-03,Merchant_B,Processor_A,NGN,USSD,BUSINESS
TXN104388,1000.0,SUCCESS,REF-00004388,2026-07-29,Merchant_C,Processor_C,NGN,MOBILE_MONEY,BUSINESS
TXN109261,10000.0,REFUNDED,REF-00009261,2026-07-22,Merchant_B,Processor_C,NGN,CARD,RETAIL
TXN103711,25000.0,SUCCESS,REF-00003711,2026-07-22,Merchant_B,Processor_C,NGN,BANK_TRANSFER,BUSINESS
TXN109109,25000.0,SUCCESS,REF-00009109,2026-07-03,Merchant_C,Processor_B,NGN,CARD,BUSINESS
TXN109177,50000.0,SUCCESS,REF-00009177,2026-07-06,Merchant_C,Processor_C,NGN,MOBILE_MONEY,RETAIL
TXN109824,10000.0,SUCCESS,REF-00009824,2026-07-06,Merchant_B,Processor_C,NGN,CARD,RETAIL
TXN108986,5000.0,SUCCESS,REF-00008986,2026-07-09,Merchant_B,Processor_B,NGN,USSD,RETAIL
TXN104004,1500.0,SUCCESS,REF-00004004,2026-07-20,Merchant_B,Processor_C,NGN,BANK_TRANSFER,BUSINESS
TXN105333,5000.0,SUCCESS,REF-00005333,2026-07-15,Merchant_B,Processor_A,NGN,USSD,RETAIL
TXN105996,10000.0,SUCCESS,REF-00005996,2026-07-14,Merchant_E,Processor_B,NGN,USSD,RETAIL
TXN104868,15000.0,SUCCESS,REF-00004868,2026-07-13,Merchant_B,Processor_C,NGN,USSD,RETAIL
TXN103040,1500.0,SUCCESS,REF-00003040,2026-07-10,Merchant_E,Processor_A,NGN,USSD,BUSINESS
TXN101943,25000.0,SUCCESS,REF-00001943,2026-07-17,Merchant_D,Processor_B,NGN,BANK_TRANSFER,RETAIL
TXN107175,10000.0,SUCCESS,REF-00007175,2026-07-26,Merchant_B,Processor_B,NGN,MOBILE_MONEY,RETAIL
TXN109236,500.0,SUCCESS,REF-00009236,2026-07-24,Merchant_B,Processor_C,NGN,MOBILE_MONEY,RETAIL
TXN107104,2500.0,SUCCESS,REF-00007104,2026-07-25,Merchant_C,Processor_B,NGN,BANK_TRANSFER,BUSINESS
TXN101147,15000.0,SUCCESS,REF-00001147,2026-07-29,Merchant_C,Processor_A,NGN,USSD,RETAIL
TXN102433,5000.0,SUCCESS,REF-00002433,2026-07-28,Merchant_D,Processor_A,NGN,CARD,RETAIL
TXN102619,5000.0,SUCCESS,REF-00002619,2026-07-15,Merchant_B,Processor_C,NGN,MOBILE_MONEY,BUSINESS
TXN101633,50000.0,FAILED,REF-00001633,2026-07-09,Merchant_A,Processor_A,NGN,USSD,BUSINESS
TXN106643,100000.0,SUCCESS,REF-00006643,2026-07-11,Merchant_B,Processor_C,NGN,CARD,RETAIL
TXN109915,100000.0,SUCCESS,REF-00009915,2026-07-25,Merchant_C,Processor_C,NGN,CARD,RETAIL
TXN105668,1000.0,SUCCESS,REF-00005668,2026-07-16,Merchant_D,Processor_B,NGN,USSD,BUSINESS
TXN109647,10000.0,SUCCESS,REF-00009647,2026-07-20,Merchant_A,Processor_C,NGN,BANK_TRANSFER,RETAIL
TXN109889,5000.0,SUCCESS,REF-00009889,2026-07-02,Merchant_D,Processor_C,NGN,USSD,RETAIL
TXN106046,1000.0,FAILED,REF-00006046,2026-07-11,Merchant_C,Processor_B,NGN,BANK_TRANSFER,BUSINESS
TXN107323,25000.0,SUCCESS,REF-00007323,2026-07-21,Merchant_D,Processor_C,NGN,CARD,RETAIL
TXN101197,250000.0,SUCCESS,REF-00001197,2026-07-15,Merchant_A,Processor_A,NGN,MOBILE_MONEY,BUSINESS
TXN106454,100000.0,SUCCESS,REF-00006454,2026-07-09,Merchant_E,Processor_C,NGN,BANK_TRANSFER,BUSINESS
TXN106082,5000.0,SUCCESS,REF-00006082,2026-07-08,Merchant_A,Processor_B,NGN,BANK_TRANSFER,RETAIL
TXN108875,1000.0,FAILED,REF-00008875,2026-07-12,Merchant_D,Processor_A,NGN,BANK_TRANSFER,BUSINESS
TXN104597,2500.0,REFUNDED,REF-00004597,2026-07-11,Merchant_A,Processor_C,NGN,MOBILE_MONEY,BUSINESS
TXN101369,2500.0,FAILED,REF-00001369,2026-07-05,Merchant_E,Processor_C,NGN,USSD,RETAIL
TXN100587,1500.0,FAILED,REF-00000587,2026-07-19,Merchant_E,Processor_A,NGN,CARD,RETAIL
TXN105639,1000.0,SUCCESS,REF-00005639,2026-07-20,Merchant_B,Processor_A,NGN,CARD,BUSINESS
TXN107146,25000.0,SUCCESS,REF-00007146,2026-07-19,Merchant_C,Processor_C,NGN,BANK_TRANSFER,BUSINESS
TXN104256,250000.0,SUCCESS,REF-00004256,2026-07-19,Merchant_C,Processor_C,NGN,CARD,RETAIL
TXN106335,25000.0,REFUNDED,REF-00006335,2026-07-26,Merchant_B,Processor_B,NGN,BANK_TRANSFER,RETAIL
TXN104959,25000.0,SUCCESS,REF-00004959,2026-07-16,Merchant_B,Processor_B,NGN,MOBILE_MONEY,BUSINESS
TXN102739,1000.0,SUCCESS,REF-00002739,2026-07-29,Merchant_C,Processor_B,NGN,BANK_TRANSFER,RETAIL
TXN108912,100000.0,REFUNDED,REF-00008912,2026-07-03,Merchant_E,Processor_A,NGN,MOBILE_MONEY,BUSINESS
TXN107605,15000.0,SUCCESS,REF-00007605,2026-07-15,Merchant_C,Processor_A,NGN,BANK_TRANSFER,RETAIL
TXN102872,100000.0,SUCCESS,REF-00002872,2026-07-15,Merchant_D,Processor_A,NGN,BANK_TRANSFER,BUSINESS
TXN105403,2500.0,SUCCESS,REF-00005403,2026-07-16,Merchant_A,Processor_C,NGN,MOBILE_MONEY,BUSINESS
TXN103921,7500.0,SUCCESS,REF-00003921,2026-07-26,Merchant_D,Processor_B,NGN,USSD,BUSINESS
TXN105078,10000.0,SUCCESS,REF-00005078,2026-07-19,Merchant_A,Processor_A,NGN,MOBILE_MONEY,RETAIL
TXN102827,1000.0,SUCCESS,REF-00002827,2026-07-05,Merchant_A,Processor_B,NGN,BANK_TRANSFER,BUSINESS
TXN109952,5000.0,SUCCESS,REF-00009952,2026-07-16,Merchant_E,Processor_C,NGN,CARD,RETAIL
TXN106413,7500.0,SUCCESS,REF-00006413,2026-07-11,Merchant_A,Processor_A,NGN,USSD,RETAIL
TXN106257,15000.0,SUCCESS,REF-00006257,2026-07-04,Merchant_B,Processor_A,NGN,CARD,BUSINESS
TXN100402,10000.0,SUCCESS,REF-00000402,2026-07-18,Merchant_A,Processor_C,NGN,USSD,RETAIL
TXN103332,1500.0,SUCCESS,REF-00003332,2026-07-09,Merchant_E,Processor_B,NGN,BANK_TRANSFER,RETAIL
TXN107340,100000.0,SUCCESS,REF-00007340,2026-07-30,Merchant_E,Processor_C,NGN,USSD,BUSINESS
TXN106354,100000.0,SUCCESS,REF-00006354,2026-07-09,Merchant_E,Processor_C,NGN,CARD,BUSINESS
TXN106145,1500.0,SUCCESS,REF-00006145,2026-07-01,Merchant_A,Processor_A,NGN,MOBILE_MONEY,RETAIL
TXN108528,15000.0,SUCCESS,REF-00008528,2026-07-11,Merchant_A,Processor_B,NGN,USSD,BUSINESS
TXN109892,50000.0,SUCCESS,REF-00009892,2026-07-04,Merchant_B,Processor_B,NGN,USSD,BUSINESS
TXN105218,2500.0,SUCCESS,REF-00005218,2026-07-25,Merchant_E,Processor_B,NGN,BANK_TRANSFER,BUSINESS
TXN107646,10000.0,SUCCESS,REF-00007646,2026-07-30,Merchant_A,Processor_C,NGN,BANK_TRANSFER,RETAIL
TXN101194,1000.0,SUCCESS,REF-00001194,2026-07-29,Merchant_E,Processor_C,NGN,USSD,BUSINESS
TXN104116,100000.0,SUCCESS,REF-00004116,2026-07-06,Merchant_C,Processor_B,NGN,BANK_TRANSFER,RETAIL
TXN107417,1500.0,SUCCESS,REF-00007417,2026-07-17,Merchant_E,Processor_B,NGN,BANK_TRANSFER,BUSINESS
TXN108796,1500.0,SUCCESS,REF-00008796,2026-07-31,Merchant_E,Processor_C,NGN,MOBILE_MONEY,RETAIL
TXN105769,100000.0,SUCCESS,REF-00005769,2026-07-01,Merchant_C,Processor_A,NGN,USSD,BUSINESS
TXN104364,2500.0,SUCCESS,REF-00004364,2026-07-01,Merchant_B,Processor_C,NGN,CARD,BUSINESS
TXN102714,500.0,SUCCESS,REF-00002714,2026-07-15,Merchant_E,Processor_A,NGN,MOBILE_MONEY,RETAIL
TXN106552,10000.0,SUCCESS,REF-00006552,2026-07-29,Merchant_E,Processor_C,NGN,BANK_TRANSFER,BUSINESS
TXN109037,50000.0,SUCCESS,REF-00009037,2026-07-29,Merchant_E,Processor_C,NGN,MOBILE_MONEY,BUSINESS
TXN106472,15000.0,SUCCESS,REF-00006472,2026-07-30,Merchant_A,Processor_C,NGN,USSD,BUSINESS
TXN106140,7500.0,SUCCESS,REF-00006140,2026-07-03,Merchant_C,Processor_B,NGN,USSD,BUSINESS
TXN102443,50000.0,SUCCESS,REF-00002443,2026-07-13,Merchant_B,Processor_B,NGN,USSD,RETAIL
TXN100522,250000.0,SUCCESS,REF-00000522,2026-07-28,Merchant_C,Processor_C,NGN,CARD,BUSINESS
TXN108578,5000.0,SUCCESS,REF-00008578,2026-07-13,Merchant_A,Processor_A,NGN,CARD,RETAIL
TXN102214,25000.0,SUCCESS,REF-00002214,2026-07-08,Merchant_B,Processor_A,NGN,CARD,RETAIL
TXN109343,25000.0,SUCCESS,REF-00009343,2026-07-29,Merchant_A,Processor_A,NGN,BANK_TRANSFER,RETAIL
TXN106705,50000.0,SUCCESS,REF-00006705,2026-07-12,Merchant_E,Processor_B,NGN,USSD,BUSINESS
TXN108394,25000.0,SUCCESS,REF-00008394,2026-07-01,Merchant_B,Processor_B,NGN,USSD,BUSINESS
TXN107971,15000.0,SUCCESS,REF-00007971,2026-07-04,Merchant_A,Processor_C,NGN,CARD,RETAIL
TXN104877,25000.0,FAILED,REF-00004877,2026-07-29,Merchant_A,Processor_C,NGN,MOBILE_MONEY,RETAIL
TXN107045,5000.0,SUCCESS,REF-00007045,2026-07-17,Merchant_D,Processor_B,NGN,MOBILE_MONEY,RETAIL
TXN104074,15000.0,SUCCESS,REF-00004074,2026-07-16,Merchant_D,Processor_C,NGN,BANK_TRANSFER,BUSINESS
TXN108303,2500.0,SUCCESS,REF-00008303,2026-07-28,Merchant_E,Processor_C,NGN,MOBILE_MONEY,RETAIL
TXN102583,7500.0,SUCCESS,REF-00002583,2026-07-19,Merchant_B,Processor_B,NGN,BANK_TRANSFER,BUSINESS
TXN104080,25000.0,SUCCESS,REF-00004080,2026-07-11,Merchant_B,Processor_C,NGN,MOBILE_MONEY,RETAIL
TXN105532,25000.0,FAILED,REF-00005532,2026-07-27,Merchant_C,Processor_A,NGN,MOBILE_MONEY,BUSINESS
TXN107539,7500.0,SUCCESS,REF-00007539,2026-07-06,Merchant_C,Processor_A,NGN,MOBILE_MONEY,RETAIL
TXN108489,1500.0,SUCCESS,REF-00008489,2026-07-06,Merchant_E,Processor_A,NGN,USSD,BUSINESS
TXN103910,500.0,SUCCESS,REF-00003910,2026-07-15,Merchant_B,Processor_B,NGN,CARD,BUSINESS
TXN105366,15000.0,SUCCESS,REF-00005366,2026-07-06,Merchant_A,Processor_B,NGN,USSD,BUSINESS
TXN104436,5000.0,SUCCESS,REF-00004436,2026-07-13,Merchant_A,Processor_A,NGN,CARD,RETAIL
TXN105901,10000.0,SUCCESS,REF-00005901,2026-07-20,Merchant_C,Processor_A,NGN,MOBILE_MONEY,BUSINESS
TXN108582,100000.0,SUCCESS,REF-00008582,2026-07-23,Merchant_B,Processor_B,NGN,CARD,RETAIL
TXN104302,25000.0,SUCCESS,REF-00004302,2026-07-17,Merchant_B,Processor_B,NGN,USSD,BUSINESS
TXN107935,1500.0,SUCCESS,REF-00007935,2026-07-02,Merchant_C,Processor_B,NGN,CARD,BUSINESS
TXN100538,7500.0,SUCCESS,REF-00000538,2026-07-28,Merchant_A,Processor_A,NGN,CARD,BUSINESS
TXN109411,15000.0,SUCCESS,REF-00009411,2026-07-29,Merchant_E,Processor_B,NGN,CARD,BUSINESS
TXN106580,100000.0,SUCCESS,REF-00006580,2026-07-22,Merchant_B,Processor_B,NGN,MOBILE_MONEY,RETAIL
TXN105909,1500.0,SUCCESS,REF-00005909,2026-07-03,Merchant_C,Processor_A,NGN,CARD,BUSINESS
TXN109610,25000.0,SUCCESS,REF-00009610,2026-07-04,Merchant_E,Processor_B,NGN,MOBILE_MONEY,RETAIL
TXN100636,10000.0,SUCCESS,REF-00000636,2026-07-14,Merchant_E,Processor_A,NGN,MOBILE_MONEY,BUSINESS
TXN103267,10000.0,SUCCESS,REF-00003267,2026-07-22,Merchant_E,Processor_A,NGN,BANK_TRANSFER,BUSINESS
TXN108263,500.0,FAILED,REF-00008263,2026-07-07,Merchant_C,Processor_B,NGN,CARD,RETAIL
TXN102310,10000.0,SUCCESS,REF-00002310,2026-07-24,Merchant_D,Processor_C,NGN,MOBILE_MONEY,RETAIL
TXN101949,7500.0,SUCCESS,REF-00001949,2026-07-08,Merchant_A,Processor_A,NGN,CARD,RETAIL
TXN103088,10000.0,SUCCESS,REF-00003088,2026-07-04,Merchant_D,Processor_B,NGN,CARD,RETAIL
TXN102704,25000.0,SUCCESS,REF-00002704,2026-07-11,Merchant_C,Processor_A,NGN,USSD,RETAIL
TXN102958,5000.0,SUCCESS,REF-00002958,2026-07-29,Merchant_B,Processor_C,NGN,BANK_TRANSFER,RETAIL
TXN100615,100000.0,SUCCESS,REF-00000615,2026-07-08,Merchant_A,Processor_C,NGN,CARD,RETAIL
TXN100101,15000.0,SUCCESS,REF-00000101,2026-07-02,Merchant_B,Processor_B,NGN,CARD,RETAIL
TXN102086,1000.0,SUCCESS,REF-00002086,2026-07-04,Merchant_E,Processor_B,NGN,MOBILE_MONEY,BUSINESS
TXN107780,7500.0,SUCCESS,REF-00007780,2026-07-25,Merchant_D,Processor_B,NGN,MOBILE_MONEY,RETAIL
TXN109871,10000.0,SUCCESS,REF-00009871,2026-07-19,Merchant_E,Processor_C,NGN,USSD,BUSINESS
TXN106444,15000.0,SUCCESS,REF-00006444,2026-07-20,Merchant_D,Processor_A,NGN,BANK_TRANSFER,RETAIL
TXN107416,5000.0,SUCCESS,REF-00007416,2026-07-13,Merchant_D,Processor_C,NGN,BANK_TRANSFER,RETAIL
TXN108074,50000.0,SUCCESS,REF-00008074,2026-07-31,Merchant_E,Processor_A,NGN,BANK_TRANSFER,RETAIL
TXN102494,10000.0,SUCCESS,REF-00002494,2026-07-07,Merchant_E,Processor_A,NGN,CARD,RETAIL
TXN102595,25000.0,SUCCESS,REF-00002595,2026-07-21,Merchant_B,Processor_C,NGN,BANK_TRANSFER,BUSINESS
TXN103747,7500.0,SUCCESS,REF-00003747,2026-07-19,Merchant_E,Processor_B,NGN,USSD,RETAIL
TXN103471,25000.0,SUCCESS,REF-00003471,2026-07-01,Merchant_E,Processor_A,NGN,USSD,RETAIL
TXN108550,100000.0,FAILED,REF-00008550,2026-07-16,Merchant_C,Processor_B,NGN,CARD,RETAIL
TXN103989,100000.0,SUCCESS,REF-00003989,2026-07-06,Merchant_D,Processor_C,NGN,CARD,RETAIL
TXN108601,25000.0,SUCCESS,REF-00008601,2026-07-23,Merchant_D,Processor_A,NGN,CARD,RETAIL
TXN104426,2500.0,SUCCESS,REF-00004426,2026-07-01,Merchant_D,Processor_B,NGN,MOBILE_MONEY,RETAIL
TXN104667,50000.0,SUCCESS,REF-00004667,2026-07-01,Merchant_D,Processor_C,NGN,CARD,BUSINESS
TXN105910,7500.0,FAILED,REF-00005910,2026-07-10,Merchant_A,Processor_B,NGN,USSD,RETAIL
TXN100776,2500.0,SUCCESS,REF-00000776,2026-07-17,Merchant_B,Processor_A,NGN,CARD,BUSINESS
TXN109377,7500.0,SUCCESS,REF-00009377,2026-07-25,Merchant_C,Processor_A,NGN,MOBILE_MONEY,BUSINESS
TXN107522,10000.0,SUCCESS,REF-00007522,2026-07-30,Merchant_D,Processor_C,NGN,CARD,RETAIL
TXN101615,15000.0,SUCCESS,REF-00001615,2026-07-20,Merchant_C,Processor_B,NGN,MOBILE_MONEY,RETAIL
TXN103565,25000.0,SUCCESS,REF-00003565,2026-07-26,Merchant_E,Processor_B,NGN,MOBILE_MONEY,RETAIL
TXN101698,250000.0,FAILED,REF-00001698,2026-07-01,Merchant_B,Processor_B,NGN,MOBILE_MONEY,BUSINESS
TXN106020,7500.0,SUCCESS,REF-00006020,2026-07-27,Merchant_E,Processor_B,NGN,CARD,RETAIL
TXN103767,7500.0,SUCCESS,REF-00003767,2026-07-23,Merchant_D,Processor_C,NGN,CARD,BUSINESS
TXN100080,50000.0,SUCCESS,REF-00000080,2026-07-08,Merchant_B,Processor_B,NGN,USSD,RETAIL
TXN107347,10000.0,SUCCESS,REF-00007347,2026-07-13,Merchant_A,Processor_B,NGN,BANK_TRANSFER,RETAIL
TXN102239,2500.0,REFUNDED,REF-00002239,2026-07-06,Merchant_E,Processor_A,NGN,CARD,BUSINESS
TXN108608,15000.0,FAILED,REF-00008608,2026-07-28,Merchant_B,Processor_A,NGN,USSD,RETAIL
TXN104143,50000.0,SUCCESS,REF-00004143,2026-07-19,Merchant_B,Processor_A,NGN,BANK_TRANSFER,RETAIL
TXN102182,500.0,SUCCESS,REF-00002182,2026-07-27,Merchant_A,Processor_C,NGN,USSD,RETAIL
TXN107842,1000.0,REFUNDED,REF-00007842,2026-07-18,Merchant_E,Processor_A,NGN,BANK_TRANSFER,BUSINESS
TXN103257,2500.0,SUCCESS,REF-00003257,2026-07-03,Merchant_D,Processor_C,NGN,USSD,BUSINESS
TXN106223,5000.0,SUCCESS,REF-00006223,2026-07-05,Merchant_E,Processor_C,NGN,CARD,BUSINESS
TXN109208,50000.0,SUCCESS,REF-00009208,2026-07-04,Merchant_D,Processor_C,NGN,BANK_TRANSFER,BUSINESS
TXN100372,1000.0,SUCCESS,REF-00000372,2026-07-23,Merchant_D,Processor_A,NGN,MOBILE_MONEY,RETAIL
TXN106888,1500.0,SUCCESS,REF-00006888,2026-07-23,Merchant_A,Processor_A,NGN,USSD,BUSINESS
TXN101747,2500.0,SUCCESS,REF-00001747,2026-07-29,Merchant_A,Processor_B,NGN,CARD,BUSINESS
TXN105455,2500.0,SUCCESS,REF-00005455,2026-07-22,Merchant_A,Processor_A,NGN,CARD,RETAIL
TXN104187,10000.0,REFUNDED,REF-00004187,2026-07-30,Merchant_A,Processor_A,NGN,BANK_TRANSFER,BUSINESS
TXN100090,1000.0,SUCCESS,REF-00000090,2026-07-30,Merchant_A,Processor_C,NGN,USSD,RETAIL
TXN100559,15000.0,REFUNDED,REF-00000559,2026-07-22,Merchant_A,Processor_B,NGN,CARD,RETAIL
TXN105087,1000.0,SUCCESS,REF-00005087,2026-07-26,Merchant_E,Processor_A,NGN,MOBILE_MONEY,BUSINESS
TXN102674,100000.0,SUCCESS,REF-00002674,2026-07-02,Merchant_B,Processor_C,NGN,USSD,RETAIL
TXN105540,1000.0,SUCCESS,REF-00005540,2026-07-22,Merchant_E,Processor_C,NGN,CARD,BUSINESS
TXN106451,250000.0,SUCCESS,REF-00006451,2026-07-27,Merchant_C,Processor_B,NGN,CARD,RETAIL
TXN100176,25000.0,SUCCESS,REF-00000176,2026-07-03,Merchant_C,Processor_A,NGN,MOBILE_MONEY,BUSINESS
TXN106235,50000.0,SUCCESS,REF-00006235,2026-07-21,Merchant_E,Processor_B,NGN,CARD,BUSINESS
TXN100174,15000.0,SUCCESS,REF-00000174,2026-07-03,Merchant_E,Processor_C,NGN,BANK_TRANSFER,RETAIL
TXN106525,250000.0,SUCCESS,REF-00006525,2026-07-27,Merchant_C,Processor_A,NGN,USSD,BUSINESS
TXN104189,25000.0,SUCCESS,REF-00004189,2026-07-27,Merchant_E,Processor_B,NGN,BANK_TRANSFER,BUSINESS
TXN103300,7500.0,SUCCESS,REF-00003300,2026-07-14,Merchant_A,Processor_B,NGN,BANK_TRANSFER,BUSINESS
TXN106035,2500.0,SUCCESS,REF-00006035,2026-07-17,Merchant_A,Processor_C,NGN,MOBILE_MONEY,BUSINESS
TXN104171,250000.0,SUCCESS,REF-00004171,2026-07-20,Merchant_A,Processor_C,NGN,BANK_TRANSFER,RETAIL
TXN109587,7500.0,FAILED,REF-00009587,2026-07-29,Merchant_A,Processor_C,NGN,BANK_TRANSFER,BUSINESS
TXN101811,25000.0,FAILED,REF-00001811,2026-07-18,Merchant_E,Processor_A,NGN,BANK_TRANSFER,RETAIL
TXN105391,10000.0,SUCCESS,REF-00005391,2026-07-13,Merchant_B,Processor_C,NGN,CARD,RETAIL
TXN101779,50000.0,SUCCESS,REF-00001779,2026-07-10,Merchant_D,Processor_C,NGN,MOBILE_MONEY,RETAIL
TXN108903,25000.0,SUCCESS,REF-00008903,2026-07-30,Merchant_B,Processor_A,NGN,CARD,BUSINESS
TXN103717,1000.0,SUCCESS,REF-00003717,2026-07-14,Merchant_E,Processor_B,NGN,CARD,RETAIL
TXN105412,25000.0,FAILED,REF-00005412,2026-07-25,Merchant_A,Processor_A,NGN,BANK_TRANSFER,BUSINESS
TXN100526,7500.0,SUCCESS,REF-00000526,2026-07-04,Merchant_D,Processor_A,NGN,CARD,RETAIL
TXN101026,50000.0,SUCCESS,REF-00001026,2026-07-05,Merchant_B,Processor_C,NGN,CARD,RETAIL
TXN102435,5000.0,REFUNDED,REF-00002435,2026-07-22,Merchant_D,Processor_B,NGN,CARD,BUSINESS
TXN105710,1500.0,SUCCESS,REF-00005710,2026-07-31,Merchant_C,Processor_A,NGN,BANK_TRANSFER,RETAIL
TXN106872,15000.0,SUCCESS,REF-00006872,2026-07-08,Merchant_D,Processor_C,NGN,USSD,BUSINESS
TXN105258,7500.0,SUCCESS,REF-00005258,2026-07-16,Merchant_D,Processor_A,NGN,USSD,BUSINESS
TXN109346,25000.0,SUCCESS,REF-00009346,2026-07-12,Merchant_E,Processor_A,NGN,CARD,BUSINESS
TXN107619,7500.0,SUCCESS,REF-00007619,2026-07-10,Merchant_C,Processor_A,NGN,BANK_TRANSFER,RETAIL
TXN109818,5000.0,SUCCESS,REF-00009818,2026-07-19,Merchant_C,Processor_C,NGN,MOBILE_MONEY,BUSINESS
TXN107796,100000.0,SUCCESS,REF-00007796,2026-07-12,Merchant_C,Processor_A,NGN,USSD,BUSINESS
TXN109680,10000.0,SUCCESS,REF-00009680,2026-07-06,Merchant_B,Processor_A,NGN,CARD,BUSINESS
TXN102012,100000.0,FAILED,REF-00002012,2026-07-24,Merchant_D,Processor_A,NGN,BANK_TRANSFER,RETAIL
TXN104449,25000.0,REFUNDED,REF-00004449,2026-07-20,Merchant_C,Processor_A,NGN,USSD,BUSINESS
TXN101839,2500.0,SUCCESS,REF-00001839,2026-07-21,Merchant_E,Processor_A,NGN,USSD,BUSINESS
TXN103456,10000.0,SUCCESS,REF-00003456,2026-07-02,Merchant_E,Processor_A,NGN,BANK_TRANSFER,RETAIL
TXN103725,100000.0,REFUNDED,REF-00003725,2026-07-07,Merchant_D,Processor_C,NGN,USSD,RETAIL
TXN100984,25000.0,SUCCESS,REF-00000984,2026-07-30,Merchant_B,Processor_C,NGN,CARD,BUSINESS
TXN103684,15000.0,SUCCESS,REF-00003684,2026-07-02,Merchant_A,Processor_A,NGN,CARD,BUSINESS
TXN105972,50000.0,FAILED,REF-00005972,2026-07-21,Merchant_C,Processor_A,NGN,BANK_TRANSFER,BUSINESS
TXN101655,100000.0,SUCCESS,REF-00001655,2026-07-17,Merchant_E,Processor_C,NGN,BANK_TRANSFER,BUSINESS
TXN101672,50000.0,SUCCESS,REF-00001672,2026-07-18,Merchant_E,Processor_C,NGN,MOBILE_MONEY,BUSINESS
TXN103148,25000.0,SUCCESS,REF-00003148,2026-07-29,Merchant_E,Processor_C,NGN,MOBILE_MONEY,RETAIL
TXN108728,5000.0,SUCCESS,REF-00008728,2026-07-21,Merchant_D,Processor_A,NGN,CARD,RETAIL
TXN103084,25000.0,SUCCESS,REF-00003084,2026-07-24,Merchant_B,Processor_B,NGN,BANK_TRANSFER,BUSINESS
TXN102979,250000.0,SUCCESS,REF-00002979,2026-07-10,Merchant_A,Processor_C,NGN,MOBILE_MONEY,BUSINESS
TXN101958,15000.0,SUCCESS,REF-00001958,2026-07-13,Merchant_D,Processor_A,NGN,MOBILE_MONEY,BUSINESS
TXN103965,25000.0,SUCCESS,REF-00003965,2026-07-14,Merchant_E,Processor_A,NGN,USSD,BUSINESS
TXN103597,10000.0,SUCCESS,REF-00003597,2026-07-14,Merchant_E,Processor_B,NGN,USSD,RETAIL
TXN102679,10000.0,SUCCESS,REF-00002679,2026-07-01,Merchant_E,Processor_A,NGN,MOBILE_MONEY,BUSINESS
TXN107389,7500.0,SUCCESS,REF-00007389,2026-07-13,Merchant_D,Processor_B,NGN,USSD,BUSINESS
TXN102022,100000.0,SUCCESS,REF-00002022,2026-07-13,Merchant_A,Processor_B,NGN,MOBILE_MONEY,RETAIL
TXN105672,15000.0,SUCCESS,REF-00005672,2026-07-04,Merchant_A,Processor_C,NGN,USSD,BUSINESS
TXN109574,5000.0,SUCCESS,REF-00009574,2026-07-24,Merchant_D,Processor_C,NGN,BANK_TRANSFER,RETAIL
TXN109510,10000.0,SUCCESS,REF-00009510,2026-07-18,Merchant_C,Processor_A,NGN,USSD,BUSINESS
TXN109249,5000.0,SUCCESS,REF-00009249,2026-07-15,Merchant_A,Processor_A,NGN,BANK_TRANSFER,BUSINESS
TXN103145,5000.0,SUCCESS,REF-00003145,2026-07-04,Merchant_A,Processor_C,NGN,CARD,RETAIL
TXN104086,1500.0,SUCCESS,REF-00004086,2026-07-23,Merchant_D,Processor_C,NGN,USSD,BUSINESS
TXN108884,50000.0,SUCCESS,REF-00008884,2026-07-28,Merchant_E,Processor_C,NGN,BANK_TRANSFER,BUSINESS
TXN100888,1000.0,SUCCESS,REF-00000888,2026-07-03,Merchant_E,Processor_B,NGN,MOBILE_MONEY,BUSINESS
TXN109055,250000.0,REFUNDED,REF-00009055,2026-07-15,Merchant_B,Processor_C,NGN,CARD,RETAIL
TXN102033,250000.0,SUCCESS,REF-00002033,2026-07-23,Merchant_C,Processor_C,NGN,USSD,RETAIL
TXN103490,1000.0,SUCCESS,REF-00003490,2026-07-08,Merchant_B,Processor_B,NGN,MOBILE_MONEY,BUSINESS
TXN108955,5000.0,FAILED,REF-00008955,2026-07-17,Merchant_A,Processor_B,NGN,MOBILE_MONEY,RETAIL
TXN109471,15000.0,REFUNDED,REF-00009471,2026-07-08,Merchant_E,Processor_C,NGN,USSD,BUSINESS
TXN109732,7500.0,SUCCESS,REF-00009732,2026-07-03,Merchant_D,Processor_C,NGN,USSD,RETAIL
TXN100144,5000.0,SUCCESS,REF-00000144,2026-07-19,Merchant_C,Processor_A,NGN,BANK_TRANSFER,BUSINESS
TXN106861,100000.0,SUCCESS,REF-00006861,2026-07-22,Merchant_E,Processor_C,NGN,BANK_TRANSFER,RETAIL
TXN105936,15000.0,SUCCESS,REF-00005936,2026-07-20,Merchant_C,Processor_C,NGN,CARD,BUSINESS
TXN108232,50000.0,SUCCESS,REF-00008232,2026-07-14,Merchant_C,Processor_B,NGN,USSD,BUSINESS
TXN104810,1500.0,SUCCESS,REF-00004810,2026-07-06,Merchant_D,Processor_A,NGN,CARD,RETAIL
TXN109147,7500.0,FAILED,REF-00009147,2026-07-22,Merchant_D,Processor_B,NGN,BANK_TRANSFER,BUSINESS
TXN101961,7500.0,SUCCESS,REF-00001961,2026-07-10,Merchant_A,Processor_C,NGN,USSD,RETAIL
TXN109626,15000.0,SUCCESS,REF-00009626,2026-07-30,Merchant_C,Processor_A,NGN,MOBILE_MONEY,RETAIL
TXN105305,10000.0,SUCCESS,REF-00005305,2026-07-22,Merchant_C,Processor_C,NGN,CARD,BUSINESS
TXN106424,7500.0,SUCCESS,REF-00006424,2026-07-28,Merchant_E,Processor_B,NGN,USSD,BUSINESS
TXN100070,25000.0,FAILED,REF-00000070,2026-07-26,Merchant_B,Processor_B,NGN,MOBILE_MONEY,RETAIL
TXN105482,7500.0,SUCCESS,REF-00005482,2026-07-03,Merchant_E,Processor_B,NGN,BANK_TRANSFER,BUSINESS
TXN105099,500.0,SUCCESS,REF-00005099,2026-07-23,Merchant_B,Processor_A,NGN,MOBILE_MONEY,BUSINESS
TXN102758,25000.0,SUCCESS,REF-00002758,2026-07-27,Merchant_A,Processor_A,NGN,CARD,BUSINESS
TXN109036,1000.0,SUCCESS,REF-00009036,2026-07-16,Merchant_E,Processor_C,NGN,USSD,RETAIL
TXN109975,1500.0,SUCCESS,REF-00009975,2026-07-08,Merchant_B,Processor_B,NGN,MOBILE_MONEY,RETAIL
TXN108473,1500.0,SUCCESS,REF-00008473,2026-07-13,Merchant_B,Processor_A,NGN,USSD,BUSINESS
TXN106174,10000.0,REFUNDED,REF-00006174,2026-07-25,Merchant_D,Processor_C,NGN,MOBILE_MONEY,RETAIL
TXN103004,10000.0,SUCCESS,REF-00003004,2026-07-13,Merchant_A,Processor_C,NGN,USSD,RETAIL
TXN105517,25000.0,SUCCESS,REF-00005517,2026-07-20,Merchant_A,Processor_C,NGN,CARD,RETAIL
TXN101062,25000.0,SUCCESS,REF-00001062,2026-07-12,Merchant_A,Processor_B,NGN,BANK_TRANSFER,BUSINESS
TXN100199,25000.0,SUCCESS,REF-00000199,2026-07-17,Merchant_A,Processor_A,NGN,BANK_TRANSFER,BUSINESS
TXN105904,1000.0,SUCCESS,REF-00005904,2026-07-27,Merchant_E,Processor_A,NGN,MOBILE_MONEY,BUSINESS
TXN100337,25000.0,SUCCESS,REF-00000337,2026-07-20,Merchant_E,Processor_C,NGN,CARD,BUSINESS
TXN104731,1000.0,SUCCESS,REF-00004731,2026-07-22,Merchant_C,Processor_A,NGN,USSD,RETAIL
TXN102444,7500.0,SUCCESS,REF-00002444,2026-07-17,Merchant_B,Processor_C,NGN,CARD,RETAIL
TXN107528,15000.0,FAILED,REF-00007528,2026-07-21,Merchant_A,Processor_C,NGN,CARD,BUSINESS
TXN107749,15000.0,SUCCESS,REF-00007749,2026-07-22,Merchant_C,Processor_C,NGN,MOBILE_MONEY,BUSINESS
TXN100966,25000.0,SUCCESS,REF-00000966,2026-07-20,Merchant_E,Processor_B,NGN,BANK_TRANSFER,RETAIL
TXN105846,2500.0,SUCCESS,REF-00005846,2026-07-05,Merchant_A,Processor_C,NGN,CARD,BUSINESS
TXN107135,25000.0,REFUNDED,REF-00007135,2026-07-19,Merchant_E,Processor_C,NGN,MOBILE_MONEY,BUSINESS
TXN108210,1500.0,SUCCESS,REF-00008210,2026-07-13,Merchant_E,Processor_B,NGN,USSD,BUSINESS
TXN108764,1500.0,FAILED,REF-00008764,2026-07-19,Merchant_C,Processor_B,NGN,BANK_TRANSFER,BUSINESS
TXN105071,25000.0,SUCCESS,REF-00005071,2026-07-12,Merchant_C,Processor_B,NGN,BANK_TRANSFER,BUSINESS
TXN102645,5000.0,SUCCESS,REF-00002645,2026-07-10,Merchant_B,Processor_A,NGN,USSD,BUSINESS
TXN102961,5000.0,SUCCESS,REF-00002961,2026-07-03,Merchant_E,Processor_B,NGN,CARD,RETAIL
TXN105968,100000.0,SUCCESS,REF-00005968,2026-07-27,Merchant_D,Processor_C,NGN,BANK_TRANSFER,RETAIL
TXN102785,2500.0,SUCCESS,REF-00002785,2026-07-08,Merchant_B,Processor_C,NGN,CARD,BUSINESS
TXN108708,1000.0,REFUNDED,REF-00008708,2026-07-28,Merchant_E,Processor_A,NGN,MOBILE_MONEY,BUSINESS
TXN100955,5000.0,SUCCESS,REF-00000955,2026-07-28,Merchant_A,Processor_C,NGN,USSD,RETAIL
TXN102637,25000.0,SUCCESS,REF-00002637,2026-07-01,Merchant_C,Processor_B,NGN,BANK_TRANSFER,RETAIL
TXN108139,5000.0,FAILED,REF-00008139,2026-07-07,Merchant_B,Processor_C,NGN,USSD,BUSINESS
TXN106864,10000.0,SUCCESS,REF-00006864,2026-07-23,Merchant_A,Processor_B,NGN,BANK_TRANSFER,BUSINESS
TXN104938,25000.0,SUCCESS,REF-00004938,2026-07-03,Merchant_C,Processor_C,NGN,USSD,BUSINESS
TXN105637,50000.0,SUCCESS,REF-00005637,2026-07-21,Merchant_E,Processor_A,NGN,MOBILE_MONEY,RETAIL
TXN108428,5000.0,SUCCESS,REF-00008428,2026-07-17,Merchant_E,Processor_C,NGN,MOBILE_MONEY,BUSINESS
TXN109428,7500.0,SUCCESS,REF-00009428,2026-07-19,Merchant_B,Processor_C,NGN,CARD,BUSINESS
TXN100242,100000.0,SUCCESS,REF-00000242,2026-07-27,Merchant_C,Processor_B,NGN,MOBILE_MONEY,RETAIL
TXN108628,5000.0,REFUNDED,REF-00008628,2026-07-06,Merchant_B,Processor_B,NGN,USSD,RETAIL
TXN103503,500.0,SUCCESS,REF-00003503,2026-07-11,Merchant_B,Processor_C,NGN,USSD,BUSINESS
TXN109860,50000.0,SUCCESS,REF-00009860,2026-07-08,Merchant_E,Processor_A,NGN,MOBILE_MONEY,BUSINESS
TXN103377,1500.0,REFUNDED,REF-00003377,2026-07-05,Merchant_B,Processor_C,NGN,USSD,RETAIL
TXN101294,50000.0,SUCCESS,REF-00001294,2026-07-23,Merchant_D,Processor_A,NGN,USSD,BUSINESS
TXN100025,25000.0,SUCCESS,REF-00000025,2026-07-30,Merchant_A,Processor_C,NGN,USSD,BUSINESS
TXN106712,25000.0,SUCCESS,REF-00006712,2026-07-14,Merchant_A,Processor_A,NGN,CARD,RETAIL
TXN100112,100000.0,SUCCESS,REF-00000112,2026-07-28,Merchant_E,Processor_C,NGN,CARD,BUSINESS
TXN103398,2500.0,SUCCESS,REF-00003398,2026-07-18,Merchant_D,Processor_C,NGN,BANK_TRANSFER,RETAIL
TXN109190,100000.0,SUCCESS,REF-00009190,2026-07-22,Merchant_A,Processor_B,NGN,USSD,BUSINESS
TXN105427,2500.0,SUCCESS,REF-00005427,2026-07-29,Merchant_E,Processor_B,NGN,CARD,RETAIL
TXN101724,25000.0,SUCCESS,REF-00001724,2026-07-11,Merchant_D,Processor_B,NGN,MOBILE_MONEY,RETAIL
TXN108871,1500.0,SUCCESS,REF-00008871,2026-07-25,Merchant_B,Processor_C,NGN,USSD,RETAIL
TXN106680,15000.0,FAILED,REF-00006680,2026-07-23,Merchant_D,Processor_C,NGN,USSD,RETAIL
TXN104898,1000.0,SUCCESS,REF-00004898,2026-07-19,Merchant_D,Processor_B,NGN,BANK_TRANSFER,BUSINESS
TXN104082,15000.0,REFUNDED,REF-00004082,2026-07-06,Merchant_A,Processor_C,NGN,MOBILE_MONEY,RETAIL
TXN101391,1000.0,SUCCESS,REF-00001391,2026-07-09,Merchant_B,Processor_B,NGN,MOBILE_MONEY,BUSINESS
TXN101436,5000.0,SUCCESS,REF-00001436,2026-07-25,Merchant_B,Processor_B,NGN,USSD,RETAIL
TXN104976,1500.0,SUCCESS,REF-00004976,2026-07-24,Merchant_C,Processor_C,NGN,CARD,RETAIL
TXN109112,10000.0,SUCCESS,REF-00009112,2026-07-18,Merchant_A,Processor_C,NGN,BANK_TRANSFER,RETAIL
TXN106996,15000.0,SUCCESS,REF-00006996,2026-07-05,Merchant_A,Processor_B,NGN,BANK_TRANSFER,BUSINESS
TXN104016,100000.0,FAILED,REF-00004016,2026-07-29,Merchant_A,Processor_B,NGN,BANK_TRANSFER,RETAIL
TXN107587,25000.0,SUCCESS,REF-00007587,2026-07-27,Merchant_D,Processor_A,NGN,USSD,BUSINESS
TXN106059,50000.0,SUCCESS,REF-00006059,2026-07-18,Merchant_A,Processor_C,NGN,BANK_TRANSFER,RETAIL
TXN102396,1500.0,SUCCESS,REF-00002396,2026-07-28,Merchant_A,Processor_C,NGN,CARD,BUSINESS
TXN103007,500.0,REFUNDED,REF-00003007,2026-07-22,Merchant_D,Processor_A,NGN,MOBILE_MONEY,BUSINESS
TXN107353,10000.0,SUCCESS,REF-00007353,2026-07-22,Merchant_D,Processor_A,NGN,CARD,BUSINESS
TXN102027,250000.0,SUCCESS,REF-00002027,2026-07-23,Merchant_B,Processor_A,NGN,BANK_TRANSFER,BUSINESS
TXN108732,2500.0,SUCCESS,REF-00008732,2026-07-19,Merchant_D,Processor_C,NGN,MOBILE_MONEY,BUSINESS
TXN109886,100000.0,REFUNDED,REF-00009886,2026-07-20,Merchant_A,Processor_C,NGN,BANK_TRANSFER,BUSINESS
TXN101808,1500.0,SUCCESS,REF-00001808,2026-07-05,Merchant_B,Processor_A,NGN,BANK_TRANSFER,RETAIL
TXN107470,50000.0,SUCCESS,REF-00007470,2026-07-17,Merchant_E,Processor_B,NGN,USSD,BUSINESS
TXN109539,15000.0,SUCCESS,REF-00009539,2026-07-26,Merchant_D,Processor_B,NGN,MOBILE_MONEY,RETAIL
TXN101521,100000.0,SUCCESS,REF-00001521,2026-07-08,Merchant_C,Processor_A,NGN,BANK_TRANSFER,RETAIL
TXN100633,10000.0,SUCCESS,REF-00000633,2026-07-22,Merchant_D,Processor_A,NGN,BANK_TRANSFER,BUSINESS
TXN107155,50000.0,SUCCESS,REF-00007155,2026-07-06,Merchant_C,Processor_A,NGN,USSD,BUSINESS
TXN109674,7500.0,SUCCESS,REF-00009674,2026-07-21,Merchant_D,Processor_C,NGN,MOBILE_MONEY,RETAIL
TXN102190,2500.0,SUCCESS,REF-00002190,2026-07-05,Merchant_B,Processor_B,NGN,BANK_TRANSFER,RETAIL
TXN103098,500.0,SUCCESS,REF-00003098,2026-07-01,Merchant_E,Processor_C,NGN,BANK_TRANSFER,BUSINESS
TXN109909,500.0,SUCCESS,REF-00009909,2026-07-16,Merchant_B,Processor_A,NGN,CARD,RETAIL
TXN108035,1000.0,REFUNDED,REF-00008035,2026-07-13,Merchant_C,Processor_C,NGN,CARD,RETAIL
TXN102035,5000.0,SUCCESS,REF-00002035,2026-07-13,Merchant_D,Processor_B,NGN,CARD,BUSINESS
TXN105566,25000.0,SUCCESS,REF-00005566,2026-07-21,Merchant_C,Processor_B,NGN,USSD,RETAIL
TXN106691,2500.0,SUCCESS,REF-00006691,2026-07-27,Merchant_D,Processor_B,NGN,CARD,BUSINESS
TXN102775,7500.0,SUCCESS,REF-00002775,2026-07-20,Merchant_E,Processor_B,NGN,CARD,BUSINESS
TXN109863,50000.0,REFUNDED,REF-00009863,2026-07-02,Merchant_C,Processor_A,NGN,BANK_TRANSFER,RETAIL
TXN102970,5000.0,SUCCESS,REF-00002970,2026-07-13,Merchant_A,Processor_A,NGN,USSD,RETAIL
TXN101876,15000.0,SUCCESS,REF-00001876,2026-07-22,Merchant_C,Processor_A,NGN,MOBILE_MONEY,RETAIL
TXN106495,1500.0,SUCCESS,REF-00006495,2026-07-15,Merchant_C,Processor_C,NGN,BANK_TRANSFER,BUSINESS
TXN109998,7500.0,SUCCESS,REF-00009998,2026-07-27,Merchant_E,Processor_B,NGN,BANK_TRANSFER,RETAIL
TXN103949,2500.0,FAILED,REF-00003949,2026-07-01,Merchant_B,Processor_B,NGN,USSD,RETAIL
TXN108830,5000.0,FAILED,REF-00008830,2026-07-03,Merchant_B,Processor_C,NGN,USSD,BUSINESS
TXN109088,2500.0,SUCCESS,REF-00009088,2026-07-31,Merchant_B,Processor_C,NGN,BANK_TRANSFER,RETAIL
TXN104844,1500.0,SUCCESS,REF-00004844,2026-07-15,Merchant_B,Processor_C,NGN,BANK_TRANSFER,RETAIL
TXN107217,25000.0,SUCCESS,REF-00007217,2026-07-25,Merchant_A,Processor_A,NGN,BANK_TRANSFER,BUSINESS
TXN107961,5000.0,SUCCESS,REF-00007961,2026-07-24,Merchant_D,Processor_B,NGN,USSD,BUSINESS
TXN104705,7500.0,SUCCESS,REF-00004705,2026-07-03,Merchant_D,Processor_A,NGN,BANK_TRANSFER,RETAIL
TXN102992,10000.0,SUCCESS,REF-00002992,2026-07-20,Merchant_E,Processor_A,NGN,BANK_TRANSFER,BUSINESS
TXN105195,50000.0,SUCCESS,REF-00005195,2026-07-14,Merchant_B,Processor_A,NGN,MOBILE_MONEY,RETAIL
TXN107415,10000.0,FAILED,REF-00007415,2026-07-27,Merchant_E,Processor_A,NGN,CARD,BUSINESS
TXN105497,100000.0,SUCCESS,REF-00005497,2026-07-29,Merchant_C,Processor_B,NGN,CARD,BUSINESS
TXN107046,25000.0,SUCCESS,REF-00007046,2026-07-28,Merchant_D,Processor_C,NGN,CARD,BUSINESS
TXN103970,250000.0,SUCCESS,REF-00003970,2026-07-21,Merchant_B,Processor_C,NGN,CARD,RETAIL
TXN107602,10000.0,SUCCESS,REF-00007602,2026-07-10,Merchant_A,Processor_B,NGN,CARD,BUSINESS
TXN102416,5000.0,SUCCESS,REF-00002416,2026-07-03,Merchant_C,Processor_A,NGN,BANK_TRANSFER,BUSINESS
TXN103114,2500.0,SUCCESS,REF-00003114,2026-07-05,Merchant_D,Processor_A,NGN,BANK_TRANSFER,BUSINESS
TXN104363,10000.0,SUCCESS,REF-00004363,2026-07-24,Merchant_A,Processor_A,NGN,MOBILE_MONEY,BUSINESS
TXN102783,50000.0,SUCCESS,REF-00002783,2026-07-28,Merchant_B,Processor_A,NGN,USSD,RETAIL
TXN100375,5000.0,SUCCESS,REF-00000375,2026-07-03,Merchant_A,Processor_C,NGN,MOBILE_MONEY,BUSINESS
TXN108301,2500.0,SUCCESS,REF-00008301,2026-07-25,Merchant_D,Processor_B,NGN,USSD,RETAIL
TXN108044,7500.0,SUCCESS,REF-00008044,2026-07-25,Merchant_E,Processor_B,NGN,USSD,RETAIL
TXN101857,7500.0,SUCCESS,REF-00001857,2026-07-04,Merchant_E,Processor_B,NGN,MOBILE_MONEY,BUSINESS
TXN108171,50000.0,FAILED,REF-00008171,2026-07-07,Merchant_B,Processor_A,NGN,BANK_TRANSFER,RETAIL
TXN109114,5000.0,SUCCESS,REF-00009114,2026-07-17,Merchant_B,Processor_B,NGN,MOBILE_MONEY,BUSINESS
TXN109683,50000.0,FAILED,REF-00009683,2026-07-21,Merchant_C,Processor_A,NGN,CARD,RETAIL
TXN109513,25000.0,SUCCESS,REF-00009513,2026-07-14,Merchant_D,Processor_A,NGN,MOBILE_MONEY,BUSINESS
TXN109622,5000.0,SUCCESS,REF-00009622,2026-07-01,Merchant_B,Processor_C,NGN,BANK_TRANSFER,RETAIL
TXN102355,1500.0,SUCCESS,REF-00002355,2026-07-20,Merchant_C,Processor_B,NGN,BANK_TRANSFER,RETAIL
TXN106242,10000.0,SUCCESS,REF-00006242,2026-07-22,Merchant_A,Processor_A,NGN,USSD,BUSINESS
TXN109444,10000.0,SUCCESS,REF-00009444,2026-07-18,Merchant_B,Processor_B,NGN,USSD,BUSINESS
TXN107290,25000.0,SUCCESS,REF-00007290,2026-07-25,Merchant_A,Processor_C,NGN,MOBILE_MONEY,RETAIL
TXN104065,1000.0,FAILED,REF-00004065,2026-07-08,Merchant_B,Processor_B,NGN,USSD,RETAIL
TXN102422,25000.0,SUCCESS,REF-00002422,2026-07-14,Merchant_A,Processor_C,NGN,MOBILE_MONEY,BUSINESS
TXN101618,10000.0,FAILED,REF-00001618,2026-07-24,Merchant_D,Processor_C,NGN,USSD,RETAIL
TXN108989,10000.0,SUCCESS,REF-00008989,2026-07-29,Merchant_D,Processor_C,NGN,BANK_TRANSFER,RETAIL
TXN107904,1000.0,SUCCESS,REF-00007904,2026-07-20,Merchant_C,Processor_B,NGN,USSD,RETAIL
TXN108710,50000.0,SUCCESS,REF-00008710,2026-07-02,Merchant_E,Processor_C,NGN,CARD,BUSINESS
TXN103166,100000.0,SUCCESS,REF-00003166,2026-07-03,Merchant_C,Processor_A,NGN,BANK_TRANSFER,RETAIL
TXN105150,5000.0,SUCCESS,REF-00005150,2026-07-06,Merchant_A,Processor_C,NGN,CARD,BUSINESS
TXN103171,2500.0,SUCCESS,REF-00003171,2026-07-28,Merchant_A,Processor_B,NGN,BANK_TRANSFER,BUSINESS
TXN101665,50000.0,SUCCESS,REF-00001665,2026-07-19,Merchant_D,Processor_A,NGN,MOBILE_MONEY,RETAIL
TXN107313,5000.0,SUCCESS,REF-00007313,2026-07-25,Merchant_D,Processor_B,NGN,BANK_TRANSFER,BUSINESS
TXN105220,5000.0,SUCCESS,REF-00005220,2026-07-26,Merchant_B,Processor_C,NGN,USSD,BUSINESS
TXN109442,2500.0,SUCCESS,REF-00009442,2026-07-14,Merchant_E,Processor_C,NGN,CARD,BUSINESS
TXN105123,10000.0,SUCCESS,REF-00005123,2026-07-05,Merchant_B,Processor_C,NGN,BANK_TRANSFER,BUSINESS
TXN106562,1500.0,SUCCESS,REF-00006562,2026-07-06,Merchant_E,Processor_B,NGN,MOBILE_MONEY,BUSINESS
TXN102473,25000.0,SUCCESS,REF-00002473,2026-07-22,Merchant_D,Processor_A,NGN,CARD,BUSINESS
TXN104831,25000.0,SUCCESS,REF-00004831,2026-07-27,Merchant_E,Processor_A,NGN,BANK_TRANSFER,BUSINESS
TXN102461,100000.0,SUCCESS,REF-00002461,2026-07-08,Merchant_A,Processor_A,NGN,MOBILE_MONEY,BUSINESS
TXN108262,25000.0,SUCCESS,REF-00008262,2026-07-25,Merchant_B,Processor_B,NGN,BANK_TRANSFER,RETAIL
TXN107981,2500.0,SUCCESS,REF-00007981,2026-07-23,Merchant_D,Processor_C,NGN,BANK_TRANSFER,BUSINESS
TXN102204,25000.0,SUCCESS,REF-00002204,2026-07-08,Merchant_A,Processor_B,NGN,CARD,RETAIL
TXN100354,1000.0,SUCCESS,REF-00000354,2026-07-03,Merchant_C,Processor_B,NGN,BANK_TRANSFER,BUSINESS
TXN102197,50000.0,SUCCESS,REF-00002197,2026-07-16,Merchant_A,Processor_A,NGN,CARD,BUSINESS
TXN109572,1000.0,SUCCESS,REF-00009572,2026-07-04,Merchant_A,Processor_C,NGN,CARD,RETAIL
TXN108178,1000.0,SUCCESS,REF-00008178,2026-07-26,Merchant_A,Processor_A,NGN,USSD,RETAIL
TXN100060,5000.0,SUCCESS,REF-00000060,2026-07-09,Merchant_A,Processor_A,NGN,CARD,RETAIL
TXN108243,7500.0,SUCCESS,REF-00008243,2026-07-10,Merchant_A,Processor_A,NGN,BANK_TRANSFER,RETAIL
TXN108744,10000.0,SUCCESS,REF-00008744,2026-07-13,Merchant_C,Processor_B,NGN,BANK_TRANSFER,RETAIL
TXN105605,15000.0,SUCCESS,REF-00005605,2026-07-24,Merchant_E,Processor_C,NGN,BANK_TRANSFER,RETAIL
TXN105551,5000.0,SUCCESS,REF-00005551,2026-07-21,Merchant_E,Processor_A,NGN,BANK_TRANSFER,BUSINESS
TXN104738,5000.0,SUCCESS,REF-00004738,2026-07-02,Merchant_D,Processor_A,NGN,CARD,RETAIL
TXN101295,2500.0,SUCCESS,REF-00001295,2026-07-09,Merchant_E,Processor_A,NGN,USSD,BUSINESS
TXN102787,2500.0,REFUNDED,REF-00002787,2026-07-21,Merchant_E,Processor_C,NGN,CARD,RETAIL
TXN103876,1500.0,SUCCESS,REF-00003876,2026-07-10,Merchant_A,Processor_C,NGN,BANK_TRANSFER,RETAIL
TXN105958,25000.0,SUCCESS,REF-00005958,2026-07-02,Merchant_E,Processor_C,NGN,CARD,BUSINESS
TXN106168,1000.0,SUCCESS,REF-00006168,2026-07-12,Merchant_E,Processor_A,NGN,USSD,BUSINESS
TXN106890,7500.0,SUCCESS,REF-00006890,2026-07-21,Merchant_D,Processor_A,NGN,MOBILE_MONEY,RETAIL
TXN103118,2500.0,REFUNDED,REF-00003118,2026-07-08,Merchant_C,Processor_B,NGN,USSD,BUSINESS
TXN105347,2500.0,SUCCESS,REF-00005347,2026-07-18,Merchant_A,Processor_B,NGN,USSD,RETAIL
TXN104669,25000.0,SUCCESS,REF-00004669,2026-07-04,Merchant_E,Processor_B,NGN,MOBILE_MONEY,RETAIL
TXN107579,25000.0,SUCCESS,REF-00007579,2026-07-22,Merchant_D,Processor_A,NGN,USSD,BUSINESS
TXN104242,25000.0,SUCCESS,REF-00004242,2026-07-27,Merchant_A,Processor_B,NGN,USSD,RETAIL
TXN104994,1000.0,SUCCESS,REF-00004994,2026-07-19,Merchant_A,Processor_A,NGN,CARD,BUSINESS
TXN103305,5000.0,SUCCESS,REF-00003305,2026-07-31,Merchant_D,Processor_B,NGN,USSD,BUSINESS
TXN104774,5000.0,SUCCESS,REF-00004774,2026-07-26,Merchant_C,Processor_A,NGN,USSD,BUSINESS
TXN101105,1500.0,SUCCESS,REF-00001105,2026-07-17,Merchant_A,Processor_C,NGN,BANK_TRANSFER,RETAIL
TXN100654,7500.0,SUCCESS,REF-00000654,2026-07-01,Merchant_B,Processor_A,NGN,USSD,RETAIL
TXN107707,25000.0,SUCCESS,REF-00007707,2026-07-26,Merchant_E,Processor_B,NGN,CARD,BUSINESS
TXN108942,50000.0,SUCCESS,REF-00008942,2026-07-10,Merchant_A,Processor_A,NGN,MOBILE_MONEY,RETAIL
TXN101104,250000.0,SUCCESS,REF-00001104,2026-07-19,Merchant_B,Processor_C,NGN,BANK_TRANSFER,RETAIL
TXN108112,250000.0,SUCCESS,REF-00008112,2026-07-25,Merchant_D,Processor_B,NGN,CARD,BUSINESS
TXN106373,100000.0,SUCCESS,REF-00006373,2026-07-16,Merchant_E,Processor_C,NGN,BANK_TRANSFER,BUSINESS
TXN102428,5000.0,SUCCESS,REF-00002428,2026-07-04,Merchant_E,Processor_C,NGN,USSD,RETAIL
TXN100241,250000.0,SUCCESS,REF-00000241,2026-07-25,Merchant_C,Processor_C,NGN,CARD,BUSINESS
TXN108533,25000.0,SUCCESS,REF-00008533,2026-07-28,Merchant_C,Processor_A,NGN,BANK_TRANSFER,RETAIL
TXN106355,250000.0,REFUNDED,REF-00006355,2026-07-07,Merchant_B,Processor_C,NGN,CARD,RETAIL
TXN105915,1000.0,SUCCESS,REF-00005915,2026-07-02,Merchant_B,Processor_C,NGN,BANK_TRANSFER,BUSINESS
TXN107265,1000.0,SUCCESS,REF-00007265,2026-07-03,Merchant_A,Processor_C,NGN,USSD,BUSINESS
TXN106241,1000.0,SUCCESS,REF-00006241,2026-07-30,Merchant_D,Processor_C,NGN,MOBILE_MONEY,RETAIL
TXN109835,500.0,SUCCESS,REF-00009835,2026-07-25,Merchant_E,Processor_C,NGN,MOBILE_MONEY,RETAIL
TXN101003,25000.0,SUCCESS,REF-00001003,2026-07-27,Merchant_E,Processor_C,NGN,CARD,RETAIL
TXN103314,2500.0,SUCCESS,REF-00003314,2026-07-31,Merchant_B,Processor_B,NGN,MOBILE_MONEY,BUSINESS
TXN101427,250000.0,SUCCESS,REF-00001427,2026-07-14,Merchant_A,Processor_C,NGN,CARD,BUSINESS
TXN101675,5000.0,SUCCESS,REF-00001675,2026-07-19,Merchant_B,Processor_C,NGN,CARD,BUSINESS
TXN104749,50000.0,REFUNDED,REF-00004749,2026-07-11,Merchant_D,Processor_B,NGN,USSD,BUSINESS
TXN108545,10000.0,SUCCESS,REF-00008545,2026-07-01,Merchant_D,Processor_C,NGN,USSD,RETAIL
TXN102464,15000.0,SUCCESS,REF-00002464,2026-07-19,Merchant_B,Processor_C,NGN,BANK_TRANSFER,RETAIL
TXN105210,100000.0,FAILED,REF-00005210,2026-07-06,Merchant_B,Processor_A,NGN,CARD,RETAIL
TXN105450,5000.0,SUCCESS,REF-00005450,2026-07-20,Merchant_C,Processor_C,NGN,BANK_TRANSFER,RETAIL
TXN101279,10000.0,SUCCESS,REF-00001279,2026-07-21,Merchant_D,Processor_A,NGN,BANK_TRANSFER,BUSINESS
TXN103139,1000.0,SUCCESS,REF-00003139,2026-07-30,Merchant_E,Processor_B,NGN,USSD,BUSINESS
TXN100734,5000.0,SUCCESS,REF-00000734,2026-07-24,Merchant_B,Processor_A,NGN,CARD,BUSINESS
TXN107241,100000.0,SUCCESS,REF-00007241,2026-07-03,Merchant_B,Processor_C,NGN,USSD,RETAIL
TXN106124,50000.0,SUCCESS,REF-00006124,2026-07-11,Merchant_B,Processor_B,NGN,CARD,RETAIL
TXN103914,250000.0,SUCCESS,REF-00003914,2026-07-10,Merchant_B,Processor_A,NGN,MOBILE_MONEY,BUSINESS
TXN106822,250000.0,SUCCESS,REF-00006822,2026-07-20,Merchant_C,Processor_B,NGN,MOBILE_MONEY,RETAIL
TXN105494,10000.0,SUCCESS,REF-00005494,2026-07-19,Merchant_C,Processor_A,NGN,BANK_TRANSFER,RETAIL
TXN103388,500.0,SUCCESS,REF-00003388,2026-07-10,Merchant_E,Processor_C,NGN,USSD,RETAIL
TXN108354,2500.0,SUCCESS,REF-00008354,2026-07-31,Merchant_A,Processor_A,NGN,USSD,RETAIL
TXN105506,10000.0,SUCCESS,REF-00005506,2026-07-03,Merchant_E,Processor_B,NGN,CARD,RETAIL
TXN100122,5000.0,FAILED,REF-00000122,2026-07-24,Merchant_A,Processor_B,NGN,BANK_TRANSFER,BUSINESS
TXN103643,7500.0,SUCCESS,REF-00003643,2026-07-15,Merchant_D,Processor_A,NGN,USSD,BUSINESS
TXN104836,5000.0,SUCCESS,REF-00004836,2026-07-17,Merchant_B,Processor_A,NGN,BANK_TRANSFER,RETAIL
TXN101645,25000.0,SUCCESS,REF-00001645,2026-07-13,Merchant_D,Processor_A,NGN,USSD,RETAIL
TXN101079,100000.0,SUCCESS,REF-00001079,2026-07-19,Merchant_C,Processor_C,NGN,MOBILE_MONEY,RETAIL
TXN104909,10000.0,SUCCESS,REF-00004909,2026-07-04,Merchant_E,Processor_B,NGN,USSD,BUSINESS
TXN109821,25000.0,SUCCESS,REF-00009821,2026-07-08,Merchant_B,Processor_A,NGN,USSD,RETAIL
TXN107891,10000.0,SUCCESS,REF-00007891,2026-07-01,Merchant_A,Processor_B,NGN,MOBILE_MONEY,RETAIL
TXN106792,7500.0,REFUNDED,REF-00006792,2026-07-14,Merchant_E,Processor_A,NGN,BANK_TRANSFER,RETAIL
TXN106558,25000.0,SUCCESS,REF-00006558,2026-07-24,Merchant_B,Processor_A,NGN,BANK_TRANSFER,RETAIL
TXN109531,100000.0,SUCCESS,REF-00009531,2026-07-28,Merchant_E,Processor_A,NGN,BANK_TRANSFER,BUSINESS
TXN104758,7500.0,SUCCESS,REF-00004758,2026-07-03,Merchant_B,Processor_A,NGN,MOBILE_MONEY,RETAIL
TXN105953,15000.0,SUCCESS,REF-00005953,2026-07-09,Merchant_D,Processor_C,NGN,MOBILE_MONEY,BUSINESS
TXN100203,100000.0,SUCCESS,REF-00000203,2026-07-30,Merchant_E,Processor_A,NGN,MOBILE_MONEY,RETAIL
TXN104017,100000.0,SUCCESS,REF-00004017,2026-07-09,Merchant_B,Processor_C,NGN,BANK_TRANSFER,RETAIL
TXN100611,50000.0,SUCCESS,REF-00000611,2026-07-30,Merchant_A,Processor_C,NGN,BANK_TRANSFER,RETAIL
TXN108257,250000.0,SUCCESS,REF-00008257,2026-07-18,Merchant_E,Processor_C,NGN,BANK_TRANSFER,RETAIL
TXN107331,50000.0,SUCCESS,REF-00007331,2026-07-05,Merchant_D,Processor_B,NGN,BANK_TRANSFER,RETAIL
TXN108095,100000.0,SUCCESS,REF-00008095,2026-07-12,Merchant_C,Processor_B,NGN,CARD,RETAIL
TXN107457,7500.0,SUCCESS,REF-00007457,2026-07-17,Merchant_D,Processor_C,NGN,MOBILE_MONEY,BUSINESS
TXN100859,1000.0,SUCCESS,REF-00000859,2026-07-06,Merchant_A,Processor_A,NGN,MOBILE_MONEY,RETAIL
TXN100474,10000.0,SUCCESS,REF-00000474,2026-07-31,Merchant_E,Processor_C,NGN,MOBILE_MONEY,BUSINESS
TXN108089,100000.0,SUCCESS,REF-00008089,2026-07-03,Merchant_A,Processor_A,NGN,BANK_TRANSFER,BUSINESS
TXN107154,5000.0,SUCCESS,REF-00007154,2026-07-17,Merchant_B,Processor_B,NGN,BANK_TRANSFER,RETAIL
TXN106025,2500.0,SUCCESS,REF-00006025,2026-07-17,Merchant_E,Processor_B,NGN,CARD,BUSINESS
TXN102372,25000.0,SUCCESS,REF-00002372,2026-07-06,Merchant_D,Processor_C,NGN,CARD,RETAIL
TXN104420,1000.0,REFUNDED,REF-00004420,2026-07-26,Merchant_D,Processor_B,NGN,BANK_TRANSFER,RETAIL
TXN107401,25000.0,SUCCESS,REF-00007401,2026-07-17,Merchant_D,Processor_B,NGN,BANK_TRANSFER,RETAIL
TXN103821,5000.0,SUCCESS,REF-00003821,2026-07-21,Merchant_D,Processor_A,NGN,BANK_TRANSFER,RETAIL
TXN105697,7500.0,SUCCESS,REF-00005697,2026-07-25,Merchant_D,Processor_B,NGN,MOBILE_MONEY,BUSINESS
TXN107849,500.0,SUCCESS,REF-00007849,2026-07-01,Merchant_C,Processor_B,NGN,CARD,BUSINESS
TXN100876,25000.0,SUCCESS,REF-00000876,2026-07-18,Merchant_C,Processor_C,NGN,MOBILE_MONEY,RETAIL
TXN107144,100000.0,SUCCESS,REF-00007144,2026-07-17,Merchant_C,Processor_B,NGN,USSD,BUSINESS
TXN107394,5000.0,SUCCESS,REF-00007394,2026-07-17,Merchant_A,Processor_C,NGN,USSD,RETAIL
TXN106365,10000.0,SUCCESS,REF-00006365,2026-07-11,Merchant_D,Processor_C,NGN,USSD,RETAIL
TXN108058,10000.0,SUCCESS,REF-00008058,2026-07-23,Merchant_D,Processor_C,NGN,USSD,BUSINESS
TXN101107,25000.0,SUCCESS,REF-00001107,2026-07-29,Merchant_C,Processor_A,NGN,MOBILE_MONEY,RETAIL
TXN106423,2500.0,SUCCESS,REF-00006423,2026-07-09,Merchant_A,Processor_B,NGN,USSD,BUSINESS
TXN100421,25000.0,SUCCESS,REF-00000421,2026-07-07,Merchant_E,Processor_C,NGN,BANK_TRANSFER,BUSINESS
TXN107764,15000.0,SUCCESS,REF-00007764,2026-07-29,Merchant_A,Processor_A,NGN,USSD,RETAIL
TXN104170,1500.0,SUCCESS,REF-00004170,2026-07-03,Merchant_D,Processor_B,NGN,BANK_TRANSFER,BUSINESS
TXN102949,100000.0,SUCCESS,REF-00002949,2026-07-02,Merchant_D,Processor_A,NGN,MOBILE_MONEY,BUSINESS
TXN109999,2500.0,SUCCESS,REF-00009999,2026-07-07,Merchant_B,Processor_C,NGN,CARD,RETAIL
TXN109078,25000.0,SUCCESS,REF-00009078,2026-07-12,Merchant_A,Processor_A,NGN,CARD,BUSINESS
TXN105754,100000.0,FAILED,REF-00005754,2026-07-17,Merchant_C,Processor_C,NGN,USSD,BUSINESS
TXN109762,250000.0,FAILED,REF-00009762,2026-07-25,Merchant_E,Processor_B,NGN,CARD,BUSINESS
TXN108148,5000.0,SUCCESS,REF-00008148,2026-07-10,Merchant_B,Processor_B,NGN,BANK_TRANSFER,BUSINESS
TXN108439,7500.0,SUCCESS,REF-00008439,2026-07-10,Merchant_D,Processor_B,NGN,USSD,RETAIL
TXN106111,5000.0,SUCCESS,REF-00006111,2026-07-26,Merchant_D,Processor_A,NGN,USSD,RETAIL
TXN101267,10000.0,SUCCESS,REF-00001267,2026-07-06,Merchant_B,Processor_B,NGN,BANK_TRANSFER,BUSINESS
TXN106910,7500.0,REFUNDED,REF-00006910,2026-07-13,Merchant_E,Processor_A,NGN,BANK_TRANSFER,BUSINESS
TXN109593,7500.0,SUCCESS,REF-00009593,2026-07-16,Merchant_A,Processor_C,NGN,MOBILE_MONEY,RETAIL
TXN108584,7500.0,SUCCESS,REF-00008584,2026-07-19,Merchant_B,Processor_A,NGN,BANK_TRANSFER,RETAIL
TXN108069,10000.0,FAILED,REF-00008069,2026-07-03,Merchant_E,Processor_B,NGN,MOBILE_MONEY,BUSINESS
TXN105094,1000.0,SUCCESS,REF-00005094,2026-07-25,Merchant_B,Processor_A,NGN,USSD,BUSINESS
TXN104573,25000.0,SUCCESS,REF-00004573,2026-07-09,Merchant_A,Processor_A,NGN,CARD,RETAIL
TXN107923,1000.0,SUCCESS,REF-00007923,2026-07-16,Merchant_B,Processor_C,NGN,CARD,BUSINESS
TXN100956,10000.0,SUCCESS,REF-00000956,2026-07-05,Merchant_E,Processor_C,NGN,MOBILE_MONEY,BUSINESS
TXN109635,2500.0,SUCCESS,REF-00009635,2026-07-02,Merchant_D,Processor_B,NGN,CARD,BUSINESS
TXN102351,100000.0,SUCCESS,REF-00002351,2026-07-20,Merchant_D,Processor_C,NGN,CARD,BUSINESS
TXN103569,50000.0,SUCCESS,REF-00003569,2026-07-20,Merchant_E,Processor_A,NGN,USSD,RETAIL
TXN109653,2500.0,SUCCESS,REF-00009653,2026-07-12,Merchant_A,Processor_B,NGN,MOBILE_MONEY,RETAIL
TXN100409,1000.0,SUCCESS,REF-00000409,2026-07-29,Merchant_A,Processor_B,NGN,BANK_TRANSFER,RETAIL
TXN103923,2500.0,SUCCESS,REF-00003923,2026-07-18,Merchant_A,Processor_A,NGN,CARD,RETAIL
TXN103509,1000.0,SUCCESS,REF-00003509,2026-07-08,Merchant_E,Processor_A,NGN,USSD,RETAIL
TXN104068,15000.0,SUCCESS,REF-00004068,2026-07-28,Merchant_A,Processor_B,NGN,USSD,RETAIL
TXN105956,5000.0,SUCCESS,REF-00005956,2026-07-27,Merchant_B,Processor_C,NGN,CARD,RETAIL
TXN105562,2500.0,SUCCESS,REF-00005562,2026-07-07,Merchant_B,Processor_B,NGN,BANK_TRANSFER,RETAIL
TXN104569,50000.0,SUCCESS,REF-00004569,2026-07-30,Merchant_B,Processor_A,NGN,BANK_TRANSFER,RETAIL
TXN105444,1000.0,SUCCESS,REF-00005444,2026-07-30,Merchant_D,Processor_B,NGN,MOBILE_MONEY,BUSINESS
TXN102987,10000.0,SUCCESS,REF-00002987,2026-07-10,Merchant_E,Processor_C,NGN,MOBILE_MONEY,RETAIL
TXN107362,10000.0,FAILED,REF-00007362,2026-07-24,Merchant_E,Processor_B,NGN,MOBILE_MONEY,BUSINESS
TXN103147,15000.0,SUCCESS,REF-00003147,2026-07-13,Merchant_E,Processor_B,NGN,USSD,BUSINESS
TXN100330,5000.0,SUCCESS,REF-00000330,2026-07-19,Merchant_E,Processor_B,NGN,BANK_TRANSFER,BUSINESS
TXN103172,1500.0,SUCCESS,REF-00003172,2026-07-19,Merchant_B,Processor_B,NGN,MOBILE_MONEY,RETAIL
TXN101457,15000.0,SUCCESS,REF-00001457,2026-07-15,Merchant_C,Processor_B,NGN,USSD,BUSINESS
TXN109186,25000.0,SUCCESS,REF-00009186,2026-07-17,Merchant_A,Processor_A,NGN,BANK_TRANSFER,RETAIL
TXN102021,10000.0,SUCCESS,REF-00002021,2026-07-16,Merchant_A,Processor_A,NGN,CARD,RETAIL
TXN107387,250000.0,SUCCESS,REF-00007387,2026-07-06,Merchant_C,Processor_C,NGN,MOBILE_MONEY,RETAIL
TXN101595,10000.0,SUCCESS,REF-00001595,2026-07-25,Merchant_D,Processor_B,NGN,MOBILE_MONEY,BUSINESS
TXN101085,7500.0,SUCCESS,REF-00001085,2026-07-18,Merchant_B,Processor_A,NGN,BANK_TRANSFER,BUSINESS
TXN107056,50000.0,SUCCESS,REF-00007056,2026-07-30,Merchant_A,Processor_B,NGN,CARD,RETAIL
TXN106987,10000.0,SUCCESS,REF-00006987,2026-07-10,Merchant_A,Processor_B,NGN,CARD,BUSINESS
TXN104253,10000.0,SUCCESS,REF-00004253,2026-07-08,Merchant_A,Processor_A,NGN,USSD,RETAIL
TXN105181,50000.0,SUCCESS,REF-00005181,2026-07-28,Merchant_D,Processor_B,NGN,MOBILE_MONEY,BUSINESS
TXN108350,50000.0,SUCCESS,REF-00008350,2026-07-22,Merchant_E,Processor_A,NGN,CARD,BUSINESS
TXN109797,15000.0,SUCCESS,REF-00009797,2026-07-07,Merchant_E,Processor_B,NGN,USSD,BUSINESS
TXN101622,10000.0,SUCCESS,REF-00001622,2026-07-31,Merchant_D,Processor_C,NGN,MOBILE_MONEY,RETAIL
TXN101448,100000.0,SUCCESS,REF-00001448,2026-07-19,Merchant_D,Processor_A,NGN,MOBILE_MONEY,BUSINESS
TXN109708,5000.0,SUCCESS,REF-00009708,2026-07-25,Merchant_B,Processor_A,NGN,MOBILE_MONEY,RETAIL
TXN102226,5000.0,SUCCESS,REF-00002226,2026-07-27,Merchant_A,Processor_B,NGN,MOBILE_MONEY,BUSINESS
TXN100151,2500.0,SUCCESS,REF-00000151,2026-07-05,Merchant_B,Processor_B,NGN,CARD,BUSINESS
TXN108994,5000.0,SUCCESS,REF-00008994,2026-07-04,Merchant_A,Processor_A,NGN,CARD,RETAIL
TXN100925,500.0,SUCCESS,REF-00000925,2026-07-15,Merchant_A,Processor_C,NGN,CARD,BUSINESS
TXN105862,500.0,SUCCESS,REF-00005862,2026-07-07,Merchant_E,Processor_A,NGN,BANK_TRANSFER,RETAIL
TXN107908,7500.0,SUCCESS,REF-00007908,2026-07-09,Merchant_B,Processor_B,NGN,BANK_TRANSFER,RETAIL
TXN108547,5000.0,SUCCESS,REF-00008547,2026-07-14,Merchant_A,Processor_C,NGN,MOBILE_MONEY,BUSINESS
TXN108843,100000.0,SUCCESS,REF-00008843,2026-07-04,Merchant_A,Processor_C,NGN,CARD,RETAIL
TXN101937,50000.0,SUCCESS,REF-00001937,2026-07-16,Merchant_E,Processor_A,NGN,USSD,BUSINESS
TXN106860,1000.0,SUCCESS,REF-00006860,2026-07-23,Merchant_C,Processor_C,NGN,CARD,RETAIL
TXN109309,5000.0,SUCCESS,REF-00009309,2026-07-12,Merchant_C,Processor_C,NGN,USSD,RETAIL
TXN109217,100000.0,SUCCESS,REF-00009217,2026-07-22,Merchant_A,Processor_C,NGN,MOBILE_MONEY,BUSINESS
TXN106816,2500.0,SUCCESS,REF-00006816,2026-07-06,Merchant_E,Processor_B,NGN,MOBILE_MONEY,RETAIL
TXN106055,10000.0,SUCCESS,REF-00006055,2026-07-26,Merchant_A,Processor_C,NGN,MOBILE_MONEY,RETAIL
TXN106542,250000.0,SUCCESS,REF-00006542,2026-07-20,Merchant_D,Processor_B,NGN,CARD,RETAIL
TXN109854,50000.0,SUCCESS,REF-00009854,2026-07-08,Merchant_C,Processor_C,NGN,CARD,RETAIL
TXN104513,15000.0,SUCCESS,REF-00004513,2026-07-15,Merchant_C,Processor_A,NGN,USSD,BUSINESS
TXN109903,10000.0,SUCCESS,REF-00009903,2026-07-30,Merchant_A,Processor_A,NGN,USSD,BUSINESS
TXN105248,7500.0,SUCCESS,REF-00005248,2026-07-25,Merchant_E,Processor_B,NGN,BANK_TRANSFER,BUSINESS
TXN107611,1500.0,SUCCESS,REF-00007611,2026-07-25,Merchant_A,Processor_A,NGN,MOBILE_MONEY,RETAIL
TXN105199,5000.0,SUCCESS,REF-00005199,2026-07-24,Merchant_C,Processor_C,NGN,USSD,RETAIL
TXN104835,1000.0,SUCCESS,REF-00004835,2026-07-18,Merchant_E,Processor_C,NGN,CARD,BUSINESS
TXN103926,15000.0,SUCCESS,REF-00003926,2026-07-23,Merchant_D,Processor_B,NGN,USSD,BUSINESS
TXN104709,15000.0,SUCCESS,REF-00004709,2026-07-18,Merchant_C,Processor_B,NGN,BANK_TRANSFER,BUSINESS
TXN106044,25000.0,SUCCESS,REF-00006044,2026-07-14,Merchant_C,Processor_C,NGN,CARD,RETAIL
TXN108987,100000.0,SUCCESS,REF-00008987,2026-07-13,Merchant_D,Processor_C,NGN,CARD,BUSINESS
TXN106961,7500.0,SUCCESS,REF-00006961,2026-07-27,Merchant_B,Processor_C,NGN,CARD,RETAIL
TXN101709,15000.0,SUCCESS,REF-00001709,2026-07-25,Merchant_E,Processor_C,NGN,USSD,RETAIL
TXN106714,50000.0,REFUNDED,REF-00006714,2026-07-18,Merchant_C,Processor_A,NGN,MOBILE_MONEY,BUSINESS
TXN105472,1000.0,SUCCESS,REF-00005472,2026-07-02,Merchant_C,Processor_B,NGN,MOBILE_MONEY,RETAIL
TXN106975,7500.0,SUCCESS,REF-00006975,2026-07-16,Merchant_B,Processor_B,NGN,MOBILE_MONEY,BUSINESS
TXN106931,1000.0,SUCCESS,REF-00006931,2026-07-16,Merchant_C,Processor_A,NGN,MOBILE_MONEY,BUSINESS
TXN109168,5000.0,SUCCESS,REF-00009168,2026-07-11,Merchant_C,Processor_B,NGN,MOBILE_MONEY,RETAIL
TXN107486,7500.0,SUCCESS,REF-00007486,2026-07-04,Merchant_B,Processor_C,NGN,CARD,RETAIL
TXN106443,500.0,SUCCESS,REF-00006443,2026-07-26,Merchant_B,Processor_B,NGN,CARD,BUSINESS
TXN105987,100000.0,SUCCESS,REF-00005987,2026-07-17,Merchant_E,Processor_B,NGN,USSD,BUSINESS
TXN105271,1500.0,SUCCESS,REF-00005271,2026-07-23,Merchant_A,Processor_C,NGN,CARD,BUSINESS
TXN106938,10000.0,SUCCESS,REF-00006938,2026-07-25,Merchant_D,Processor_A,NGN,USSD,BUSINESS
TXN102623,100000.0,SUCCESS,REF-00002623,2026-07-07,Merchant_B,Processor_C,NGN,USSD,BUSINESS
TXN104272,1500.0,SUCCESS,REF-00004272,2026-07-25,Merchant_C,Processor_B,NGN,BANK_TRANSFER,BUSINESS
TXN107689,50000.0,SUCCESS,REF-00007689,2026-07-23,Merchant_C,Processor_A,NGN,CARD,RETAIL
TXN103303,5000.0,SUCCESS,REF-00003303,2026-07-29,Merchant_E,Processor_C,NGN,USSD,RETAIL
TXN100732,15000.0,SUCCESS,REF-00000732,2026-07-11,Merchant_E,Processor_B,NGN,MOBILE_MONEY,RETAIL
TXN104156,10000.0,FAILED,REF-00004156,2026-07-22,Merchant_B,Processor_A,NGN,MOBILE_MONEY,BUSINESS
TXN107348,25000.0,SUCCESS,REF-00007348,2026-07-27,Merchant_B,Processor_A,NGN,BANK_TRANSFER,RETAIL
TXN102410,15000.0,SUCCESS,REF-00002410,2026-07-29,Merchant_C,Processor_A,NGN,USSD,BUSINESS
TXN103704,100000.0,SUCCESS,REF-00003704,2026-07-24,Merchant_A,Processor_A,NGN,CARD,BUSINESS
TXN106136,7500.0,SUCCESS,REF-00006136,2026-07-28,Merchant_C,Processor_B,NGN,MOBILE_MONEY,RETAIL
TXN103491,15000.0,SUCCESS,REF-00003491,2026-07-26,Merchant_A,Processor_C,NGN,MOBILE_MONEY,RETAIL
TXN109255,5000.0,SUCCESS,REF-00009255,2026-07-23,Merchant_A,Processor_B,NGN,BANK_TRANSFER,BUSINESS
TXN108200,2500.0,FAILED,REF-00008200,2026-07-11,Merchant_A,Processor_B,NGN,MOBILE_MONEY,RETAIL
TXN109509,1500.0,SUCCESS,REF-00009509,2026-07-13,Merchant_A,Processor_A,NGN,USSD,BUSINESS
TXN107915,2500.0,SUCCESS,REF-00007915,2026-07-08,Merchant_D,Processor_C,NGN,BANK_TRANSFER,RETAIL
TXN108643,2500.0,SUCCESS,REF-00008643,2026-07-12,Merchant_A,Processor_B,NGN,MOBILE_MONEY,RETAIL
TXN106847,7500.0,SUCCESS,REF-00006847,2026-07-13,Merchant_E,Processor_B,NGN,CARD,RETAIL
TXN109041,5000.0,SUCCESS,REF-00009041,2026-07-17,Merchant_E,Processor_A,NGN,USSD,RETAIL
TXN109864,25000.0,SUCCESS,REF-00009864,2026-07-18,Merchant_E,Processor_C,NGN,MOBILE_MONEY,RETAIL
TXN108492,7500.0,SUCCESS,REF-00008492,2026-07-22,Merchant_A,Processor_C,NGN,CARD,RETAIL
TXN104465,7500.0,SUCCESS,REF-00004465,2026-07-05,Merchant_B,Processor_A,NGN,USSD,RETAIL
TXN107469,5000.0,SUCCESS,REF-00007469,2026-07-29,Merchant_B,Processor_B,NGN,MOBILE_MONEY,BUSINESS
TXN108290,250000.0,FAILED,REF-00008290,2026-07-08,Merchant_D,Processor_A,NGN,BANK_TRANSFER,RETAIL
TXN104604,25000.0,SUCCESS,REF-00004604,2026-07-21,Merchant_A,Processor_C,NGN,CARD,BUSINESS
TXN107038,10000.0,REFUNDED,REF-00007038,2026-07-27,Merchant_E,Processor_A,NGN,MOBILE_MONEY,BUSINESS
TXN109067,10000.0,SUCCESS,REF-00009067,2026-07-24,Merchant_C,Processor_C,NGN,BANK_TRANSFER,RETAIL
TXN107538,7500.0,FAILED,REF-00007538,2026-07-30,Merchant_B,Processor_C,NGN,USSD,BUSINESS
TXN100412,250000.0,SUCCESS,REF-00000412,2026-07-01,Merchant_C,Processor_C,NGN,USSD,RETAIL
TXN100385,50000.0,SUCCESS,REF-00000385,2026-07-24,Merchant_C,Processor_B,NGN,CARD,RETAIL
TXN100964,5000.0,FAILED,REF-00000964,2026-07-01,Merchant_E,Processor_C,NGN,CARD,RETAIL
TXN103954,2500.0,REFUNDED,REF-00003954,2026-07-02,Merchant_B,Processor_B,NGN,USSD,BUSINESS
TXN108380,10000.0,SUCCESS,REF-00008380,2026-07-20,Merchant_D,Processor_A,NGN,BANK_TRANSFER,RETAIL
TXN101985,1000.0,SUCCESS,REF-00001985,2026-07-30,Merchant_C,Processor_A,NGN,USSD,BUSINESS
TXN100516,5000.0,SUCCESS,REF-00000516,2026-07-26,Merchant_D,Processor_B,NGN,MOBILE_MONEY,BUSINESS
TXN107740,15000.0,SUCCESS,REF-00007740,2026-07-23,Merchant_B,Processor_A,NGN,MOBILE_MONEY,RETAIL
TXN107978,25000.0,SUCCESS,REF-00007978,2026-07-18,Merchant_A,Processor_C,NGN,BANK_TRANSFER,RETAIL
TXN108104,50000.0,SUCCESS,REF-00008104,2026-07-19,Merchant_A,Processor_B,NGN,MOBILE_MONEY,RETAIL
TXN109511,10000.0,SUCCESS,REF-00009511,2026-07-17,Merchant_A,Processor_B,NGN,MOBILE_MONEY,BUSINESS
TXN100895,2500.0,SUCCESS,REF-00000895,2026-07-17,Merchant_D,Processor_C,NGN,CARD,BUSINESS
TXN104046,5000.0,SUCCESS,REF-00004046,2026-07-11,Merchant_E,Processor_A,NGN,MOBILE_MONEY,RETAIL
TXN105405,100000.0,SUCCESS,REF-00005405,2026-07-27,Merchant_C,Processor_A,NGN,BANK_TRANSFER,BUSINESS
TXN107008,2500.0,FAILED,REF-00007008,2026-07-31,Merchant_C,Processor_B,NGN,USSD,RETAIL
TXN103775,100000.0,FAILED,REF-00003775,2026-07-27,Merchant_C,Processor_B,NGN,BANK_TRANSFER,RETAIL
TXN108790,100000.0,SUCCESS,REF-00008790,2026-07-18,Merchant_E,Processor_C,NGN,CARD,BUSINESS
TXN104586,7500.0,REFUNDED,REF-00004586,2026-07-17,Merchant_C,Processor_B,NGN,BANK_TRANSFER,BUSINESS
TXN103054,15000.0,SUCCESS,REF-00003054,2026-07-22,Merchant_E,Processor_A,NGN,USSD,BUSINESS
TXN107248,1500.0,SUCCESS,REF-00007248,2026-07-02,Merchant_C,Processor_C,NGN,USSD,RETAIL
TXN105635,1000.0,SUCCESS,REF-00005635,2026-07-07,Merchant_A,Processor_A,NGN,BANK_TRANSFER,BUSINESS
TXN106771,100000.0,FAILED,REF-00006771,2026-07-27,Merchant_D,Processor_B,NGN,USSD,BUSINESS
TXN104572,2500.0,SUCCESS,REF-00004572,2026-07-17,Merchant_C,Processor_C,NGN,CARD,RETAIL
TXN100423,10000.0,SUCCESS,REF-00000423,2026-07-17,Merchant_D,Processor_B,NGN,BANK_TRANSFER,BUSINESS
TXN104172,7500.0,SUCCESS,REF-00004172,2026-07-02,Merchant_C,Processor_B,NGN,MOBILE_MONEY,BUSINESS
TXN100990,50000.0,SUCCESS,REF-00000990,2026-07-24,Merchant_B,Processor_B,NGN,BANK_TRANSFER,BUSINESS
TXN108975,10000.0,FAILED,REF-00008975,2026-07-24,Merchant_B,Processor_C,NGN,MOBILE_MONEY,BUSINESS
TXN105665,25000.0,SUCCESS,REF-00005665,2026-07-14,Merchant_E,Processor_A,NGN,MOBILE_MONEY,BUSINESS
TXN100301,10000.0,SUCCESS,REF-00000301,2026-07-23,Merchant_D,Processor_C,NGN,BANK_TRANSFER,RETAIL
TXN105189,5000.0,SUCCESS,REF-00005189,2026-07-10,Merchant_B,Processor_A,NGN,USSD,RETAIL
TXN105223,5000.0,REFUNDED,REF-00005223,2026-07-06,Merchant_C,Processor_B,NGN,MOBILE_MONEY,RETAIL
TXN100787,7500.0,SUCCESS,REF-00000787,2026-07-31,Merchant_B,Processor_C,NGN,MOBILE_MONEY,RETAIL
TXN107892,50000.0,FAILED,REF-00007892,2026-07-13,Merchant_E,Processor_B,NGN,BANK_TRANSFER,RETAIL
TXN109982,5000.0,SUCCESS,REF-00009982,2026-07-21,Merchant_B,Processor_C,NGN,MOBILE_MONEY,BUSINESS
TXN100067,50000.0,SUCCESS,REF-00000067,2026-07-18,Merchant_D,Processor_C,NGN,BANK_TRANSFER,BUSINESS
TXN106325,2500.0,SUCCESS,REF-00006325,2026-07-17,Merchant_E,Processor_B,NGN,MOBILE_MONEY,RETAIL
TXN103452,15000.0,FAILED,REF-00003452,2026-07-21,Merchant_D,Processor_A,NGN,MOBILE_MONEY,BUSINESS
TXN103768,1500.0,SUCCESS,REF-00003768,2026-07-17,Merchant_B,Processor_C,NGN,BANK_TRANSFER,BUSINESS
TXN104601,25000.0,SUCCESS,REF-00004601,2026-07-13,Merchant_A,Processor_C,NGN,BANK_TRANSFER,BUSINESS
TXN103015,5000.0,SUCCESS,REF-00003015,2026-07-10,Merchant_B,Processor_B,NGN,CARD,RETAIL
TXN103310,25000.0,SUCCESS,REF-00003310,2026-07-02,Merchant_C,Processor_B,NGN,USSD,RETAIL
TXN101991,1500.0,SUCCESS,REF-00001991,2026-07-10,Merchant_E,Processor_C,NGN,CARD,BUSINESS
TXN106574,1000.0,SUCCESS,REF-00006574,2026-07-06,Merchant_B,Processor_A,NGN,BANK_TRANSFER,RETAIL
TXN106947,2500.0,FAILED,REF-00006947,2026-07-19,Merchant_B,Processor_B,NGN,MOBILE_MONEY,RETAIL
TXN108124,5000.0,SUCCESS,REF-00008124,2026-07-08,Merchant_D,Processor_A,NGN,USSD,BUSINESS
TXN107072,15000.0,SUCCESS,REF-00007072,2026-07-08,Merchant_D,Processor_B,NGN,BANK_TRANSFER,RETAIL
TXN103105,7500.0,SUCCESS,REF-00003105,2026-07-06,Merchant_E,Processor_B,NGN,CARD,BUSINESS
TXN105634,1500.0,SUCCESS,REF-00005634,2026-07-07,Merchant_B,Processor_A,NGN,MOBILE_MONEY,RETAIL
TXN100678,250000.0,SUCCESS,REF-00000678,2026-07-16,Merchant_E,Processor_A,NGN,MOBILE_MONEY,BUSINESS
TXN102738,250000.0,FAILED,REF-00002738,2026-07-26,Merchant_A,Processor_B,NGN,BANK_TRANSFER,BUSINESS
TXN103203,50000.0,SUCCESS,REF-00003203,2026-07-13,Merchant_D,Processor_B,NGN,MOBILE_MONEY,RETAIL
TXN108546,50000.0,SUCCESS,REF-00008546,2026-07-04,Merchant_B,Processor_C,NGN,CARD,BUSINESS
TXN102981,2500.0,SUCCESS,REF-00002981,2026-07-13,Merchant_B,Processor_C,NGN,MOBILE_MONEY,BUSINESS
TXN103593,10000.0,SUCCESS,REF-00003593,2026-07-30,Merchant_D,Processor_A,NGN,CARD,RETAIL
TXN103635,10000.0,SUCCESS,REF-00003635,2026-07-23,Merchant_D,Processor_B,NGN,MOBILE_MONEY,BUSINESS
TXN101173,2500.0,SUCCESS,REF-00001173,2026-07-27,Merchant_D,Processor_C,NGN,USSD,RETAIL
TXN105383,500.0,SUCCESS,REF-00005383,2026-07-12,Merchant_B,Processor_B,NGN,BANK_TRANSFER,RETAIL
TXN107022,250000.0,SUCCESS,REF-00007022,2026-07-04,Merchant_C,Processor_B,NGN,BANK_TRANSFER,RETAIL
TXN105832,50000.0,SUCCESS,REF-00005832,2026-07-12,Merchant_C,Processor_C,NGN,MOBILE_MONEY,RETAIL
TXN103533,5000.0,SUCCESS,REF-00003533,2026-07-26,Merchant_A,Processor_C,NGN,BANK_TRANSFER,RETAIL
TXN102298,1000.0,SUCCESS,REF-00002298,2026-07-18,Merchant_C,Processor_C,NGN,USSD,BUSINESS
TXN107769,25000.0,SUCCESS,REF-00007769,2026-07-15,Merchant_E,Processor_B,NGN,CARD,BUSINESS
TXN100655,1500.0,FAILED,REF-00000655,2026-07-30,Merchant_B,Processor_A,NGN,USSD,RETAIL
TXN106745,250000.0,SUCCESS,REF-00006745,2026-07-08,Merchant_B,Processor_B,NGN,USSD,BUSINESS
TXN109050,50000.0,SUCCESS,REF-00009050,2026-07-18,Merchant_B,Processor_B,NGN,CARD,RETAIL
TXN101272,25000.0,SUCCESS,REF-00001272,2026-07-24,Merchant_B,Processor_A,NGN,BANK_TRANSFER,BUSINESS
TXN106120,1000.0,SUCCESS,REF-00006120,2026-07-18,Merchant_E,Processor_C,NGN,CARD,RETAIL
TXN103641,100000.0,SUCCESS,REF-00003641,2026-07-25,Merchant_E,Processor_C,NGN,CARD,BUSINESS
TXN105384,15000.0,FAILED,REF-00005384,2026-07-13,Merchant_C,Processor_B,NGN,CARD,BUSINESS
TXN108119,10000.0,SUCCESS,REF-00008119,2026-07-22,Merchant_D,Processor_C,NGN,BANK_TRANSFER,BUSINESS
TXN103441,10000.0,SUCCESS,REF-00003441,2026-07-01,Merchant_A,Processor_C,NGN,CARD,BUSINESS
TXN103786,10000.0,SUCCESS,REF-00003786,2026-07-06,Merchant_C,Processor_B,NGN,USSD,BUSINESS
TXN108146,5000.0,SUCCESS,REF-00008146,2026-07-11,Merchant_D,Processor_A,NGN,CARD,RETAIL
TXN104210,1000.0,SUCCESS,REF-00004210,2026-07-23,Merchant_A,Processor_A,NGN,CARD,BUSINESS
TXN100877,15000.0,SUCCESS,REF-00000877,2026-07-28,Merchant_E,Processor_A,NGN,MOBILE_MONEY,BUSINESS
TXN102141,10000.0,REFUNDED,REF-00002141,2026-07-29,Merchant_E,Processor_A,NGN,MOBILE_MONEY,RETAIL
TXN106280,50000.0,SUCCESS,REF-00006280,2026-07-01,Merchant_A,Processor_C,NGN,USSD,BUSINESS
TXN104969,7500.0,SUCCESS,REF-00004969,2026-07-28,Merchant_E,Processor_B,NGN,BANK_TRANSFER,BUSINESS
TXN104453,50000.0,REFUNDED,REF-00004453,2026-07-07,Merchant_B,Processor_B,NGN,MOBILE_MONEY,RETAIL
TXN108594,25000.0,SUCCESS,REF-00008594,2026-07-24,Merchant_D,Processor_A,NGN,USSD,BUSINESS
TXN104843,1000.0,SUCCESS,REF-00004843,2026-07-19,Merchant_D,Processor_A,NGN,MOBILE_MONEY,BUSINESS
TXN108292,1000.0,SUCCESS,REF-00008292,2026-07-24,Merchant_D,Processor_A,NGN,MOBILE_MONEY,RETAIL
TXN107681,10000.0,SUCCESS,REF-00007681,2026-07-27,Merchant_A,Processor_B,NGN,BANK_TRANSFER,BUSINESS
TXN109946,5000.0,SUCCESS,REF-00009946,2026-07-05,Merchant_E,Processor_B,NGN,BANK_TRANSFER,BUSINESS
TXN109682,5000.0,SUCCESS,REF-00009682,2026-07-27,Merchant_C,Processor_C,NGN,MOBILE_MONEY,RETAIL
TXN104624,100000.0,SUCCESS,REF-00004624,2026-07-25,Merchant_D,Processor_B,NGN,MOBILE_MONEY,BUSINESS
TXN101866,1000.0,SUCCESS,REF-00001866,2026-07-17,Merchant_A,Processor_A,NGN,BANK_TRANSFER,RETAIL
TXN109129,250000.0,SUCCESS,REF-00009129,2026-07-25,Merchant_C,Processor_C,NGN,BANK_TRANSFER,RETAIL
TXN108026,50000.0,SUCCESS,REF-00008026,2026-07-03,Merchant_A,Processor_A,NGN,USSD,BUSINESS
TXN108785,10000.0,SUCCESS,REF-00008785,2026-07-10,Merchant_B,Processor_C,NGN,MOBILE_MONEY,RETAIL
TXN103919,50000.0,SUCCESS,REF-00003919,2026-07-25,Merchant_E,Processor_B,NGN,BANK_TRANSFER,RETAIL
TXN108939,5000.0,SUCCESS,REF-00008939,2026-07-13,Merchant_B,Processor_B,NGN,MOBILE_MONEY,BUSINESS
TXN100688,25000.0,SUCCESS,REF-00000688,2026-07-03,Merchant_E,Processor_A,NGN,USSD,RETAIL
TXN104132,15000.0,SUCCESS,REF-00004132,2026-07-30,Merchant_A,Processor_B,NGN,CARD,RETAIL
TXN109260,7500.0,SUCCESS,REF-00009260,2026-07-29,Merchant_B,Processor_B,NGN,MOBILE_MONEY,BUSINESS
TXN105454,25000.0,SUCCESS,REF-00005454,2026-07-29,Merchant_B,Processor_B,NGN,USSD,BUSINESS
TXN103058,1000.0,SUCCESS,REF-00003058,2026-07-03,Merchant_B,Processor_A,NGN,CARD,BUSINESS
TXN101727,250000.0,SUCCESS,REF-00001727,2026-07-20,Merchant_E,Processor_B,NGN,MOBILE_MONEY,RETAIL
TXN108687,1000.0,SUCCESS,REF-00008687,2026-07-06,Merchant_B,Processor_B,NGN,USSD,BUSINESS
TXN109450,7500.0,SUCCESS,REF-00009450,2026-07-07,Merchant_C,Processor_C,NGN,CARD,BUSINESS
TXN106246,1500.0,SUCCESS,REF-00006246,2026-07-17,Merchant_D,Processor_B,NGN,USSD,BUSINESS
TXN100742,25000.0,SUCCESS,REF-00000742,2026-07-05,Merchant_D,Processor_C,NGN,USSD,RETAIL
TXN106184,500.0,SUCCESS,REF-00006184,2026-07-14,Merchant_E,Processor_A,NGN,USSD,BUSINESS
TXN106583,1000.0,SUCCESS,REF-00006583,2026-07-16,Merchant_B,Processor_B,NGN,USSD,RETAIL
TXN105941,2500.0,SUCCESS,REF-00005941,2026-07-21,Merchant_C,Processor_C,NGN,CARD,RETAIL
TXN103526,250000.0,SUCCESS,REF-00003526,2026-07-04,Merchant_C,Processor_B,NGN,BANK_TRANSFER,RETAIL
TXN107574,500.0,SUCCESS,REF-00007574,2026-07-05,Merchant_B,Processor_A,NGN,USSD,RETAIL
TXN103531,50000.0,SUCCESS,REF-00003531,2026-07-09,Merchant_E,Processor_A,NGN,CARD,BUSINESS
TXN102748,50000.0,SUCCESS,REF-00002748,2026-07-01,Merchant_E,Processor_B,NGN,USSD,RETAIL
TXN109759,10000.0,SUCCESS,REF-00009759,2026-07-19,Merchant_A,Processor_B,NGN,MOBILE_MONEY,BUSINESS
TXN103210,1500.0,SUCCESS,REF-00003210,2026-07-09,Merchant_B,Processor_B,NGN,MOBILE_MONEY,BUSINESS
TXN105021,7500.0,SUCCESS,REF-00005021,2026-07-31,Merchant_D,Processor_B,NGN,BANK_TRANSFER,BUSINESS
TXN105707,1000.0,SUCCESS,REF-00005707,2026-07-06,Merchant_D,Processor_A,NGN,CARD,RETAIL
TXN102528,500.0,SUCCESS,REF-00002528,2026-07-30,Merchant_B,Processor_C,NGN,MOBILE_MONEY,BUSINESS
TXN108291,25000.0,SUCCESS,REF-00008291,2026-07-29,Merchant_E,Processor_C,NGN,CARD,BUSINESS
TXN105308,100000.0,SUCCESS,REF-00005308,2026-07-27,Merchant_C,Processor_B,NGN,MOBILE_MONEY,BUSINESS
TXN106313,2500.0,SUCCESS,REF-00006313,2026-07-05,Merchant_E,Processor_A,NGN,CARD,BUSINESS
TXN107343,10000.0,SUCCESS,REF-00007343,2026-07-12,Merchant_E,Processor_B,NGN,USSD,RETAIL
TXN106713,50000.0,FAILED,REF-00006713,2026-07-14,Merchant_D,Processor_B,NGN,USSD,BUSINESS
TXN108872,15000.0,SUCCESS,REF-00008872,2026-07-31,Merchant_C,Processor_A,NGN,MOBILE_MONEY,RETAIL
TXN104438,250000.0,SUCCESS,REF-00004438,2026-07-24,Merchant_C,Processor_C,NGN,BANK_TRANSFER,RETAIL
TXN105219,1000.0,SUCCESS,REF-00005219,2026-07-04,Merchant_E,Processor_A,NGN,MOBILE_MONEY,BUSINESS
TXN109301,10000.0,SUCCESS,REF-00009301,2026-07-05,Merchant_B,Processor_A,NGN,MOBILE_MONEY,RETAIL
TXN102788,250000.0,SUCCESS,REF-00002788,2026-07-01,Merchant_D,Processor_B,NGN,BANK_TRANSFER,BUSINESS
TXN103236,2500.0,SUCCESS,REF-00003236,2026-07-18,Merchant_D,Processor_C,NGN,USSD,BUSINESS
TXN103992,25000.0,SUCCESS,REF-00003992,2026-07-10,Merchant_D,Processor_C,NGN,USSD,RETAIL
TXN108064,250000.0,SUCCESS,REF-00008064,2026-07-11,Merchant_E,Processor_A,NGN,MOBILE_MONEY,BUSINESS
TXN102030,2500.0,SUCCESS,REF-00002030,2026-07-02,Merchant_C,Processor_B,NGN,CARD,BUSINESS
TXN108346,50000.0,SUCCESS,REF-00008346,2026-07-06,Merchant_E,Processor_C,NGN,MOBILE_MONEY,BUSINESS
TXN106871,1000.0,FAILED,REF-00006871,2026-07-10,Merchant_E,Processor_B,NGN,USSD,RETAIL
TXN100693,2500.0,SUCCESS,REF-00000693,2026-07-19,Merchant_D,Processor_B,NGN,CARD,BUSINESS
TXN100450,25000.0,SUCCESS,REF-00000450,2026-07-28,Merchant_D,Processor_C,NGN,BANK_TRANSFER,BUSINESS
TXN107543,250000.0,REFUNDED,REF-00007543,2026-07-14,Merchant_B,Processor_C,NGN,USSD,RETAIL
TXN105798,250000.0,SUCCESS,REF-00005798,2026-07-16,Merchant_B,Processor_B,NGN,BANK_TRANSFER,RETAIL
TXN104761,250000.0,FAILED,REF-00004761,2026-07-02,Merchant_C,Processor_C,NGN,USSD,BUSINESS
TXN108328,50000.0,SUCCESS,REF-00008328,2026-07-12,Merchant_D,Processor_A,NGN,USSD,BUSINESS
TXN102725,5000.0,FAILED,REF-00002725,2026-07-15,Merchant_E,Processor_A,NGN,CARD,BUSINESS
TXN104383,10000.0,SUCCESS,REF-00004383,2026-07-21,Merchant_E,Processor_C,NGN,USSD,BUSINESS
TXN106831,1000.0,SUCCESS,REF-00006831,2026-07-24,Merchant_D,Processor_B,NGN,MOBILE_MONEY,BUSINESS
TXN105291,1500.0,SUCCESS,REF-00005291,2026-07-12,Merchant_A,Processor_C,NGN,BANK_TRANSFER,BUSINESS
TXN106615,25000.0,SUCCESS,REF-00006615,2026-07-21,Merchant_B,Processor_C,NGN,USSD,RETAIL
TXN108706,25000.0,SUCCESS,REF-00008706,2026-07-28,Merchant_C,Processor_A,NGN,MOBILE_MONEY,RETAIL
TXN100591,15000.0,SUCCESS,REF-00000591,2026-07-19,Merchant_D,Processor_B,NGN,BANK_TRANSFER,BUSINESS
TXN103952,250000.0,REFUNDED,REF-00003952,2026-07-29,Merchant_E,Processor_A,NGN,MOBILE_MONEY,RETAIL
TXN101415,100000.0,SUCCESS,REF-00001415,2026-07-26,Merchant_A,Processor_C,NGN,USSD,RETAIL
TXN100908,2500.0,SUCCESS,REF-00000908,2026-07-21,Merchant_E,Processor_B,NGN,MOBILE_MONEY,RETAIL
TXN108861,50000.0,SUCCESS,REF-00008861,2026-07-07,Merchant_B,Processor_C,NGN,BANK_TRANSFER,BUSINESS
TXN107432,2500.0,SUCCESS,REF-00007432,2026-07-15,Merchant_C,Processor_C,NGN,BANK_TRANSFER,RETAIL
TXN103781,5000.0,SUCCESS,REF-00003781,2026-07-28,Merchant_B,Processor_A,NGN,BANK_TRANSFER,RETAIL
TXN101171,250000.0,SUCCESS,REF-00001171,2026-07-26,Merchant_E,Processor_C,NGN,USSD,RETAIL
TXN101892,50000.0,SUCCESS,REF-00001892,2026-07-13,Merchant_B,Processor_A,NGN,CARD,BUSINESS
TXN102455,1500.0,SUCCESS,REF-00002455,2026-07-13,Merchant_D,Processor_C,NGN,MOBILE_MONEY,RETAIL
TXN104200,50000.0,SUCCESS,REF-00004200,2026-07-28,Merchant_D,Processor_B,NGN,BANK_TRANSFER,BUSINESS
TXN103423,500.0,SUCCESS,REF-00003423,2026-07-18,Merchant_C,Processor_A,NGN,BANK_TRANSFER,BUSINESS
TXN108869,5000.0,SUCCESS,REF-00008869,2026-07-23,Merchant_E,Processor_B,NGN,CARD,RETAIL
TXN101692,7500.0,SUCCESS,REF-00001692,2026-07-23,Merchant_A,Processor_A,NGN,BANK_TRANSFER,RETAIL
TXN104488,25000.0,SUCCESS,REF-00004488,2026-07-12,Merchant_A,Processor_A,NGN,BANK_TRANSFER,BUSINESS
TXN105794,10000.0,SUCCESS,REF-00005794,2026-07-30,Merchant_C,Processor_C,NGN,USSD,RETAIL
TXN108213,10000.0,SUCCESS,REF-00008213,2026-07-28,Merchant_E,Processor_A,NGN,CARD,BUSINESS
TXN101308,5000.0,SUCCESS,REF-00001308,2026-07-28,Merchant_A,Processor_B,NGN,BANK_TRANSFER,BUSINESS
TXN105029,1500.0,SUCCESS,REF-00005029,2026-07-23,Merchant_D,Processor_A,NGN,USSD,BUSINESS
TXN102540,15000.0,SUCCESS,REF-00002540,2026-07-26,Merchant_C,Processor_C,NGN,USSD,BUSINESS
TXN107699,5000.0,SUCCESS,REF-00007699,2026-07-31,Merchant_A,Processor_B,NGN,USSD,RETAIL
TXN105559,15000.0,FAILED,REF-00005559,2026-07-07,Merchant_C,Processor_A,NGN,USSD,BUSINESS
TXN107820,5000.0,SUCCESS,REF-00007820,2026-07-10,Merchant_C,Processor_B,NGN,CARD,BUSINESS
TXN100160,5000.0,SUCCESS,REF-00000160,2026-07-12,Merchant_E,Processor_C,NGN,CARD,BUSINESS
TXN109767,25000.0,SUCCESS,REF-00009767,2026-07-08,Merchant_C,Processor_A,NGN,USSD,BUSINESS
TXN101166,50000.0,SUCCESS,REF-00001166,2026-07-26,Merchant_A,Processor_A,NGN,CARD,BUSINESS
TXN102358,10000.0,SUCCESS,REF-00002358,2026-07-27,Merchant_E,Processor_C,NGN,MOBILE_MONEY,BUSINESS
TXN104015,2500.0,SUCCESS,REF-00004015,2026-07-27,Merchant_B,Processor_C,NGN,MOBILE_MONEY,RETAIL
TXN101444,50000.0,SUCCESS,REF-00001444,2026-07-08,Merchant_D,Processor_B,NGN,USSD,RETAIL
TXN101529,10000.0,SUCCESS,REF-00001529,2026-07-13,Merchant_A,Processor_A,NGN,BANK_TRANSFER,BUSINESS
TXN106489,25000.0,SUCCESS,REF-00006489,2026-07-30,Merchant_E,Processor_C,NGN,BANK_TRANSFER,RETAIL
TXN108616,250000.0,SUCCESS,REF-00008616,2026-07-20,Merchant_D,Processor_B,NGN,MOBILE_MONEY,BUSINESS
TXN103640,2500.0,SUCCESS,REF-00003640,2026-07-15,Merchant_B,Processor_C,NGN,USSD,RETAIL
TXN102857,500.0,SUCCESS,REF-00002857,2026-07-02,Merchant_A,Processor_C,NGN,MOBILE_MONEY,BUSINESS
TXN109804,10000.0,SUCCESS,REF-00009804,2026-07-29,Merchant_A,Processor_B,NGN,MOBILE_MONEY,BUSINESS
TXN108941,7500.0,SUCCESS,REF-00008941,2026-07-27,Merchant_A,Processor_C,NGN,BANK_TRANSFER,BUSINESS
TXN100626,7500.0,SUCCESS,REF-00000626,2026-07-23,Merchant_A,Processor_C,NGN,MOBILE_MONEY,RETAIL
TXN109387,2500.0,SUCCESS,REF-00009387,2026-07-23,Merchant_D,Processor_C,NGN,USSD,RETAIL
TXN102321,25000.0,REFUNDED,REF-00002321,2026-07-20,Merchant_B,Processor_C,NGN,BANK_TRANSFER,RETAIL
TXN102954,100000.0,SUCCESS,REF-00002954,2026-07-21,Merchant_B,Processor_C,NGN,BANK_TRANSFER,RETAIL
TXN103051,10000.0,SUCCESS,REF-00003051,2026-07-23,Merchant_E,Processor_C,NGN,MOBILE_MONEY,BUSINESS
TXN104548,15000.0,SUCCESS,REF-00004548,2026-07-11,Merchant_A,Processor_A,NGN,CARD,BUSINESS
TXN104124,50000.0,SUCCESS,REF-00004124,2026-07-03,Merchant_D,Processor_C,NGN,MOBILE_MONEY,RETAIL
TXN101318,1000.0,SUCCESS,REF-00001318,2026-07-19,Merchant_B,Processor_C,NGN,USSD,BUSINESS
TXN108429,1500.0,SUCCESS,REF-00008429,2026-07-09,Merchant_A,Processor_A,NGN,CARD,RETAIL
TXN105531,1500.0,SUCCESS,REF-00005531,2026-07-10,Merchant_D,Processor_A,NGN,USSD,BUSINESS
TXN108507,15000.0,SUCCESS,REF-00008507,2026-07-12,Merchant_B,Processor_C,NGN,BANK_TRANSFER,BUSINESS
TXN106767,2500.0,SUCCESS,REF-00006767,2026-07-27,Merchant_B,Processor_C,NGN,USSD,RETAIL
TXN108482,100000.0,FAILED,REF-00008482,2026-07-14,Merchant_A,Processor_C,NGN,USSD,RETAIL
TXN106695,25000.0,SUCCESS,REF-00006695,2026-07-22,Merchant_C,Processor_C,NGN,USSD,BUSINESS
TXN102570,7500.0,REFUNDED,REF-00002570,2026-07-12,Merchant_B,Processor_C,NGN,MOBILE_MONEY,RETAIL
TXN104814,25000.0,SUCCESS,REF-00004814,2026-07-26,Merchant_E,Processor_B,NGN,MOBILE_MONEY,BUSINESS
TXN100047,10000.0,SUCCESS,REF-00000047,2026-07-30,Merchant_A,Processor_C,NGN,USSD,BUSINESS
TXN107360,25000.0,SUCCESS,REF-00007360,2026-07-26,Merchant_E,Processor_A,NGN,MOBILE_MONEY,BUSINESS
TXN101928,15000.0,SUCCESS,REF-00001928,2026-07-29,Merchant_A,Processor_C,NGN,BANK_TRANSFER,BUSINESS
TXN100247,250000.0,SUCCESS,REF-00000247,2026-07-09,Merchant_C,Processor_C,NGN,BANK_TRANSFER,BUSINESS
TXN100993,15000.0,SUCCESS,REF-00000993,2026-07-01,Merchant_B,Processor_B,NGN,CARD,BUSINESS
TXN103712,25000.0,SUCCESS,REF-00003712,2026-07-08,Merchant_E,Processor_C,NGN,MOBILE_MONEY,BUSINESS
TXN105126,10000.0,SUCCESS,REF-00005126,2026-07-07,Merchant_E,Processor_C,NGN,MOBILE_MONEY,BUSINESS
TXN103993,1000.0,SUCCESS,REF-00003993,2026-07-03,Merchant_E,Processor_A,NGN,USSD,RETAIL
TXN101411,1000.0,SUCCESS,REF-00001411,2026-07-05,Merchant_E,Processor_B,NGN,CARD,BUSINESS
TXN100614,100000.0,SUCCESS,REF-00000614,2026-07-25,Merchant_B,Processor_C,NGN,BANK_TRANSFER,BUSINESS
TXN106311,10000.0,FAILED,REF-00006311,2026-07-07,Merchant_D,Processor_A,NGN,BANK_TRANSFER,BUSINESS
TXN109636,100000.0,SUCCESS,REF-00009636,2026-07-10,Merchant_D,Processor_A,NGN,USSD,RETAIL
TXN106295,100000.0,SUCCESS,REF-00006295,2026-07-22,Merchant_C,Processor_B,NGN,MOBILE_MONEY,BUSINESS
TXN109908,1500.0,SUCCESS,REF-00009908,2026-07-22,Merchant_E,Processor_B,NGN,USSD,RETAIL
TXN105250,5000.0,SUCCESS,REF-00005250,2026-07-23,Merchant_B,Processor_B,NGN,CARD,RETAIL
TXN108296,15000.0,SUCCESS,REF-00008296,2026-07-20,Merchant_B,Processor_B,NGN,BANK_TRANSFER,RETAIL
TXN102496,10000.0,SUCCESS,REF-00002496,2026-07-06,Merchant_C,Processor_C,NGN,CARD,BUSINESS
TXN109127,15000.0,SUCCESS,REF-00009127,2026-07-17,Merchant_E,Processor_A,NGN,BANK_TRANSFER,BUSINESS
TXN102097,15000.0,SUCCESS,REF-00002097,2026-07-24,Merchant_E,Processor_B,NGN,BANK_TRANSFER,BUSINESS
TXN103151,2500.0,SUCCESS,REF-00003151,2026-07-25,Merchant_A,Processor_C,NGN,CARD,BUSINESS
TXN105306,10000.0,SUCCESS,REF-00005306,2026-07-09,Merchant_A,Processor_C,NGN,BANK_TRANSFER,RETAIL
TXN104374,10000.0,FAILED,REF-00004374,2026-07-15,Merchant_B,Processor_B,NGN,BANK_TRANSFER,BUSINESS
TXN101719,2500.0,SUCCESS,REF-00001719,2026-07-03,Merchant_E,Processor_C,NGN,CARD,RETAIL
TXN104697,10000.0,SUCCESS,REF-00004697,2026-07-10,Merchant_D,Processor_C,NGN,BANK_TRANSFER,RETAIL
TXN100492,5000.0,SUCCESS,REF-00000492,2026-07-08,Merchant_B,Processor_C,NGN,CARD,BUSINESS
TXN108121,15000.0,REFUNDED,REF-00008121,2026-07-19,Merchant_A,Processor_C,NGN,USSD,BUSINESS
TXN104651,25000.0,SUCCESS,REF-00004651,2026-07-15,Merchant_E,Processor_B,NGN,MOBILE_MONEY,RETAIL
TXN101217,15000.0,SUCCESS,REF-00001217,2026-07-23,Merchant_B,Processor_B,NGN,MOBILE_MONEY,RETAIL
TXN107377,7500.0,SUCCESS,REF-00007377,2026-07-01,Merchant_C,Processor_B,NGN,MOBILE_MONEY,BUSINESS
TXN102669,5000.0,SUCCESS,REF-00002669,2026-07-17,Merchant_C,Processor_C,NGN,BANK_TRANSFER,BUSINESS
TXN105490,1500.0,SUCCESS,REF-00005490,2026-07-24,Merchant_E,Processor_A,NGN,CARD,BUSINESS
TXN109430,50000.0,FAILED,REF-00009430,2026-07-15,Merchant_B,Processor_A,NGN,MOBILE_MONEY,RETAIL
TXN106378,250000.0,SUCCESS,REF-00006378,2026-07-12,Merchant_C,Processor_C,NGN,BANK_TRANSFER,RETAIL
TXN107924,100000.0,SUCCESS,REF-00007924,2026-07-20,Merchant_E,Processor_C,NGN,BANK_TRANSFER,RETAIL
TXN103115,100000.0,SUCCESS,REF-00003115,2026-07-12,Merchant_D,Processor_C,NGN,CARD,RETAIL
TXN109250,1000.0,SUCCESS,REF-00009250,2026-07-07,Merchant_D,Processor_A,NGN,USSD,BUSINESS
TXN103103,7500.0,SUCCESS,REF-00003103,2026-07-01,Merchant_B,Processor_A,NGN,CARD,BUSINESS
TXN105039,100000.0,SUCCESS,REF-00005039,2026-07-12,Merchant_C,Processor_C,NGN,BANK_TRANSFER,BUSINESS
TXN100491,15000.0,SUCCESS,REF-00000491,2026-07-03,Merchant_E,Processor_B,NGN,USSD,BUSINESS
TXN109216,10000.0,SUCCESS,REF-00009216,2026-07-06,Merchant_D,Processor_C,NGN,USSD,BUSINESS
TXN107916,15000.0,SUCCESS,REF-00007916,2026-07-09,Merchant_C,Processor_A,NGN,MOBILE_MONEY,BUSINESS
TXN104560,25000.0,SUCCESS,REF-00004560,2026-07-20,Merchant_C,Processor_C,NGN,BANK_TRANSFER,RETAIL
TXN101393,10000.0,SUCCESS,REF-00001393,2026-07-12,Merchant_D,Processor_C,NGN,CARD,BUSINESS
TXN100841,15000.0,SUCCESS,REF-00000841,2026-07-05,Merchant_D,Processor_A,NGN,CARD,RETAIL
TXN103222,1000.0,SUCCESS,REF-00003222,2026-07-03,Merchant_E,Processor_A,NGN,MOBILE_MONEY,BUSINESS
TXN109542,5000.0,SUCCESS,REF-00009542,2026-07-28,Merchant_C,Processor_B,NGN,BANK_TRANSFER,BUSINESS
TXN102450,5000.0,SUCCESS,REF-00002450,2026-07-14,Merchant_D,Processor_B,NGN,CARD,BUSINESS
TXN107031,5000.0,SUCCESS,REF-00007031,2026-07-18,Merchant_A,Processor_C,NGN,CARD,RETAIL
TXN106499,25000.0,FAILED,REF-00006499,2026-07-02,Merchant_C,Processor_A,NGN,CARD,RETAIL
TXN103716,5000.0,SUCCESS,REF-00003716,2026-07-06,Merchant_B,Processor_B,NGN,USSD,RETAIL
TXN108195,5000.0,SUCCESS,REF-00008195,2026-07-22,Merchant_A,Processor_A,NGN,USSD,BUSINESS
TXN107443,15000.0,SUCCESS,REF-00007443,2026-07-25,Merchant_D,Processor_A,NGN,MOBILE_MONEY,RETAIL
TXN109284,50000.0,SUCCESS,REF-00009284,2026-07-24,Merchant_B,Processor_A,NGN,MOBILE_MONEY,BUSINESS
TXN102626,1000.0,SUCCESS,REF-00002626,2026-07-19,Merchant_C,Processor_C,NGN,CARD,BUSINESS
TXN101005,15000.0,FAILED,REF-00001005,2026-07-17,Merchant_D,Processor_A,NGN,BANK_TRANSFER,BUSINESS
TXN100441,250000.0,SUCCESS,REF-00000441,2026-07-27,Merchant_B,Processor_B,NGN,BANK_TRANSFER,RETAIL
TXN105393,10000.0,SUCCESS,REF-00005393,2026-07-11,Merchant_E,Processor_C,NGN,MOBILE_MONEY,RETAIL
TXN100845,7500.0,SUCCESS,REF-00000845,2026-07-19,Merchant_D,Processor_A,NGN,BANK_TRANSFER,RETAIL
TXN104788,10000.0,SUCCESS,REF-00004788,2026-07-27,Merchant_E,Processor_A,NGN,BANK_TRANSFER,BUSINESS
TXN109579,2500.0,SUCCESS,REF-00009579,2026-07-17,Merchant_B,Processor_A,NGN,CARD,RETAIL
TXN105182,1500.0,SUCCESS,REF-00005182,2026-07-11,Merchant_C,Processor_A,NGN,CARD,BUSINESS
TXN109911,100000.0,SUCCESS,REF-00009911,2026-07-12,Merchant_B,Processor_B,NGN,BANK_TRANSFER,BUSINESS
TXN108971,15000.0,SUCCESS,REF-00008971,2026-07-26,Merchant_C,Processor_B,NGN,CARD,RETAIL
TXN102312,10000.0,SUCCESS,REF-00002312,2026-07-18,Merchant_D,Processor_C,NGN,BANK_TRANSFER,BUSINESS
TXN107791,2500.0,SUCCESS,REF-00007791,2026-07-05,Merchant_A,Processor_B,NGN,BANK_TRANSFER,BUSINESS
TXN104070,5000.0,SUCCESS,REF-00004070,2026-07-06,Merchant_D,Processor_B,NGN,USSD,BUSINESS
TXN102195,7500.0,SUCCESS,REF-00002195,2026-07-05,Merchant_D,Processor_B,NGN,BANK_TRANSFER,RETAIL
TXN106045,25000.0,SUCCESS,REF-00006045,2026-07-05,Merchant_B,Processor_A,NGN,USSD,BUSINESS
TXN102252,15000.0,SUCCESS,REF-00002252,2026-07-11,Merchant_A,Processor_B,NGN,MOBILE_MONEY,BUSINESS
TXN105025,10000.0,FAILED,REF-00005025,2026-07-23,Merchant_C,Processor_B,NGN,BANK_TRANSFER,RETAIL
TXN106283,25000.0,SUCCESS,REF-00006283,2026-07-19,Merchant_B,Processor_A,NGN,MOBILE_MONEY,RETAIL
TXN101696,500.0,SUCCESS,REF-00001696,2026-07-29,Merchant_A,Processor_B,NGN,CARD,BUSINESS
TXN100594,100000.0,SUCCESS,REF-00000594,2026-07-23,Merchant_A,Processor_A,NGN,USSD,RETAIL
TXN100536,50000.0,SUCCESS,REF-00000536,2026-07-23,Merchant_B,Processor_A,NGN,MOBILE_MONEY,RETAIL
TXN104935,5000.0,FAILED,REF-00004935,2026-07-31,Merchant_E,Processor_C,NGN,CARD,BUSINESS
TXN100558,25000.0,SUCCESS,REF-00000558,2026-07-15,Merchant_E,Processor_A,NGN,BANK_TRANSFER,BUSINESS
TXN105281,10000.0,SUCCESS,REF-00005281,2026-07-29,Merchant_B,Processor_C,NGN,USSD,BUSINESS
TXN104842,5000.0,SUCCESS,REF-00004842,2026-07-28,Merchant_E,Processor_C,NGN,BANK_TRANSFER,RETAIL
TXN107325,2500.0,SUCCESS,REF-00007325,2026-07-05,Merchant_B,Processor_A,NGN,MOBILE_MONEY,RETAIL
TXN102745,25000.0,SUCCESS,REF-00002745,2026-07-21,Merchant_B,Processor_A,NGN,BANK_TRANSFER,BUSINESS
TXN106530,10000.0,SUCCESS,REF-00006530,2026-07-07,Merchant_B,Processor_A,NGN,CARD,BUSINESS
TXN103660,10000.0,SUCCESS,REF-00003660,2026-07-25,Merchant_D,Processor_B,NGN,MOBILE_MONEY,RETAIL
TXN103049,2500.0,SUCCESS,REF-00003049,2026-07-02,Merchant_D,Processor_C,NGN,USSD,BUSINESS
TXN100864,7500.0,SUCCESS,REF-00000864,2026-07-12,Merchant_E,Processor_C,NGN,CARD,BUSINESS
TXN109388,7500.0,SUCCESS,REF-00009388,2026-07-16,Merchant_B,Processor_B,NGN,CARD,RETAIL
TXN104137,5000.0,SUCCESS,REF-00004137,2026-07-29,Merchant_D,Processor_B,NGN,USSD,RETAIL
TXN104777,5000.0,SUCCESS,REF-00004777,2026-07-07,Merchant_A,Processor_B,NGN,CARD,BUSINESS
TXN102999,100000.0,SUCCESS,REF-00002999,2026-07-24,Merchant_B,Processor_C,NGN,MOBILE_MONEY,BUSINESS
TXN103634,1000.0,SUCCESS,REF-00003634,2026-07-19,Merchant_D,Processor_C,NGN,BANK_TRANSFER,BUSINESS
TXN108109,25000.0,SUCCESS,REF-00008109,2026-07-13,Merchant_E,Processor_B,NGN,USSD,RETAIL
TXN103002,2500.0,FAILED,REF-00003002,2026-07-15,Merchant_C,Processor_A,NGN,USSD,BUSINESS
TXN101253,1500.0,FAILED,REF-00001253,2026-07-15,Merchant_E,Processor_C,NGN,MOBILE_MONEY,BUSINESS
TXN109427,50000.0,SUCCESS,REF-00009427,2026-07-10,Merchant_E,Processor_B,NGN,MOBILE_MONEY,RETAIL
TXN104727,50000.0,SUCCESS,REF-00004727,2026-07-17,Merchant_E,Processor_B,NGN,USSD,RETAIL
TXN101552,50000.0,SUCCESS,REF-00001552,2026-07-31,Merchant_D,Processor_B,NGN,USSD,RETAIL
TXN104735,1000.0,SUCCESS,REF-00004735,2026-07-19,Merchant_C,Processor_C,NGN,USSD,RETAIL
TXN105853,50000.0,FAILED,REF-00005853,2026-07-16,Merchant_A,Processor_C,NGN,USSD,RETAIL
TXN102978,25000.0,SUCCESS,REF-00002978,2026-07-12,Merchant_E,Processor_C,NGN,MOBILE_MONEY,BUSINESS
TXN100924,7500.0,SUCCESS,REF-00000924,2026-07-14,Merchant_D,Processor_A,NGN,BANK_TRANSFER,RETAIL
TXN108715,50000.0,SUCCESS,REF-00008715,2026-07-06,Merchant_D,Processor_B,NGN,USSD,BUSINESS
TXN106348,15000.0,SUCCESS,REF-00006348,2026-07-16,Merchant_A,Processor_A,NGN,CARD,RETAIL
TXN107843,7500.0,SUCCESS,REF-00007843,2026-07-12,Merchant_B,Processor_C,NGN,CARD,BUSINESS
TXN107252,2500.0,SUCCESS,REF-00007252,2026-07-20,Merchant_A,Processor_B,NGN,CARD,RETAIL
TXN105065,500.0,SUCCESS,REF-00005065,2026-07-01,Merchant_D,Processor_A,NGN,MOBILE_MONEY,RETAIL
TXN103743,1000.0,SUCCESS,REF-00003743,2026-07-19,Merchant_E,Processor_C,NGN,USSD,RETAIL
TXN103653,1500.0,SUCCESS,REF-00003653,2026-07-01,Merchant_B,Processor_C,NGN,MOBILE_MONEY,BUSINESS
TXN104638,25000.0,SUCCESS,REF-00004638,2026-07-24,Merchant_A,Processor_C,NGN,CARD,BUSINESS
TXN106689,1000.0,SUCCESS,REF-00006689,2026-07-23,Merchant_D,Processor_B,NGN,BANK_TRANSFER,RETAIL
TXN107112,7500.0,SUCCESS,REF-00007112,2026-07-08,Merchant_B,Processor_A,NGN,CARD,BUSINESS
TXN103948,1500.0,SUCCESS,REF-00003948,2026-07-23,Merchant_E,Processor_B,NGN,USSD,BUSINESS
TXN101953,25000.0,SUCCESS,REF-00001953,2026-07-12,Merchant_B,Processor_A,NGN,BANK_TRANSFER,BUSINESS
TXN104237,25000.0,SUCCESS,REF-00004237,2026-07-18,Merchant_A,Processor_B,NGN,BANK_TRANSFER,RETAIL
TXN107239,7500.0,REFUNDED,REF-00007239,2026-07-17,Merchant_A,Processor_A,NGN,BANK_TRANSFER,RETAIL
TXN106459,5000.0,SUCCESS,REF-00006459,2026-07-26,Merchant_E,Processor_B,NGN,CARD,RETAIL
TXN109808,250000.0,SUCCESS,REF-00009808,2026-07-10,Merchant_C,Processor_C,NGN,MOBILE_MONEY,BUSINESS
TXN102574,2500.0,SUCCESS,REF-00002574,2026-07-19,Merchant_D,Processor_B,NGN,CARD,BUSINESS
TXN107752,1500.0,SUCCESS,REF-00007752,2026-07-05,Merchant_E,Processor_A,NGN,USSD,BUSINESS
TXN109612,100000.0,SUCCESS,REF-00009612,2026-07-26,Merchant_A,Processor_C,NGN,BANK_TRANSFER,RETAIL
TXN104246,2500.0,SUCCESS,REF-00004246,2026-07-02,Merchant_E,Processor_C,NGN,MOBILE_MONEY,RETAIL
TXN102631,25000.0,SUCCESS,REF-00002631,2026-07-03,Merchant_D,Processor_A,NGN,MOBILE_MONEY,BUSINESS
TXN107224,100000.0,REFUNDED,REF-00007224,2026-07-22,Merchant_B,Processor_A,NGN,USSD,RETAIL
TXN102944,25000.0,SUCCESS,REF-00002944,2026-07-04,Merchant_E,Processor_B,NGN,USSD,BUSINESS
TXN107446,10000.0,SUCCESS,REF-00007446,2026-07-13,Merchant_E,Processor_A,NGN,USSD,RETAIL
TXN100382,15000.0,SUCCESS,REF-00000382,2026-07-22,Merchant_C,Processor_B,NGN,BANK_TRANSFER,BUSINESS
TXN108934,15000.0,SUCCESS,REF-00008934,2026-07-19,Merchant_B,Processor_A,NGN,BANK_TRANSFER,RETAIL
TXN103013,5000.0,SUCCESS,REF-00003013,2026-07-09,Merchant_A,Processor_B,NGN,USSD,BUSINESS
TXN101630,25000.0,FAILED,REF-00001630,2026-07-07,Merchant_B,Processor_A,NGN,BANK_TRANSFER,RETAIL
TXN105300,25000.0,REFUNDED,REF-00005300,2026-07-20,Merchant_A,Processor_C,NGN,CARD,BUSINESS
TXN102530,15000.0,SUCCESS,REF-00002530,2026-07-27,Merchant_A,Processor_B,NGN,MOBILE_MONEY,RETAIL
TXN102088,50000.0,SUCCESS,REF-00002088,2026-07-27,Merchant_E,Processor_B,NGN,BANK_TRANSFER,BUSINESS
TXN107098,2500.0,SUCCESS,REF-00007098,2026-07-15,Merchant_B,Processor_B,NGN,MOBILE_MONEY,BUSINESS
TXN102652,5000.0,SUCCESS,REF-00002652,2026-07-05,Merchant_A,Processor_A,NGN,CARD,BUSINESS
TXN108077,10000.0,SUCCESS,REF-00008077,2026-07-15,Merchant_E,Processor_C,NGN,BANK_TRANSFER,RETAIL
TXN101712,25000.0,SUCCESS,REF-00001712,2026-07-03,Merchant_C,Processor_C,NGN,USSD,RETAIL
TXN109774,50000.0,SUCCESS,REF-00009774,2026-07-21,Merchant_B,Processor_B,NGN,USSD,RETAIL
TXN100623,10000.0,FAILED,REF-00000623,2026-07-05,Merchant_C,Processor_A,NGN,CARD,BUSINESS
TXN105206,50000.0,SUCCESS,REF-00005206,2026-07-03,Merchant_A,Processor_A,NGN,CARD,BUSINESS
TXN108410,7500.0,SUCCESS,REF-00008410,2026-07-12,Merchant_C,Processor_C,NGN,BANK_TRANSFER,RETAIL
TXN105824,1500.0,SUCCESS,REF-00005824,2026-07-19,Merchant_C,Processor_B,NGN,CARD,BUSINESS
TXN100958,1500.0,SUCCESS,REF-00000958,2026-07-04,Merchant_A,Processor_C,NGN,MOBILE_MONEY,RETAIL
TXN104092,10000.0,SUCCESS,REF-00004092,2026-07-05,Merchant_B,Processor_B,NGN,USSD,BUSINESS
TXN107766,5000.0,SUCCESS,REF-00007766,2026-07-22,Merchant_B,Processor_A,NGN,BANK_TRANSFER,BUSINESS
TXN107494,50000.0,SUCCESS,REF-00007494,2026-07-13,Merchant_B,Processor_A,NGN,CARD,RETAIL
TXN104387,1000.0,SUCCESS,REF-00004387,2026-07-25,Merchant_D,Processor_B,NGN,MOBILE_MONEY,BUSINESS
TXN103091,250000.0,SUCCESS,REF-00003091,2026-07-10,Merchant_C,Processor_C,NGN,USSD,BUSINESS
TXN100831,7500.0,SUCCESS,REF-00000831,2026-07-07,Merchant_B,Processor_A,NGN,USSD,BUSINESS
TXN103124,25000.0,SUCCESS,REF-00003124,2026-07-12,Merchant_C,Processor_A,NGN,BANK_TRANSFER,BUSINESS
TXN101211,7500.0,SUCCESS,REF-00001211,2026-07-27,Merchant_B,Processor_A,NGN,BANK_TRANSFER,BUSINESS
TXN104359,1500.0,SUCCESS,REF-00004359,2026-07-04,Merchant_C,Processor_A,NGN,BANK_TRANSFER,BUSINESS
TXN103225,100000.0,SUCCESS,REF-00003225,2026-07-15,Merchant_D,Processor_B,NGN,BANK_TRANSFER,BUSINESS
TXN108865,25000.0,SUCCESS,REF-00008865,2026-07-14,Merchant_E,Processor_A,NGN,CARD,RETAIL
TXN100865,10000.0,REFUNDED,REF-00000865,2026-07-22,Merchant_E,Processor_A,NGN,BANK_TRANSFER,RETAIL
TXN105509,7500.0,SUCCESS,REF-00005509,2026-07-27,Merchant_B,Processor_B,NGN,CARD,BUSINESS
TXN107477,500.0,FAILED,REF-00007477,2026-07-13,Merchant_C,Processor_C,NGN,MOBILE_MONEY,BUSINESS
TXN103570,5000.0,SUCCESS,REF-00003570,2026-07-30,Merchant_A,Processor_B,NGN,MOBILE_MONEY,BUSINESS
TXN101249,15000.0,SUCCESS,REF-00001249,2026-07-03,Merchant_C,Processor_C,NGN,USSD,BUSINESS
TXN105774,500.0,REFUNDED,REF-00005774,2026-07-04,Merchant_C,Processor_B,NGN,MOBILE_MONEY,RETAIL
TXN107536,25000.0,SUCCESS,REF-00007536,2026-07-23,Merchant_A,Processor_B,NGN,MOBILE_MONEY,BUSINESS
TXN109504,5000.0,SUCCESS,REF-00009504,2026-07-18,Merchant_B,Processor_A,NGN,BANK_TRANSFER,RETAIL
TXN101873,50000.0,SUCCESS,REF-00001873,2026-07-23,Merchant_C,Processor_A,NGN,BANK_TRANSFER,RETAIL
TXN108448,1000.0,SUCCESS,REF-00008448,2026-07-03,Merchant_A,Processor_B,NGN,BANK_TRANSFER,BUSINESS
TXN109919,7500.0,FAILED,REF-00009919,2026-07-16,Merchant_B,Processor_A,NGN,MOBILE_MONEY,RETAIL
TXN103374,50000.0,SUCCESS,REF-00003374,2026-07-05,Merchant_E,Processor_C,NGN,BANK_TRANSFER,BUSINESS
TXN103110,15000.0,SUCCESS,REF-00003110,2026-07-17,Merchant_A,Processor_A,NGN,BANK_TRANSFER,RETAIL
TXN103690,50000.0,SUCCESS,REF-00003690,2026-07-19,Merchant_B,Processor_C,NGN,BANK_TRANSFER,RETAIL
TXN109144,25000.0,SUCCESS,REF-00009144,2026-07-11,Merchant_A,Processor_B,NGN,BANK_TRANSFER,BUSINESS
TXN102251,100000.0,SUCCESS,REF-00002251,2026-07-10,Merchant_A,Processor_B,NGN,CARD,RETAIL
TXN105827,1000.0,SUCCESS,REF-00005827,2026-07-16,Merchant_D,Processor_B,NGN,BANK_TRANSFER,RETAIL
TXN100810,250000.0,SUCCESS,REF-00000810,2026-07-26,Merchant_E,Processor_B,NGN,MOBILE_MONEY,BUSINESS
TXN106878,25000.0,SUCCESS,REF-00006878,2026-07-28,Merchant_D,Processor_A,NGN,BANK_TRANSFER,RETAIL
TXN106215,50000.0,SUCCESS,REF-00006215,2026-07-03,Merchant_B,Processor_A,NGN,BANK_TRANSFER,RETAIL
TXN106649,50000.0,SUCCESS,REF-00006649,2026-07-20,Merchant_D,Processor_B,NGN,CARD,BUSINESS
TXN107552,15000.0,SUCCESS,REF-00007552,2026-07-08,Merchant_B,Processor_C,NGN,BANK_TRANSFER,RETAIL
TXN109815,25000.0,SUCCESS,REF-00009815,2026-07-18,Merchant_E,Processor_B,NGN,BANK_TRANSFER,BUSINESS
TXN100595,10000.0,SUCCESS,REF-00000595,2026-07-26,Merchant_D,Processor_B,NGN,USSD,BUSINESS
TXN105111,50000.0,SUCCESS,REF-00005111,2026-07-15,Merchant_B,Processor_C,NGN,BANK_TRANSFER,BUSINESS
TXN106673,1000.0,SUCCESS,REF-00006673,2026-07-25,Merchant_E,Processor_C,NGN,MOBILE_MONEY,RETAIL
TXN107559,50000.0,REFUNDED,REF-00007559,2026-07-16,Merchant_B,Processor_A,NGN,USSD,BUSINESS
TXN101241,25000.0,SUCCESS,REF-00001241,2026-07-12,Merchant_E,Processor_C,NGN,USSD,RETAIL
TXN103554,1500.0,SUCCESS,REF-00003554,2026-07-15,Merchant_E,Processor_C,NGN,MOBILE_MONEY,RETAIL
TXN109152,1500.0,SUCCESS,REF-00009152,2026-07-06,Merchant_B,Processor_B,NGN,MOBILE_MONEY,RETAIL
TXN109264,50000.0,FAILED,REF-00009264,2026-07-30,Merchant_C,Processor_C,NGN,BANK_TRANSFER,BUSINESS
TXN106794,7500.0,SUCCESS,REF-00006794,2026-07-28,Merchant_C,Processor_C,NGN,BANK_TRANSFER,BUSINESS
TXN100569,5000.0,SUCCESS,REF-00000569,2026-07-05,Merchant_C,Processor_C,NGN,BANK_TRANSFER,RETAIL
TXN108322,2500.0,SUCCESS,REF-00008322,2026-07-04,Merchant_D,Processor_B,NGN,USSD,BUSINESS
TXN108459,5000.0,SUCCESS,REF-00008459,2026-07-13,Merchant_A,Processor_B,NGN,MOBILE_MONEY,BUSINESS
TXN102131,500.0,SUCCESS,REF-00002131,2026-07-05,Merchant_E,Processor_C,NGN,CARD,RETAIL
TXN106193,100000.0,SUCCESS,REF-00006193,2026-07-07,Merchant_E,Processor_A,NGN,CARD,BUSINESS
TXN108254,7500.0,SUCCESS,REF-00008254,2026-07-07,Merchant_B,Processor_A,NGN,BANK_TRANSFER,BUSINESS
TXN105400,2500.0,SUCCESS,REF-00005400,2026-07-04,Merchant_C,Processor_B,NGN,MOBILE_MONEY,RETAIL
TXN106793,5000.0,SUCCESS,REF-00006793,2026-07-20,Merchant_D,Processor_C,NGN,BANK_TRANSFER,RETAIL
TXN105534,1500.0,SUCCESS,REF-00005534,2026-07-09,Merchant_B,Processor_C,NGN,USSD,RETAIL
TXN104794,5000.0,SUCCESS,REF-00004794,2026-07-15,Merchant_A,Processor_C,NGN,USSD,BUSINESS
TXN101113,10000.0,SUCCESS,REF-00001113,2026-07-17,Merchant_D,Processor_A,NGN,CARD,BUSINESS
TXN105563,5000.0,SUCCESS,REF-00005563,2026-07-26,Merchant_C,Processor_C,NGN,MOBILE_MONEY,RETAIL
TXN102566,2500.0,SUCCESS,REF-00002566,2026-07-23,Merchant_C,Processor_C,NGN,MOBILE_MONEY,BUSINESS
TXN105903,5000.0,SUCCESS,REF-00005903,2026-07-17,Merchant_E,Processor_B,NGN,USSD,BUSINESS
TXN105552,100000.0,SUCCESS,REF-00005552,2026-07-03,Merchant_C,Processor_A,NGN,MOBILE_MONEY,BUSINESS
TXN109691,7500.0,SUCCESS,REF-00009691,2026-07-15,Merchant_C,Processor_A,NGN,CARD,BUSINESS
TXN107692,2500.0,FAILED,REF-00007692,2026-07-08,Merchant_E,Processor_A,NGN,BANK_TRANSFER,BUSINESS
TXN101745,10000.0,SUCCESS,REF-00001745,2026-07-19,Merchant_C,Processor_B,NGN,MOBILE_MONEY,BUSINESS
TXN100369,1000.0,SUCCESS,REF-00000369,2026-07-05,Merchant_B,Processor_B,NGN,MOBILE_MONEY,RETAIL
TXN107876,15000.0,SUCCESS,REF-00007876,2026-07-17,Merchant_B,Processor_C,NGN,CARD,RETAIL
TXN106653,1500.0,FAILED,REF-00006653,2026-07-24,Merchant_E,Processor_C,NGN,CARD,RETAIL
TXN100034,250000.0,SUCCESS,REF-00000034,2026-07-29,Merchant_B,Processor_A,NGN,BANK_TRANSFER,BUSINESS
TXN102256,10000.0,SUCCESS,REF-00002256,2026-07-31,Merchant_D,Processor_B,NGN,CARD,BUSINESS
TXN100004,1500.0,SUCCESS,REF-00000004,2026-07-11,Merchant_C,Processor_C,NGN,USSD,RETAIL
TXN109481,5000.0,SUCCESS,REF-00009481,2026-07-28,Merchant_B,Processor_B,NGN,USSD,BUSINESS
TXN105700,5000.0,SUCCESS,REF-00005700,2026-07-16,Merchant_A,Processor_A,NGN,BANK_TRANSFER,BUSINESS
TXN104846,100000.0,SUCCESS,REF-00004846,2026-07-15,Merchant_C,Processor_A,NGN,BANK_TRANSFER,BUSINESS
TXN101605,10000.0,SUCCESS,REF-00001605,2026-07-17,Merchant_C,Processor_A,NGN,MOBILE_MONEY,BUSINESS
TXN100378,50000.0,SUCCESS,REF-00000378,2026-07-16,Merchant_A,Processor_B,NGN,USSD,RETAIL
TXN107011,50000.0,SUCCESS,REF-00007011,2026-07-13,Merchant_C,Processor_C,NGN,USSD,BUSINESS
TXN101189,25000.0,SUCCESS,REF-00001189,2026-07-04,Merchant_B,Processor_C,NGN,USSD,BUSINESS
TXN105715,5000.0,FAILED,REF-00005715,2026-07-09,Merchant_A,Processor_A,NGN,USSD,BUSINESS
TXN100811,50000.0,SUCCESS,REF-00000811,2026-07-07,Merchant_A,Processor_A,NGN,CARD,BUSINESS
TXN100528,1000.0,FAILED,REF-00000528,2026-07-20,Merchant_A,Processor_B,NGN,USSD,BUSINESS
TXN103365,15000.0,SUCCESS,REF-00003365,2026-07-30,Merchant_C,Processor_A,NGN,BANK_TRANSFER,RETAIL
TXN106962,250000.0,SUCCESS,REF-00006962,2026-07-06,Merchant_E,Processor_C,NGN,MOBILE_MONEY,BUSINESS
TXN103209,15000.0,SUCCESS,REF-00003209,2026-07-25,Merchant_C,Processor_A,NGN,MOBILE_MONEY,RETAIL
TXN106756,50000.0,SUCCESS,REF-00006756,2026-07-17,Merchant_C,Processor_C,NGN,BANK_TRANSFER,RETAIL
TXN105289,25000.0,REFUNDED,REF-00005289,2026-07-28,Merchant_A,Processor_A,NGN,USSD,BUSINESS
TXN106734,1500.0,SUCCESS,REF-00006734,2026-07-13,Merchant_A,Processor_B,NGN,CARD,BUSINESS
TXN105810,1500.0,SUCCESS,REF-00005810,2026-07-22,Merchant_B,Processor_C,NGN,USSD,BUSINESS
TXN105533,50000.0,SUCCESS,REF-00005533,2026-07-11,Merchant_B,Processor_A,NGN,USSD,RETAIL
TXN107557,10000.0,SUCCESS,REF-00007557,2026-07-20,Merchant_A,Processor_A,NGN,BANK_TRANSFER,BUSINESS
TXN101380,1500.0,SUCCESS,REF-00001380,2026-07-31,Merchant_D,Processor_B,NGN,MOBILE_MONEY,RETAIL
TXN105163,7500.0,SUCCESS,REF-00005163,2026-07-24,Merchant_E,Processor_C,NGN,MOBILE_MONEY,RETAIL
TXN109143,10000.0,SUCCESS,REF-00009143,2026-07-09,Merchant_D,Processor_A,NGN,MOBILE_MONEY,BUSINESS
TXN106898,5000.0,FAILED,REF-00006898,2026-07-18,Merchant_D,Processor_B,NGN,BANK_TRANSFER,BUSINESS
TXN105544,15000.0,SUCCESS,REF-00005544,2026-07-09,Merchant_B,Processor_A,NGN,CARD,BUSINESS
TXN101864,250000.0,SUCCESS,REF-00001864,2026-07-11,Merchant_E,Processor_A,NGN,CARD,BUSINESS
TXN109692,7500.0,SUCCESS,REF-00009692,2026-07-03,Merchant_A,Processor_B,NGN,MOBILE_MONEY,RETAIL
TXN104262,7500.0,SUCCESS,REF-00004262,2026-07-17,Merchant_B,Processor_C,NGN,MOBILE_MONEY,RETAIL
TXN109029,7500.0,SUCCESS,REF-00009029,2026-07-20,Merchant_E,Processor_C,NGN,CARD,RETAIL
TXN101467,7500.0,SUCCESS,REF-00001467,2026-07-06,Merchant_E,Processor_A,NGN,BANK_TRANSFER,RETAIL
TXN102899,500.0,SUCCESS,REF-00002899,2026-07-03,Merchant_E,Processor_A,NGN,CARD,RETAIL
TXN104555,10000.0,SUCCESS,REF-00004555,2026-07-09,Merchant_E,Processor_B,NGN,USSD,BUSINESS
TXN100214,25000.0,FAILED,REF-00000214,2026-07-27,Merchant_D,Processor_A,NGN,USSD,RETAIL
TXN109244,10000.0,REFUNDED,REF-00009244,2026-07-01,Merchant_E,Processor_A,NGN,BANK_TRANSFER,BUSINESS
TXN105254,50000.0,SUCCESS,REF-00005254,2026-07-25,Merchant_C,Processor_B,NGN,MOBILE_MONEY,RETAIL
TXN105579,7500.0,SUCCESS,REF-00005579,2026-07-16,Merchant_B,Processor_A,NGN,USSD,RETAIL
TXN106228,25000.0,SUCCESS,REF-00006228,2026-07-15,Merchant_C,Processor_A,NGN,CARD,RETAIL
TXN100909,5000.0,SUCCESS,REF-00000909,2026-07-16,Merchant_B,Processor_C,NGN,USSD,BUSINESS
TXN109039,2500.0,SUCCESS,REF-00009039,2026-07-31,Merchant_C,Processor_A,NGN,CARD,RETAIL
TXN107300,1500.0,SUCCESS,REF-00007300,2026-07-04,Merchant_B,Processor_B,NGN,CARD,RETAIL
TXN104303,10000.0,SUCCESS,REF-00004303,2026-07-30,Merchant_E,Processor_C,NGN,CARD,RETAIL
TXN103243,25000.0,SUCCESS,REF-00003243,2026-07-14,Merchant_C,Processor_B,NGN,USSD,RETAIL
TXN108203,5000.0,SUCCESS,REF-00008203,2026-07-14,Merchant_B,Processor_C,NGN,BANK_TRANSFER,RETAIL
TXN106127,5000.0,SUCCESS,REF-00006127,2026-07-13,Merchant_C,Processor_C,NGN,CARD,RETAIL
TXN107134,10000.0,REFUNDED,REF-00007134,2026-07-13,Merchant_B,Processor_A,NGN,USSD,RETAIL
TXN100351,50000.0,SUCCESS,REF-00000351,2026-07-31,Merchant_D,Processor_B,NGN,MOBILE_MONEY,RETAIL
TXN105066,10000.0,SUCCESS,REF-00005066,2026-07-11,Merchant_D,Processor_B,NGN,BANK_TRANSFER,RETAIL
TXN105574,15000.0,SUCCESS,REF-00005574,2026-07-20,Merchant_C,Processor_B,NGN,USSD,RETAIL
TXN100041,10000.0,SUCCESS,REF-00000041,2026-07-10,Merchant_D,Processor_C,NGN,BANK_TRANSFER,BUSINESS
TXN102344,100000.0,SUCCESS,REF-00002344,2026-07-09,Merchant_E,Processor_B,NGN,USSD,RETAIL
TXN109694,7500.0,SUCCESS,REF-00009694,2026-07-05,Merchant_E,Processor_B,NGN,CARD,RETAIL
TXN103548,5000.0,SUCCESS,REF-00003548,2026-07-31,Merchant_A,Processor_A,NGN,MOBILE_MONEY,BUSINESS
TXN106163,5000.0,SUCCESS,REF-00006163,2026-07-03,Merchant_C,Processor_B,NGN,USSD,RETAIL
TXN103250,10000.0,SUCCESS,REF-00003250,2026-07-09,Merchant_A,Processor_B,NGN,BANK_TRANSFER,RETAIL
TXN100335,1000.0,SUCCESS,REF-00000335,2026-07-20,Merchant_C,Processor_B,NGN,MOBILE_MONEY,BUSINESS
TXN102659,15000.0,SUCCESS,REF-00002659,2026-07-29,Merchant_C,Processor_A,NGN,MOBILE_MONEY,BUSINESS
TXN105940,7500.0,SUCCESS,REF-00005940,2026-07-30,Merchant_D,Processor_C,NGN,MOBILE_MONEY,BUSINESS
TXN105457,7500.0,SUCCESS,REF-00005457,2026-07-09,Merchant_D,Processor_A,NGN,CARD,BUSINESS
TXN101517,100000.0,SUCCESS,REF-00001517,2026-07-10,Merchant_B,Processor_B,NGN,CARD,BUSINESS
TXN102742,2500.0,SUCCESS,REF-00002742,2026-07-03,Merchant_A,Processor_B,NGN,USSD,RETAIL
TXN106351,10000.0,SUCCESS,REF-00006351,2026-07-12,Merchant_D,Processor_C,NGN,CARD,RETAIL
TXN102644,1000.0,SUCCESS,REF-00002644,2026-07-23,Merchant_D,Processor_B,NGN,MOBILE_MONEY,RETAIL
TXN107163,25000.0,FAILED,REF-00007163,2026-07-05,Merchant_B,Processor_B,NGN,BANK_TRANSFER,RETAIL
TXN103213,25000.0,FAILED,REF-00003213,2026-07-03,Merchant_E,Processor_C,NGN,MOBILE_MONEY,RETAIL
TXN104869,50000.0,SUCCESS,REF-00004869,2026-07-15,Merchant_B,Processor_B,NGN,MOBILE_MONEY,BUSINESS
TXN108828,7500.0,SUCCESS,REF-00008828,2026-07-09,Merchant_A,Processor_B,NGN,CARD,RETAIL
TXN109269,5000.0,SUCCESS,REF-00009269,2026-07-02,Merchant_E,Processor_A,NGN,BANK_TRANSFER,RETAIL
TXN101357,7500.0,FAILED,REF-00001357,2026-07-10,Merchant_E,Processor_B,NGN,MOBILE_MONEY,BUSINESS
TXN100142,10000.0,FAILED,REF-00000142,2026-07-31,Merchant_E,Processor_B,NGN,BANK_TRANSFER,RETAIL
TXN109263,15000.0,SUCCESS,REF-00009263,2026-07-20,Merchant_E,Processor_A,NGN,BANK_TRANSFER,BUSINESS
TXN104252,5000.0,SUCCESS,REF-00004252,2026-07-21,Merchant_E,Processor_C,NGN,MOBILE_MONEY,RETAIL
TXN106386,10000.0,SUCCESS,REF-00006386,2026-07-25,Merchant_C,Processor_A,NGN,CARD,RETAIL
TXN107747,25000.0,SUCCESS,REF-00007747,2026-07-04,Merchant_C,Processor_C,NGN,CARD,BUSINESS
TXN101298,15000.0,SUCCESS,REF-00001298,2026-07-19,Merchant_A,Processor_B,NGN,USSD,BUSINESS
TXN103670,2500.0,SUCCESS,REF-00003670,2026-07-13,Merchant_E,Processor_B,NGN,MOBILE_MONEY,BUSINESS
TXN108786,10000.0,SUCCESS,REF-00008786,2026-07-10,Merchant_E,Processor_B,NGN,MOBILE_MONEY,RETAIL
TXN101569,7500.0,SUCCESS,REF-00001569,2026-07-14,Merchant_C,Processor_A,NGN,BANK_TRANSFER,RETAIL
TXN108661,7500.0,FAILED,REF-00008661,2026-07-30,Merchant_A,Processor_C,NGN,BANK_TRANSFER,BUSINESS
TXN103589,2500.0,SUCCESS,REF-00003589,2026-07-21,Merchant_E,Processor_C,NGN,USSD,BUSINESS
TXN103814,2500.0,SUCCESS,REF-00003814,2026-07-22,Merchant_E,Processor_B,NGN,USSD,BUSINESS
TXN105881,15000.0,SUCCESS,REF-00005881,2026-07-31,Merchant_A,Processor_C,NGN,BANK_TRANSFER,RETAIL
TXN102040,50000.0,SUCCESS,REF-00002040,2026-07-14,Merchant_B,Processor_A,NGN,BANK_TRANSFER,RETAIL
TXN109621,1000.0,SUCCESS,REF-00009621,2026-07-12,Merchant_B,Processor_B,NGN,USSD,BUSINESS
TXN100164,1000.0,FAILED,REF-00000164,2026-07-23,Merchant_B,Processor_C,NGN,CARD,RETAIL
TXN104525,7500.0,SUCCESS,REF-00004525,2026-07-04,Merchant_B,Processor_C,NGN,USSD,RETAIL
TXN109228,5000.0,SUCCESS,REF-00009228,2026-07-26,Merchant_D,Processor_B,NGN,BANK_TRANSFER,BUSINESS
TXN103646,10000.0,SUCCESS,REF-00003646,2026-07-26,Merchant_C,Processor_A,NGN,MOBILE_MONEY,RETAIL
TXN107152,250000.0,REFUNDED,REF-00007152,2026-07-28,Merchant_E,Processor_B,NGN,BANK_TRANSFER,BUSINESS
TXN102492,25000.0,SUCCESS,REF-00002492,2026-07-26,Merchant_B,Processor_B,NGN,CARD,BUSINESS
TXN100499,250000.0,SUCCESS,REF-00000499,2026-07-02,Merchant_C,Processor_B,NGN,BANK_TRANSFER,BUSINESS
TXN100765,10000.0,SUCCESS,REF-00000765,2026-07-30,Merchant_C,Processor_C,NGN,BANK_TRANSFER,BUSINESS
TXN107994,1000.0,SUCCESS,REF-00007994,2026-07-14,Merchant_D,Processor_B,NGN,USSD,RETAIL
TXN104485,25000.0,SUCCESS,REF-00004485,2026-07-13,Merchant_B,Processor_B,NGN,CARD,RETAIL
TXN109671,25000.0,SUCCESS,REF-00009671,2026-07-27,Merchant_C,Processor_B,NGN,USSD,RETAIL
TXN108111,5000.0,SUCCESS,REF-00008111,2026-07-28,Merchant_A,Processor_B,NGN,MOBILE_MONEY,BUSINESS
TXN103174,1000.0,SUCCESS,REF-00003174,2026-07-22,Merchant_A,Processor_A,NGN,MOBILE_MONEY,BUSINESS
TXN103005,50000.0,SUCCESS,REF-00003005,2026-07-23,Merchant_A,Processor_C,NGN,CARD,RETAIL
TXN106657,5000.0,SUCCESS,REF-00006657,2026-07-23,Merchant_E,Processor_C,NGN,MOBILE_MONEY,BUSINESS
TXN106698,50000.0,SUCCESS,REF-00006698,2026-07-19,Merchant_D,Processor_B,NGN,MOBILE_MONEY,BUSINESS
TXN108081,1500.0,SUCCESS,REF-00008081,2026-07-29,Merchant_C,Processor_B,NGN,BANK_TRANSFER,BUSINESS
TXN100068,1000.0,SUCCESS,REF-00000068,2026-07-26,Merchant_E,Processor_A,NGN,USSD,BUSINESS
TXN106028,25000.0,SUCCESS,REF-00006028,2026-07-09,Merchant_E,Processor_A,NGN,USSD,RETAIL
TXN104198,7500.0,SUCCESS,REF-00004198,2026-07-08,Merchant_D,Processor_A,NGN,USSD,BUSINESS
TXN104759,250000.0,SUCCESS,REF-00004759,2026-07-13,Merchant_B,Processor_C,NGN,CARD,BUSINESS
TXN109207,15000.0,REFUNDED,REF-00009207,2026-07-26,Merchant_B,Processor_B,NGN,BANK_TRANSFER,BUSINESS
TXN100481,25000.0,SUCCESS,REF-00000481,2026-07-21,Merchant_A,Processor_B,NGN,BANK_TRANSFER,BUSINESS
TXN103150,15000.0,SUCCESS,REF-00003150,2026-07-15,Merchant_A,Processor_B,NGN,CARD,BUSINESS
TXN104286,100000.0,SUCCESS,REF-00004286,2026-07-09,Merchant_D,Processor_C,NGN,USSD,BUSINESS
TXN102303,5000.0,SUCCESS,REF-00002303,2026-07-22,Merchant_D,Processor_A,NGN,BANK_TRANSFER,BUSINESS
TXN105704,100000.0,SUCCESS,REF-00005704,2026-07-27,Merchant_A,Processor_A,NGN,BANK_TRANSFER,RETAIL
TXN109597,5000.0,SUCCESS,REF-00009597,2026-07-11,Merchant_C,Processor_A,NGN,USSD,BUSINESS
TXN107655,25000.0,SUCCESS,REF-00007655,2026-07-16,Merchant_D,Processor_C,NGN,MOBILE_MONEY,BUSINESS
TXN108384,2500.0,SUCCESS,REF-00008384,2026-07-22,Merchant_C,Processor_C,NGN,CARD,RETAIL
TXN109157,15000.0,SUCCESS,REF-00009157,2026-07-07,Merchant_A,Processor_C,NGN,BANK_TRANSFER,BUSINESS
TXN102832,1000.0,SUCCESS,REF-00002832,2026-07-02,Merchant_B,Processor_C,NGN,USSD,BUSINESS
TXN104158,250000.0,SUCCESS,REF-00004158,2026-07-12,Merchant_D,Processor_B,NGN,MOBILE_MONEY,BUSINESS
TXN102013,1500.0,SUCCESS,REF-00002013,2026-07-17,Merchant_C,Processor_C,NGN,USSD,RETAIL
TXN100405,100000.0,SUCCESS,REF-00000405,2026-07-02,Merchant_B,Processor_C,NGN,USSD,RETAIL
TXN107600,15000.0,SUCCESS,REF-00007600,2026-07-09,Merchant_A,Processor_B,NGN,MOBILE_MONEY,BUSINESS
TXN100306,10000.0,FAILED,REF-00000306,2026-07-31,Merchant_D,Processor_C,NGN,CARD,BUSINESS
TXN103346,5000.0,SUCCESS,REF-00003346,2026-07-04,Merchant_E,Processor_C,NGN,BANK_TRANSFER,RETAIL
TXN108680,500.0,SUCCESS,REF-00008680,2026-07-19,Merchant_C,Processor_C,NGN,CARD,BUSINESS
TXN104376,5000.0,SUCCESS,REF-00004376,2026-07-09,Merchant_B,Processor_A,NGN,CARD,BUSINESS
TXN102501,25000.0,SUCCESS,REF-00002501,2026-07-18,Merchant_D,Processor_A,NGN,USSD,BUSINESS
TXN102328,15000.0,FAILED,REF-00002328,2026-07-06,Merchant_E,Processor_B,NGN,USSD,RETAIL
TXN103995,7500.0,SUCCESS,REF-00003995,2026-07-31,Merchant_E,Processor_C,NGN,USSD,RETAIL
TXN107261,2500.0,SUCCESS,REF-00007261,2026-07-22,Merchant_E,Processor_C,NGN,CARD,BUSINESS
TXN100825,100000.0,SUCCESS,REF-00000825,2026-07-10,Merchant_A,Processor_A,NGN,BANK_TRANSFER,BUSINESS
TXN104674,7500.0,SUCCESS,REF-00004674,2026-07-30,Merchant_B,Processor_C,NGN,USSD,RETAIL
TXN105164,1500.0,SUCCESS,REF-00005164,2026-07-08,Merchant_A,Processor_B,NGN,MOBILE_MONEY,BUSINESS
TXN108697,10000.0,SUCCESS,REF-00008697,2026-07-16,Merchant_D,Processor_C,NGN,BANK_TRANSFER,BUSINESS
TXN104800,1500.0,REFUNDED,REF-00004800,2026-07-07,Merchant_E,Processor_B,NGN,BANK_TRANSFER,RETAIL
TXN100153,10000.0,SUCCESS,REF-00000153,2026-07-07,Merchant_B,Processor_A,NGN,BANK_TRANSFER,RETAIL
TXN102081,1000.0,SUCCESS,REF-00002081,2026-07-09,Merchant_D,Processor_B,NGN,MOBILE_MONEY,BUSINESS
TXN104922,15000.0,FAILED,REF-00004922,2026-07-01,Merchant_B,Processor_C,NGN,MOBILE_MONEY,BUSINESS
TXN101951,2500.0,SUCCESS,REF-00001951,2026-07-18,Merchant_E,Processor_C,NGN,USSD,BUSINESS
TXN103714,250000.0,SUCCESS,REF-00003714,2026-07-21,Merchant_E,Processor_A,NGN,BANK_TRANSFER,BUSINESS
TXN108102,5000.0,SUCCESS,REF-00008102,2026-07-19,Merchant_D,Processor_B,NGN,CARD,RETAIL
TXN107530,1000.0,SUCCESS,REF-00007530,2026-07-07,Merchant_E,Processor_C,NGN,CARD,BUSINESS
TXN106772,15000.0,SUCCESS,REF-00006772,2026-07-21,Merchant_B,Processor_C,NGN,CARD,BUSINESS
TXN102109,250000.0,SUCCESS,REF-00002109,2026-07-27,Merchant_C,Processor_C,NGN,USSD,BUSINESS
TXN107884,1000.0,SUCCESS,REF-00007884,2026-07-28,Merchant_B,Processor_B,NGN,CARD,BUSINESS
TXN104129,500.0,SUCCESS,REF-00004129,2026-07-02,Merchant_A,Processor_C,NGN,BANK_TRANSFER,RETAIL
TXN103481,10000.0,SUCCESS,REF-00003481,2026-07-13,Merchant_B,Processor_A,NGN,USSD,BUSINESS
TXN103470,500.0,SUCCESS,REF-00003470,2026-07-12,Merchant_B,Processor_A,NGN,USSD,BUSINESS
TXN109014,2500.0,SUCCESS,REF-00009014,2026-07-21,Merchant_C,Processor_B,NGN,MOBILE_MONEY,RETAIL
TXN106674,1500.0,SUCCESS,REF-00006674,2026-07-14,Merchant_B,Processor_B,NGN,BANK_TRANSFER,RETAIL
TXN109011,5000.0,SUCCESS,REF-00009011,2026-07-27,Merchant_E,Processor_A,NGN,CARD,BUSINESS
TXN108329,7500.0,SUCCESS,REF-00008329,2026-07-12,Merchant_C,Processor_C,NGN,BANK_TRANSFER,RETAIL
TXN105072,10000.0,SUCCESS,REF-00005072,2026-07-04,Merchant_D,Processor_C,NGN,BANK_TRANSFER,RETAIL
TXN105145,100000.0,REFUNDED,REF-00005145,2026-07-31,Merchant_B,Processor_A,NGN,USSD,RETAIL
TXN108153,100000.0,SUCCESS,REF-00008153,2026-07-11,Merchant_A,Processor_C,NGN,CARD,RETAIL
TXN109063,7500.0,SUCCESS,REF-00009063,2026-07-15,Merchant_D,Processor_B,NGN,CARD,BUSINESS
TXN102746,10000.0,SUCCESS,REF-00002746,2026-07-27,Merchant_A,Processor_A,NGN,CARD,RETAIL
TXN107242,1000.0,SUCCESS,REF-00007242,2026-07-12,Merchant_D,Processor_C,NGN,MOBILE_MONEY,RETAIL
TXN101722,5000.0,SUCCESS,REF-00001722,2026-07-24,Merchant_A,Processor_A,NGN,BANK_TRANSFER,BUSINESS
TXN103994,10000.0,SUCCESS,REF-00003994,2026-07-19,Merchant_C,Processor_B,NGN,USSD,RETAIL
TXN100718,1500.0,SUCCESS,REF-00000718,2026-07-29,Merchant_A,Processor_B,NGN,USSD,BUSINESS
TXN106775,5000.0,SUCCESS,REF-00006775,2026-07-31,Merchant_D,Processor_C,NGN,USSD,RETAIL
TXN102156,1500.0,SUCCESS,REF-00002156,2026-07-15,Merchant_A,Processor_B,NGN,CARD,BUSINESS
TXN101263,7500.0,SUCCESS,REF-00001263,2026-07-19,Merchant_A,Processor_C,NGN,CARD,RETAIL
TXN106449,10000.0,SUCCESS,REF-00006449,2026-07-12,Merchant_D,Processor_B,NGN,USSD,BUSINESS
TXN102205,100000.0,SUCCESS,REF-00002205,2026-07-13,Merchant_C,Processor_B,NGN,BANK_TRANSFER,RETAIL
TXN105883,250000.0,SUCCESS,REF-00005883,2026-07-09,Merchant_C,Processor_A,NGN,USSD,BUSINESS
TXN100185,15000.0,SUCCESS,REF-00000185,2026-07-31,Merchant_E,Processor_A,NGN,BANK_TRANSFER,BUSINESS
TXN109651,1500.0,SUCCESS,REF-00009651,2026-07-03,Merchant_B,Processor_A,NGN,USSD,RETAIL
TXN100694,1000.0,FAILED,REF-00000694,2026-07-11,Merchant_E,Processor_A,NGN,BANK_TRANSFER,BUSINESS
TXN106618,10000.0,SUCCESS,REF-00006618,2026-07-06,Merchant_A,Processor_A,NGN,USSD,BUSINESS
TXN101929,1000.0,SUCCESS,REF-00001929,2026-07-17,Merchant_A,Processor_B,NGN,MOBILE_MONEY,RETAIL
TXN108919,10000.0,REFUNDED,REF-00008919,2026-07-07,Merchant_B,Processor_B,NGN,MOBILE_MONEY,BUSINESS
TXN104769,5000.0,SUCCESS,REF-00004769,2026-07-18,Merchant_B,Processor_A,NGN,CARD,RETAIL
TXN100422,1000.0,SUCCESS,REF-00000422,2026-07-03,Merchant_C,Processor_C,NGN,CARD,BUSINESS
TXN105838,15000.0,FAILED,REF-00005838,2026-07-12,Merchant_C,Processor_C,NGN,CARD,RETAIL
TXN104045,7500.0,SUCCESS,REF-00004045,2026-07-19,Merchant_A,Processor_C,NGN,CARD,RETAIL
TXN100338,10000.0,SUCCESS,REF-00000338,2026-07-09,Merchant_C,Processor_C,NGN,USSD,BUSINESS
TXN102004,5000.0,SUCCESS,REF-00002004,2026-07-11,Merchant_E,Processor_C,NGN,MOBILE_MONEY,RETAIL
TXN105641,50000.0,SUCCESS,REF-00005641,2026-07-19,Merchant_A,Processor_A,NGN,CARD,RETAIL
TXN102820,100000.0,SUCCESS,REF-00002820,2026-07-01,Merchant_E,Processor_A,NGN,BANK_TRANSFER,BUSINESS
TXN103800,5000.0,FAILED,REF-00003800,2026-07-26,Merchant_B,Processor_B,NGN,BANK_TRANSFER,BUSINESS
TXN108202,100000.0,REFUNDED,REF-00008202,2026-07-07,Merchant_E,Processor_C,NGN,CARD,RETAIL
TXN107955,10000.0,SUCCESS,REF-00007955,2026-07-24,Merchant_E,Processor_C,NGN,CARD,RETAIL
TXN107492,5000.0,FAILED,REF-00007492,2026-07-30,Merchant_C,Processor_B,NGN,CARD,BUSINESS
TXN100277,15000.0,SUCCESS,REF-00000277,2026-07-17,Merchant_C,Processor_B,NGN,USSD,BUSINESS
TXN108906,15000.0,SUCCESS,REF-00008906,2026-07-09,Merchant_B,Processor_B,NGN,BANK_TRANSFER,BUSINESS
TXN109837,2500.0,SUCCESS,REF-00009837,2026-07-12,Merchant_A,Processor_B,NGN,BANK_TRANSFER,RETAIL
TXN107527,10000.0,FAILED,REF-00007527,2026-07-05,Merchant_D,Processor_C,NGN,BANK_TRANSFER,RETAIL
TXN104866,5000.0,SUCCESS,REF-00004866,2026-07-27,Merchant_D,Processor_B,NGN,MOBILE_MONEY,BUSINESS
TXN107338,15000.0,SUCCESS,REF-00007338,2026-07-28,Merchant_B,Processor_B,NGN,USSD,BUSINESS
TXN108812,50000.0,SUCCESS,REF-00008812,2026-07-05,Merchant_C,Processor_C,NGN,MOBILE_MONEY,RETAIL
TXN104622,1500.0,SUCCESS,REF-00004622,2026-07-26,Merchant_D,Processor_C,NGN,USSD,BUSINESS
TXN100223,5000.0,SUCCESS,REF-00000223,2026-07-21,Merchant_A,Processor_C,NGN,BANK_TRANSFER,BUSINESS
TXN102146,7500.0,SUCCESS,REF-00002146,2026-07-18,Merchant_A,Processor_C,NGN,BANK_TRANSFER,RETAIL
TXN107169,2500.0,SUCCESS,REF-00007169,2026-07-17,Merchant_C,Processor_B,NGN,MOBILE_MONEY,RETAIL
TXN103391,100000.0,SUCCESS,REF-00003391,2026-07-24,Merchant_A,Processor_C,NGN,BANK_TRANSFER,BUSINESS
TXN103309,7500.0,SUCCESS,REF-00003309,2026-07-30,Merchant_B,Processor_A,NGN,CARD,BUSINESS
TXN102756,7500.0,SUCCESS,REF-00002756,2026-07-18,Merchant_C,Processor_B,NGN,USSD,BUSINESS
TXN101259,10000.0,SUCCESS,REF-00001259,2026-07-08,Merchant_D,Processor_A,NGN,BANK_TRANSFER,RETAIL
TXN107540,2500.0,SUCCESS,REF-00007540,2026-07-24,Merchant_D,Processor_C,NGN,CARD,BUSINESS
TXN100017,10000.0,SUCCESS,REF-00000017,2026-07-08,Merchant_A,Processor_B,NGN,MOBILE_MONEY,RETAIL
TXN106534,1000.0,SUCCESS,REF-00006534,2026-07-04,Merchant_C,Processor_A,NGN,BANK_TRANSFER,RETAIL
TXN108892,250000.0,SUCCESS,REF-00008892,2026-07-11,Merchant_A,Processor_A,NGN,BANK_TRANSFER,BUSINESS
TXN102612,2500.0,SUCCESS,REF-00002612,2026-07-09,Merchant_C,Processor_C,NGN,USSD,RETAIL
TXN108159,25000.0,SUCCESS,REF-00008159,2026-07-17,Merchant_A,Processor_B,NGN,BANK_TRANSFER,BUSINESS
TXN101525,2500.0,SUCCESS,REF-00001525,2026-07-14,Merchant_E,Processor_B,NGN,USSD,BUSINESS
TXN102388,25000.0,REFUNDED,REF-00002388,2026-07-24,Merchant_D,Processor_C,NGN,MOBILE_MONEY,BUSINESS
TXN107013,2500.0,SUCCESS,REF-00007013,2026-07-31,Merchant_C,Processor_A,NGN,USSD,BUSINESS
TXN102919,5000.0,SUCCESS,REF-00002919,2026-07-15,Merchant_A,Processor_A,NGN,MOBILE_MONEY,BUSINESS
TXN108835,1000.0,FAILED,REF-00008835,2026-07-30,Merchant_D,Processor_A,NGN,BANK_TRANSFER,RETAIL
TXN101190,1000.0,SUCCESS,REF-00001190,2026-07-01,Merchant_E,Processor_A,NGN,CARD,RETAIL
TXN104992,5000.0,SUCCESS,REF-00004992,2026-07-19,Merchant_B,Processor_C,NGN,MOBILE_MONEY,BUSINESS
TXN100674,7500.0,SUCCESS,REF-00000674,2026-07-13,Merchant_E,Processor_A,NGN,BANK_TRANSFER,RETAIL
TXN101704,7500.0,SUCCESS,REF-00001704,2026-07-27,Merchant_B,Processor_A,NGN,MOBILE_MONEY,RETAIL
TXN102894,1500.0,SUCCESS,REF-00002894,2026-07-14,Merchant_C,Processor_A,NGN,BANK_TRANSFER,RETAIL
TXN107301,7500.0,SUCCESS,REF-00007301,2026-07-27,Merchant_C,Processor_C,NGN,BANK_TRANSFER,RETAIL
TXN109242,25000.0,SUCCESS,REF-00009242,2026-07-06,Merchant_A,Processor_B,NGN,CARD,BUSINESS
TXN109942,500.0,REFUNDED,REF-00009942,2026-07-22,Merchant_D,Processor_C,NGN,USSD,RETAIL
TXN105590,5000.0,SUCCESS,REF-00005590,2026-07-15,Merchant_D,Processor_C,NGN,CARD,BUSINESS
TXN102126,15000.0,SUCCESS,REF-00002126,2026-07-26,Merchant_C,Processor_C,NGN,MOBILE_MONEY,BUSINESS
TXN107921,25000.0,FAILED,REF-00007921,2026-07-25,Merchant_D,Processor_A,NGN,CARD,BUSINESS
TXN101717,25000.0,SUCCESS,REF-00001717,2026-07-08,Merchant_E,Processor_B,NGN,BANK_TRANSFER,RETAIL
TXN105060,100000.0,SUCCESS,REF-00005060,2026-07-25,Merchant_C,Processor_A,NGN,BANK_TRANSFER,RETAIL
TXN102452,10000.0,SUCCESS,REF-00002452,2026-07-31,Merchant_B,Processor_C,NGN,CARD,RETAIL
TXN105690,2500.0,SUCCESS,REF-00005690,2026-07-31,Merchant_B,Processor_A,NGN,MOBILE_MONEY,RETAIL
TXN108575,1000.0,SUCCESS,REF-00008575,2026-07-31,Merchant_D,Processor_A,NGN,USSD,RETAIL
TXN108784,10000.0,FAILED,REF-00008784,2026-07-31,Merchant_A,Processor_C,NGN,USSD,RETAIL
TXN106732,100000.0,SUCCESS,REF-00006732,2026-07-26,Merchant_A,Processor_C,NGN,BANK_TRANSFER,BUSINESS
TXN105836,100000.0,FAILED,REF-00005836,2026-07-05,Merchant_E,Processor_C,NGN,USSD,RETAIL
TXN105196,25000.0,SUCCESS,REF-00005196,2026-07-13,Merchant_A,Processor_A,NGN,USSD,RETAIL
TXN107435,100000.0,SUCCESS,REF-00007435,2026-07-20,Merchant_B,Processor_A,NGN,MOBILE_MONEY,RETAIL
TXN109988,500.0,SUCCESS,REF-00009988,2026-07-26,Merchant_A,Processor_C,NGN,USSD,BUSINESS
TXN103904,50000.0,SUCCESS,REF-00003904,2026-07-15,Merchant_D,Processor_C,NGN,CARD,BUSINESS
TXN102517,10000.0,REFUNDED,REF-00002517,2026-07-07,Merchant_D,Processor_B,NGN,MOBILE_MONEY,BUSINESS
TXN105693,15000.0,SUCCESS,REF-00005693,2026-07-17,Merchant_A,Processor_B,NGN,CARD,RETAIL
TXN100150,100000.0,FAILED,REF-00000150,2026-07-27,Merchant_A,Processor_B,NGN,BANK_TRANSFER,RETAIL
TXN107933,5000.0,SUCCESS,REF-00007933,2026-07-22,Merchant_D,Processor_B,NGN,MOBILE_MONEY,BUSINESS
TXN108160,250000.0,SUCCESS,REF-00008160,2026-07-10,Merchant_D,Processor_B,NGN,USSD,BUSINESS
TXN108673,2500.0,SUCCESS,REF-00008673,2026-07-13,Merchant_C,Processor_B,NGN,MOBILE_MONEY,BUSINESS
TXN108298,500.0,SUCCESS,REF-00008298,2026-07-11,Merchant_A,Processor_A,NGN,BANK_TRANSFER,BUSINESS
TXN106435,10000.0,SUCCESS,REF-00006435,2026-07-09,Merchant_D,Processor_B,NGN,CARD,BUSINESS
TXN108958,15000.0,SUCCESS,REF-00008958,2026-07-11,Merchant_A,Processor_C,NGN,BANK_TRANSFER,RETAIL
TXN106291,5000.0,SUCCESS,REF-00006291,2026-07-18,Merchant_A,Processor_A,NGN,MOBILE_MONEY,RETAIL
TXN107111,100000.0,SUCCESS,REF-00007111,2026-07-11,Merchant_E,Processor_B,NGN,CARD,RETAIL
TXN105120,5000.0,SUCCESS,REF-00005120,2026-07-05,Merchant_E,Processor_C,NGN,CARD,RETAIL
TXN107463,5000.0,SUCCESS,REF-00007463,2026-07-26,Merchant_C,Processor_A,NGN,MOBILE_MONEY,BUSINESS
TXN106853,25000.0,REFUNDED,REF-00006853,2026-07-31,Merchant_C,Processor_B,NGN,BANK_TRANSFER,RETAIL
TXN100273,100000.0,SUCCESS,REF-00000273,2026-07-30,Merchant_D,Processor_A,NGN,USSD,BUSINESS
TXN103842,10000.0,SUCCESS,REF-00003842,2026-07-07,Merchant_E,Processor_B,NGN,BANK_TRANSFER,BUSINESS
TXN108717,25000.0,SUCCESS,REF-00008717,2026-07-25,Merchant_E,Processor_B,NGN,USSD,BUSINESS
TXN107101,2500.0,SUCCESS,REF-00007101,2026-07-13,Merchant_D,Processor_A,NGN,BANK_TRANSFER,RETAIL
TXN105708,15000.0,SUCCESS,REF-00005708,2026-07-17,Merchant_A,Processor_A,NGN,MOBILE_MONEY,RETAIL
TXN102167,1500.0,SUCCESS,REF-00002167,2026-07-27,Merchant_A,Processor_A,NGN,BANK_TRANSFER,BUSINESS
TXN105356,1500.0,SUCCESS,REF-00005356,2026-07-18,Merchant_A,Processor_C,NGN,BANK_TRANSFER,RETAIL
TXN108451,1000.0,SUCCESS,REF-00008451,2026-07-28,Merchant_A,Processor_A,NGN,MOBILE_MONEY,RETAIL
TXN104491,25000.0,SUCCESS,REF-00004491,2026-07-08,Merchant_A,Processor_A,NGN,MOBILE_MONEY,BUSINESS
TXN104038,15000.0,SUCCESS,REF-00004038,2026-07-23,Merchant_C,Processor_B,NGN,CARD,RETAIL
TXN103187,5000.0,FAILED,REF-00003187,2026-07-18,Merchant_E,Processor_A,NGN,BANK_TRANSFER,RETAIL
TXN103368,2500.0,SUCCESS,REF-00003368,2026-07-07,Merchant_E,Processor_B,NGN,MOBILE_MONEY,RETAIL
TXN101995,15000.0,SUCCESS,REF-00001995,2026-07-31,Merchant_D,Processor_B,NGN,MOBILE_MONEY,BUSINESS
TXN103587,25000.0,SUCCESS,REF-00003587,2026-07-15,Merchant_C,Processor_B,NGN,CARD,RETAIL
TXN102707,2500.0,SUCCESS,REF-00002707,2026-07-25,Merchant_D,Processor_A,NGN,MOBILE_MONEY,RETAIL
TXN104533,5000.0,SUCCESS,REF-00004533,2026-07-17,Merchant_A,Processor_C,NGN,CARD,RETAIL
TXN100598,2500.0,SUCCESS,REF-00000598,2026-07-21,Merchant_A,Processor_B,NGN,MOBILE_MONEY,RETAIL
TXN107563,25000.0,SUCCESS,REF-00007563,2026-07-03,Merchant_B,Processor_C,NGN,CARD,BUSINESS
TXN106014,7500.0,SUCCESS,REF-00006014,2026-07-15,Merchant_A,Processor_B,NGN,BANK_TRANSFER,BUSINESS
TXN107069,1500.0,SUCCESS,REF-00007069,2026-07-16,Merchant_C,Processor_C,NGN,MOBILE_MONEY,RETAIL
TXN103863,2500.0,FAILED,REF-00003863,2026-07-30,Merchant_D,Processor_A,NGN,MOBILE_MONEY,BUSINESS
TXN102594,1500.0,SUCCESS,REF-00002594,2026-07-30,Merchant_C,Processor_C,NGN,BANK_TRANSFER,RETAIL
TXN108819,5000.0,SUCCESS,REF-00008819,2026-07-02,Merchant_A,Processor_C,NGN,BANK_TRANSFER,BUSINESS
TXN108134,15000.0,SUCCESS,REF-00008134,2026-07-09,Merchant_A,Processor_B,NGN,BANK_TRANSFER,RETAIL
TXN101134,15000.0,SUCCESS,REF-00001134,2026-07-31,Merchant_E,Processor_A,NGN,CARD,BUSINESS
TXN102731,10000.0,SUCCESS,REF-00002731,2026-07-18,Merchant_E,Processor_B,NGN,MOBILE_MONEY,RETAIL
TXN103242,10000.0,SUCCESS,REF-00003242,2026-07-30,Merchant_C,Processor_B,NGN,MOBILE_MONEY,RETAIL
TXN102539,25000.0,SUCCESS,REF-00002539,2026-07-22,Merchant_E,Processor_A,NGN,USSD,RETAIL
TXN103331,25000.0,SUCCESS,REF-00003331,2026-07-19,Merchant_E,Processor_A,NGN,USSD,BUSINESS
TXN107985,25000.0,SUCCESS,REF-00007985,2026-07-27,Merchant_E,Processor_C,NGN,MOBILE_MONEY,BUSINESS
TXN105919,10000.0,SUCCESS,REF-00005919,2026-07-06,Merchant_A,Processor_C,NGN,CARD,RETAIL
TXN103253,1000.0,SUCCESS,REF-00003253,2026-07-03,Merchant_C,Processor_C,NGN,CARD,RETAIL
TXN103497,100000.0,SUCCESS,REF-00003497,2026-07-15,Merchant_A,Processor_C,NGN,USSD,RETAIL
TXN102047,25000.0,REFUNDED,REF-00002047,2026-07-21,Merchant_B,Processor_B,NGN,USSD,BUSINESS
TXN105991,10000.0,SUCCESS,REF-00005991,2026-07-01,Merchant_D,Processor_B,NGN,USSD,RETAIL
TXN105500,10000.0,REFUNDED,REF-00005500,2026-07-03,Merchant_E,Processor_C,NGN,USSD,BUSINESS
TXN106553,500.0,REFUNDED,REF-00006553,2026-07-21,Merchant_C,Processor_C,NGN,USSD,BUSINESS
TXN104250,5000.0,SUCCESS,REF-00004250,2026-07-14,Merchant_E,Processor_A,NGN,BANK_TRANSFER,RETAIL
TXN103366,5000.0,SUCCESS,REF-00003366,2026-07-29,Merchant_D,Processor_A,NGN,MOBILE_MONEY,RETAIL
TXN109895,1000.0,SUCCESS,REF-00009895,2026-07-13,Merchant_C,Processor_C,NGN,MOBILE_MONEY,RETAIL
TXN102983,50000.0,FAILED,REF-00002983,2026-07-07,Merchant_E,Processor_A,NGN,USSD,BUSINESS
TXN108476,1000.0,SUCCESS,REF-00008476,2026-07-16,Merchant_B,Processor_B,NGN,MOBILE_MONEY,RETAIL
TXN103184,10000.0,SUCCESS,REF-00003184,2026-07-20,Merchant_C,Processor_A,NGN,MOBILE_MONEY,RETAIL
TXN103215,1000.0,SUCCESS,REF-00003215,2026-07-30,Merchant_D,Processor_C,NGN,BANK_TRANSFER,BUSINESS
TXN109960,10000.0,SUCCESS,REF-00009960,2026-07-13,Merchant_C,Processor_C,NGN,BANK_TRANSFER,BUSINESS
TXN101040,10000.0,SUCCESS,REF-00001040,2026-07-13,Merchant_A,Processor_B,NGN,CARD,RETAIL
TXN107192,10000.0,SUCCESS,REF-00007192,2026-07-10,Merchant_C,Processor_B,NGN,CARD,RETAIL
TXN108338,7500.0,SUCCESS,REF-00008338,2026-07-01,Merchant_A,Processor_A,NGN,USSD,BUSINESS
TXN101224,7500.0,SUCCESS,REF-00001224,2026-07-26,Merchant_C,Processor_C,NGN,CARD,BUSINESS
TXN108928,1500.0,SUCCESS,REF-00008928,2026-07-19,Merchant_D,Processor_A,NGN,USSD,RETAIL
TXN100967,5000.0,SUCCESS,REF-00000967,2026-07-13,Merchant_A,Processor_A,NGN,CARD,BUSINESS
TXN107414,10000.0,SUCCESS,REF-00007414,2026-07-29,Merchant_C,Processor_B,NGN,MOBILE_MONEY,BUSINESS
TXN103159,5000.0,SUCCESS,REF-00003159,2026-07-16,Merchant_B,Processor_B,NGN,MOBILE_MONEY,RETAIL
TXN109153,10000.0,SUCCESS,REF-00009153,2026-07-27,Merchant_A,Processor_C,NGN,CARD,RETAIL
TXN100456,500.0,SUCCESS,REF-00000456,2026-07-17,Merchant_A,Processor_A,NGN,MOBILE_MONEY,BUSINESS
TXN107945,1500.0,SUCCESS,REF-00007945,2026-07-20,Merchant_E,Processor_A,NGN,MOBILE_MONEY,RETAIL
TXN104745,1000.0,SUCCESS,REF-00004745,2026-07-31,Merchant_C,Processor_B,NGN,USSD,BUSINESS
TXN101909,1500.0,SUCCESS,REF-00001909,2026-07-25,Merchant_E,Processor_C,NGN,MOBILE_MONEY,BUSINESS
TXN106808,5000.0,SUCCESS,REF-00006808,2026-07-18,Merchant_D,Processor_C,NGN,CARD,BUSINESS
TXN107092,15000.0,REFUNDED,REF-00007092,2026-07-12,Merchant_B,Processor_A,NGN,MOBILE_MONEY,BUSINESS
TXN108486,1000.0,SUCCESS,REF-00008486,2026-07-07,Merchant_B,Processor_B,NGN,USSD,BUSINESS
TXN106271,100000.0,SUCCESS,REF-00006271,2026-07-15,Merchant_A,Processor_B,NGN,CARD,RETAIL
TXN105363,25000.0,SUCCESS,REF-00005363,2026-07-21,Merchant_B,Processor_C,NGN,USSD,RETAIL
TXN106259,2500.0,SUCCESS,REF-00006259,2026-07-09,Merchant_E,Processor_A,NGN,MOBILE_MONEY,BUSINESS
TXN105465,10000.0,SUCCESS,REF-00005465,2026-07-31,Merchant_B,Processor_C,NGN,MOBILE_MONEY,BUSINESS
TXN102701,250000.0,SUCCESS,REF-00002701,2026-07-05,Merchant_C,Processor_B,NGN,MOBILE_MONEY,RETAIL
TXN105011,25000.0,SUCCESS,REF-00005011,2026-07-14,Merchant_B,Processor_C,NGN,BANK_TRANSFER,RETAIL
TXN102673,2500.0,SUCCESS,REF-00002673,2026-07-28,Merchant_B,Processor_C,NGN,USSD,RETAIL
TXN105971,2500.0,SUCCESS,REF-00005971,2026-07-16,Merchant_B,Processor_C,NGN,CARD,RETAIL
TXN104292,10000.0,SUCCESS,REF-00004292,2026-07-19,Merchant_B,Processor_A,NGN,MOBILE_MONEY,BUSINESS
TXN101748,25000.0,SUCCESS,REF-00001748,2026-07-28,Merchant_A,Processor_A,NGN,BANK_TRANSFER,BUSINESS
TXN107767,5000.0,SUCCESS,REF-00007767,2026-07-20,Merchant_E,Processor_C,NGN,BANK_TRANSFER,RETAIL
TXN109586,1500.0,SUCCESS,REF-00009586,2026-07-08,Merchant_C,Processor_A,NGN,USSD,BUSINESS
TXN104806,1000.0,SUCCESS,REF-00004806,2026-07-09,Merchant_A,Processor_A,NGN,MOBILE_MONEY,BUSINESS
TXN106804,7500.0,FAILED,REF-00006804,2026-07-19,Merchant_B,Processor_A,NGN,USSD,RETAIL
TXN107514,15000.0,SUCCESS,REF-00007514,2026-07-12,Merchant_E,Processor_C,NGN,MOBILE_MONEY,BUSINESS
TXN108113,15000.0,SUCCESS,REF-00008113,2026-07-22,Merchant_C,Processor_B,NGN,MOBILE_MONEY,BUSINESS
TXN107818,100000.0,SUCCESS,REF-00007818,2026-07-27,Merchant_D,Processor_C,NGN,MOBILE_MONEY,BUSINESS
TXN105796,1500.0,SUCCESS,REF-00005796,2026-07-19,Merchant_E,Processor_A,NGN,BANK_TRANSFER,RETAIL
TXN104742,500.0,SUCCESS,REF-00004742,2026-07-17,Merchant_D,Processor_B,NGN,USSD,RETAIL
TXN108186,2500.0,SUCCESS,REF-00008186,2026-07-14,Merchant_C,Processor_C,NGN,USSD,BUSINESS
TXN105618,10000.0,REFUNDED,REF-00005618,2026-07-05,Merchant_A,Processor_B,NGN,USSD,RETAIL
TXN100054,15000.0,SUCCESS,REF-00000054,2026-07-25,Merchant_E,Processor_A,NGN,CARD,RETAIL
TXN106340,2500.0,SUCCESS,REF-00006340,2026-07-28,Merchant_E,Processor_C,NGN,CARD,BUSINESS
TXN107491,7500.0,SUCCESS,REF-00007491,2026-07-16,Merchant_D,Processor_B,NGN,BANK_TRANSFER,RETAIL
TXN105594,5000.0,SUCCESS,REF-00005594,2026-07-03,Merchant_C,Processor_C,NGN,BANK_TRANSFER,RETAIL
TXN106497,500.0,SUCCESS,REF-00006497,2026-07-17,Merchant_C,Processor_C,NGN,BANK_TRANSFER,BUSINESS
TXN107546,25000.0,SUCCESS,REF-00007546,2026-07-29,Merchant_A,Processor_A,NGN,USSD,BUSINESS
TXN109686,5000.0,SUCCESS,REF-00009686,2026-07-16,Merchant_D,Processor_B,NGN,USSD,RETAIL
TXN105214,7500.0,SUCCESS,REF-00005214,2026-07-20,Merchant_C,Processor_C,NGN,MOBILE_MONEY,RETAIL
TXN105437,50000.0,SUCCESS,REF-00005437,2026-07-08,Merchant_B,Processor_A,NGN,USSD,BUSINESS
TXN105499,15000.0,SUCCESS,REF-00005499,2026-07-17,Merchant_D,Processor_C,NGN,BANK_TRANSFER,BUSINESS
TXN106594,25000.0,SUCCESS,REF-00006594,2026-07-13,Merchant_E,Processor_A,NGN,BANK_TRANSFER,BUSINESS
TXN104008,15000.0,SUCCESS,REF-00004008,2026-07-08,Merchant_C,Processor_B,NGN,MOBILE_MONEY,RETAIL
TXN109133,2500.0,SUCCESS,REF-00009133,2026-07-16,Merchant_D,Processor_A,NGN,CARD,RETAIL
TXN104874,5000.0,SUCCESS,REF-00004874,2026-07-16,Merchant_B,Processor_C,NGN,USSD,BUSINESS
TXN106907,50000.0,SUCCESS,REF-00006907,2026-07-31,Merchant_D,Processor_C,NGN,USSD,BUSINESS
TXN104422,15000.0,SUCCESS,REF-00004422,2026-07-08,Merchant_A,Processor_A,NGN,CARD,RETAIL
TXN106532,100000.0,SUCCESS,REF-00006532,2026-07-15,Merchant_A,Processor_A,NGN,BANK_TRANSFER,RETAIL
TXN100228,100000.0,SUCCESS,REF-00000228,2026-07-12,Merchant_D,Processor_B,NGN,BANK_TRANSFER,BUSINESS
TXN108389,1000.0,SUCCESS,REF-00008389,2026-07-18,Merchant_B,Processor_A,NGN,BANK_TRANSFER,RETAIL
TXN109359,15000.0,SUCCESS,REF-00009359,2026-07-06,Merchant_B,Processor_B,NGN,USSD,RETAIL
TXN104673,1000.0,SUCCESS,REF-00004673,2026-07-05,Merchant_C,Processor_A,NGN,CARD,RETAIL
TXN101338,1000.0,SUCCESS,REF-00001338,2026-07-17,Merchant_D,Processor_B,NGN,CARD,BUSINESS
TXN100971,100000.0,FAILED,REF-00000971,2026-07-13,Merchant_B,Processor_C,NGN,BANK_TRANSFER,BUSINESS
TXN108444,1500.0,SUCCESS,REF-00008444,2026-07-07,Merchant_D,Processor_A,NGN,USSD,RETAIL
TXN103706,25000.0,SUCCESS,REF-00003706,2026-07-03,Merchant_C,Processor_A,NGN,CARD,BUSINESS
TXN105213,25000.0,SUCCESS,REF-00005213,2026-07-22,Merchant_C,Processor_B,NGN,USSD,BUSINESS
TXN100886,15000.0,SUCCESS,REF-00000886,2026-07-07,Merchant_D,Processor_A,NGN,MOBILE_MONEY,BUSINESS
TXN107282,1500.0,SUCCESS,REF-00007282,2026-07-26,Merchant_D,Processor_A,NGN,BANK_TRANSFER,RETAIL
TXN102418,500.0,SUCCESS,REF-00002418,2026-07-14,Merchant_C,Processor_C,NGN,BANK_TRANSFER,BUSINESS
TXN103584,7500.0,SUCCESS,REF-00003584,2026-07-17,Merchant_D,Processor_B,NGN,MOBILE_MONEY,BUSINESS
TXN100618,50000.0,SUCCESS,REF-00000618,2026-07-01,Merchant_A,Processor_A,NGN,CARD,RETAIL
TXN109031,25000.0,SUCCESS,REF-00009031,2026-07-30,Merchant_E,Processor_C,NGN,BANK_TRANSFER,RETAIL
TXN106965,1500.0,SUCCESS,REF-00006965,2026-07-24,Merchant_B,Processor_B,NGN,CARD,BUSINESS
TXN107888,5000.0,SUCCESS,REF-00007888,2026-07-28,Merchant_A,Processor_B,NGN,BANK_TRANSFER,BUSINESS
TXN102216,50000.0,SUCCESS,REF-00002216,2026-07-13,Merchant_D,Processor_C,NGN,MOBILE_MONEY,BUSINESS
TXN104557,15000.0,SUCCESS,REF-00004557,2026-07-07,Merchant_D,Processor_C,NGN,MOBILE_MONEY,RETAIL
TXN106557,1000.0,SUCCESS,REF-00006557,2026-07-28,Merchant_E,Processor_A,NGN,CARD,BUSINESS
TXN108037,50000.0,SUCCESS,REF-00008037,2026-07-20,Merchant_B,Processor_A,NGN,BANK_TRANSFER,RETAIL
TXN101432,10000.0,REFUNDED,REF-00001432,2026-07-23,Merchant_B,Processor_B,NGN,BANK_TRANSFER,RETAIL
TXN106462,100000.0,SUCCESS,REF-00006462,2026-07-23,Merchant_E,Processor_B,NGN,USSD,RETAIL
TXN100103,10000.0,SUCCESS,REF-00000103,2026-07-30,Merchant_D,Processor_B,NGN,USSD,BUSINESS
TXN105070,10000.0,FAILED,REF-00005070,2026-07-02,Merchant_A,Processor_B,NGN,BANK_TRANSFER,BUSINESS
TXN100527,5000.0,SUCCESS,REF-00000527,2026-07-13,Merchant_A,Processor_A,NGN,CARD,BUSINESS
TXN107132,15000.0,SUCCESS,REF-00007132,2026-07-06,Merchant_B,Processor_B,NGN,MOBILE_MONEY,RETAIL
TXN106236,15000.0,SUCCESS,REF-00006236,2026-07-02,Merchant_A,Processor_C,NGN,BANK_TRANSFER,RETAIL
TXN109064,10000.0,SUCCESS,REF-00009064,2026-07-13,Merchant_A,Processor_A,NGN,USSD,BUSINESS
TXN108864,500.0,SUCCESS,REF-00008864,2026-07-29,Merchant_C,Processor_C,NGN,MOBILE_MONEY,BUSINESS
TXN101114,15000.0,SUCCESS,REF-00001114,2026-07-28,Merchant_B,Processor_A,NGN,CARD,RETAIL
TXN104067,250000.0,SUCCESS,REF-00004067,2026-07-10,Merchant_C,Processor_B,NGN,BANK_TRANSFER,BUSINESS
TXN103976,5000.0,SUCCESS,REF-00003976,2026-07-02,Merchant_C,Processor_A,NGN,BANK_TRANSFER,BUSINESS
TXN101018,100000.0,SUCCESS,REF-00001018,2026-07-17,Merchant_A,Processor_C,NGN,MOBILE_MONEY,RETAIL
TXN101420,5000.0,SUCCESS,REF-00001420,2026-07-10,Merchant_B,Processor_A,NGN,MOBILE_MONEY,RETAIL
TXN104891,1000.0,SUCCESS,REF-00004891,2026-07-03,Merchant_C,Processor_A,NGN,USSD,BUSINESS
TXN103506,250000.0,SUCCESS,REF-00003506,2026-07-05,Merchant_E,Processor_B,NGN,CARD,RETAIL
TXN104001,50000.0,SUCCESS,REF-00004001,2026-07-31,Merchant_C,Processor_C,NGN,MOBILE_MONEY,RETAIL
TXN105943,100000.0,SUCCESS,REF-00005943,2026-07-22,Merchant_A,Processor_C,NGN,CARD,BUSINESS
TXN109525,7500.0,SUCCESS,REF-00009525,2026-07-12,Merchant_C,Processor_B,NGN,CARD,RETAIL
TXN101831,15000.0,SUCCESS,REF-00001831,2026-07-31,Merchant_D,Processor_C,NGN,BANK_TRANSFER,BUSINESS
TXN109619,2500.0,SUCCESS,REF-00009619,2026-07-12,Merchant_E,Processor_C,NGN,MOBILE_MONEY,RETAIL
TXN107138,15000.0,SUCCESS,REF-00007138,2026-07-09,Merchant_A,Processor_B,NGN,MOBILE_MONEY,BUSINESS
TXN102257,7500.0,SUCCESS,REF-00002257,2026-07-18,Merchant_C,Processor_A,NGN,USSD,RETAIL
TXN105267,7500.0,SUCCESS,REF-00005267,2026-07-09,Merchant_E,Processor_A,NGN,BANK_TRANSFER,RETAIL
TXN104979,500.0,SUCCESS,REF-00004979,2026-07-27,Merchant_C,Processor_C,NGN,MOBILE_MONEY,RETAIL
TXN101765,5000.0,SUCCESS,REF-00001765,2026-07-05,Merchant_E,Processor_A,NGN,MOBILE_MONEY,BUSINESS
TXN109734,25000.0,SUCCESS,REF-00009734,2026-07-31,Merchant_E,Processor_C,NGN,USSD,RETAIL
TXN102936,25000.0,SUCCESS,REF-00002936,2026-07-21,Merchant_B,Processor_B,NGN,USSD,RETAIL
TXN108008,25000.0,SUCCESS,REF-00008008,2026-07-09,Merchant_D,Processor_A,NGN,CARD,RETAIL
TXN100918,25000.0,SUCCESS,REF-00000918,2026-07-20,Merchant_A,Processor_C,NGN,BANK_TRANSFER,RETAIL
TXN102051,10000.0,SUCCESS,REF-00002051,2026-07-24,Merchant_E,Processor_C,NGN,CARD,BUSINESS
TXN108521,7500.0,SUCCESS,REF-00008521,2026-07-15,Merchant_A,Processor_B,NGN,USSD,RETAIL
TXN105095,7500.0,SUCCESS,REF-00005095,2026-07-24,Merchant_A,Processor_A,NGN,MOBILE_MONEY,RETAIL
TXN109605,25000.0,SUCCESS,REF-00009605,2026-07-13,Merchant_E,Processor_B,NGN,MOBILE_MONEY,RETAIL
TXN104152,25000.0,SUCCESS,REF-00004152,2026-07-09,Merchant_C,Processor_A,NGN,USSD,RETAIL
TXN109000,100000.0,SUCCESS,REF-00009000,2026-07-08,Merchant_A,Processor_C,NGN,CARD,BUSINESS
TXN106267,1000.0,SUCCESS,REF-00006267,2026-07-22,Merchant_B,Processor_B,NGN,CARD,RETAIL
TXN102419,5000.0,SUCCESS,REF-00002419,2026-07-15,Merchant_E,Processor_C,NGN,USSD,BUSINESS
TXN101212,1500.0,SUCCESS,REF-00001212,2026-07-24,Merchant_A,Processor_A,NGN,MOBILE_MONEY,BUSINESS
TXN106471,50000.0,SUCCESS,REF-00006471,2026-07-22,Merchant_C,Processor_B,NGN,BANK_TRANSFER,BUSINESS
TXN102456,7500.0,SUCCESS,REF-00002456,2026-07-25,Merchant_D,Processor_B,NGN,CARD,RETAIL
TXN108988,50000.0,SUCCESS,REF-00008988,2026-07-01,Merchant_E,Processor_A,NGN,BANK_TRANSFER,BUSINESS
TXN109926,7500.0,REFUNDED,REF-00009926,2026-07-29,Merchant_C,Processor_C,NGN,MOBILE_MONEY,RETAIL
TXN103371,15000.0,SUCCESS,REF-00003371,2026-07-22,Merchant_D,Processor_C,NGN,USSD,BUSINESS
TXN108811,7500.0,REFUNDED,REF-00008811,2026-07-20,Merchant_B,Processor_C,NGN,CARD,RETAIL
TXN103846,250000.0,SUCCESS,REF-00003846,2026-07-24,Merchant_E,Processor_C,NGN,CARD,RETAIL
TXN100085,5000.0,SUCCESS,REF-00000085,2026-07-04,Merchant_B,Processor_B,NGN,MOBILE_MONEY,RETAIL
TXN103221,1500.0,REFUNDED,REF-00003221,2026-07-06,Merchant_A,Processor_B,NGN,USSD,BUSINESS
TXN109347,50000.0,SUCCESS,REF-00009347,2026-07-06,Merchant_C,Processor_A,NGN,CARD,RETAIL
TXN108558,25000.0,SUCCESS,REF-00008558,2026-07-07,Merchant_A,Processor_C,NGN,MOBILE_MONEY,BUSINESS
TXN103757,5000.0,SUCCESS,REF-00003757,2026-07-26,Merchant_A,Processor_A,NGN,CARD,RETAIL
TXN106512,50000.0,SUCCESS,REF-00006512,2026-07-03,Merchant_A,Processor_C,NGN,BANK_TRANSFER,RETAIL
TXN101300,500.0,SUCCESS,REF-00001300,2026-07-08,Merchant_E,Processor_A,NGN,CARD,RETAIL
TXN102863,10000.0,SUCCESS,REF-00002863,2026-07-13,Merchant_A,Processor_A,NGN,MOBILE_MONEY,BUSINESS
TXN101229,7500.0,SUCCESS,REF-00001229,2026-07-25,Merchant_D,Processor_C,NGN,BANK_TRANSFER,BUSINESS
TXN108978,15000.0,SUCCESS,REF-00008978,2026-07-27,Merchant_A,Processor_A,NGN,CARD,RETAIL
TXN109248,2500.0,REFUNDED,REF-00009248,2026-07-24,Merchant_B,Processor_B,NGN,CARD,RETAIL
TXN107671,10000.0,SUCCESS,REF-00007671,2026-07-10,Merchant_C,Processor_B,NGN,USSD,RETAIL
TXN109324,1500.0,SUCCESS,REF-00009324,2026-07-23,Merchant_A,Processor_A,NGN,USSD,RETAIL
TXN108216,10000.0,SUCCESS,REF-00008216,2026-07-25,Merchant_B,Processor_B,NGN,CARD,RETAIL
TXN104824,10000.0,SUCCESS,REF-00004824,2026-07-06,Merchant_E,Processor_A,NGN,BANK_TRANSFER,RETAIL
TXN101721,1500.0,SUCCESS,REF-00001721,2026-07-14,Merchant_C,Processor_B,NGN,USSD,BUSINESS
TXN101221,1500.0,SUCCESS,REF-00001221,2026-07-28,Merchant_E,Processor_A,NGN,USSD,RETAIL
TXN100152,1500.0,SUCCESS,REF-00000152,2026-07-10,Merchant_E,Processor_C,NGN,USSD,BUSINESS
TXN100670,1500.0,FAILED,REF-00000670,2026-07-26,Merchant_B,Processor_A,NGN,MOBILE_MONEY,BUSINESS
TXN102661,100000.0,SUCCESS,REF-00002661,2026-07-14,Merchant_D,Processor_B,NGN,CARD,RETAIL
TXN105678,25000.0,FAILED,REF-00005678,2026-07-22,Merchant_C,Processor_C,NGN,BANK_TRANSFER,RETAIL
TXN107005,5000.0,SUCCESS,REF-00007005,2026-07-26,Merchant_A,Processor_C,NGN,BANK_TRANSFER,BUSINESS
TXN109585,50000.0,SUCCESS,REF-00009585,2026-07-26,Merchant_C,Processor_B,NGN,CARD,BUSINESS
TXN104320,10000.0,SUCCESS,REF-00004320,2026-07-04,Merchant_B,Processor_A,NGN,USSD,BUSINESS
TXN100921,10000.0,SUCCESS,REF-00000921,2026-07-15,Merchant_D,Processor_A,NGN,BANK_TRANSFER,RETAIL
TXN102048,10000.0,SUCCESS,REF-00002048,2026-07-12,Merchant_E,Processor_C,NGN,MOBILE_MONEY,RETAIL
TXN108693,500.0,SUCCESS,REF-00008693,2026-07-31,Merchant_C,Processor_B,NGN,MOBILE_MONEY,BUSINESS
TXN104558,100000.0,SUCCESS,REF-00004558,2026-07-28,Merchant_E,Processor_A,NGN,BANK_TRANSFER,BUSINESS
TXN107622,1500.0,FAILED,REF-00007622,2026-07-25,Merchant_D,Processor_C,NGN,MOBILE_MONEY,RETAIL
TXN104757,25000.0,SUCCESS,REF-00004757,2026-07-29,Merchant_B,Processor_B,NGN,CARD,BUSINESS
TXN108251,250000.0,SUCCESS,REF-00008251,2026-07-23,Merchant_E,Processor_B,NGN,MOBILE_MONEY,RETAIL
TXN109315,1000.0,REFUNDED,REF-00009315,2026-07-16,Merchant_B,Processor_A,NGN,MOBILE_MONEY,RETAIL
TXN109115,10000.0,SUCCESS,REF-00009115,2026-07-11,Merchant_A,Processor_B,NGN,BANK_TRANSFER,BUSINESS
TXN105792,250000.0,SUCCESS,REF-00005792,2026-07-13,Merchant_E,Processor_C,NGN,MOBILE_MONEY,RETAIL
TXN100901,500.0,SUCCESS,REF-00000901,2026-07-06,Merchant_E,Processor_C,NGN,BANK_TRANSFER,RETAIL
TXN100455,10000.0,SUCCESS,REF-00000455,2026-07-03,Merchant_B,Processor_B,NGN,USSD,BUSINESS
TXN101132,1000.0,SUCCESS,REF-00001132,2026-07-23,Merchant_E,Processor_C,NGN,USSD,RETAIL
TXN108698,10000.0,SUCCESS,REF-00008698,2026-07-13,Merchant_A,Processor_A,NGN,MOBILE_MONEY,RETAIL
TXN106490,15000.0,SUCCESS,REF-00006490,2026-07-30,Merchant_D,Processor_A,NGN,USSD,BUSINESS
TXN103161,500.0,SUCCESS,REF-00003161,2026-07-17,Merchant_E,Processor_A,NGN,BANK_TRANSFER,RETAIL
TXN106762,1500.0,SUCCESS,REF-00006762,2026-07-30,Merchant_C,Processor_A,NGN,USSD,RETAIL
TXN101163,25000.0,SUCCESS,REF-00001163,2026-07-05,Merchant_B,Processor_C,NGN,CARD,RETAIL
TXN100079,1000.0,REFUNDED,REF-00000079,2026-07-29,Merchant_C,Processor_C,NGN,USSD,BUSINESS
TXN105243,100000.0,REFUNDED,REF-00005243,2026-07-02,Merchant_B,Processor_B,NGN,USSD,RETAIL
TXN105687,100000.0,SUCCESS,REF-00005687,2026-07-10,Merchant_C,Processor_B,NGN,BANK_TRANSFER,BUSINESS
TXN102606,1000.0,SUCCESS,REF-00002606,2026-07-20,Merchant_C,Processor_A,NGN,USSD,RETAIL
TXN108877,5000.0,REFUNDED,REF-00008877,2026-07-17,Merchant_E,Processor_C,NGN,MOBILE_MONEY,BUSINESS
TXN102977,500.0,SUCCESS,REF-00002977,2026-07-31,Merchant_A,Processor_C,NGN,CARD,BUSINESS
TXN100140,250000.0,SUCCESS,REF-00000140,2026-07-08,Merchant_E,Processor_B,NGN,USSD,RETAIL
TXN103870,7500.0,SUCCESS,REF-00003870,2026-07-07,Merchant_B,Processor_C,NGN,USSD,BUSINESS
TXN106248,25000.0,SUCCESS,REF-00006248,2026-07-11,Merchant_E,Processor_B,NGN,MOBILE_MONEY,RETAIL
TXN107283,15000.0,SUCCESS,REF-00007283,2026-07-14,Merchant_D,Processor_B,NGN,CARD,RETAIL
TXN109688,5000.0,SUCCESS,REF-00009688,2026-07-27,Merchant_C,Processor_C,NGN,CARD,BUSINESS
TXN100589,1500.0,SUCCESS,REF-00000589,2026-07-24,Merchant_A,Processor_C,NGN,USSD,RETAIL
TXN100286,7500.0,SUCCESS,REF-00000286,2026-07-28,Merchant_B,Processor_B,NGN,BANK_TRANSFER,BUSINESS
TXN106281,10000.0,SUCCESS,REF-00006281,2026-07-30,Merchant_B,Processor_B,NGN,CARD,RETAIL
TXN108131,15000.0,SUCCESS,REF-00008131,2026-07-11,Merchant_E,Processor_C,NGN,CARD,BUSINESS
TXN109413,1000.0,SUCCESS,REF-00009413,2026-07-20,Merchant_C,Processor_A,NGN,BANK_TRANSFER,BUSINESS
TXN105067,5000.0,SUCCESS,REF-00005067,2026-07-19,Merchant_A,Processor_B,NGN,CARD,RETAIL
TXN105695,5000.0,SUCCESS,REF-00005695,2026-07-10,Merchant_B,Processor_A,NGN,CARD,RETAIL
TXN104052,50000.0,SUCCESS,REF-00004052,2026-07-28,Merchant_B,Processor_B,NGN,BANK_TRANSFER,RETAIL
TXN107906,1500.0,SUCCESS,REF-00007906,2026-07-11,Merchant_C,Processor_C,NGN,USSD,RETAIL
TXN105200,5000.0,SUCCESS,REF-00005200,2026-07-02,Merchant_A,Processor_B,NGN,BANK_TRANSFER,BUSINESS
TXN105518,1000.0,SUCCESS,REF-00005518,2026-07-21,Merchant_D,Processor_C,NGN,MOBILE_MONEY,RETAIL
TXN108537,100000.0,FAILED,REF-00008537,2026-07-19,Merchant_C,Processor_A,NGN,MOBILE_MONEY,BUSINESS
TXN104964,10000.0,SUCCESS,REF-00004964,2026-07-26,Merchant_C,Processor_B,NGN,USSD,BUSINESS
TXN103404,25000.0,SUCCESS,REF-00003404,2026-07-13,Merchant_A,Processor_C,NGN,MOBILE_MONEY,RETAIL
TXN104522,100000.0,SUCCESS,REF-00004522,2026-07-30,Merchant_A,Processor_B,NGN,MOBILE_MONEY,RETAIL
TXN104220,5000.0,SUCCESS,REF-00004220,2026-07-21,Merchant_C,Processor_B,NGN,CARD,BUSINESS
TXN100836,100000.0,SUCCESS,REF-00000836,2026-07-09,Merchant_C,Processor_A,NGN,CARD,BUSINESS
TXN106264,50000.0,SUCCESS,REF-00006264,2026-07-07,Merchant_C,Processor_C,NGN,USSD,RETAIL
TXN104010,500.0,SUCCESS,REF-00004010,2026-07-15,Merchant_E,Processor_B,NGN,MOBILE_MONEY,RETAIL
TXN109936,10000.0,SUCCESS,REF-00009936,2026-07-11,Merchant_E,Processor_A,NGN,MOBILE_MONEY,BUSINESS
TXN109268,1500.0,SUCCESS,REF-00009268,2026-07-10,Merchant_D,Processor_A,NGN,BANK_TRANSFER,RETAIL
TXN106779,1000.0,SUCCESS,REF-00006779,2026-07-20,Merchant_B,Processor_B,NGN,CARD,BUSINESS
TXN103023,5000.0,SUCCESS,REF-00003023,2026-07-16,Merchant_E,Processor_C,NGN,BANK_TRANSFER,BUSINESS
TXN104999,15000.0,SUCCESS,REF-00004999,2026-07-17,Merchant_E,Processor_A,NGN,MOBILE_MONEY,BUSINESS
TXN109211,100000.0,SUCCESS,REF-00009211,2026-07-24,Merchant_A,Processor_A,NGN,USSD,RETAIL
TXN107920,15000.0,SUCCESS,REF-00007920,2026-07-10,Merchant_E,Processor_B,NGN,MOBILE_MONEY,BUSINESS
TXN109631,25000.0,SUCCESS,REF-00009631,2026-07-28,Merchant_E,Processor_B,NGN,USSD,RETAIL
TXN103962,500.0,FAILED,REF-00003962,2026-07-17,Merchant_D,Processor_B,NGN,USSD,RETAIL
TXN108857,1000.0,REFUNDED,REF-00008857,2026-07-28,Merchant_E,Processor_B,NGN,BANK_TRANSFER,BUSINESS
TXN106789,10000.0,REFUNDED,REF-00006789,2026-07-31,Merchant_A,Processor_B,NGN,MOBILE_MONEY,BUSINESS
TXN101188,5000.0,SUCCESS,REF-00001188,2026-07-26,Merchant_E,Processor_B,NGN,BANK_TRANSFER,RETAIL
TXN109358,50000.0,SUCCESS,REF-00009358,2026-07-18,Merchant_E,Processor_C,NGN,MOBILE_MONEY,RETAIL
TXN106923,10000.0,SUCCESS,REF-00006923,2026-07-12,Merchant_D,Processor_A,NGN,USSD,RETAIL
TXN103455,1500.0,SUCCESS,REF-00003455,2026-07-23,Merchant_D,Processor_B,NGN,CARD,RETAIL
TXN100497,1000.0,SUCCESS,REF-00000497,2026-07-22,Merchant_B,Processor_A,NGN,MOBILE_MONEY,BUSINESS
TXN104205,10000.0,SUCCESS,REF-00004205,2026-07-20,Merchant_B,Processor_C,NGN,USSD,RETAIL
TXN105408,5000.0,SUCCESS,REF-00005408,2026-07-25,Merchant_D,Processor_B,NGN,CARD,RETAIL
TXN106782,10000.0,SUCCESS,REF-00006782,2026-07-17,Merchant_E,Processor_B,NGN,MOBILE_MONEY,RETAIL
TXN104033,250000.0,SUCCESS,REF-00004033,2026-07-20,Merchant_A,Processor_B,NGN,CARD,BUSINESS
TXN103579,10000.0,SUCCESS,REF-00003579,2026-07-03,Merchant_C,Processor_B,NGN,MOBILE_MONEY,RETAIL
TXN100820,50000.0,SUCCESS,REF-00000820,2026-07-11,Merchant_B,Processor_B,NGN,MOBILE_MONEY,RETAIL
TXN109916,1500.0,SUCCESS,REF-00009916,2026-07-08,Merchant_A,Processor_C,NGN,CARD,RETAIL
TXN100899,1000.0,SUCCESS,REF-00000899,2026-07-06,Merchant_A,Processor_B,NGN,BANK_TRANSFER,RETAIL
TXN104404,250000.0,SUCCESS,REF-00004404,2026-07-02,Merchant_A,Processor_A,NGN,CARD,RETAIL
TXN106002,100000.0,SUCCESS,REF-00006002,2026-07-10,Merchant_C,Processor_B,NGN,CARD,BUSINESS
TXN105728,1500.0,SUCCESS,REF-00005728,2026-07-07,Merchant_A,Processor_A,NGN,USSD,RETAIL
TXN105225,1000.0,SUCCESS,REF-00005225,2026-07-20,Merchant_D,Processor_A,NGN,CARD,BUSINESS
TXN108078,5000.0,SUCCESS,REF-00008078,2026-07-01,Merchant_D,Processor_A,NGN,MOBILE_MONEY,BUSINESS
TXN106678,10000.0,SUCCESS,REF-00006678,2026-07-18,Merchant_A,Processor_B,NGN,MOBILE_MONEY,RETAIL
TXN107576,10000.0,SUCCESS,REF-00007576,2026-07-24,Merchant_A,Processor_C,NGN,CARD,RETAIL
TXN105202,15000.0,SUCCESS,REF-00005202,2026-07-17,Merchant_D,Processor_C,NGN,USSD,BUSINESS
TXN108914,1000.0,SUCCESS,REF-00008914,2026-07-14,Merchant_B,Processor_B,NGN,MOBILE_MONEY,BUSINESS
TXN109549,250000.0,SUCCESS,REF-00009549,2026-07-10,Merchant_C,Processor_A,NGN,BANK_TRANSFER,BUSINESS
TXN102316,5000.0,SUCCESS,REF-00002316,2026-07-29,Merchant_A,Processor_C,NGN,CARD,BUSINESS
TXN103153,7500.0,SUCCESS,REF-00003153,2026-07-16,Merchant_A,Processor_B,NGN,BANK_TRANSFER,BUSINESS
TXN103558,1000.0,SUCCESS,REF-00003558,2026-07-23,Merchant_B,Processor_B,NGN,USSD,RETAIL
TXN105841,1500.0,FAILED,REF-00005841,2026-07-01,Merchant_C,Processor_B,NGN,BANK_TRANSFER,RETAIL
TXN105117,10000.0,FAILED,REF-00005117,2026-07-19,Merchant_C,Processor_A,NGN,CARD,RETAIL
TXN105624,1000.0,SUCCESS,REF-00005624,2026-07-25,Merchant_D,Processor_B,NGN,BANK_TRANSFER,BUSINESS
TXN104865,15000.0,SUCCESS,REF-00004865,2026-07-03,Merchant_A,Processor_C,NGN,MOBILE_MONEY,RETAIL
TXN104681,2500.0,SUCCESS,REF-00004681,2026-07-04,Merchant_C,Processor_B,NGN,BANK_TRANSFER,RETAIL
TXN101250,50000.0,SUCCESS,REF-00001250,2026-07-09,Merchant_E,Processor_B,NGN,USSD,BUSINESS
TXN104345,5000.0,SUCCESS,REF-00004345,2026-07-31,Merchant_B,Processor_B,NGN,USSD,RETAIL
TXN100192,100000.0,SUCCESS,REF-00000192,2026-07-26,Merchant_A,Processor_B,NGN,USSD,BUSINESS
TXN107080,5000.0,SUCCESS,REF-00007080,2026-07-31,Merchant_D,Processor_A,NGN,MOBILE_MONEY,BUSINESS
TXN109611,2500.0,SUCCESS,REF-00009611,2026-07-29,Merchant_A,Processor_B,NGN,USSD,BUSINESS
TXN103126,15000.0,SUCCESS,REF-00003126,2026-07-26,Merchant_B,Processor_C,NGN,MOBILE_MONEY,RETAIL
TXN103199,7500.0,SUCCESS,REF-00003199,2026-07-04,Merchant_A,Processor_A,NGN,USSD,BUSINESS
TXN105343,1500.0,SUCCESS,REF-00005343,2026-07-14,Merchant_D,Processor_B,NGN,USSD,RETAIL
TXN100650,1000.0,FAILED,REF-00000650,2026-07-16,Merchant_C,Processor_A,NGN,USSD,BUSINESS
TXN109385,100000.0,FAILED,REF-00009385,2026-07-23,Merchant_A,Processor_B,NGN,MOBILE_MONEY,RETAIL
TXN105918,5000.0,SUCCESS,REF-00005918,2026-07-10,Merchant_D,Processor_A,NGN,USSD,BUSINESS
TXN102744,15000.0,FAILED,REF-00002744,2026-07-05,Merchant_B,Processor_C,NGN,MOBILE_MONEY,RETAIL
TXN102386,5000.0,SUCCESS,REF-00002386,2026-07-17,Merchant_A,Processor_A,NGN,MOBILE_MONEY,BUSINESS
TXN109604,15000.0,REFUNDED,REF-00009604,2026-07-25,Merchant_C,Processor_C,NGN,MOBILE_MONEY,RETAIL
TXN101720,1500.0,SUCCESS,REF-00001720,2026-07-24,Merchant_A,Processor_B,NGN,BANK_TRANSFER,RETAIL
TXN104762,25000.0,SUCCESS,REF-00004762,2026-07-11,Merchant_C,Processor_C,NGN,USSD,RETAIL
TXN102535,50000.0,SUCCESS,REF-00002535,2026-07-16,Merchant_A,Processor_A,NGN,MOBILE_MONEY,BUSINESS
TXN104849,1000.0,SUCCESS,REF-00004849,2026-07-13,Merchant_E,Processor_A,NGN,BANK_TRANSFER,BUSINESS
TXN108233,15000.0,SUCCESS,REF-00008233,2026-07-30,Merchant_E,Processor_B,NGN,CARD,RETAIL
TXN105268,50000.0,SUCCESS,REF-00005268,2026-07-11,Merchant_C,Processor_A,NGN,MOBILE_MONEY,RETAIL
TXN104181,15000.0,SUCCESS,REF-00004181,2026-07-16,Merchant_C,Processor_A,NGN,MOBILE_MONEY,RETAIL
TXN100824,10000.0,SUCCESS,REF-00000824,2026-07-09,Merchant_B,Processor_C,NGN,USSD,BUSINESS
TXN103158,50000.0,FAILED,REF-00003158,2026-07-23,Merchant_B,Processor_A,NGN,MOBILE_MONEY,RETAIL
TXN108515,2500.0,SUCCESS,REF-00008515,2026-07-09,Merchant_E,Processor_C,NGN,CARD,BUSINESS
TXN102630,15000.0,SUCCESS,REF-00002630,2026-07-12,Merchant_D,Processor_B,NGN,MOBILE_MONEY,RETAIL
TXN107240,50000.0,SUCCESS,REF-00007240,2026-07-15,Merchant_E,Processor_B,NGN,MOBILE_MONEY,BUSINESS
TXN101671,100000.0,SUCCESS,REF-00001671,2026-07-17,Merchant_E,Processor_B,NGN,USSD,RETAIL
TXN106018,10000.0,REFUNDED,REF-00006018,2026-07-27,Merchant_C,Processor_C,NGN,MOBILE_MONEY,BUSINESS
TXN104163,5000.0,SUCCESS,REF-00004163,2026-07-21,Merchant_C,Processor_A,NGN,CARD,BUSINESS
TXN103752,5000.0,SUCCESS,REF-00003752,2026-07-22,Merchant_D,Processor_A,NGN,BANK_TRANSFER,RETAIL
TXN108461,100000.0,SUCCESS,REF-00008461,2026-07-19,Merchant_C,Processor_C,NGN,USSD,RETAIL
TXN107826,100000.0,SUCCESS,REF-00007826,2026-07-16,Merchant_C,Processor_A,NGN,BANK_TRANSFER,RETAIL
TXN104470,100000.0,FAILED,REF-00004470,2026-07-21,Merchant_D,Processor_A,NGN,CARD,RETAIL
TXN101330,10000.0,SUCCESS,REF-00001330,2026-07-06,Merchant_D,Processor_C,NGN,MOBILE_MONEY,RETAIL
TXN105541,15000.0,SUCCESS,REF-00005541,2026-07-02,Merchant_A,Processor_A,NGN,BANK_TRANSFER,BUSINESS
TXN109196,25000.0,SUCCESS,REF-00009196,2026-07-29,Merchant_D,Processor_B,NGN,USSD,BUSINESS
TXN105771,25000.0,SUCCESS,REF-00005771,2026-07-02,Merchant_D,Processor_A,NGN,BANK_TRANSFER,BUSINESS
TXN108651,7500.0,SUCCESS,REF-00008651,2026-07-25,Merchant_D,Processor_A,NGN,MOBILE_MONEY,RETAIL
TXN108183,250000.0,SUCCESS,REF-00008183,2026-07-19,Merchant_A,Processor_A,NGN,BANK_TRANSFER,BUSINESS
TXN104338,5000.0,SUCCESS,REF-00004338,2026-07-30,Merchant_C,Processor_B,NGN,CARD,RETAIL
TXN100469,250000.0,SUCCESS,REF-00000469,2026-07-24,Merchant_D,Processor_A,NGN,MOBILE_MONEY,BUSINESS
TXN101912,250000.0,SUCCESS,REF-00001912,2026-07-03,Merchant_E,Processor_C,NGN,MOBILE_MONEY,BUSINESS
TXN107002,50000.0,FAILED,REF-00007002,2026-07-31,Merchant_B,Processor_C,NGN,MOBILE_MONEY,RETAIL
TXN107979,25000.0,SUCCESS,REF-00007979,2026-07-06,Merchant_E,Processor_C,NGN,CARD,RETAIL
TXN104608,250000.0,SUCCESS,REF-00004608,2026-07-28,Merchant_B,Processor_B,NGN,USSD,RETAIL
TXN104716,15000.0,FAILED,REF-00004716,2026-07-15,Merchant_D,Processor_C,NGN,CARD,BUSINESS
TXN105767,1000.0,SUCCESS,REF-00005767,2026-07-14,Merchant_E,Processor_A,NGN,MOBILE_MONEY,BUSINESS
TXN105842,1000.0,SUCCESS,REF-00005842,2026-07-05,Merchant_A,Processor_C,NGN,MOBILE_MONEY,BUSINESS
TXN108125,500.0,SUCCESS,REF-00008125,2026-07-10,Merchant_C,Processor_C,NGN,BANK_TRANSFER,RETAIL
TXN101888,25000.0,SUCCESS,REF-00001888,2026-07-11,Merchant_E,Processor_C,NGN,CARD,BUSINESS
TXN106543,2500.0,SUCCESS,REF-00006543,2026-07-12,Merchant_B,Processor_B,NGN,USSD,BUSINESS
TXN100947,100000.0,FAILED,REF-00000947,2026-07-28,Merchant_D,Processor_B,NGN,MOBILE_MONEY,BUSINESS
TXN100303,15000.0,REFUNDED,REF-00000303,2026-07-24,Merchant_E,Processor_B,NGN,CARD,RETAIL
TXN103751,100000.0,SUCCESS,REF-00003751,2026-07-19,Merchant_D,Processor_B,NGN,MOBILE_MONEY,BUSINESS
TXN100722,1000.0,SUCCESS,REF-00000722,2026-07-30,Merchant_A,Processor_A,NGN,USSD,BUSINESS
TXN102521,1500.0,SUCCESS,REF-00002521,2026-07-12,Merchant_B,Processor_A,NGN,USSD,BUSINESS
TXN100675,250000.0,SUCCESS,REF-00000675,2026-07-04,Merchant_C,Processor_B,NGN,BANK_TRANSFER,BUSINESS
TXN102116,7500.0,SUCCESS,REF-00002116,2026-07-19,Merchant_E,Processor_B,NGN,BANK_TRANSFER,RETAIL
TXN105357,250000.0,FAILED,REF-00005357,2026-07-06,Merchant_E,Processor_B,NGN,BANK_TRANSFER,BUSINESS
TXN106171,15000.0,SUCCESS,REF-00006171,2026-07-24,Merchant_E,Processor_A,NGN,USSD,RETAIL
TXN103307,1000.0,FAILED,REF-00003307,2026-07-29,Merchant_A,Processor_B,NGN,CARD,BUSINESS
TXN101360,100000.0,SUCCESS,REF-00001360,2026-07-10,Merchant_B,Processor_C,NGN,CARD,RETAIL
TXN107855,7500.0,REFUNDED,REF-00007855,2026-07-02,Merchant_B,Processor_A,NGN,USSD,BUSINESS
TXN105228,1500.0,SUCCESS,REF-00005228,2026-07-16,Merchant_D,Processor_A,NGN,USSD,RETAIL
TXN109021,100000.0,FAILED,REF-00009021,2026-07-27,Merchant_E,Processor_C,NGN,CARD,BUSINESS
TXN106935,10000.0,SUCCESS,REF-00006935,2026-07-07,Merchant_B,Processor_C,NGN,MOBILE_MONEY,BUSINESS
TXN106308,10000.0,SUCCESS,REF-00006308,2026-07-24,Merchant_E,Processor_B,NGN,CARD,BUSINESS
TXN107284,2500.0,SUCCESS,REF-00007284,2026-07-20,Merchant_E,Processor_B,NGN,USSD,BUSINESS
TXN107554,15000.0,FAILED,REF-00007554,2026-07-09,Merchant_D,Processor_A,NGN,CARD,RETAIL
TXN105926,25000.0,SUCCESS,REF-00005926,2026-07-29,Merchant_A,Processor_A,NGN,CARD,RETAIL
TXN108175,5000.0,FAILED,REF-00008175,2026-07-04,Merchant_E,Processor_A,NGN,USSD,RETAIL
TXN103499,25000.0,SUCCESS,REF-00003499,2026-07-07,Merchant_D,Processor_B,NGN,MOBILE_MONEY,BUSINESS
TXN106968,15000.0,SUCCESS,REF-00006968,2026-07-30,Merchant_A,Processor_A,NGN,USSD,RETAIL
TXN101433,15000.0,SUCCESS,REF-00001433,2026-07-31,Merchant_A,Processor_A,NGN,BANK_TRANSFER,BUSINESS
TXN108297,15000.0,REFUNDED,REF-00008297,2026-07-27,Merchant_C,Processor_A,NGN,BANK_TRANSFER,RETAIL
TXN109420,100000.0,FAILED,REF-00009420,2026-07-30,Merchant_C,Processor_C,NGN,CARD,BUSINESS
TXN103464,1500.0,SUCCESS,REF-00003464,2026-07-28,Merchant_C,Processor_A,NGN,USSD,BUSINESS
TXN106396,10000.0,SUCCESS,REF-00006396,2026-07-29,Merchant_B,Processor_C,NGN,MOBILE_MONEY,BUSINESS
TXN100046,5000.0,SUCCESS,REF-00000046,2026-07-30,Merchant_B,Processor_A,NGN,CARD,BUSINESS
TXN101328,15000.0,SUCCESS,REF-00001328,2026-07-12,Merchant_B,Processor_C,NGN,USSD,BUSINESS
TXN109072,7500.0,SUCCESS,REF-00009072,2026-07-17,Merchant_B,Processor_B,NGN,CARD,RETAIL
TXN101555,2500.0,SUCCESS,REF-00001555,2026-07-22,Merchant_B,Processor_B,NGN,CARD,BUSINESS
TXN105626,7500.0,SUCCESS,REF-00005626,2026-07-25,Merchant_C,Processor_C,NGN,USSD,RETAIL
TXN108011,7500.0,REFUNDED,REF-00008011,2026-07-12,Merchant_C,Processor_B,NGN,MOBILE_MONEY,RETAIL
TXN106675,50000.0,SUCCESS,REF-00006675,2026-07-11,Merchant_C,Processor_A,NGN,MOBILE_MONEY,BUSINESS
TXN105417,5000.0,SUCCESS,REF-00005417,2026-07-06,Merchant_C,Processor_A,NGN,BANK_TRANSFER,BUSINESS
TXN100161,15000.0,SUCCESS,REF-00000161,2026-07-02,Merchant_D,Processor_A,NGN,MOBILE_MONEY,RETAIL
TXN100055,100000.0,SUCCESS,REF-00000055,2026-07-03,Merchant_D,Processor_B,NGN,BANK_TRANSFER,RETAIL
TXN105286,250000.0,SUCCESS,REF-00005286,2026-07-28,Merchant_B,Processor_B,NGN,USSD,BUSINESS
TXN100953,100000.0,SUCCESS,REF-00000953,2026-07-18,Merchant_B,Processor_A,NGN,CARD,RETAIL
TXN104462,250000.0,SUCCESS,REF-00004462,2026-07-09,Merchant_B,Processor_B,NGN,CARD,RETAIL
TXN109776,10000.0,SUCCESS,REF-00009776,2026-07-16,Merchant_B,Processor_A,NGN,MOBILE_MONEY,RETAIL
TXN108002,1000.0,SUCCESS,REF-00008002,2026-07-29,Merchant_A,Processor_C,NGN,CARD,BUSINESS
TXN103663,500.0,SUCCESS,REF-00003663,2026-07-14,Merchant_A,Processor_B,NGN,USSD,RETAIL
TXN108937,100000.0,FAILED,REF-00008937,2026-07-31,Merchant_C,Processor_A,NGN,MOBILE_MONEY,BUSINESS
TXN105986,10000.0,REFUNDED,REF-00005986,2026-07-07,Merchant_D,Processor_C,NGN,MOBILE_MONEY,RETAIL
TXN109645,15000.0,REFUNDED,REF-00009645,2026-07-28,Merchant_D,Processor_C,NGN,BANK_TRANSFER,RETAIL
TXN103887,15000.0,SUCCESS,REF-00003887,2026-07-13,Merchant_C,Processor_A,NGN,USSD,BUSINESS
TXN101550,250000.0,SUCCESS,REF-00001550,2026-07-17,Merchant_D,Processor_C,NGN,BANK_TRANSFER,BUSINESS
TXN103079,100000.0,FAILED,REF-00003079,2026-07-07,Merchant_E,Processor_C,NGN,MOBILE_MONEY,BUSINESS
TXN102766,10000.0,SUCCESS,REF-00002766,2026-07-07,Merchant_B,Processor_A,NGN,BANK_TRANSFER,BUSINESS
TXN108738,1000.0,FAILED,REF-00008738,2026-07-13,Merchant_A,Processor_C,NGN,USSD,RETAIL
TXN100545,5000.0,SUCCESS,REF-00000545,2026-07-25,Merchant_B,Processor_C,NGN,BANK_TRANSFER,RETAIL
TXN108199,1000.0,SUCCESS,REF-00008199,2026-07-04,Merchant_A,Processor_A,NGN,MOBILE_MONEY,RETAIL
TXN106759,5000.0,SUCCESS,REF-00006759,2026-07-23,Merchant_B,Processor_B,NGN,BANK_TRANSFER,RETAIL
TXN102010,500.0,REFUNDED,REF-00002010,2026-07-07,Merchant_D,Processor_A,NGN,MOBILE_MONEY,RETAIL
TXN106631,1500.0,SUCCESS,REF-00006631,2026-07-16,Merchant_E,Processor_A,NGN,MOBILE_MONEY,RETAIL
TXN103335,25000.0,SUCCESS,REF-00003335,2026-07-09,Merchant_B,Processor_A,NGN,BANK_TRANSFER,RETAIL
TXN102816,10000.0,SUCCESS,REF-00002816,2026-07-25,Merchant_E,Processor_B,NGN,CARD,BUSINESS
TXN100031,1500.0,REFUNDED,REF-00000031,2026-07-12,Merchant_A,Processor_A,NGN,USSD,RETAIL
TXN105892,10000.0,SUCCESS,REF-00005892,2026-07-06,Merchant_B,Processor_B,NGN,MOBILE_MONEY,BUSINESS
TXN105174,7500.0,REFUNDED,REF-00005174,2026-07-28,Merchant_E,Processor_A,NGN,CARD,RETAIL
TXN104126,15000.0,SUCCESS,REF-00004126,2026-07-04,Merchant_B,Processor_B,NGN,USSD,RETAIL
TXN106560,2500.0,SUCCESS,REF-00006560,2026-07-18,Merchant_A,Processor_B,NGN,CARD,RETAIL
TXN108976,5000.0,SUCCESS,REF-00008976,2026-07-07,Merchant_E,Processor_C,NGN,BANK_TRANSFER,RETAIL
TXN101377,10000.0,SUCCESS,REF-00001377,2026-07-23,Merchant_E,Processor_C,NGN,MOBILE_MONEY,BUSINESS
TXN103106,25000.0,SUCCESS,REF-00003106,2026-07-09,Merchant_D,Processor_B,NGN,CARD,RETAIL
TXN106977,50000.0,FAILED,REF-00006977,2026-07-29,Merchant_E,Processor_B,NGN,CARD,RETAIL
TXN107748,5000.0,SUCCESS,REF-00007748,2026-07-02,Merchant_E,Processor_B,NGN,USSD,RETAIL
TXN106114,2500.0,SUCCESS,REF-00006114,2026-07-18,Merchant_A,Processor_C,NGN,USSD,RETAIL
TXN109923,15000.0,SUCCESS,REF-00009923,2026-07-22,Merchant_C,Processor_B,NGN,MOBILE_MONEY,RETAIL
TXN101625,25000.0,SUCCESS,REF-00001625,2026-07-26,Merchant_C,Processor_C,NGN,CARD,RETAIL
TXN100300,1000.0,FAILED,REF-00000300,2026-07-04,Merchant_A,Processor_C,NGN,MOBILE_MONEY,BUSINESS
TXN101597,1000.0,SUCCESS,REF-00001597,2026-07-11,Merchant_A,Processor_C,NGN,USSD,BUSINESS
TXN103191,100000.0,SUCCESS,REF-00003191,2026-07-21,Merchant_C,Processor_B,NGN,MOBILE_MONEY,BUSINESS
TXN102474,10000.0,SUCCESS,REF-00002474,2026-07-22,Merchant_C,Processor_C,NGN,BANK_TRANSFER,BUSINESS
TXN100299,1000.0,SUCCESS,REF-00000299,2026-07-23,Merchant_D,Processor_A,NGN,MOBILE_MONEY,BUSINESS
TXN103957,7500.0,SUCCESS,REF-00003957,2026-07-11,Merchant_D,Processor_B,NGN,BANK_TRANSFER,BUSINESS
TXN108311,5000.0,SUCCESS,REF-00008311,2026-07-31,Merchant_B,Processor_A,NGN,MOBILE_MONEY,BUSINESS
TXN101714,1000.0,SUCCESS,REF-00001714,2026-07-01,Merchant_A,Processor_C,NGN,MOBILE_MONEY,RETAIL
TXN108908,10000.0,SUCCESS,REF-00008908,2026-07-15,Merchant_D,Processor_C,NGN,BANK_TRANSFER,BUSINESS
TXN108887,25000.0,SUCCESS,REF-00008887,2026-07-06,Merchant_D,Processor_A,NGN,USSD,BUSINESS
TXN108000,25000.0,SUCCESS,REF-00008000,2026-07-23,Merchant_E,Processor_C,NGN,MOBILE_MONEY,BUSINESS
TXN103021,7500.0,SUCCESS,REF-00003021,2026-07-08,Merchant_C,Processor_C,NGN,USSD,BUSINESS
TXN104311,100000.0,SUCCESS,REF-00004311,2026-07-21,Merchant_D,Processor_A,NGN,CARD,RETAIL
TXN102230,25000.0,SUCCESS,REF-00002230,2026-07-13,Merchant_C,Processor_C,NGN,USSD,BUSINESS
TXN101852,50000.0,FAILED,REF-00001852,2026-07-22,Merchant_D,Processor_C,NGN,CARD,BUSINESS
TXN105141,1500.0,REFUNDED,REF-00005141,2026-07-18,Merchant_A,Processor_B,NGN,USSD,BUSINESS
TXN103941,100000.0,SUCCESS,REF-00003941,2026-07-21,Merchant_D,Processor_B,NGN,USSD,BUSINESS
TXN103405,50000.0,SUCCESS,REF-00003405,2026-07-04,Merchant_B,Processor_A,NGN,CARD,RETAIL
TXN107658,10000.0,SUCCESS,REF-00007658,2026-07-18,Merchant_C,Processor_B,NGN,BANK_TRANSFER,RETAIL
TXN109319,25000.0,REFUNDED,REF-00009319,2026-07-10,Merchant_A,Processor_B,NGN,USSD,BUSINESS
TXN102943,25000.0,SUCCESS,REF-00002943,2026-07-15,Merchant_E,Processor_C,NGN,CARD,RETAIL
TXN105923,15000.0,SUCCESS,REF-00005923,2026-07-23,Merchant_E,Processor_B,NGN,USSD,BUSINESS
TXN101159,500.0,SUCCESS,REF-00001159,2026-07-22,Merchant_A,Processor_A,NGN,USSD,RETAIL
TXN109986,5000.0,SUCCESS,REF-00009986,2026-07-11,Merchant_B,Processor_A,NGN,USSD,RETAIL
TXN101649,25000.0,SUCCESS,REF-00001649,2026-07-27,Merchant_E,Processor_C,NGN,USSD,RETAIL
TXN101647,50000.0,SUCCESS,REF-00001647,2026-07-23,Merchant_E,Processor_A,NGN,MOBILE_MONEY,RETAIL
TXN106255,10000.0,REFUNDED,REF-00006255,2026-07-28,Merchant_A,Processor_B,NGN,USSD,BUSINESS
TXN103650,25000.0,SUCCESS,REF-00003650,2026-07-12,Merchant_E,Processor_C,NGN,CARD,RETAIL
TXN100428,5000.0,SUCCESS,REF-00000428,2026-07-19,Merchant_B,Processor_C,NGN,USSD,BUSINESS
TXN109296,100000.0,SUCCESS,REF-00009296,2026-07-01,Merchant_E,Processor_C,NGN,CARD,BUSINESS
TXN107123,100000.0,SUCCESS,REF-00007123,2026-07-29,Merchant_C,Processor_C,NGN,CARD,RETAIL
TXN103195,10000.0,SUCCESS,REF-00003195,2026-07-20,Merchant_A,Processor_A,NGN,BANK_TRANSFER,RETAIL
TXN103576,2500.0,SUCCESS,REF-00003576,2026-07-17,Merchant_C,Processor_C,NGN,CARD,RETAIL
TXN104546,500.0,SUCCESS,REF-00004546,2026-07-02,Merchant_D,Processor_C,NGN,CARD,BUSINESS
TXN105884,10000.0,SUCCESS,REF-00005884,2026-07-25,Merchant_B,Processor_B,NGN,BANK_TRANSFER,BUSINESS
TXN107863,15000.0,SUCCESS,REF-00007863,2026-07-08,Merchant_B,Processor_B,NGN,USSD,RETAIL
TXN109448,5000.0,SUCCESS,REF-00009448,2026-07-04,Merchant_B,Processor_A,NGN,MOBILE_MONEY,BUSINESS
TXN108347,500.0,SUCCESS,REF-00008347,2026-07-12,Merchant_E,Processor_C,NGN,BANK_TRANSFER,RETAIL
TXN107201,1500.0,SUCCESS,REF-00007201,2026-07-16,Merchant_E,Processor_A,NGN,MOBILE_MONEY,RETAIL
TXN101350,50000.0,SUCCESS,REF-00001350,2026-07-13,Merchant_E,Processor_A,NGN,USSD,RETAIL
TXN109259,1500.0,SUCCESS,REF-00009259,2026-07-30,Merchant_A,Processor_A,NGN,USSD,RETAIL
TXN107246,15000.0,SUCCESS,REF-00007246,2026-07-26,Merchant_A,Processor_A,NGN,MOBILE_MONEY,BUSINESS
TXN107097,1000.0,SUCCESS,REF-00007097,2026-07-09,Merchant_B,Processor_B,NGN,MOBILE_MONEY,RETAIL
TXN106528,5000.0,SUCCESS,REF-00006528,2026-07-22,Merchant_A,Processor_C,NGN,CARD,BUSINESS
TXN103408,2500.0,SUCCESS,REF-00003408,2026-07-17,Merchant_A,Processor_A,NGN,USSD,BUSINESS
TXN100111,1500.0,SUCCESS,REF-00000111,2026-07-23,Merchant_A,Processor_C,NGN,BANK_TRANSFER,BUSINESS
TXN102026,25000.0,SUCCESS,REF-00002026,2026-07-02,Merchant_E,Processor_C,NGN,BANK_TRANSFER,RETAIL
TXN109012,1000.0,SUCCESS,REF-00009012,2026-07-11,Merchant_B,Processor_A,NGN,USSD,BUSINESS
TXN106603,50000.0,REFUNDED,REF-00006603,2026-07-03,Merchant_D,Processor_C,NGN,MOBILE_MONEY,RETAIL
TXN101269,5000.0,SUCCESS,REF-00001269,2026-07-26,Merchant_A,Processor_C,NGN,MOBILE_MONEY,BUSINESS
TXN107085,500.0,SUCCESS,REF-00007085,2026-07-01,Merchant_C,Processor_C,NGN,BANK_TRANSFER,RETAIL
TXN105341,100000.0,SUCCESS,REF-00005341,2026-07-31,Merchant_C,Processor_A,NGN,MOBILE_MONEY,RETAIL
TXN107316,500.0,SUCCESS,REF-00007316,2026-07-08,Merchant_C,Processor_B,NGN,BANK_TRANSFER,BUSINESS
TXN101344,25000.0,SUCCESS,REF-00001344,2026-07-06,Merchant_B,Processor_C,NGN,CARD,BUSINESS
TXN100716,50000.0,SUCCESS,REF-00000716,2026-07-26,Merchant_E,Processor_A,NGN,CARD,BUSINESS
TXN102886,10000.0,SUCCESS,REF-00002886,2026-07-03,Merchant_C,Processor_B,NGN,CARD,RETAIL
TXN100418,15000.0,SUCCESS,REF-00000418,2026-07-20,Merchant_E,Processor_A,NGN,USSD,RETAIL
TXN105249,10000.0,SUCCESS,REF-00005249,2026-07-01,Merchant_E,Processor_C,NGN,MOBILE_MONEY,RETAIL
TXN103666,50000.0,SUCCESS,REF-00003666,2026-07-27,Merchant_B,Processor_B,NGN,CARD,BUSINESS
TXN109757,250000.0,SUCCESS,REF-00009757,2026-07-08,Merchant_D,Processor_A,NGN,BANK_TRANSFER,RETAIL
TXN105183,100000.0,SUCCESS,REF-00005183,2026-07-03,Merchant_A,Processor_A,NGN,CARD,RETAIL
TXN103000,15000.0,REFUNDED,REF-00003000,2026-07-13,Merchant_B,Processor_C,NGN,MOBILE_MONEY,RETAIL
TXN108488,2500.0,SUCCESS,REF-00008488,2026-07-07,Merchant_C,Processor_A,NGN,BANK_TRANSFER,RETAIL
TXN102437,5000.0,SUCCESS,REF-00002437,2026-07-21,Merchant_A,Processor_A,NGN,CARD,BUSINESS
TXN102353,100000.0,SUCCESS,REF-00002353,2026-07-15,Merchant_D,Processor_B,NGN,MOBILE_MONEY,RETAIL
TXN106883,7500.0,SUCCESS,REF-00006883,2026-07-23,Merchant_D,Processor_B,NGN,BANK_TRANSFER,BUSINESS
TXN101534,7500.0,SUCCESS,REF-00001534,2026-07-01,Merchant_A,Processor_A,NGN,CARD,RETAIL
TXN105516,50000.0,SUCCESS,REF-00005516,2026-07-29,Merchant_C,Processor_A,NGN,CARD,RETAIL
TXN102699,25000.0,SUCCESS,REF-00002699,2026-07-09,Merchant_D,Processor_C,NGN,MOBILE_MONEY,RETAIL
TXN101236,50000.0,SUCCESS,REF-00001236,2026-07-17,Merchant_C,Processor_B,NGN,CARD,BUSINESS
TXN106434,25000.0,SUCCESS,REF-00006434,2026-07-08,Merchant_D,Processor_B,NGN,MOBILE_MONEY,RETAIL
TXN104093,100000.0,REFUNDED,REF-00004093,2026-07-04,Merchant_E,Processor_C,NGN,CARD,BUSINESS
TXN101462,1000.0,SUCCESS,REF-00001462,2026-07-30,Merchant_E,Processor_C,NGN,BANK_TRANSFER,RETAIL
TXN105059,5000.0,SUCCESS,REF-00005059,2026-07-12,Merchant_D,Processor_A,NGN,CARD,BUSINESS
TXN100274,10000.0,FAILED,REF-00000274,2026-07-07,Merchant_E,Processor_A,NGN,USSD,RETAIL
TXN107596,2500.0,SUCCESS,REF-00007596,2026-07-18,Merchant_B,Processor_B,NGN,CARD,BUSINESS
TXN108525,500.0,FAILED,REF-00008525,2026-07-18,Merchant_C,Processor_C,NGN,MOBILE_MONEY,BUSINESS
TXN104916,5000.0,SUCCESS,REF-00004916,2026-07-08,Merchant_C,Processor_B,NGN,CARD,RETAIL
TXN101324,250000.0,FAILED,REF-00001324,2026-07-08,Merchant_E,Processor_C,NGN,USSD,RETAIL
TXN105496,10000.0,SUCCESS,REF-00005496,2026-07-25,Merchant_C,Processor_A,NGN,BANK_TRANSFER,BUSINESS
TXN100357,10000.0,SUCCESS,REF-00000357,2026-07-16,Merchant_E,Processor_B,NGN,USSD,RETAIL
TXN107142,25000.0,SUCCESS,REF-00007142,2026-07-11,Merchant_C,Processor_B,NGN,BANK_TRANSFER,RETAIL
TXN108285,50000.0,SUCCESS,REF-00008285,2026-07-30,Merchant_E,Processor_A,NGN,USSD,RETAIL
TXN105109,250000.0,SUCCESS,REF-00005109,2026-07-17,Merchant_A,Processor_A,NGN,USSD,BUSINESS
TXN107763,25000.0,SUCCESS,REF-00007763,2026-07-22,Merchant_C,Processor_A,NGN,USSD,BUSINESS
TXN106177,1500.0,SUCCESS,REF-00006177,2026-07-31,Merchant_E,Processor_A,NGN,BANK_TRANSFER,RETAIL
TXN100333,1000.0,SUCCESS,REF-00000333,2026-07-31,Merchant_A,Processor_A,NGN,CARD,RETAIL
TXN109882,5000.0,SUCCESS,REF-00009882,2026-07-12,Merchant_A,Processor_A,NGN,MOBILE_MONEY,BUSINESS
TXN105279,5000.0,REFUNDED,REF-00005279,2026-07-08,Merchant_A,Processor_C,NGN,CARD,RETAIL
TXN102650,2500.0,SUCCESS,REF-00002650,2026-07-23,Merchant_B,Processor_A,NGN,USSD,RETAIL
TXN108207,1000.0,SUCCESS,REF-00008207,2026-07-22,Merchant_D,Processor_B,NGN,BANK_TRANSFER,BUSINESS
TXN108076,15000.0,SUCCESS,REF-00008076,2026-07-21,Merchant_A,Processor_C,NGN,BANK_TRANSFER,RETAIL
TXN107610,5000.0,SUCCESS,REF-00007610,2026-07-30,Merchant_D,Processor_A,NGN,CARD,BUSINESS
TXN106411,5000.0,SUCCESS,REF-00006411,2026-07-28,Merchant_E,Processor_A,NGN,BANK_TRANSFER,RETAIL
TXN106092,5000.0,SUCCESS,REF-00006092,2026-07-07,Merchant_B,Processor_A,NGN,BANK_TRANSFER,BUSINESS
TXN109396,500.0,SUCCESS,REF-00009396,2026-07-29,Merchant_A,Processor_C,NGN,USSD,BUSINESS
TXN109639,500.0,SUCCESS,REF-00009639,2026-07-15,Merchant_B,Processor_B,NGN,BANK_TRANSFER,RETAIL
TXN102662,2500.0,SUCCESS,REF-00002662,2026-07-24,Merchant_E,Processor_B,NGN,BANK_TRANSFER,BUSINESS
TXN104524,50000.0,SUCCESS,REF-00004524,2026-07-31,Merchant_A,Processor_C,NGN,USSD,RETAIL
TXN101935,50000.0,SUCCESS,REF-00001935,2026-07-12,Merchant_D,Processor_C,NGN,CARD,BUSINESS
TXN102829,500.0,SUCCESS,REF-00002829,2026-07-26,Merchant_E,Processor_C,NGN,MOBILE_MONEY,BUSINESS
TXN103001,50000.0,SUCCESS,REF-00003001,2026-07-10,Merchant_A,Processor_B,NGN,MOBILE_MONEY,RETAIL
TXN106334,2500.0,SUCCESS,REF-00006334,2026-07-11,Merchant_D,Processor_A,NGN,MOBILE_MONEY,RETAIL
TXN107047,500.0,FAILED,REF-00007047,2026-07-25,Merchant_B,Processor_C,NGN,CARD,BUSINESS
TXN101824,15000.0,SUCCESS,REF-00001824,2026-07-23,Merchant_A,Processor_A,NGN,BANK_TRANSFER,RETAIL
TXN109141,2500.0,SUCCESS,REF-00009141,2026-07-25,Merchant_B,Processor_A,NGN,USSD,BUSINESS
TXN101453,10000.0,SUCCESS,REF-00001453,2026-07-19,Merchant_C,Processor_A,NGN,CARD,BUSINESS
TXN108156,25000.0,SUCCESS,REF-00008156,2026-07-14,Merchant_E,Processor_C,NGN,MOBILE_MONEY,BUSINESS
TXN106470,15000.0,SUCCESS,REF-00006470,2026-07-21,Merchant_B,Processor_B,NGN,BANK_TRANSFER,RETAIL
TXN102044,50000.0,SUCCESS,REF-00002044,2026-07-17,Merchant_E,Processor_A,NGN,MOBILE_MONEY,BUSINESS
TXN106429,15000.0,SUCCESS,REF-00006429,2026-07-24,Merchant_B,Processor_B,NGN,MOBILE_MONEY,RETAIL
TXN106991,2500.0,SUCCESS,REF-00006991,2026-07-17,Merchant_E,Processor_B,NGN,MOBILE_MONEY,BUSINESS
TXN100510,15000.0,SUCCESS,REF-00000510,2026-07-22,Merchant_C,Processor_B,NGN,CARD,BUSINESS
TXN104258,5000.0,SUCCESS,REF-00004258,2026-07-31,Merchant_C,Processor_C,NGN,BANK_TRANSFER,RETAIL
TXN107263,500.0,SUCCESS,REF-00007263,2026-07-02,Merchant_E,Processor_C,NGN,MOBILE_MONEY,RETAIL
TXN106704,7500.0,SUCCESS,REF-00006704,2026-07-08,Merchant_C,Processor_A,NGN,CARD,RETAIL
TXN100681,2500.0,REFUNDED,REF-00000681,2026-07-17,Merchant_D,Processor_B,NGN,USSD,BUSINESS
TXN100171,500.0,SUCCESS,REF-00000171,2026-07-08,Merchant_A,Processor_C,NGN,USSD,BUSINESS
TXN101405,10000.0,SUCCESS,REF-00001405,2026-07-14,Merchant_E,Processor_C,NGN,CARD,RETAIL
TXN107023,50000.0,SUCCESS,REF-00007023,2026-07-01,Merchant_D,Processor_C,NGN,USSD,RETAIL
TXN101737,2500.0,SUCCESS,REF-00001737,2026-07-10,Merchant_E,Processor_A,NGN,MOBILE_MONEY,RETAIL
TXN106412,50000.0,SUCCESS,REF-00006412,2026-07-20,Merchant_A,Processor_B,NGN,CARD,BUSINESS
TXN101854,100000.0,SUCCESS,REF-00001854,2026-07-01,Merchant_A,Processor_A,NGN,CARD,BUSINESS
TXN106480,15000.0,SUCCESS,REF-00006480,2026-07-16,Merchant_E,Processor_A,NGN,USSD,BUSINESS
TXN109322,15000.0,SUCCESS,REF-00009322,2026-07-25,Merchant_A,Processor_A,NGN,BANK_TRANSFER,RETAIL
TXN100348,5000.0,SUCCESS,REF-00000348,2026-07-25,Merchant_E,Processor_C,NGN,USSD,BUSINESS
TXN104478,15000.0,SUCCESS,REF-00004478,2026-07-11,Merchant_C,Processor_A,NGN,MOBILE_MONEY,RETAIL
TXN100073,50000.0,SUCCESS,REF-00000073,2026-07-20,Merchant_E,Processor_B,NGN,BANK_TRANSFER,RETAIL
TXN109480,1000.0,SUCCESS,REF-00009480,2026-07-25,Merchant_B,Processor_C,NGN,BANK_TRANSFER,RETAIL
TXN100427,100000.0,SUCCESS,REF-00000427,2026-07-27,Merchant_E,Processor_B,NGN,MOBILE_MONEY,BUSINESS
TXN104954,7500.0,SUCCESS,REF-00004954,2026-07-17,Merchant_A,Processor_B,NGN,BANK_TRANSFER,BUSINESS
TXN102177,15000.0,SUCCESS,REF-00002177,2026-07-15,Merchant_A,Processor_B,NGN,CARD,BUSINESS
TXN103411,1500.0,SUCCESS,REF-00003411,2026-07-31,Merchant_C,Processor_A,NGN,BANK_TRANSFER,RETAIL
TXN102621,100000.0,SUCCESS,REF-00002621,2026-07-04,Merchant_A,Processor_B,NGN,BANK_TRANSFER,BUSINESS
TXN107390,15000.0,SUCCESS,REF-00007390,2026-07-16,Merchant_D,Processor_C,NGN,USSD,BUSINESS
TXN108427,250000.0,SUCCESS,REF-00008427,2026-07-23,Merchant_B,Processor_C,NGN,CARD,RETAIL
TXN102736,250000.0,SUCCESS,REF-00002736,2026-07-05,Merchant_B,Processor_C,NGN,MOBILE_MONEY,RETAIL
TXN107262,15000.0,SUCCESS,REF-00007262,2026-07-25,Merchant_B,Processor_B,NGN,CARD,RETAIL
TXN108246,2500.0,SUCCESS,REF-00008246,2026-07-21,Merchant_C,Processor_B,NGN,BANK_TRANSFER,BUSINESS
TXN104580,100000.0,SUCCESS,REF-00004580,2026-07-13,Merchant_C,Processor_B,NGN,USSD,RETAIL
TXN109551,100000.0,SUCCESS,REF-00009551,2026-07-17,Merchant_A,Processor_A,NGN,MOBILE_MONEY,RETAIL
TXN103530,5000.0,FAILED,REF-00003530,2026-07-09,Merchant_B,Processor_B,NGN,MOBILE_MONEY,BUSINESS
TXN106038,1500.0,SUCCESS,REF-00006038,2026-07-15,Merchant_C,Processor_C,NGN,BANK_TRANSFER,RETAIL
TXN105132,1000.0,FAILED,REF-00005132,2026-07-18,Merchant_A,Processor_A,NGN,CARD,RETAIL
TXN103693,2500.0,SUCCESS,REF-00003693,2026-07-06,Merchant_E,Processor_A,NGN,USSD,BUSINESS
TXN109489,5000.0,SUCCESS,REF-00009489,2026-07-18,Merchant_A,Processor_B,NGN,CARD,RETAIL
TXN103112,25000.0,SUCCESS,REF-00003112,2026-07-02,Merchant_C,Processor_A,NGN,CARD,BUSINESS
TXN100941,10000.0,SUCCESS,REF-00000941,2026-07-12,Merchant_D,Processor_A,NGN,MOBILE_MONEY,RETAIL
TXN103840,10000.0,SUCCESS,REF-00003840,2026-07-30,Merchant_A,Processor_B,NGN,CARD,BUSINESS
TXN100389,50000.0,FAILED,REF-00000389,2026-07-08,Merchant_E,Processor_C,NGN,CARD,RETAIL
TXN106414,2500.0,SUCCESS,REF-00006414,2026-07-26,Merchant_A,Processor_C,NGN,MOBILE_MONEY,RETAIL
TXN109894,25000.0,SUCCESS,REF-00009894,2026-07-15,Merchant_B,Processor_C,NGN,MOBILE_MONEY,BUSINESS
TXN100221,10000.0,SUCCESS,REF-00000221,2026-07-30,Merchant_B,Processor_A,NGN,CARD,BUSINESS
TXN107896,25000.0,SUCCESS,REF-00007896,2026-07-10,Merchant_A,Processor_B,NGN,MOBILE_MONEY,BUSINESS
TXN105740,100000.0,SUCCESS,REF-00005740,2026-07-06,Merchant_E,Processor_A,NGN,USSD,RETAIL
TXN105222,1500.0,REFUNDED,REF-00005222,2026-07-26,Merchant_B,Processor_C,NGN,USSD,RETAIL
TXN105800,5000.0,SUCCESS,REF-00005800,2026-07-11,Merchant_C,Processor_B,NGN,CARD,RETAIL
TXN100442,5000.0,SUCCESS,REF-00000442,2026-07-02,Merchant_E,Processor_B,NGN,BANK_TRANSFER,BUSINESS
TXN105676,10000.0,SUCCESS,REF-00005676,2026-07-22,Merchant_A,Processor_B,NGN,MOBILE_MONEY,RETAIL
TXN103618,50000.0,SUCCESS,REF-00003618,2026-07-31,Merchant_E,Processor_C,NGN,BANK_TRANSFER,BUSINESS
TXN105966,100000.0,SUCCESS,REF-00005966,2026-07-21,Merchant_D,Processor_A,NGN,MOBILE_MONEY,RETAIL
TXN107859,2500.0,SUCCESS,REF-00007859,2026-07-12,Merchant_C,Processor_B,NGN,MOBILE_MONEY,BUSINESS
TXN109696,2500.0,SUCCESS,REF-00009696,2026-07-21,Merchant_A,Processor_B,NGN,CARD,BUSINESS
TXN106876,2500.0,SUCCESS,REF-00006876,2026-07-12,Merchant_B,Processor_C,NGN,USSD,BUSINESS
TXN102813,1500.0,SUCCESS,REF-00002813,2026-07-12,Merchant_B,Processor_B,NGN,BANK_TRANSFER,BUSINESS
TXN108086,250000.0,SUCCESS,REF-00008086,2026-07-16,Merchant_C,Processor_C,NGN,USSD,RETAIL
TXN100544,15000.0,FAILED,REF-00000544,2026-07-19,Merchant_E,Processor_B,NGN,USSD,BUSINESS
TXN107295,250000.0,SUCCESS,REF-00007295,2026-07-11,Merchant_E,Processor_B,NGN,BANK_TRANSFER,RETAIL
TXN104589,25000.0,SUCCESS,REF-00004589,2026-07-25,Merchant_B,Processor_B,NGN,MOBILE_MONEY,RETAIL
TXN106827,2500.0,SUCCESS,REF-00006827,2026-07-08,Merchant_C,Processor_A,NGN,BANK_TRANSFER,BUSINESS
TXN102127,1500.0,REFUNDED,REF-00002127,2026-07-03,Merchant_D,Processor_B,NGN,USSD,BUSINESS
TXN104463,1500.0,SUCCESS,REF-00004463,2026-07-09,Merchant_A,Processor_A,NGN,BANK_TRANSFER,RETAIL
TXN103795,15000.0,SUCCESS,REF-00003795,2026-07-14,Merchant_A,Processor_B,NGN,CARD,RETAIL
TXN100058,1000.0,SUCCESS,REF-00000058,2026-07-07,Merchant_C,Processor_C,NGN,MOBILE_MONEY,RETAIL
TXN108682,1500.0,SUCCESS,REF-00008682,2026-07-07,Merchant_A,Processor_C,NGN,MOBILE_MONEY,BUSINESS
TXN105548,2500.0,SUCCESS,REF-00005548,2026-07-11,Merchant_B,Processor_B,NGN,BANK_TRANSFER,RETAIL
TXN103383,2500.0,SUCCESS,REF-00003383,2026-07-21,Merchant_B,Processor_B,NGN,MOBILE_MONEY,RETAIL
TXN105503,10000.0,FAILED,REF-00005503,2026-07-21,Merchant_B,Processor_B,NGN,MOBILE_MONEY,RETAIL
TXN100262,1500.0,SUCCESS,REF-00000262,2026-07-27,Merchant_D,Processor_A,NGN,USSD,RETAIL
TXN107949,5000.0,SUCCESS,REF-00007949,2026-07-21,Merchant_D,Processor_B,NGN,USSD,RETAIL
TXN108773,7500.0,SUCCESS,REF-00008773,2026-07-25,Merchant_E,Processor_A,NGN,MOBILE_MONEY,RETAIL
TXN108371,7500.0,SUCCESS,REF-00008371,2026-07-12,Merchant_A,Processor_A,NGN,MOBILE_MONEY,BUSINESS
TXN109521,15000.0,SUCCESS,REF-00009521,2026-07-24,Merchant_C,Processor_B,NGN,USSD,BUSINESS
TXN100212,15000.0,SUCCESS,REF-00000212,2026-07-13,Merchant_D,Processor_A,NGN,MOBILE_MONEY,BUSINESS
TXN100125,7500.0,SUCCESS,REF-00000125,2026-07-28,Merchant_B,Processor_C,NGN,MOBILE_MONEY,BUSINESS
TXN107679,1000.0,SUCCESS,REF-00007679,2026-07-26,Merchant_E,Processor_B,NGN,USSD,BUSINESS
TXN106979,500.0,SUCCESS,REF-00006979,2026-07-08,Merchant_C,Processor_A,NGN,USSD,RETAIL
TXN107483,10000.0,SUCCESS,REF-00007483,2026-07-15,Merchant_D,Processor_B,NGN,USSD,BUSINESS
TXN104617,100000.0,SUCCESS,REF-00004617,2026-07-31,Merchant_A,Processor_A,NGN,CARD,RETAIL
TXN109348,15000.0,SUCCESS,REF-00009348,2026-07-22,Merchant_A,Processor_B,NGN,USSD,BUSINESS
TXN103897,50000.0,SUCCESS,REF-00003897,2026-07-04,Merchant_A,Processor_C,NGN,MOBILE_MONEY,BUSINESS
TXN108240,25000.0,SUCCESS,REF-00008240,2026-07-25,Merchant_E,Processor_A,NGN,USSD,BUSINESS
TXN104317,1000.0,SUCCESS,REF-00004317,2026-07-09,Merchant_E,Processor_C,NGN,CARD,BUSINESS
TXN106146,10000.0,SUCCESS,REF-00006146,2026-07-06,Merchant_B,Processor_A,NGN,USSD,RETAIL
TXN109540,1500.0,FAILED,REF-00009540,2026-07-26,Merchant_C,Processor_B,NGN,USSD,RETAIL
TXN100167,1500.0,SUCCESS,REF-00000167,2026-07-24,Merchant_D,Processor_C,NGN,CARD,BUSINESS
TXN107088,5000.0,SUCCESS,REF-00007088,2026-07-09,Merchant_D,Processor_A,NGN,BANK_TRANSFER,RETAIL
TXN106290,1500.0,SUCCESS,REF-00006290,2026-07-29,Merchant_A,Processor_A,NGN,BANK_TRANSFER,BUSINESS
TXN107952,15000.0,SUCCESS,REF-00007952,2026-07-14,Merchant_B,Processor_B,NGN,USSD,RETAIL
TXN100672,1000.0,SUCCESS,REF-00000672,2026-07-24,Merchant_C,Processor_A,NGN,BANK_TRANSFER,BUSINESS
TXN102720,100000.0,SUCCESS,REF-00002720,2026-07-24,Merchant_E,Processor_C,NGN,BANK_TRANSFER,RETAIL
TXN103327,10000.0,SUCCESS,REF-00003327,2026-07-24,Merchant_A,Processor_A,NGN,MOBILE_MONEY,RETAIL
TXN103053,5000.0,SUCCESS,REF-00003053,2026-07-17,Merchant_A,Processor_B,NGN,MOBILE_MONEY,BUSINESS
TXN104335,1000.0,REFUNDED,REF-00004335,2026-07-30,Merchant_B,Processor_B,NGN,MOBILE_MONEY,BUSINESS
TXN100010,500.0,FAILED,REF-00000010,2026-07-19,Merchant_E,Processor_A,NGN,CARD,RETAIL
TXN109170,5000.0,SUCCESS,REF-00009170,2026-07-01,Merchant_D,Processor_A,NGN,BANK_TRANSFER,RETAIL
TXN100362,7500.0,REFUNDED,REF-00000362,2026-07-28,Merchant_E,Processor_B,NGN,USSD,BUSINESS
TXN104315,1500.0,SUCCESS,REF-00004315,2026-07-14,Merchant_B,Processor_C,NGN,CARD,BUSINESS
TXN109520,5000.0,FAILED,REF-00009520,2026-07-20,Merchant_C,Processor_C,NGN,BANK_TRANSFER,BUSINESS
TXN100291,500.0,SUCCESS,REF-00000291,2026-07-01,Merchant_E,Processor_C,NGN,USSD,BUSINESS
TXN104358,10000.0,SUCCESS,REF-00004358,2026-07-09,Merchant_A,Processor_C,NGN,CARD,RETAIL
TXN107054,10000.0,SUCCESS,REF-00007054,2026-07-31,Merchant_D,Processor_B,NGN,MOBILE_MONEY,RETAIL
TXN106842,1500.0,SUCCESS,REF-00006842,2026-07-07,Merchant_C,Processor_C,NGN,USSD,BUSINESS
TXN103644,25000.0,SUCCESS,REF-00003644,2026-07-08,Merchant_D,Processor_A,NGN,MOBILE_MONEY,RETAIL
TXN102075,100000.0,SUCCESS,REF-00002075,2026-07-25,Merchant_A,Processor_B,NGN,BANK_TRANSFER,BUSINESS
TXN104333,15000.0,SUCCESS,REF-00004333,2026-07-16,Merchant_C,Processor_B,NGN,USSD,RETAIL
TXN106628,10000.0,SUCCESS,REF-00006628,2026-07-26,Merchant_A,Processor_C,NGN,MOBILE_MONEY,RETAIL
TXN104002,25000.0,SUCCESS,REF-00004002,2026-07-04,Merchant_A,Processor_C,NGN,MOBILE_MONEY,RETAIL
TXN103444,250000.0,SUCCESS,REF-00003444,2026-07-16,Merchant_E,Processor_A,NGN,BANK_TRANSFER,RETAIL
TXN105580,500.0,FAILED,REF-00005580,2026-07-19,Merchant_B,Processor_C,NGN,BANK_TRANSFER,BUSINESS
TXN104474,15000.0,SUCCESS,REF-00004474,2026-07-23,Merchant_A,Processor_A,NGN,BANK_TRANSFER,BUSINESS
TXN102969,10000.0,SUCCESS,REF-00002969,2026-07-17,Merchant_A,Processor_A,NGN,BANK_TRANSFER,RETAIL
TXN109160,100000.0,SUCCESS,REF-00009160,2026-07-01,Merchant_E,Processor_C,NGN,BANK_TRANSFER,RETAIL
TXN104744,2500.0,SUCCESS,REF-00004744,2026-07-14,Merchant_C,Processor_A,NGN,CARD,BUSINESS
TXN102249,1000.0,REFUNDED,REF-00002249,2026-07-23,Merchant_D,Processor_C,NGN,MOBILE_MONEY,BUSINESS
TXN103339,15000.0,SUCCESS,REF-00003339,2026-07-19,Merchant_C,Processor_B,NGN,BANK_TRANSFER,BUSINESS
TXN104013,2500.0,SUCCESS,REF-00004013,2026-07-28,Merchant_A,Processor_C,NGN,MOBILE_MONEY,RETAIL
TXN101503,5000.0,SUCCESS,REF-00001503,2026-07-02,Merchant_D,Processor_A,NGN,CARD,BUSINESS
TXN100870,5000.0,SUCCESS,REF-00000870,2026-07-19,Merchant_E,Processor_A,NGN,USSD,BUSINESS
TXN101379,15000.0,SUCCESS,REF-00001379,2026-07-30,Merchant_C,Processor_B,NGN,MOBILE_MONEY,BUSINESS
TXN107548,50000.0,SUCCESS,REF-00007548,2026-07-06,Merchant_B,Processor_C,NGN,MOBILE_MONEY,RETAIL
TXN106483,500.0,SUCCESS,REF-00006483,2026-07-27,Merchant_A,Processor_C,NGN,MOBILE_MONEY,RETAIL
TXN108483,100000.0,SUCCESS,REF-00008483,2026-07-13,Merchant_D,Processor_C,NGN,USSD,BUSINESS
TXN105262,10000.0,SUCCESS,REF-00005262,2026-07-13,Merchant_E,Processor_C,NGN,CARD,BUSINESS
TXN107041,7500.0,SUCCESS,REF-00007041,2026-07-27,Merchant_E,Processor_A,NGN,MOBILE_MONEY,RETAIL
TXN104903,5000.0,SUCCESS,REF-00004903,2026-07-08,Merchant_E,Processor_B,NGN,CARD,RETAIL
TXN104150,1000.0,SUCCESS,REF-00004150,2026-07-12,Merchant_A,Processor_A,NGN,MOBILE_MONEY,RETAIL
TXN100117,1500.0,SUCCESS,REF-00000117,2026-07-16,Merchant_B,Processor_C,NGN,MOBILE_MONEY,BUSINESS
TXN105933,250000.0,SUCCESS,REF-00005933,2026-07-20,Merchant_E,Processor_A,NGN,MOBILE_MONEY,BUSINESS
TXN101388,250000.0,REFUNDED,REF-00001388,2026-07-21,Merchant_D,Processor_A,NGN,USSD,RETAIL
TXN101334,250000.0,SUCCESS,REF-00001334,2026-07-19,Merchant_C,Processor_C,NGN,CARD,BUSINESS
TXN103363,2500.0,SUCCESS,REF-00003363,2026-07-20,Merchant_E,Processor_C,NGN,CARD,RETAIL
TXN102283,1000.0,SUCCESS,REF-00002283,2026-07-07,Merchant_A,Processor_A,NGN,BANK_TRANSFER,RETAIL
TXN106699,5000.0,SUCCESS,REF-00006699,2026-07-01,Merchant_C,Processor_B,NGN,MOBILE_MONEY,RETAIL
TXN101846,1500.0,FAILED,REF-00001846,2026-07-28,Merchant_A,Processor_B,NGN,USSD,BUSINESS
TXN102054,50000.0,SUCCESS,REF-00002054,2026-07-25,Merchant_B,Processor_A,NGN,MOBILE_MONEY,BUSINESS
TXN109070,100000.0,SUCCESS,REF-00009070,2026-07-30,Merchant_E,Processor_B,NGN,CARD,BUSINESS
TXN101520,1000.0,SUCCESS,REF-00001520,2026-07-06,Merchant_E,Processor_A,NGN,CARD,RETAIL
TXN100051,25000.0,SUCCESS,REF-00000051,2026-07-12,Merchant_A,Processor_C,NGN,MOBILE_MONEY,RETAIL
TXN100472,1000.0,SUCCESS,REF-00000472,2026-07-14,Merchant_D,Processor_A,NGN,CARD,BUSINESS
TXN107453,15000.0,SUCCESS,REF-00007453,2026-07-11,Merchant_C,Processor_C,NGN,MOBILE_MONEY,RETAIL
TXN107296,1500.0,SUCCESS,REF-00007296,2026-07-16,Merchant_C,Processor_C,NGN,MOBILE_MONEY,RETAIL
TXN103064,15000.0,SUCCESS,REF-00003064,2026-07-14,Merchant_B,Processor_B,NGN,BANK_TRANSFER,BUSINESS
TXN106882,5000.0,SUCCESS,REF-00006882,2026-07-01,Merchant_A,Processor_A,NGN,USSD,RETAIL
TXN102107,100000.0,SUCCESS,REF-00002107,2026-07-20,Merchant_E,Processor_B,NGN,USSD,BUSINESS
TXN109171,50000.0,FAILED,REF-00009171,2026-07-28,Merchant_B,Processor_B,NGN,CARD,BUSINESS
TXN108237,50000.0,SUCCESS,REF-00008237,2026-07-15,Merchant_B,Processor_C,NGN,CARD,BUSINESS
TXN106403,100000.0,SUCCESS,REF-00006403,2026-07-22,Merchant_E,Processor_B,NGN,BANK_TRANSFER,RETAIL
TXN108725,25000.0,SUCCESS,REF-00008725,2026-07-08,Merchant_A,Processor_A,NGN,CARD,BUSINESS
TXN109278,500.0,SUCCESS,REF-00009278,2026-07-06,Merchant_E,Processor_A,NGN,CARD,BUSINESS
TXN100782,2500.0,FAILED,REF-00000782,2026-07-12,Merchant_C,Processor_A,NGN,MOBILE_MONEY,RETAIL
TXN101231,2500.0,SUCCESS,REF-00001231,2026-07-05,Merchant_B,Processor_B,NGN,BANK_TRANSFER,BUSINESS
TXN101273,500.0,SUCCESS,REF-00001273,2026-07-27,Merchant_E,Processor_C,NGN,MOBILE_MONEY,BUSINESS
TXN106506,25000.0,SUCCESS,REF-00006506,2026-07-30,Merchant_D,Processor_B,NGN,MOBILE_MONEY,RETAIL
TXN108775,1500.0,SUCCESS,REF-00008775,2026-07-13,Merchant_C,Processor_A,NGN,CARD,RETAIL
TXN108959,50000.0,SUCCESS,REF-00008959,2026-07-26,Merchant_E,Processor_B,NGN,MOBILE_MONEY,BUSINESS
TXN103719,2500.0,SUCCESS,REF-00003719,2026-07-28,Merchant_A,Processor_B,NGN,USSD,BUSINESS
TXN106845,2500.0,SUCCESS,REF-00006845,2026-07-04,Merchant_D,Processor_A,NGN,USSD,RETAIL
TXN102324,50000.0,SUCCESS,REF-00002324,2026-07-07,Merchant_C,Processor_A,NGN,USSD,BUSINESS
TXN109879,10000.0,SUCCESS,REF-00009879,2026-07-08,Merchant_E,Processor_B,NGN,BANK_TRANSFER,RETAIL
TXN107927,50000.0,SUCCESS,REF-00007927,2026-07-02,Merchant_D,Processor_B,NGN,BANK_TRANSFER,RETAIL
TXN101856,25000.0,SUCCESS,REF-00001856,2026-07-21,Merchant_C,Processor_B,NGN,USSD,BUSINESS
TXN108854,10000.0,SUCCESS,REF-00008854,2026-07-02,Merchant_B,Processor_A,NGN,USSD,BUSINESS
TXN109638,7500.0,SUCCESS,REF-00009638,2026-07-23,Merchant_B,Processor_C,NGN,MOBILE_MONEY,BUSINESS
TXN106572,1000.0,FAILED,REF-00006572,2026-07-08,Merchant_D,Processor_A,NGN,BANK_TRANSFER,RETAIL
TXN105629,1000.0,SUCCESS,REF-00005629,2026-07-06,Merchant_E,Processor_C,NGN,CARD,BUSINESS
TXN101145,100000.0,SUCCESS,REF-00001145,2026-07-03,Merchant_E,Processor_B,NGN,CARD,RETAIL
TXN103044,25000.0,SUCCESS,REF-00003044,2026-07-05,Merchant_C,Processor_B,NGN,BANK_TRANSFER,BUSINESS
TXN108191,7500.0,SUCCESS,REF-00008191,2026-07-13,Merchant_B,Processor_A,NGN,MOBILE_MONEY,RETAIL
TXN100883,1000.0,SUCCESS,REF-00000883,2026-07-29,Merchant_B,Processor_C,NGN,USSD,RETAIL
TXN106768,100000.0,SUCCESS,REF-00006768,2026-07-15,Merchant_D,Processor_B,NGN,MOBILE_MONEY,RETAIL
TXN109295,100000.0,SUCCESS,REF-00009295,2026-07-29,Merchant_D,Processor_B,NGN,MOBILE_MONEY,RETAIL
TXN102729,10000.0,SUCCESS,REF-00002729,2026-07-29,Merchant_B,Processor_C,NGN,BANK_TRANSFER,RETAIL
TXN107564,10000.0,SUCCESS,REF-00007564,2026-07-10,Merchant_B,Processor_B,NGN,USSD,RETAIL
TXN102660,10000.0,SUCCESS,REF-00002660,2026-07-15,Merchant_A,Processor_B,NGN,BANK_TRANSFER,BUSINESS
TXN108755,50000.0,SUCCESS,REF-00008755,2026-07-23,Merchant_B,Processor_C,NGN,BANK_TRANSFER,RETAIL
TXN108145,500.0,SUCCESS,REF-00008145,2026-07-14,Merchant_E,Processor_C,NGN,MOBILE_MONEY,RETAIL
TXN106190,25000.0,SUCCESS,REF-00006190,2026-07-17,Merchant_B,Processor_C,NGN,BANK_TRANSFER,BUSINESS
TXN105735,15000.0,SUCCESS,REF-00005735,2026-07-09,Merchant_C,Processor_C,NGN,BANK_TRANSFER,BUSINESS
TXN100817,7500.0,SUCCESS,REF-00000817,2026-07-23,Merchant_C,Processor_C,NGN,BANK_TRANSFER,RETAIL
TXN106138,15000.0,FAILED,REF-00006138,2026-07-01,Merchant_E,Processor_B,NGN,BANK_TRANSFER,RETAIL
TXN103073,5000.0,SUCCESS,REF-00003073,2026-07-21,Merchant_A,Processor_B,NGN,MOBILE_MONEY,RETAIL
TXN107753,7500.0,SUCCESS,REF-00007753,2026-07-22,Merchant_D,Processor_C,NGN,USSD,BUSINESS
TXN103356,25000.0,SUCCESS,REF-00003356,2026-07-04,Merchant_C,Processor_C,NGN,USSD,RETAIL
TXN105419,5000.0,SUCCESS,REF-00005419,2026-07-18,Merchant_B,Processor_B,NGN,MOBILE_MONEY,RETAIL
TXN105339,500.0,SUCCESS,REF-00005339,2026-07-25,Merchant_C,Processor_B,NGN,CARD,RETAIL
TXN102590,50000.0,FAILED,REF-00002590,2026-07-01,Merchant_A,Processor_B,NGN,BANK_TRANSFER,RETAIL
TXN109098,100000.0,SUCCESS,REF-00009098,2026-07-05,Merchant_C,Processor_A,NGN,MOBILE_MONEY,BUSINESS
TXN108456,15000.0,SUCCESS,REF-00008456,2026-07-12,Merchant_B,Processor_C,NGN,CARD,BUSINESS
TXN102244,50000.0,SUCCESS,REF-00002244,2026-07-13,Merchant_C,Processor_C,NGN,CARD,RETAIL
TXN107256,1000.0,SUCCESS,REF-00007256,2026-07-23,Merchant_A,Processor_A,NGN,BANK_TRANSFER,BUSINESS
TXN101407,50000.0,SUCCESS,REF-00001407,2026-07-30,Merchant_D,Processor_B,NGN,MOBILE_MONEY,RETAIL
TXN107729,10000.0,SUCCESS,REF-00007729,2026-07-15,Merchant_E,Processor_C,NGN,BANK_TRANSFER,RETAIL
TXN103682,25000.0,SUCCESS,REF-00003682,2026-07-14,Merchant_A,Processor_B,NGN,CARD,BUSINESS
TXN102042,10000.0,SUCCESS,REF-00002042,2026-07-29,Merchant_B,Processor_B,NGN,CARD,RETAIL
TXN107944,5000.0,SUCCESS,REF-00007944,2026-07-28,Merchant_A,Processor_C,NGN,BANK_TRANSFER,BUSINESS
TXN108749,1000.0,SUCCESS,REF-00008749,2026-07-02,Merchant_E,Processor_B,NGN,BANK_TRANSFER,BUSINESS
TXN101841,7500.0,SUCCESS,REF-00001841,2026-07-10,Merchant_C,Processor_B,NGN,BANK_TRANSFER,RETAIL
TXN105315,7500.0,SUCCESS,REF-00005315,2026-07-25,Merchant_B,Processor_C,NGN,USSD,BUSINESS
TXN103944,1000.0,SUCCESS,REF-00003944,2026-07-10,Merchant_E,Processor_B,NGN,MOBILE_MONEY,BUSINESS
TXN109906,50000.0,SUCCESS,REF-00009906,2026-07-23,Merchant_B,Processor_B,NGN,MOBILE_MONEY,BUSINESS
TXN109189,50000.0,SUCCESS,REF-00009189,2026-07-18,Merchant_E,Processor_C,NGN,MOBILE_MONEY,BUSINESS
TXN101065,25000.0,SUCCESS,REF-00001065,2026-07-30,Merchant_C,Processor_C,NGN,CARD,RETAIL
TXN106934,100000.0,SUCCESS,REF-00006934,2026-07-23,Merchant_C,Processor_C,NGN,MOBILE_MONEY,RETAIL
TXN100753,5000.0,SUCCESS,REF-00000753,2026-07-24,Merchant_B,Processor_C,NGN,MOBILE_MONEY,BUSINESS
TXN107066,500.0,SUCCESS,REF-00007066,2026-07-21,Merchant_C,Processor_A,NGN,CARD,BUSINESS
TXN108395,25000.0,SUCCESS,REF-00008395,2026-07-12,Merchant_D,Processor_B,NGN,CARD,BUSINESS
TXN100815,10000.0,SUCCESS,REF-00000815,2026-07-05,Merchant_B,Processor_C,NGN,USSD,BUSINESS
TXN101693,1500.0,FAILED,REF-00001693,2026-07-28,Merchant_C,Processor_B,NGN,CARD,BUSINESS
TXN106312,15000.0,SUCCESS,REF-00006312,2026-07-13,Merchant_D,Processor_B,NGN,BANK_TRANSFER,BUSINESS
TXN100227,7500.0,SUCCESS,REF-00000227,2026-07-12,Merchant_A,Processor_A,NGN,USSD,BUSINESS
TXN105340,50000.0,SUCCESS,REF-00005340,2026-07-15,Merchant_D,Processor_C,NGN,CARD,RETAIL
TXN103278,5000.0,SUCCESS,REF-00003278,2026-07-20,Merchant_E,Processor_A,NGN,MOBILE_MONEY,RETAIL
TXN106371,5000.0,SUCCESS,REF-00006371,2026-07-18,Merchant_B,Processor_A,NGN,USSD,RETAIL
TXN108136,7500.0,SUCCESS,REF-00008136,2026-07-24,Merchant_A,Processor_B,NGN,USSD,RETAIL
TXN108014,15000.0,SUCCESS,REF-00008014,2026-07-13,Merchant_C,Processor_B,NGN,MOBILE_MONEY,RETAIL
TXN106064,2500.0,SUCCESS,REF-00006064,2026-07-18,Merchant_E,Processor_B,NGN,MOBILE_MONEY,BUSINESS
TXN103434,25000.0,SUCCESS,REF-00003434,2026-07-13,Merchant_B,Processor_A,NGN,MOBILE_MONEY,BUSINESS
TXN101261,50000.0,SUCCESS,REF-00001261,2026-07-17,Merchant_D,Processor_A,NGN,BANK_TRANSFER,BUSINESS
TXN101594,25000.0,SUCCESS,REF-00001594,2026-07-20,Merchant_A,Processor_C,NGN,USSD,RETAIL
TXN104279,7500.0,SUCCESS,REF-00004279,2026-07-09,Merchant_C,Processor_A,NGN,BANK_TRANSFER,RETAIL
TXN104382,10000.0,SUCCESS,REF-00004382,2026-07-08,Merchant_A,Processor_A,NGN,BANK_TRANSFER,BUSINESS
TXN100857,10000.0,SUCCESS,REF-00000857,2026-07-04,Merchant_E,Processor_C,NGN,MOBILE_MONEY,BUSINESS
TXN105093,1000.0,SUCCESS,REF-00005093,2026-07-27,Merchant_D,Processor_B,NGN,CARD,RETAIL
TXN109193,50000.0,SUCCESS,REF-00009193,2026-07-05,Merchant_D,Processor_B,NGN,BANK_TRANSFER,RETAIL
TXN103500,5000.0,SUCCESS,REF-00003500,2026-07-19,Merchant_C,Processor_B,NGN,CARD,BUSINESS
TXN106993,1000.0,SUCCESS,REF-00006993,2026-07-31,Merchant_D,Processor_A,NGN,CARD,BUSINESS
TXN100852,2500.0,SUCCESS,REF-00000852,2026-07-17,Merchant_D,Processor_C,NGN,MOBILE_MONEY,BUSINESS
TXN104036,250000.0,SUCCESS,REF-00004036,2026-07-07,Merchant_C,Processor_A,NGN,CARD,RETAIL
TXN104306,10000.0,SUCCESS,REF-00004306,2026-07-24,Merchant_B,Processor_B,NGN,BANK_TRANSFER,BUSINESS
TXN108781,50000.0,SUCCESS,REF-00008781,2026-07-16,Merchant_E,Processor_C,NGN,CARD,BUSINESS
TXN108307,5000.0,SUCCESS,REF-00008307,2026-07-03,Merchant_A,Processor_A,NGN,BANK_TRANSFER,RETAIL
TXN108385,10000.0,SUCCESS,REF-00008385,2026-07-18,Merchant_C,Processor_B,NGN,MOBILE_MONEY,RETAIL
TXN103550,50000.0,SUCCESS,REF-00003550,2026-07-28,Merchant_E,Processor_A,NGN,BANK_TRANSFER,BUSINESS
TXN105019,50000.0,SUCCESS,REF-00005019,2026-07-22,Merchant_C,Processor_C,NGN,CARD,RETAIL
TXN108888,5000.0,FAILED,REF-00008888,2026-07-03,Merchant_E,Processor_B,NGN,BANK_TRANSFER,BUSINESS
TXN101703,10000.0,SUCCESS,REF-00001703,2026-07-23,Merchant_D,Processor_C,NGN,CARD,RETAIL
TXN100329,2500.0,SUCCESS,REF-00000329,2026-07-04,Merchant_C,Processor_B,NGN,CARD,BUSINESS
TXN102458,10000.0,SUCCESS,REF-00002458,2026-07-28,Merchant_A,Processor_B,NGN,MOBILE_MONEY,BUSINESS
TXN108891,50000.0,SUCCESS,REF-00008891,2026-07-18,Merchant_C,Processor_A,NGN,CARD,RETAIL
TXN108602,50000.0,SUCCESS,REF-00008602,2026-07-24,Merchant_B,Processor_A,NGN,USSD,BUSINESS
TXN100287,10000.0,SUCCESS,REF-00000287,2026-07-22,Merchant_B,Processor_C,NGN,BANK_TRANSFER,BUSINESS
TXN102508,50000.0,SUCCESS,REF-00002508,2026-07-08,Merchant_D,Processor_C,NGN,USSD,RETAIL
TXN107771,25000.0,SUCCESS,REF-00007771,2026-07-09,Merchant_C,Processor_A,NGN,USSD,RETAIL
TXN107710,500.0,SUCCESS,REF-00007710,2026-07-28,Merchant_D,Processor_A,NGN,BANK_TRANSFER,RETAIL
TXN103202,2500.0,SUCCESS,REF-00003202,2026-07-18,Merchant_D,Processor_A,NGN,MOBILE_MONEY,RETAIL
TXN105001,10000.0,SUCCESS,REF-00005001,2026-07-23,Merchant_A,Processor_C,NGN,BANK_TRANSFER,RETAIL
TXN105896,100000.0,SUCCESS,REF-00005896,2026-07-30,Merchant_A,Processor_C,NGN,MOBILE_MONEY,RETAIL
TXN107509,100000.0,SUCCESS,REF-00007509,2026-07-13,Merchant_B,Processor_C,NGN,CARD,RETAIL
TXN105402,250000.0,SUCCESS,REF-00005402,2026-07-28,Merchant_C,Processor_C,NGN,USSD,RETAIL
TXN106247,50000.0,SUCCESS,REF-00006247,2026-07-30,Merchant_E,Processor_A,NGN,BANK_TRANSFER,BUSINESS
TXN107212,2500.0,SUCCESS,REF-00007212,2026-07-31,Merchant_E,Processor_B,NGN,CARD,BUSINESS
TXN106939,5000.0,SUCCESS,REF-00006939,2026-07-30,Merchant_D,Processor_C,NGN,BANK_TRANSFER,RETAIL
TXN105982,250000.0,FAILED,REF-00005982,2026-07-01,Merchant_C,Processor_B,NGN,BANK_TRANSFER,RETAIL
TXN107225,250000.0,SUCCESS,REF-00007225,2026-07-10,Merchant_E,Processor_B,NGN,CARD,BUSINESS
TXN101881,100000.0,SUCCESS,REF-00001881,2026-07-26,Merchant_A,Processor_C,NGN,BANK_TRANSFER,RETAIL
TXN105906,7500.0,FAILED,REF-00005906,2026-07-12,Merchant_A,Processor_C,NGN,CARD,BUSINESS
TXN100507,50000.0,SUCCESS,REF-00000507,2026-07-01,Merchant_E,Processor_C,NGN,USSD,BUSINESS
TXN101973,10000.0,SUCCESS,REF-00001973,2026-07-21,Merchant_C,Processor_B,NGN,CARD,RETAIL
TXN107688,5000.0,SUCCESS,REF-00007688,2026-07-15,Merchant_D,Processor_C,NGN,BANK_TRANSFER,BUSINESS
TXN107578,100000.0,SUCCESS,REF-00007578,2026-07-03,Merchant_D,Processor_A,NGN,USSD,BUSINESS
TXN108704,2500.0,SUCCESS,REF-00008704,2026-07-22,Merchant_C,Processor_C,NGN,USSD,RETAIL
TXN102975,500.0,SUCCESS,REF-00002975,2026-07-11,Merchant_A,Processor_A,NGN,CARD,BUSINESS
TXN107451,7500.0,SUCCESS,REF-00007451,2026-07-19,Merchant_E,Processor_C,NGN,MOBILE_MONEY,BUSINESS
TXN106579,10000.0,SUCCESS,REF-00006579,2026-07-01,Merchant_E,Processor_C,NGN,CARD,BUSINESS
TXN100727,50000.0,SUCCESS,REF-00000727,2026-07-04,Merchant_C,Processor_C,NGN,MOBILE_MONEY,BUSINESS
TXN109254,25000.0,SUCCESS,REF-00009254,2026-07-25,Merchant_B,Processor_C,NGN,CARD,BUSINESS
TXN105652,2500.0,SUCCESS,REF-00005652,2026-07-09,Merchant_B,Processor_A,NGN,USSD,RETAIL
TXN103575,5000.0,SUCCESS,REF-00003575,2026-07-14,Merchant_E,Processor_A,NGN,CARD,RETAIL
TXN105829,10000.0,SUCCESS,REF-00005829,2026-07-28,Merchant_B,Processor_C,NGN,MOBILE_MONEY,BUSINESS
TXN100585,2500.0,SUCCESS,REF-00000585,2026-07-10,Merchant_D,Processor_B,NGN,BANK_TRANSFER,BUSINESS
TXN101496,15000.0,SUCCESS,REF-00001496,2026-07-08,Merchant_A,Processor_C,NGN,MOBILE_MONEY,RETAIL
TXN104439,2500.0,SUCCESS,REF-00004439,2026-07-17,Merchant_B,Processor_B,NGN,USSD,RETAIL
TXN109230,10000.0,SUCCESS,REF-00009230,2026-07-09,Merchant_D,Processor_A,NGN,CARD,RETAIL
TXN106826,2500.0,SUCCESS,REF-00006826,2026-07-25,Merchant_C,Processor_C,NGN,USSD,BUSINESS
TXN108334,25000.0,SUCCESS,REF-00008334,2026-07-21,Merchant_C,Processor_B,NGN,BANK_TRANSFER,RETAIL
TXN106452,7500.0,SUCCESS,REF-00006452,2026-07-07,Merchant_D,Processor_A,NGN,BANK_TRANSFER,RETAIL
TXN108909,250000.0,SUCCESS,REF-00008909,2026-07-25,Merchant_B,Processor_A,NGN,BANK_TRANSFER,RETAIL
TXN101894,10000.0,SUCCESS,REF-00001894,2026-07-02,Merchant_D,Processor_C,NGN,CARD,BUSINESS
TXN104568,1500.0,SUCCESS,REF-00004568,2026-07-16,Merchant_A,Processor_A,NGN,MOBILE_MONEY,BUSINESS
TXN108573,2500.0,SUCCESS,REF-00008573,2026-07-18,Merchant_E,Processor_A,NGN,CARD,RETAIL
TXN106142,1000.0,FAILED,REF-00006142,2026-07-06,Merchant_C,Processor_B,NGN,USSD,BUSINESS
TXN105198,5000.0,SUCCESS,REF-00005198,2026-07-06,Merchant_D,Processor_A,NGN,CARD,RETAIL
TXN107029,1500.0,SUCCESS,REF-00007029,2026-07-26,Merchant_B,Processor_A,NGN,USSD,RETAIL
TXN100345,15000.0,SUCCESS,REF-00000345,2026-07-11,Merchant_E,Processor_B,NGN,CARD,BUSINESS
TXN105613,2500.0,SUCCESS,REF-00005613,2026-07-21,Merchant_B,Processor_B,NGN,MOBILE_MONEY,BUSINESS
TXN100368,2500.0,SUCCESS,REF-00000368,2026-07-12,Merchant_B,Processor_C,NGN,BANK_TRANSFER,RETAIL
TXN100084,5000.0,SUCCESS,REF-00000084,2026-07-17,Merchant_D,Processor_C,NGN,CARD,BUSINESS
TXN102915,15000.0,SUCCESS,REF-00002915,2026-07-05,Merchant_D,Processor_B,NGN,MOBILE_MONEY,BUSINESS
TXN104102,10000.0,SUCCESS,REF-00004102,2026-07-14,Merchant_C,Processor_B,NGN,CARD,BUSINESS
TXN106637,10000.0,SUCCESS,REF-00006637,2026-07-25,Merchant_B,Processor_B,NGN,CARD,BUSINESS
TXN109484,100000.0,SUCCESS,REF-00009484,2026-07-09,Merchant_D,Processor_B,NGN,BANK_TRANSFER,RETAIL
TXN103055,250000.0,SUCCESS,REF-00003055,2026-07-16,Merchant_B,Processor_B,NGN,USSD,RETAIL
TXN102694,250000.0,SUCCESS,REF-00002694,2026-07-10,Merchant_A,Processor_B,NGN,MOBILE_MONEY,RETAIL
TXN108996,1500.0,SUCCESS,REF-00008996,2026-07-27,Merchant_D,Processor_B,NGN,CARD,RETAIL
TXN109575,5000.0,SUCCESS,REF-00009575,2026-07-29,Merchant_E,Processor_B,NGN,BANK_TRANSFER,RETAIL
TXN109166,50000.0,SUCCESS,REF-00009166,2026-07-18,Merchant_B,Processor_B,NGN,CARD,BUSINESS
TXN101944,25000.0,FAILED,REF-00001944,2026-07-23,Merchant_E,Processor_A,NGN,CARD,BUSINESS
TXN106036,25000.0,SUCCESS,REF-00006036,2026-07-21,Merchant_E,Processor_C,NGN,BANK_TRANSFER,RETAIL
TXN107107,2500.0,FAILED,REF-00007107,2026-07-27,Merchant_B,Processor_C,NGN,CARD,RETAIL
TXN101474,5000.0,SUCCESS,REF-00001474,2026-07-01,Merchant_C,Processor_B,NGN,CARD,RETAIL
TXN103424,50000.0,SUCCESS,REF-00003424,2026-07-08,Merchant_D,Processor_C,NGN,MOBILE_MONEY,RETAIL
TXN100837,5000.0,FAILED,REF-00000837,2026-07-18,Merchant_E,Processor_A,NGN,MOBILE_MONEY,BUSINESS
TXN100198,100000.0,SUCCESS,REF-00000198,2026-07-07,Merchant_B,Processor_A,NGN,MOBILE_MONEY,BUSINESS
TXN108734,5000.0,SUCCESS,REF-00008734,2026-07-17,Merchant_C,Processor_C,NGN,CARD,BUSINESS
TXN109640,10000.0,SUCCESS,REF-00009640,2026-07-13,Merchant_C,Processor_A,NGN,CARD,BUSINESS
TXN101901,500.0,REFUNDED,REF-00001901,2026-07-08,Merchant_E,Processor_C,NGN,MOBILE_MONEY,BUSINESS
TXN107788,500.0,SUCCESS,REF-00007788,2026-07-23,Merchant_D,Processor_A,NGN,CARD,BUSINESS
TXN107006,10000.0,SUCCESS,REF-00007006,2026-07-20,Merchant_E,Processor_A,NGN,BANK_TRANSFER,BUSINESS
TXN102032,7500.0,SUCCESS,REF-00002032,2026-07-27,Merchant_E,Processor_B,NGN,BANK_TRANSFER,RETAIL
TXN103632,7500.0,SUCCESS,REF-00003632,2026-07-31,Merchant_A,Processor_A,NGN,CARD,RETAIL
TXN102070,25000.0,SUCCESS,REF-00002070,2026-07-18,Merchant_B,Processor_B,NGN,CARD,RETAIL
TXN105721,7500.0,SUCCESS,REF-00005721,2026-07-07,Merchant_D,Processor_C,NGN,USSD,BUSINESS
TXN108220,100000.0,SUCCESS,REF-00008220,2026-07-29,Merchant_A,Processor_A,NGN,BANK_TRANSFER,BUSINESS
TXN105960,7500.0,SUCCESS,REF-00005960,2026-07-04,Merchant_B,Processor_C,NGN,CARD,RETAIL
TXN109251,15000.0,SUCCESS,REF-00009251,2026-07-19,Merchant_C,Processor_C,NGN,USSD,RETAIL
TXN104254,1500.0,SUCCESS,REF-00004254,2026-07-30,Merchant_A,Processor_B,NGN,BANK_TRANSFER,BUSINESS
TXN107184,2500.0,SUCCESS,REF-00007184,2026-07-28,Merchant_C,Processor_B,NGN,USSD,BUSINESS
TXN104269,100000.0,SUCCESS,REF-00004269,2026-07-23,Merchant_B,Processor_C,NGN,MOBILE_MONEY,BUSINESS
TXN105426,250000.0,SUCCESS,REF-00005426,2026-07-27,Merchant_E,Processor_B,NGN,USSD,BUSINESS
TXN102332,15000.0,FAILED,REF-00002332,2026-07-11,Merchant_E,Processor_C,NGN,MOBILE_MONEY,BUSINESS
TXN102362,5000.0,SUCCESS,REF-00002362,2026-07-12,Merchant_E,Processor_B,NGN,CARD,BUSINESS
TXN109893,25000.0,SUCCESS,REF-00009893,2026-07-01,Merchant_B,Processor_C,NGN,CARD,RETAIL
TXN100443,5000.0,REFUNDED,REF-00000443,2026-07-21,Merchant_B,Processor_A,NGN,BANK_TRANSFER,BUSINESS
TXN101322,100000.0,SUCCESS,REF-00001322,2026-07-15,Merchant_A,Processor_C,NGN,USSD,RETAIL
TXN105197,1000.0,FAILED,REF-00005197,2026-07-05,Merchant_E,Processor_A,NGN,USSD,RETAIL
TXN106479,1500.0,SUCCESS,REF-00006479,2026-07-22,Merchant_A,Processor_C,NGN,CARD,RETAIL
TXN104336,15000.0,SUCCESS,REF-00004336,2026-07-17,Merchant_C,Processor_A,NGN,BANK_TRANSFER,BUSINESS
TXN105345,10000.0,SUCCESS,REF-00005345,2026-07-26,Merchant_B,Processor_C,NGN,CARD,BUSINESS
TXN109739,15000.0,SUCCESS,REF-00009739,2026-07-04,Merchant_A,Processor_C,NGN,BANK_TRANSFER,RETAIL
TXN109550,1000.0,SUCCESS,REF-00009550,2026-07-19,Merchant_D,Processor_C,NGN,USSD,BUSINESS
TXN103067,250000.0,SUCCESS,REF-00003067,2026-07-25,Merchant_D,Processor_A,NGN,MOBILE_MONEY,BUSINESS
TXN104238,25000.0,SUCCESS,REF-00004238,2026-07-19,Merchant_C,Processor_C,NGN,BANK_TRANSFER,RETAIL
TXN104893,2500.0,SUCCESS,REF-00004893,2026-07-30,Merchant_D,Processor_C,NGN,USSD,RETAIL
TXN104512,1000.0,SUCCESS,REF-00004512,2026-07-13,Merchant_E,Processor_C,NGN,BANK_TRANSFER,RETAIL
TXN105337,10000.0,SUCCESS,REF-00005337,2026-07-22,Merchant_E,Processor_B,NGN,MOBILE_MONEY,BUSINESS
TXN100910,15000.0,SUCCESS,REF-00000910,2026-07-22,Merchant_A,Processor_C,NGN,MOBILE_MONEY,BUSINESS
TXN104174,100000.0,FAILED,REF-00004174,2026-07-19,Merchant_C,Processor_B,NGN,CARD,BUSINESS
TXN101060,100000.0,SUCCESS,REF-00001060,2026-07-01,Merchant_E,Processor_A,NGN,MOBILE_MONEY,RETAIL
TXN105595,10000.0,SUCCESS,REF-00005595,2026-07-15,Merchant_B,Processor_B,NGN,MOBILE_MONEY,BUSINESS
TXN104722,2500.0,SUCCESS,REF-00004722,2026-07-22,Merchant_B,Processor_C,NGN,CARD,BUSINESS
TXN106047,10000.0,SUCCESS,REF-00006047,2026-07-16,Merchant_C,Processor_C,NGN,MOBILE_MONEY,BUSINESS
TXN107221,2500.0,SUCCESS,REF-00007221,2026-07-26,Merchant_B,Processor_A,NGN,CARD,RETAIL
TXN100809,1000.0,SUCCESS,REF-00000809,2026-07-10,Merchant_C,Processor_A,NGN,BANK_TRANSFER,RETAIL
TXN107841,7500.0,SUCCESS,REF-00007841,2026-07-15,Merchant_D,Processor_A,NGN,USSD,BUSINESS
TXN100949,15000.0,REFUNDED,REF-00000949,2026-07-26,Merchant_D,Processor_C,NGN,CARD,RETAIL
TXN100800,25000.0,SUCCESS,REF-00000800,2026-07-21,Merchant_B,Processor_B,NGN,BANK_TRANSFER,RETAIL
TXN108543,15000.0,SUCCESS,REF-00008543,2026-07-20,Merchant_B,Processor_C,NGN,MOBILE_MONEY,BUSINESS
TXN108393,25000.0,SUCCESS,REF-00008393,2026-07-26,Merchant_B,Processor_A,NGN,BANK_TRANSFER,BUSINESS
TXN100218,15000.0,SUCCESS,REF-00000218,2026-07-02,Merchant_B,Processor_A,NGN,CARD,RETAIL
TXN104919,5000.0,SUCCESS,REF-00004919,2026-07-28,Merchant_B,Processor_C,NGN,CARD,BUSINESS
TXN101129,2500.0,SUCCESS,REF-00001129,2026-07-15,Merchant_D,Processor_C,NGN,CARD,BUSINESS
TXN102921,25000.0,SUCCESS,REF-00002921,2026-07-16,Merchant_E,Processor_C,NGN,CARD,BUSINESS
TXN107195,10000.0,SUCCESS,REF-00007195,2026-07-08,Merchant_D,Processor_C,NGN,BANK_TRANSFER,BUSINESS
TXN109912,1000.0,SUCCESS,REF-00009912,2026-07-24,Merchant_E,Processor_B,NGN,USSD,BUSINESS
TXN108185,1500.0,SUCCESS,REF-00008185,2026-07-05,Merchant_A,Processor_C,NGN,USSD,BUSINESS
TXN100224,2500.0,SUCCESS,REF-00000224,2026-07-06,Merchant_E,Processor_B,NGN,BANK_TRANSFER,BUSINESS
TXN105807,250000.0,SUCCESS,REF-00005807,2026-07-23,Merchant_D,Processor_B,NGN,USSD,RETAIL
TXN104076,7500.0,SUCCESS,REF-00004076,2026-07-13,Merchant_C,Processor_C,NGN,MOBILE_MONEY,BUSINESS
TXN103078,1500.0,SUCCESS,REF-00003078,2026-07-29,Merchant_E,Processor_B,NGN,BANK_TRANSFER,BUSINESS
TXN100665,1500.0,SUCCESS,REF-00000665,2026-07-20,Merchant_A,Processor_C,NGN,BANK_TRANSFER,RETAIL
TXN100021,1500.0,SUCCESS,REF-00000021,2026-07-21,Merchant_C,Processor_C,NGN,BANK_TRANSFER,BUSINESS
TXN102077,7500.0,SUCCESS,REF-00002077,2026-07-01,Merchant_C,Processor_A,NGN,USSD,BUSINESS
TXN104151,500.0,SUCCESS,REF-00004151,2026-07-12,Merchant_E,Processor_C,NGN,BANK_TRANSFER,BUSINESS
TXN100434,1000.0,FAILED,REF-00000434,2026-07-06,Merchant_B,Processor_A,NGN,BANK_TRANSFER,RETAIL
TXN109519,7500.0,SUCCESS,REF-00009519,2026-07-27,Merchant_C,Processor_C,NGN,CARD,BUSINESS
TXN102957,50000.0,FAILED,REF-00002957,2026-07-27,Merchant_E,Processor_A,NGN,CARD,BUSINESS
TXN103784,50000.0,SUCCESS,REF-00003784,2026-07-01,Merchant_A,Processor_C,NGN,USSD,RETAIL
TXN109272,15000.0,SUCCESS,REF-00009272,2026-07-30,Merchant_D,Processor_C,NGN,CARD,RETAIL
TXN106439,10000.0,SUCCESS,REF-00006439,2026-07-16,Merchant_C,Processor_B,NGN,MOBILE_MONEY,BUSINESS
TXN109794,10000.0,SUCCESS,REF-00009794,2026-07-20,Merchant_C,Processor_A,NGN,CARD,BUSINESS
TXN103090,7500.0,SUCCESS,REF-00003090,2026-07-06,Merchant_C,Processor_B,NGN,CARD,BUSINESS
TXN106455,2500.0,REFUNDED,REF-00006455,2026-07-31,Merchant_C,Processor_A,NGN,BANK_TRANSFER,BUSINESS
TXN108688,2500.0,SUCCESS,REF-00008688,2026-07-27,Merchant_C,Processor_C,NGN,MOBILE_MONEY,RETAIL
TXN103873,50000.0,FAILED,REF-00003873,2026-07-28,Merchant_A,Processor_A,NGN,MOBILE_MONEY,BUSINESS
TXN106128,1500.0,FAILED,REF-00006128,2026-07-04,Merchant_D,Processor_B,NGN,CARD,RETAIL
TXN100127,50000.0,SUCCESS,REF-00000127,2026-07-28,Merchant_C,Processor_B,NGN,USSD,BUSINESS
TXN107839,50000.0,SUCCESS,REF-00007839,2026-07-07,Merchant_E,Processor_A,NGN,BANK_TRANSFER,RETAIL
TXN103791,1000.0,SUCCESS,REF-00003791,2026-07-27,Merchant_B,Processor_B,NGN,USSD,BUSINESS
TXN109616,15000.0,SUCCESS,REF-00009616,2026-07-12,Merchant_A,Processor_C,NGN,USSD,RETAIL
TXN108335,7500.0,REFUNDED,REF-00008335,2026-07-31,Merchant_E,Processor_B,NGN,USSD,RETAIL
TXN104270,15000.0,SUCCESS,REF-00004270,2026-07-22,Merchant_C,Processor_C,NGN,MOBILE_MONEY,BUSINESS
TXN101443,7500.0,SUCCESS,REF-00001443,2026-07-21,Merchant_E,Processor_A,NGN,USSD,BUSINESS
TXN106204,1000.0,REFUNDED,REF-00006204,2026-07-07,Merchant_D,Processor_A,NGN,USSD,BUSINESS
TXN106106,10000.0,SUCCESS,REF-00006106,2026-07-26,Merchant_B,Processor_A,NGN,MOBILE_MONEY,RETAIL
TXN103834,7500.0,SUCCESS,REF-00003834,2026-07-10,Merchant_C,Processor_B,NGN,CARD,BUSINESS
TXN102687,7500.0,SUCCESS,REF-00002687,2026-07-31,Merchant_E,Processor_B,NGN,MOBILE_MONEY,BUSINESS
TXN105252,25000.0,SUCCESS,REF-00005252,2026-07-07,Merchant_A,Processor_A,NGN,MOBILE_MONEY,RETAIL
TXN104371,5000.0,SUCCESS,REF-00004371,2026-07-22,Merchant_D,Processor_A,NGN,CARD,RETAIL
TXN100645,100000.0,SUCCESS,REF-00000645,2026-07-05,Merchant_A,Processor_A,NGN,USSD,BUSINESS
TXN100818,1000.0,SUCCESS,REF-00000818,2026-07-29,Merchant_A,Processor_B,NGN,USSD,RETAIL
TXN106564,1500.0,FAILED,REF-00006564,2026-07-24,Merchant_C,Processor_C,NGN,CARD,RETAIL
TXN103130,50000.0,SUCCESS,REF-00003130,2026-07-02,Merchant_C,Processor_B,NGN,USSD,RETAIL
TXN107351,1000.0,SUCCESS,REF-00007351,2026-07-29,Merchant_A,Processor_B,NGN,CARD,RETAIL
TXN101610,100000.0,FAILED,REF-00001610,2026-07-19,Merchant_B,Processor_A,NGN,MOBILE_MONEY,RETAIL
TXN105324,1000.0,SUCCESS,REF-00005324,2026-07-08,Merchant_D,Processor_C,NGN,USSD,RETAIL
TXN103425,15000.0,SUCCESS,REF-00003425,2026-07-03,Merchant_E,Processor_C,NGN,USSD,BUSINESS
TXN105157,25000.0,SUCCESS,REF-00005157,2026-07-13,Merchant_E,Processor_B,NGN,BANK_TRANSFER,BUSINESS
TXN107249,50000.0,REFUNDED,REF-00007249,2026-07-23,Merchant_B,Processor_A,NGN,USSD,BUSINESS
TXN103985,100000.0,SUCCESS,REF-00003985,2026-07-12,Merchant_C,Processor_C,NGN,BANK_TRANSFER,BUSINESS
TXN109788,10000.0,FAILED,REF-00009788,2026-07-22,Merchant_B,Processor_B,NGN,USSD,BUSINESS
TXN108409,5000.0,SUCCESS,REF-00008409,2026-07-02,Merchant_C,Processor_B,NGN,BANK_TRANSFER,BUSINESS
TXN108039,250000.0,SUCCESS,REF-00008039,2026-07-05,Merchant_A,Processor_C,NGN,CARD,BUSINESS
TXN100546,1000.0,REFUNDED,REF-00000546,2026-07-26,Merchant_A,Processor_C,NGN,USSD,BUSINESS
TXN101537,15000.0,SUCCESS,REF-00001537,2026-07-28,Merchant_D,Processor_B,NGN,CARD,RETAIL
TXN101225,15000.0,SUCCESS,REF-00001225,2026-07-06,Merchant_E,Processor_A,NGN,BANK_TRANSFER,BUSINESS
TXN100137,25000.0,SUCCESS,REF-00000137,2026-07-24,Merchant_A,Processor_A,NGN,BANK_TRANSFER,BUSINESS
TXN106941,50000.0,SUCCESS,REF-00006941,2026-07-13,Merchant_E,Processor_A,NGN,BANK_TRANSFER,RETAIL
TXN107120,100000.0,SUCCESS,REF-00007120,2026-07-17,Merchant_C,Processor_C,NGN,BANK_TRANSFER,RETAIL
TXN109603,1000.0,SUCCESS,REF-00009603,2026-07-26,Merchant_C,Processor_C,NGN,MOBILE_MONEY,BUSINESS
TXN106964,5000.0,SUCCESS,REF-00006964,2026-07-06,Merchant_D,Processor_B,NGN,CARD,RETAIL
TXN107073,1000.0,SUCCESS,REF-00007073,2026-07-19,Merchant_E,Processor_A,NGN,BANK_TRANSFER,BUSINESS
TXN102841,25000.0,SUCCESS,REF-00002841,2026-07-13,Merchant_A,Processor_B,NGN,USSD,RETAIL
TXN100381,25000.0,SUCCESS,REF-00000381,2026-07-24,Merchant_D,Processor_A,NGN,BANK_TRANSFER,BUSINESS
TXN109318,15000.0,REFUNDED,REF-00009318,2026-07-04,Merchant_B,Processor_B,NGN,CARD,RETAIL
TXN105485,250000.0,SUCCESS,REF-00005485,2026-07-13,Merchant_B,Processor_B,NGN,MOBILE_MONEY,RETAIL
TXN102061,10000.0,SUCCESS,REF-00002061,2026-07-05,Merchant_C,Processor_A,NGN,CARD,BUSINESS
TXN107009,2500.0,SUCCESS,REF-00007009,2026-07-22,Merchant_E,Processor_A,NGN,USSD,BUSINESS
TXN102950,50000.0,SUCCESS,REF-00002950,2026-07-14,Merchant_A,Processor_B,NGN,MOBILE_MONEY,BUSINESS
TXN105984,1500.0,SUCCESS,REF-00005984,2026-07-13,Merchant_D,Processor_C,NGN,CARD,BUSINESS
TXN101058,10000.0,SUCCESS,REF-00001058,2026-07-18,Merchant_B,Processor_C,NGN,BANK_TRANSFER,BUSINESS
TXN109118,100000.0,SUCCESS,REF-00009118,2026-07-26,Merchant_D,Processor_A,NGN,USSD,RETAIL
TXN105524,10000.0,SUCCESS,REF-00005524,2026-07-01,Merchant_A,Processor_C,NGN,USSD,RETAIL
TXN101251,10000.0,SUCCESS,REF-00001251,2026-07-13,Merchant_C,Processor_B,NGN,MOBILE_MONEY,BUSINESS
TXN106024,1000.0,SUCCESS,REF-00006024,2026-07-28,Merchant_B,Processor_B,NGN,CARD,RETAIL
TXN102643,15000.0,REFUNDED,REF-00002643,2026-07-30,Merchant_D,Processor_A,NGN,USSD,RETAIL
TXN105784,500.0,SUCCESS,REF-00005784,2026-07-19,Merchant_E,Processor_A,NGN,MOBILE_MONEY,BUSINESS
TXN103289,2500.0,SUCCESS,REF-00003289,2026-07-02,Merchant_E,Processor_A,NGN,BANK_TRANSFER,RETAIL
TXN104590,10000.0,SUCCESS,REF-00004590,2026-07-23,Merchant_C,Processor_B,NGN,BANK_TRANSFER,BUSINESS
TXN105536,1500.0,SUCCESS,REF-00005536,2026-07-05,Merchant_C,Processor_C,NGN,MOBILE_MONEY,RETAIL
TXN108506,500.0,SUCCESS,REF-00008506,2026-07-18,Merchant_D,Processor_A,NGN,CARD,BUSINESS
TXN102493,5000.0,SUCCESS,REF-00002493,2026-07-22,Merchant_B,Processor_B,NGN,BANK_TRANSFER,RETAIL
TXN104428,1500.0,SUCCESS,REF-00004428,2026-07-29,Merchant_D,Processor_B,NGN,BANK_TRANSFER,RETAIL
TXN100417,5000.0,SUCCESS,REF-00000417,2026-07-16,Merchant_A,Processor_C,NGN,MOBILE_MONEY,BUSINESS
TXN104675,100000.0,SUCCESS,REF-00004675,2026-07-24,Merchant_A,Processor_C,NGN,CARD,BUSINESS
TXN101124,15000.0,SUCCESS,REF-00001124,2026-07-11,Merchant_E,Processor_C,NGN,BANK_TRANSFER,RETAIL
TXN105999,1500.0,FAILED,REF-00005999,2026-07-16,Merchant_A,Processor_C,NGN,CARD,BUSINESS
TXN102171,1000.0,SUCCESS,REF-00002171,2026-07-03,Merchant_B,Processor_C,NGN,MOBILE_MONEY,RETAIL
TXN108501,5000.0,SUCCESS,REF-00008501,2026-07-14,Merchant_D,Processor_B,NGN,CARD,BUSINESS
TXN107447,2500.0,SUCCESS,REF-00007447,2026-07-07,Merchant_A,Processor_C,NGN,CARD,BUSINESS
TXN104196,500.0,SUCCESS,REF-00004196,2026-07-02,Merchant_C,Processor_A,NGN,USSD,RETAIL
TXN102657,50000.0,SUCCESS,REF-00002657,2026-07-22,Merchant_E,Processor_C,NGN,BANK_TRANSFER,RETAIL
TXN109687,5000.0,SUCCESS,REF-00009687,2026-07-07,Merchant_E,Processor_B,NGN,BANK_TRANSFER,RETAIL
TXN108398,50000.0,SUCCESS,REF-00008398,2026-07-26,Merchant_A,Processor_A,NGN,BANK_TRANSFER,RETAIL
TXN109417,2500.0,FAILED,REF-00009417,2026-07-07,Merchant_D,Processor_B,NGN,CARD,RETAIL
TXN107845,15000.0,SUCCESS,REF-00007845,2026-07-17,Merchant_C,Processor_B,NGN,MOBILE_MONEY,BUSINESS
TXN107535,25000.0,FAILED,REF-00007535,2026-07-13,Merchant_D,Processor_A,NGN,CARD,RETAIL
TXN102123,7500.0,REFUNDED,REF-00002123,2026-07-26,Merchant_D,Processor_B,NGN,BANK_TRANSFER,BUSINESS
TXN107102,250000.0,SUCCESS,REF-00007102,2026-07-14,Merchant_A,Processor_A,NGN,BANK_TRANSFER,BUSINESS
TXN106265,10000.0,SUCCESS,REF-00006265,2026-07-23,Merchant_E,Processor_B,NGN,BANK_TRANSFER,BUSINESS
TXN104062,25000.0,SUCCESS,REF-00004062,2026-07-15,Merchant_D,Processor_A,NGN,BANK_TRANSFER,BUSINESS
TXN106581,100000.0,SUCCESS,REF-00006581,2026-07-29,Merchant_D,Processor_A,NGN,MOBILE_MONEY,BUSINESS
TXN107250,50000.0,SUCCESS,REF-00007250,2026-07-31,Merchant_E,Processor_B,NGN,USSD,BUSINESS
TXN100042,500.0,SUCCESS,REF-00000042,2026-07-28,Merchant_C,Processor_A,NGN,CARD,RETAIL
TXN107624,10000.0,SUCCESS,REF-00007624,2026-07-26,Merchant_B,Processor_B,NGN,MOBILE_MONEY,RETAIL
TXN102101,10000.0,SUCCESS,REF-00002101,2026-07-11,Merchant_A,Processor_A,NGN,USSD,BUSINESS
TXN105993,10000.0,SUCCESS,REF-00005993,2026-07-04,Merchant_E,Processor_B,NGN,BANK_TRANSFER,RETAIL
TXN106113,10000.0,REFUNDED,REF-00006113,2026-07-04,Merchant_E,Processor_A,NGN,MOBILE_MONEY,RETAIL
TXN107270,5000.0,SUCCESS,REF-00007270,2026-07-17,Merchant_E,Processor_B,NGN,MOBILE_MONEY,RETAIL
TXN100197,100000.0,SUCCESS,REF-00000197,2026-07-31,Merchant_E,Processor_B,NGN,MOBILE_MONEY,RETAIL
TXN108801,2500.0,SUCCESS,REF-00008801,2026-07-09,Merchant_C,Processor_A,NGN,CARD,RETAIL
TXN109257,1500.0,SUCCESS,REF-00009257,2026-07-03,Merchant_D,Processor_A,NGN,USSD,BUSINESS
TXN100856,500.0,SUCCESS,REF-00000856,2026-07-13,Merchant_D,Processor_B,NGN,USSD,RETAIL
TXN103060,5000.0,SUCCESS,REF-00003060,2026-07-07,Merchant_A,Processor_B,NGN,CARD,BUSINESS
TXN103014,15000.0,REFUNDED,REF-00003014,2026-07-15,Merchant_B,Processor_C,NGN,USSD,BUSINESS
TXN100571,25000.0,SUCCESS,REF-00000571,2026-07-04,Merchant_C,Processor_A,NGN,BANK_TRANSFER,RETAIL
TXN108412,5000.0,FAILED,REF-00008412,2026-07-06,Merchant_B,Processor_B,NGN,MOBILE_MONEY,BUSINESS
TXN109353,2500.0,SUCCESS,REF-00009353,2026-07-15,Merchant_B,Processor_C,NGN,USSD,BUSINESS
TXN103522,2500.0,SUCCESS,REF-00003522,2026-07-15,Merchant_E,Processor_B,NGN,USSD,RETAIL
TXN105937,2500.0,SUCCESS,REF-00005937,2026-07-03,Merchant_E,Processor_B,NGN,MOBILE_MONEY,BUSINESS
TXN102922,50000.0,SUCCESS,REF-00002922,2026-07-23,Merchant_E,Processor_C,NGN,BANK_TRANSFER,RETAIL
TXN101743,500.0,REFUNDED,REF-00001743,2026-07-16,Merchant_E,Processor_C,NGN,BANK_TRANSFER,BUSINESS
TXN103493,100000.0,SUCCESS,REF-00003493,2026-07-14,Merchant_D,Processor_A,NGN,USSD,RETAIL
TXN105346,500.0,SUCCESS,REF-00005346,2026-07-17,Merchant_B,Processor_B,NGN,BANK_TRANSFER,RETAIL
TXN101755,50000.0,SUCCESS,REF-00001755,2026-07-11,Merchant_A,Processor_A,NGN,CARD,BUSINESS
TXN107513,1000.0,SUCCESS,REF-00007513,2026-07-24,Merchant_E,Processor_A,NGN,MOBILE_MONEY,BUSINESS
TXN109856,1000.0,SUCCESS,REF-00009856,2026-07-23,Merchant_E,Processor_A,NGN,MOBILE_MONEY,BUSINESS
TXN108015,25000.0,SUCCESS,REF-00008015,2026-07-27,Merchant_E,Processor_A,NGN,CARD,BUSINESS
TXN108948,2500.0,SUCCESS,REF-00008948,2026-07-18,Merchant_E,Processor_A,NGN,BANK_TRANSFER,RETAIL
TXN102800,50000.0,SUCCESS,REF-00002800,2026-07-23,Merchant_E,Processor_B,NGN,BANK_TRANSFER,RETAIL
TXN109398,10000.0,SUCCESS,REF-00009398,2026-07-01,Merchant_B,Processor_A,NGN,MOBILE_MONEY,BUSINESS
TXN100380,1000.0,SUCCESS,REF-00000380,2026-07-20,Merchant_B,Processor_B,NGN,CARD,RETAIL
TXN109342,50000.0,SUCCESS,REF-00009342,2026-07-18,Merchant_A,Processor_A,NGN,CARD,BUSINESS
TXN104725,500.0,SUCCESS,REF-00004725,2026-07-05,Merchant_A,Processor_B,NGN,MOBILE_MONEY,BUSINESS
TXN105318,1500.0,SUCCESS,REF-00005318,2026-07-13,Merchant_C,Processor_B,NGN,USSD,RETAIL
TXN108570,7500.0,SUCCESS,REF-00008570,2026-07-10,Merchant_B,Processor_B,NGN,MOBILE_MONEY,BUSINESS
TXN100002,25000.0,SUCCESS,REF-00000002,2026-07-29,Merchant_E,Processor_C,NGN,USSD,RETAIL
TXN105386,7500.0,SUCCESS,REF-00005386,2026-07-12,Merchant_A,Processor_A,NGN,USSD,RETAIL
TXN107621,10000.0,SUCCESS,REF-00007621,2026-07-10,Merchant_A,Processor_B,NGN,USSD,RETAIL
TXN100190,1000.0,SUCCESS,REF-00000190,2026-07-15,Merchant_E,Processor_A,NGN,MOBILE_MONEY,RETAIL
TXN105012,10000.0,REFUNDED,REF-00005012,2026-07-18,Merchant_A,Processor_B,NGN,CARD,RETAIL
TXN100885,1500.0,SUCCESS,REF-00000885,2026-07-09,Merchant_C,Processor_C,NGN,CARD,RETAIL
TXN105453,7500.0,SUCCESS,REF-00005453,2026-07-22,Merchant_D,Processor_B,NGN,CARD,RETAIL
TXN104986,25000.0,SUCCESS,REF-00004986,2026-07-17,Merchant_B,Processor_C,NGN,MOBILE_MONEY,BUSINESS
TXN102232,100000.0,SUCCESS,REF-00002232,2026-07-13,Merchant_A,Processor_C,NGN,MOBILE_MONEY,RETAIL
TXN100816,15000.0,FAILED,REF-00000816,2026-07-03,Merchant_D,Processor_A,NGN,BANK_TRANSFER,BUSINESS
TXN103429,10000.0,SUCCESS,REF-00003429,2026-07-29,Merchant_E,Processor_A,NGN,MOBILE_MONEY,RETAIL
TXN108795,7500.0,SUCCESS,REF-00008795,2026-07-09,Merchant_D,Processor_B,NGN,CARD,BUSINESS
TXN100799,100000.0,SUCCESS,REF-00000799,2026-07-27,Merchant_E,Processor_C,NGN,BANK_TRANSFER,RETAIL
TXN103630,25000.0,SUCCESS,REF-00003630,2026-07-24,Merchant_A,Processor_C,NGN,MOBILE_MONEY,RETAIL
TXN102050,7500.0,SUCCESS,REF-00002050,2026-07-16,Merchant_D,Processor_A,NGN,MOBILE_MONEY,RETAIL
TXN109100,10000.0,FAILED,REF-00009100,2026-07-25,Merchant_B,Processor_A,NGN,MOBILE_MONEY,BUSINESS
TXN105186,15000.0,SUCCESS,REF-00005186,2026-07-17,Merchant_C,Processor_B,NGN,BANK_TRANSFER,BUSINESS
TXN107460,10000.0,SUCCESS,REF-00007460,2026-07-20,Merchant_C,Processor_B,NGN,BANK_TRANSFER,RETAIL
TXN101628,1000.0,SUCCESS,REF-00001628,2026-07-21,Merchant_C,Processor_A,NGN,USSD,BUSINESS
TXN107792,7500.0,SUCCESS,REF-00007792,2026-07-22,Merchant_D,Processor_C,NGN,BANK_TRANSFER,RETAIL
TXN100530,50000.0,SUCCESS,REF-00000530,2026-07-08,Merchant_C,Processor_A,NGN,CARD,BUSINESS
TXN107292,1000.0,SUCCESS,REF-00007292,2026-07-05,Merchant_B,Processor_A,NGN,CARD,BUSINESS
TXN107354,1500.0,SUCCESS,REF-00007354,2026-07-28,Merchant_D,Processor_B,NGN,MOBILE_MONEY,RETAIL
TXN102024,7500.0,SUCCESS,REF-00002024,2026-07-12,Merchant_A,Processor_A,NGN,CARD,RETAIL
TXN103692,25000.0,SUCCESS,REF-00003692,2026-07-23,Merchant_E,Processor_C,NGN,CARD,BUSINESS
TXN106089,500.0,FAILED,REF-00006089,2026-07-06,Merchant_E,Processor_A,NGN,CARD,BUSINESS
TXN108907,15000.0,SUCCESS,REF-00008907,2026-07-04,Merchant_E,Processor_B,NGN,CARD,BUSINESS
TXN100148,1000.0,SUCCESS,REF-00000148,2026-07-03,Merchant_E,Processor_A,NGN,BANK_TRANSFER,RETAIL
TXN106593,50000.0,SUCCESS,REF-00006593,2026-07-03,Merchant_E,Processor_A,NGN,CARD,BUSINESS
TXN107357,100000.0,SUCCESS,REF-00007357,2026-07-09,Merchant_B,Processor_B,NGN,MOBILE_MONEY,RETAIL
TXN106563,10000.0,SUCCESS,REF-00006563,2026-07-25,Merchant_E,Processor_C,NGN,BANK_TRANSFER,BUSINESS
TXN108660,7500.0,SUCCESS,REF-00008660,2026-07-23,Merchant_A,Processor_B,NGN,USSD,BUSINESS
TXN109802,1500.0,SUCCESS,REF-00009802,2026-07-06,Merchant_B,Processor_A,NGN,CARD,RETAIL
TXN102834,7500.0,SUCCESS,REF-00002834,2026-07-06,Merchant_A,Processor_C,NGN,USSD,RETAIL
TXN104223,50000.0,SUCCESS,REF-00004223,2026-07-21,Merchant_A,Processor_A,NGN,USSD,RETAIL
TXN101572,25000.0,SUCCESS,REF-00001572,2026-07-23,Merchant_E,Processor_B,NGN,MOBILE_MONEY,BUSINESS
TXN108052,250000.0,SUCCESS,REF-00008052,2026-07-25,Merchant_B,Processor_C,NGN,USSD,BUSINESS
TXN107075,1500.0,SUCCESS,REF-00007075,2026-07-15,Merchant_C,Processor_C,NGN,CARD,BUSINESS
TXN106544,10000.0,SUCCESS,REF-00006544,2026-07-01,Merchant_D,Processor_B,NGN,MOBILE_MONEY,RETAIL
TXN101068,5000.0,SUCCESS,REF-00001068,2026-07-17,Merchant_D,Processor_C,NGN,MOBILE_MONEY,RETAIL
TXN108007,2500.0,FAILED,REF-00008007,2026-07-17,Merchant_C,Processor_C,NGN,BANK_TRANSFER,RETAIL
TXN107836,15000.0,SUCCESS,REF-00007836,2026-07-23,Merchant_C,Processor_B,NGN,MOBILE_MONEY,BUSINESS
TXN109717,5000.0,SUCCESS,REF-00009717,2026-07-14,Merchant_B,Processor_C,NGN,USSD,BUSINESS
TXN109113,7500.0,SUCCESS,REF-00009113,2026-07-26,Merchant_C,Processor_C,NGN,CARD,BUSINESS
TXN106511,25000.0,SUCCESS,REF-00006511,2026-07-15,Merchant_D,Processor_C,NGN,BANK_TRANSFER,RETAIL
TXN106165,10000.0,SUCCESS,REF-00006165,2026-07-05,Merchant_E,Processor_A,NGN,USSD,BUSINESS
TXN108911,25000.0,SUCCESS,REF-00008911,2026-07-23,Merchant_B,Processor_B,NGN,MOBILE_MONEY,RETAIL
TXN100520,15000.0,SUCCESS,REF-00000520,2026-07-24,Merchant_D,Processor_B,NGN,CARD,BUSINESS
TXN107565,100000.0,SUCCESS,REF-00007565,2026-07-11,Merchant_A,Processor_A,NGN,MOBILE_MONEY,RETAIL
TXN108667,1500.0,REFUNDED,REF-00008667,2026-07-01,Merchant_C,Processor_C,NGN,BANK_TRANSFER,BUSINESS
TXN109693,50000.0,SUCCESS,REF-00009693,2026-07-26,Merchant_B,Processor_B,NGN,BANK_TRANSFER,BUSINESS
TXN103218,25000.0,SUCCESS,REF-00003218,2026-07-04,Merchant_D,Processor_A,NGN,CARD,RETAIL
TXN102084,10000.0,SUCCESS,REF-00002084,2026-07-25,Merchant_D,Processor_A,NGN,USSD,RETAIL
TXN101214,25000.0,SUCCESS,REF-00001214,2026-07-07,Merchant_C,Processor_C,NGN,CARD,RETAIL
TXN103190,5000.0,SUCCESS,REF-00003190,2026-07-01,Merchant_A,Processor_C,NGN,USSD,RETAIL
TXN105445,2500.0,SUCCESS,REF-00005445,2026-07-01,Merchant_E,Processor_C,NGN,CARD,BUSINESS
TXN100853,100000.0,SUCCESS,REF-00000853,2026-07-31,Merchant_C,Processor_C,NGN,BANK_TRANSFER,RETAIL
TXN109209,10000.0,REFUNDED,REF-00009209,2026-07-03,Merchant_D,Processor_B,NGN,BANK_TRANSFER,BUSINESS
TXN102317,7500.0,SUCCESS,REF-00002317,2026-07-12,Merchant_D,Processor_B,NGN,MOBILE_MONEY,BUSINESS
TXN101100,1000.0,SUCCESS,REF-00001100,2026-07-28,Merchant_E,Processor_A,NGN,BANK_TRANSFER,BUSINESS
TXN102931,15000.0,SUCCESS,REF-00002931,2026-07-23,Merchant_E,Processor_A,NGN,MOBILE_MONEY,RETAIL
TXN100813,100000.0,SUCCESS,REF-00000813,2026-07-31,Merchant_E,Processor_B,NGN,BANK_TRANSFER,RETAIL
TXN109083,25000.0,SUCCESS,REF-00009083,2026-07-18,Merchant_D,Processor_C,NGN,BANK_TRANSFER,RETAIL
TXN104381,1000.0,SUCCESS,REF-00004381,2026-07-22,Merchant_C,Processor_A,NGN,MOBILE_MONEY,RETAIL
TXN108655,7500.0,SUCCESS,REF-00008655,2026-07-23,Merchant_D,Processor_A,NGN,CARD,RETAIL
TXN107813,7500.0,SUCCESS,REF-00007813,2026-07-31,Merchant_C,Processor_B,NGN,CARD,RETAIL
TXN100119,10000.0,SUCCESS,REF-00000119,2026-07-18,Merchant_D,Processor_A,NGN,CARD,RETAIL
TXN109128,25000.0,REFUNDED,REF-00009128,2026-07-07,Merchant_C,Processor_B,NGN,USSD,RETAIL
TXN102589,25000.0,SUCCESS,REF-00002589,2026-07-15,Merchant_C,Processor_C,NGN,USSD,BUSINESS
TXN106161,5000.0,SUCCESS,REF-00006161,2026-07-20,Merchant_B,Processor_B,NGN,BANK_TRANSFER,BUSINESS
TXN105528,7500.0,SUCCESS,REF-00005528,2026-07-20,Merchant_A,Processor_B,NGN,BANK_TRANSFER,RETAIL
TXN101402,500.0,FAILED,REF-00001402,2026-07-11,Merchant_A,Processor_A,NGN,BANK_TRANSFER,BUSINESS
TXN102760,1500.0,SUCCESS,REF-00002760,2026-07-30,Merchant_A,Processor_B,NGN,MOBILE_MONEY,RETAIL
TXN103168,25000.0,SUCCESS,REF-00003168,2026-07-30,Merchant_C,Processor_C,NGN,USSD,RETAIL
TXN107312,5000.0,SUCCESS,REF-00007312,2026-07-10,Merchant_B,Processor_B,NGN,USSD,RETAIL
TXN101830,250000.0,SUCCESS,REF-00001830,2026-07-25,Merchant_C,Processor_A,NGN,CARD,BUSINESS
TXN100762,2500.0,SUCCESS,REF-00000762,2026-07-25,Merchant_E,Processor_C,NGN,USSD,RETAIL
TXN107273,500.0,SUCCESS,REF-00007273,2026-07-21,Merchant_D,Processor_B,NGN,MOBILE_MONEY,BUSINESS
TXN104179,5000.0,SUCCESS,REF-00004179,2026-07-25,Merchant_E,Processor_A,NGN,MOBILE_MONEY,BUSINESS
TXN108631,2500.0,SUCCESS,REF-00008631,2026-07-23,Merchant_E,Processor_A,NGN,MOBILE_MONEY,RETAIL
TXN107367,10000.0,REFUNDED,REF-00007367,2026-07-20,Merchant_B,Processor_B,NGN,MOBILE_MONEY,BUSINESS
TXN103244,25000.0,SUCCESS,REF-00003244,2026-07-06,Merchant_E,Processor_C,NGN,BANK_TRANSFER,BUSINESS
TXN106347,250000.0,SUCCESS,REF-00006347,2026-07-22,Merchant_E,Processor_A,NGN,MOBILE_MONEY,RETAIL
TXN105471,5000.0,SUCCESS,REF-00005471,2026-07-08,Merchant_D,Processor_A,NGN,CARD,RETAIL
TXN104588,15000.0,SUCCESS,REF-00004588,2026-07-31,Merchant_E,Processor_B,NGN,MOBILE_MONEY,RETAIL
TXN109698,10000.0,SUCCESS,REF-00009698,2026-07-09,Merchant_A,Processor_B,NGN,USSD,RETAIL
TXN108920,10000.0,SUCCESS,REF-00008920,2026-07-30,Merchant_C,Processor_A,NGN,MOBILE_MONEY,RETAIL
TXN104298,7500.0,SUCCESS,REF-00004298,2026-07-21,Merchant_B,Processor_C,NGN,CARD,BUSINESS
TXN102586,1000.0,SUCCESS,REF-00002586,2026-07-29,Merchant_E,Processor_C,NGN,USSD,BUSINESS
TXN103347,2500.0,SUCCESS,REF-00003347,2026-07-07,Merchant_D,Processor_B,NGN,USSD,BUSINESS
TXN101916,100000.0,SUCCESS,REF-00001916,2026-07-12,Merchant_C,Processor_B,NGN,USSD,BUSINESS
TXN105257,10000.0,SUCCESS,REF-00005257,2026-07-16,Merchant_B,Processor_C,NGN,BANK_TRANSFER,BUSINESS
TXN103733,10000.0,SUCCESS,REF-00003733,2026-07-26,Merchant_E,Processor_A,NGN,USSD,RETAIL
TXN106048,50000.0,SUCCESS,REF-00006048,2026-07-02,Merchant_C,Processor_C,NGN,BANK_TRANSFER,BUSINESS
TXN106456,15000.0,SUCCESS,REF-00006456,2026-07-28,Merchant_C,Processor_C,NGN,MOBILE_MONEY,RETAIL
TXN102359,1500.0,SUCCESS,REF-00002359,2026-07-03,Merchant_A,Processor_A,NGN,CARD,BUSINESS
TXN101749,1500.0,SUCCESS,REF-00001749,2026-07-18,Merchant_A,Processor_C,NGN,USSD,BUSINESS
TXN106474,25000.0,SUCCESS,REF-00006474,2026-07-12,Merchant_B,Processor_C,NGN,MOBILE_MONEY,BUSINESS
TXN103109,15000.0,SUCCESS,REF-00003109,2026-07-13,Merchant_B,Processor_A,NGN,BANK_TRANSFER,RETAIL
TXN103536,2500.0,SUCCESS,REF-00003536,2026-07-31,Merchant_A,Processor_B,NGN,BANK_TRANSFER,BUSINESS
TXN109456,5000.0,SUCCESS,REF-00009456,2026-07-22,Merchant_C,Processor_B,NGN,CARD,RETAIL
TXN109910,5000.0,SUCCESS,REF-00009910,2026-07-01,Merchant_D,Processor_C,NGN,MOBILE_MONEY,BUSINESS
TXN108189,5000.0,FAILED,REF-00008189,2026-07-16,Merchant_C,Processor_C,NGN,CARD,BUSINESS
TXN100583,5000.0,SUCCESS,REF-00000583,2026-07-18,Merchant_D,Processor_A,NGN,CARD,RETAIL
TXN102627,15000.0,FAILED,REF-00002627,2026-07-26,Merchant_E,Processor_B,NGN,USSD,RETAIL
TXN102821,2500.0,SUCCESS,REF-00002821,2026-07-19,Merchant_A,Processor_B,NGN,USSD,BUSINESS
TXN105602,1500.0,SUCCESS,REF-00005602,2026-07-02,Merchant_C,Processor_B,NGN,CARD,BUSINESS
TXN100531,250000.0,SUCCESS,REF-00000531,2026-07-14,Merchant_B,Processor_C,NGN,USSD,BUSINESS
TXN102784,50000.0,SUCCESS,REF-00002784,2026-07-23,Merchant_C,Processor_C,NGN,MOBILE_MONEY,BUSINESS
TXN102695,10000.0,SUCCESS,REF-00002695,2026-07-29,Merchant_A,Processor_B,NGN,BANK_TRANSFER,RETAIL
TXN105702,10000.0,SUCCESS,REF-00005702,2026-07-15,Merchant_E,Processor_B,NGN,BANK_TRANSFER,BUSINESS
TXN108565,10000.0,FAILED,REF-00008565,2026-07-22,Merchant_E,Processor_C,NGN,USSD,RETAIL
TXN109142,250000.0,SUCCESS,REF-00009142,2026-07-02,Merchant_E,Processor_C,NGN,MOBILE_MONEY,RETAIL
TXN104519,500.0,SUCCESS,REF-00004519,2026-07-18,Merchant_C,Processor_B,NGN,USSD,BUSINESS
TXN109559,10000.0,SUCCESS,REF-00009559,2026-07-11,Merchant_A,Processor_C,NGN,MOBILE_MONEY,RETAIL
TXN102702,1500.0,SUCCESS,REF-00002702,2026-07-20,Merchant_E,Processor_A,NGN,BANK_TRANSFER,BUSINESS
TXN101769,7500.0,SUCCESS,REF-00001769,2026-07-02,Merchant_A,Processor_A,NGN,MOBILE_MONEY,BUSINESS
TXN105868,50000.0,SUCCESS,REF-00005868,2026-07-07,Merchant_E,Processor_A,NGN,BANK_TRANSFER,RETAIL
TXN107425,5000.0,SUCCESS,REF-00007425,2026-07-22,Merchant_E,Processor_A,NGN,USSD,RETAIL
TXN103726,1000.0,REFUNDED,REF-00003726,2026-07-04,Merchant_E,Processor_B,NGN,MOBILE_MONEY,BUSINESS
TXN106147,10000.0,SUCCESS,REF-00006147,2026-07-06,Merchant_E,Processor_B,NGN,USSD,BUSINESS
TXN107399,2500.0,REFUNDED,REF-00007399,2026-07-17,Merchant_D,Processor_C,NGN,CARD,RETAIL
TXN101032,2500.0,SUCCESS,REF-00001032,2026-07-17,Merchant_E,Processor_C,NGN,CARD,RETAIL
TXN100320,10000.0,SUCCESS,REF-00000320,2026-07-28,Merchant_D,Processor_B,NGN,USSD,RETAIL
TXN106949,500.0,SUCCESS,REF-00006949,2026-07-25,Merchant_E,Processor_C,NGN,BANK_TRANSFER,BUSINESS
TXN109596,10000.0,REFUNDED,REF-00009596,2026-07-14,Merchant_D,Processor_A,NGN,MOBILE_MONEY,BUSINESS
TXN106065,50000.0,SUCCESS,REF-00006065,2026-07-06,Merchant_E,Processor_A,NGN,USSD,RETAIL
TXN105768,2500.0,SUCCESS,REF-00005768,2026-07-26,Merchant_B,Processor_C,NGN,BANK_TRANSFER,BUSINESS
TXN105908,2500.0,SUCCESS,REF-00005908,2026-07-27,Merchant_A,Processor_A,NGN,MOBILE_MONEY,BUSINESS
TXN100373,15000.0,SUCCESS,REF-00000373,2026-07-09,Merchant_C,Processor_C,NGN,USSD,RETAIL
TXN100253,5000.0,SUCCESS,REF-00000253,2026-07-09,Merchant_C,Processor_C,NGN,USSD,RETAIL
TXN104798,1500.0,SUCCESS,REF-00004798,2026-07-22,Merchant_D,Processor_A,NGN,BANK_TRANSFER,RETAIL
TXN102548,7500.0,SUCCESS,REF-00002548,2026-07-11,Merchant_B,Processor_A,NGN,MOBILE_MONEY,BUSINESS
TXN101515,500.0,SUCCESS,REF-00001515,2026-07-11,Merchant_D,Processor_A,NGN,MOBILE_MONEY,BUSINESS
TXN103206,50000.0,SUCCESS,REF-00003206,2026-07-21,Merchant_B,Processor_B,NGN,BANK_TRANSFER,RETAIL
TXN108100,50000.0,SUCCESS,REF-00008100,2026-07-07,Merchant_A,Processor_B,NGN,USSD,BUSINESS
TXN104851,5000.0,SUCCESS,REF-00004851,2026-07-16,Merchant_C,Processor_C,NGN,BANK_TRANSFER,BUSINESS
TXN102719,500.0,SUCCESS,REF-00002719,2026-07-17,Merchant_C,Processor_B,NGN,BANK_TRANSFER,RETAIL
TXN105322,7500.0,SUCCESS,REF-00005322,2026-07-21,Merchant_C,Processor_B,NGN,USSD,RETAIL
TXN100593,5000.0,SUCCESS,REF-00000593,2026-07-26,Merchant_A,Processor_B,NGN,MOBILE_MONEY,BUSINESS
TXN106077,10000.0,SUCCESS,REF-00006077,2026-07-01,Merchant_A,Processor_A,NGN,CARD,BUSINESS
TXN107366,10000.0,SUCCESS,REF-00007366,2026-07-31,Merchant_C,Processor_A,NGN,CARD,BUSINESS
TXN105409,10000.0,SUCCESS,REF-00005409,2026-07-12,Merchant_D,Processor_C,NGN,BANK_TRANSFER,RETAIL
TXN107001,1500.0,SUCCESS,REF-00007001,2026-07-09,Merchant_D,Processor_B,NGN,MOBILE_MONEY,BUSINESS
TXN107683,10000.0,SUCCESS,REF-00007683,2026-07-15,Merchant_E,Processor_A,NGN,USSD,BUSINESS
TXN109643,1500.0,SUCCESS,REF-00009643,2026-07-30,Merchant_E,Processor_B,NGN,MOBILE_MONEY,BUSINESS
TXN104783,5000.0,SUCCESS,REF-00004783,2026-07-05,Merchant_A,Processor_A,NGN,BANK_TRANSFER,RETAIL
TXN101884,1500.0,SUCCESS,REF-00001884,2026-07-20,Merchant_A,Processor_B,NGN,MOBILE_MONEY,BUSINESS
TXN103918,15000.0,FAILED,REF-00003918,2026-07-14,Merchant_D,Processor_B,NGN,MOBILE_MONEY,BUSINESS
TXN106774,7500.0,SUCCESS,REF-00006774,2026-07-24,Merchant_A,Processor_B,NGN,USSD,BUSINESS
TXN105085,10000.0,SUCCESS,REF-00005085,2026-07-05,Merchant_C,Processor_A,NGN,CARD,RETAIL
TXN108554,7500.0,SUCCESS,REF-00008554,2026-07-06,Merchant_C,Processor_B,NGN,MOBILE_MONEY,RETAIL
TXN105799,1500.0,SUCCESS,REF-00005799,2026-07-27,Merchant_E,Processor_C,NGN,MOBILE_MONEY,BUSINESS
TXN107058,100000.0,SUCCESS,REF-00007058,2026-07-13,Merchant_D,Processor_C,NGN,CARD,BUSINESS
TXN105930,1000.0,SUCCESS,REF-00005930,2026-07-27,Merchant_E,Processor_B,NGN,MOBILE_MONEY,RETAIL
TXN101780,500.0,SUCCESS,REF-00001780,2026-07-30,Merchant_B,Processor_B,NGN,MOBILE_MONEY,BUSINESS
TXN109851,250000.0,SUCCESS,REF-00009851,2026-07-02,Merchant_A,Processor_C,NGN,MOBILE_MONEY,BUSINESS
TXN101915,25000.0,REFUNDED,REF-00001915,2026-07-12,Merchant_A,Processor_B,NGN,CARD,RETAIL
TXN109918,500.0,SUCCESS,REF-00009918,2026-07-25,Merchant_B,Processor_B,NGN,BANK_TRANSFER,RETAIL
TXN102475,50000.0,SUCCESS,REF-00002475,2026-07-28,Merchant_D,Processor_C,NGN,CARD,BUSINESS
TXN103637,1000.0,SUCCESS,REF-00003637,2026-07-30,Merchant_E,Processor_A,NGN,CARD,RETAIL
TXN109053,5000.0,FAILED,REF-00009053,2026-07-06,Merchant_B,Processor_A,NGN,BANK_TRANSFER,BUSINESS
TXN105632,1500.0,REFUNDED,REF-00005632,2026-07-10,Merchant_B,Processor_A,NGN,USSD,RETAIL
TXN102260,25000.0,REFUNDED,REF-00002260,2026-07-14,Merchant_D,Processor_C,NGN,CARD,RETAIL
TXN101037,25000.0,SUCCESS,REF-00001037,2026-07-01,Merchant_A,Processor_C,NGN,MOBILE_MONEY,BUSINESS
TXN100396,50000.0,SUCCESS,REF-00000396,2026-07-16,Merchant_A,Processor_A,NGN,USSD,RETAIL
TXN104020,7500.0,SUCCESS,REF-00004020,2026-07-28,Merchant_B,Processor_C,NGN,USSD,RETAIL
TXN109713,2500.0,SUCCESS,REF-00009713,2026-07-24,Merchant_D,Processor_B,NGN,BANK_TRANSFER,BUSINESS
TXN101627,10000.0,SUCCESS,REF-00001627,2026-07-18,Merchant_B,Processor_B,NGN,USSD,BUSINESS
TXN107938,5000.0,REFUNDED,REF-00007938,2026-07-14,Merchant_E,Processor_B,NGN,MOBILE_MONEY,BUSINESS
TXN105861,10000.0,REFUNDED,REF-00005861,2026-07-15,Merchant_E,Processor_C,NGN,USSD,BUSINESS
TXN105866,25000.0,SUCCESS,REF-00005866,2026-07-20,Merchant_A,Processor_A,NGN,MOBILE_MONEY,RETAIL
TXN108555,15000.0,REFUNDED,REF-00008555,2026-07-16,Merchant_E,Processor_B,NGN,BANK_TRANSFER,BUSINESS
TXN105042,2500.0,SUCCESS,REF-00005042,2026-07-25,Merchant_A,Processor_C,NGN,USSD,BUSINESS
TXN105511,100000.0,SUCCESS,REF-00005511,2026-07-14,Merchant_D,Processor_A,NGN,CARD,RETAIL
TXN101143,10000.0,SUCCESS,REF-00001143,2026-07-25,Merchant_E,Processor_C,NGN,BANK_TRANSFER,BUSINESS
TXN106988,1500.0,FAILED,REF-00006988,2026-07-03,Merchant_C,Processor_A,NGN,BANK_TRANSFER,RETAIL
TXN100537,2500.0,SUCCESS,REF-00000537,2026-07-15,Merchant_C,Processor_C,NGN,MOBILE_MONEY,RETAIL
TXN104415,10000.0,SUCCESS,REF-00004415,2026-07-18,Merchant_D,Processor_B,NGN,BANK_TRANSFER,RETAIL
TXN108917,50000.0,SUCCESS,REF-00008917,2026-07-06,Merchant_C,Processor_A,NGN,CARD,RETAIL
TXN108097,2500.0,REFUNDED,REF-00008097,2026-07-13,Merchant_B,Processor_B,NGN,USSD,BUSINESS
TXN107730,10000.0,SUCCESS,REF-00007730,2026-07-04,Merchant_E,Processor_B,NGN,USSD,RETAIL
TXN104764,10000.0,FAILED,REF-00004764,2026-07-19,Merchant_E,Processor_C,NGN,USSD,BUSINESS
TXN108490,50000.0,FAILED,REF-00008490,2026-07-02,Merchant_C,Processor_C,NGN,MOBILE_MONEY,BUSINESS
TXN105553,15000.0,SUCCESS,REF-00005553,2026-07-12,Merchant_E,Processor_B,NGN,CARD,RETAIL
TXN104222,100000.0,SUCCESS,REF-00004222,2026-07-25,Merchant_D,Processor_B,NGN,MOBILE_MONEY,RETAIL
TXN101093,10000.0,SUCCESS,REF-00001093,2026-07-02,Merchant_A,Processor_C,NGN,USSD,BUSINESS
TXN104232,5000.0,SUCCESS,REF-00004232,2026-07-09,Merchant_B,Processor_C,NGN,USSD,RETAIL
TXN103469,1500.0,SUCCESS,REF-00003469,2026-07-05,Merchant_C,Processor_B,NGN,CARD,RETAIL
TXN103900,7500.0,SUCCESS,REF-00003900,2026-07-27,Merchant_E,Processor_C,NGN,MOBILE_MONEY,BUSINESS
TXN104100,15000.0,SUCCESS,REF-00004100,2026-07-12,Merchant_B,Processor_B,NGN,CARD,RETAIL
TXN109778,7500.0,SUCCESS,REF-00009778,2026-07-04,Merchant_B,Processor_C,NGN,USSD,BUSINESS
TXN106503,500.0,SUCCESS,REF-00006503,2026-07-26,Merchant_B,Processor_C,NGN,CARD,RETAIL
TXN108208,5000.0,SUCCESS,REF-00008208,2026-07-09,Merchant_C,Processor_A,NGN,CARD,RETAIL
TXN101862,1500.0,SUCCESS,REF-00001862,2026-07-11,Merchant_A,Processor_A,NGN,MOBILE_MONEY,BUSINESS
TXN100554,100000.0,SUCCESS,REF-00000554,2026-07-17,Merchant_C,Processor_C,NGN,MOBILE_MONEY,RETAIL
TXN104931,5000.0,SUCCESS,REF-00004931,2026-07-14,Merchant_E,Processor_A,NGN,CARD,BUSINESS
TXN106057,10000.0,REFUNDED,REF-00006057,2026-07-11,Merchant_A,Processor_C,NGN,BANK_TRANSFER,RETAIL
TXN103295,1000.0,SUCCESS,REF-00003295,2026-07-28,Merchant_B,Processor_A,NGN,BANK_TRANSFER,BUSINESS
TXN108509,5000.0,SUCCESS,REF-00008509,2026-07-17,Merchant_A,Processor_B,NGN,MOBILE_MONEY,RETAIL
TXN101383,2500.0,SUCCESS,REF-00001383,2026-07-30,Merchant_E,Processor_A,NGN,USSD,BUSINESS
TXN103311,15000.0,SUCCESS,REF-00003311,2026-07-28,Merchant_A,Processor_A,NGN,USSD,BUSINESS
TXN107464,5000.0,SUCCESS,REF-00007464,2026-07-16,Merchant_A,Processor_A,NGN,MOBILE_MONEY,RETAIL
TXN109867,2500.0,SUCCESS,REF-00009867,2026-07-05,Merchant_E,Processor_B,NGN,MOBILE_MONEY,BUSINESS
TXN102078,250000.0,SUCCESS,REF-00002078,2026-07-21,Merchant_D,Processor_C,NGN,CARD,BUSINESS
TXN107737,2500.0,SUCCESS,REF-00007737,2026-07-21,Merchant_D,Processor_B,NGN,USSD,RETAIL
TXN108900,5000.0,SUCCESS,REF-00008900,2026-07-19,Merchant_D,Processor_C,NGN,BANK_TRANSFER,RETAIL
TXN103389,15000.0,SUCCESS,REF-00003389,2026-07-23,Merchant_B,Processor_B,NGN,MOBILE_MONEY,BUSINESS
TXN106196,2500.0,SUCCESS,REF-00006196,2026-07-17,Merchant_A,Processor_B,NGN,MOBILE_MONEY,BUSINESS
TXN106758,250000.0,SUCCESS,REF-00006758,2026-07-20,Merchant_B,Processor_C,NGN,USSD,BUSINESS
TXN107277,1000.0,SUCCESS,REF-00007277,2026-07-20,Merchant_A,Processor_A,NGN,USSD,RETAIL
TXN104078,25000.0,SUCCESS,REF-00004078,2026-07-27,Merchant_D,Processor_C,NGN,BANK_TRANSFER,RETAIL
TXN109453,1500.0,SUCCESS,REF-00009453,2026-07-25,Merchant_E,Processor_B,NGN,MOBILE_MONEY,BUSINESS
TXN101932,10000.0,SUCCESS,REF-00001932,2026-07-23,Merchant_B,Processor_A,NGN,BANK_TRANSFER,RETAIL
TXN100480,15000.0,SUCCESS,REF-00000480,2026-07-29,Merchant_E,Processor_B,NGN,CARD,BUSINESS
TXN102144,10000.0,SUCCESS,REF-00002144,2026-07-03,Merchant_E,Processor_A,NGN,CARD,RETAIL
TXN100353,1500.0,SUCCESS,REF-00000353,2026-07-10,Merchant_E,Processor_B,NGN,MOBILE_MONEY,RETAIL
TXN100297,2500.0,SUCCESS,REF-00000297,2026-07-26,Merchant_D,Processor_C,NGN,CARD,BUSINESS
TXN104530,2500.0,SUCCESS,REF-00004530,2026-07-28,Merchant_B,Processor_B,NGN,USSD,RETAIL
TXN103020,5000.0,SUCCESS,REF-00003020,2026-07-10,Merchant_A,Processor_A,NGN,USSD,RETAIL
TXN104951,1000.0,SUCCESS,REF-00004951,2026-07-16,Merchant_E,Processor_C,NGN,USSD,RETAIL
TXN100240,100000.0,SUCCESS,REF-00000240,2026-07-01,Merchant_D,Processor_C,NGN,BANK_TRANSFER,BUSINESS
TXN100484,10000.0,SUCCESS,REF-00000484,2026-07-03,Merchant_A,Processor_B,NGN,USSD,RETAIL
TXN101309,50000.0,SUCCESS,REF-00001309,2026-07-11,Merchant_A,Processor_C,NGN,BANK_TRANSFER,BUSINESS
TXN102405,15000.0,SUCCESS,REF-00002405,2026-07-14,Merchant_E,Processor_C,NGN,MOBILE_MONEY,RETAIL
TXN103668,500.0,FAILED,REF-00003668,2026-07-09,Merchant_D,Processor_B,NGN,MOBILE_MONEY,BUSINESS
TXN107375,1000.0,SUCCESS,REF-00007375,2026-07-15,Merchant_D,Processor_B,NGN,USSD,RETAIL
TXN108001,15000.0,SUCCESS,REF-00008001,2026-07-14,Merchant_C,Processor_C,NGN,USSD,RETAIL
TXN101716,1000.0,SUCCESS,REF-00001716,2026-07-15,Merchant_B,Processor_C,NGN,MOBILE_MONEY,RETAIL
TXN109424,100000.0,SUCCESS,REF-00009424,2026-07-28,Merchant_E,Processor_B,NGN,BANK_TRANSFER,BUSINESS
TXN107902,2500.0,FAILED,REF-00007902,2026-07-22,Merchant_D,Processor_A,NGN,BANK_TRANSFER,RETAIL
TXN103152,25000.0,SUCCESS,REF-00003152,2026-07-23,Merchant_D,Processor_B,NGN,BANK_TRANSFER,BUSINESS
TXN107197,25000.0,SUCCESS,REF-00007197,2026-07-31,Merchant_B,Processor_C,NGN,CARD,BUSINESS
TXN101968,5000.0,SUCCESS,REF-00001968,2026-07-22,Merchant_C,Processor_B,NGN,CARD,BUSINESS
TXN107237,50000.0,SUCCESS,REF-00007237,2026-07-27,Merchant_B,Processor_A,NGN,USSD,RETAIL
TXN104416,7500.0,SUCCESS,REF-00004416,2026-07-17,Merchant_A,Processor_C,NGN,USSD,RETAIL
TXN109149,10000.0,FAILED,REF-00009149,2026-07-02,Merchant_B,Processor_B,NGN,MOBILE_MONEY,RETAIL
TXN108648,25000.0,SUCCESS,REF-00008648,2026-07-26,Merchant_B,Processor_B,NGN,USSD,RETAIL
TXN106985,5000.0,SUCCESS,REF-00006985,2026-07-14,Merchant_B,Processor_B,NGN,MOBILE_MONEY,BUSINESS
TXN109630,1500.0,SUCCESS,REF-00009630,2026-07-21,Merchant_E,Processor_A,NGN,CARD,BUSINESS
TXN109077,25000.0,SUCCESS,REF-00009077,2026-07-15,Merchant_A,Processor_C,NGN,USSD,RETAIL
TXN101371,1500.0,SUCCESS,REF-00001371,2026-07-17,Merchant_A,Processor_B,NGN,BANK_TRANSFER,BUSINESS
TXN108265,500.0,SUCCESS,REF-00008265,2026-07-29,Merchant_B,Processor_A,NGN,MOBILE_MONEY,BUSINESS
TXN103968,10000.0,SUCCESS,REF-00003968,2026-07-01,Merchant_E,Processor_C,NGN,BANK_TRANSFER,BUSINESS
TXN102122,250000.0,SUCCESS,REF-00002122,2026-07-25,Merchant_D,Processor_C,NGN,CARD,RETAIL
TXN107307,5000.0,SUCCESS,REF-00007307,2026-07-08,Merchant_A,Processor_C,NGN,BANK_TRANSFER,BUSINESS
TXN109925,1000.0,SUCCESS,REF-00009925,2026-07-19,Merchant_D,Processor_A,NGN,BANK_TRANSFER,RETAIL
TXN102916,25000.0,SUCCESS,REF-00002916,2026-07-15,Merchant_C,Processor_A,NGN,USSD,RETAIL
TXN100328,7500.0,SUCCESS,REF-00000328,2026-07-27,Merchant_E,Processor_B,NGN,BANK_TRANSFER,RETAIL
TXN100913,7500.0,FAILED,REF-00000913,2026-07-28,Merchant_A,Processor_C,NGN,BANK_TRANSFER,BUSINESS
TXN101170,15000.0,SUCCESS,REF-00001170,2026-07-14,Merchant_D,Processor_A,NGN,CARD,BUSINESS
TXN106936,5000.0,SUCCESS,REF-00006936,2026-07-04,Merchant_C,Processor_A,NGN,BANK_TRANSFER,RETAIL
TXN100714,5000.0,REFUNDED,REF-00000714,2026-07-23,Merchant_A,Processor_B,NGN,MOBILE_MONEY,BUSINESS
TXN108910,25000.0,SUCCESS,REF-00008910,2026-07-12,Merchant_B,Processor_C,NGN,BANK_TRANSFER,RETAIL
TXN109771,5000.0,FAILED,REF-00009771,2026-07-21,Merchant_C,Processor_A,NGN,MOBILE_MONEY,RETAIL
TXN109927,250000.0,SUCCESS,REF-00009927,2026-07-03,Merchant_C,Processor_A,NGN,USSD,RETAIL
TXN106538,7500.0,SUCCESS,REF-00006538,2026-07-24,Merchant_D,Processor_B,NGN,MOBILE_MONEY,RETAIL
TXN100352,15000.0,SUCCESS,REF-00000352,2026-07-30,Merchant_A,Processor_C,NGN,MOBILE_MONEY,BUSINESS
TXN107874,10000.0,SUCCESS,REF-00007874,2026-07-22,Merchant_D,Processor_B,NGN,USSD,RETAIL
TXN105782,15000.0,SUCCESS,REF-00005782,2026-07-17,Merchant_C,Processor_B,NGN,USSD,RETAIL
TXN106899,7500.0,SUCCESS,REF-00006899,2026-07-19,Merchant_C,Processor_A,NGN,CARD,BUSINESS
TXN107440,15000.0,SUCCESS,REF-00007440,2026-07-18,Merchant_A,Processor_B,NGN,MOBILE_MONEY,BUSINESS
TXN106521,2500.0,SUCCESS,REF-00006521,2026-07-21,Merchant_A,Processor_C,NGN,USSD,BUSINESS
TXN109623,25000.0,SUCCESS,REF-00009623,2026-07-13,Merchant_C,Processor_C,NGN,BANK_TRANSFER,RETAIL
TXN108469,500.0,SUCCESS,REF-00008469,2026-07-04,Merchant_E,Processor_B,NGN,CARD,RETAIL
TXN101048,100000.0,SUCCESS,REF-00001048,2026-07-31,Merchant_A,Processor_B,NGN,BANK_TRANSFER,RETAIL
TXN101742,25000.0,SUCCESS,REF-00001742,2026-07-19,Merchant_D,Processor_C,NGN,BANK_TRANSFER,BUSINESS
TXN100505,1500.0,SUCCESS,REF-00000505,2026-07-17,Merchant_A,Processor_C,NGN,USSD,RETAIL
TXN109106,1500.0,SUCCESS,REF-00009106,2026-07-29,Merchant_B,Processor_C,NGN,CARD,BUSINESS
TXN102556,10000.0,SUCCESS,REF-00002556,2026-07-13,Merchant_B,Processor_C,NGN,CARD,BUSINESS
TXN102638,250000.0,SUCCESS,REF-00002638,2026-07-03,Merchant_A,Processor_A,NGN,USSD,RETAIL
TXN101235,5000.0,SUCCESS,REF-00001235,2026-07-25,Merchant_D,Processor_A,NGN,MOBILE_MONEY,RETAIL
TXN102648,7500.0,SUCCESS,REF-00002648,2026-07-14,Merchant_A,Processor_C,NGN,CARD,BUSINESS
TXN104908,25000.0,SUCCESS,REF-00004908,2026-07-01,Merchant_D,Processor_B,NGN,BANK_TRANSFER,BUSINESS
TXN106237,15000.0,FAILED,REF-00006237,2026-07-05,Merchant_D,Processor_C,NGN,MOBILE_MONEY,BUSINESS
TXN107203,1000.0,SUCCESS,REF-00007203,2026-07-04,Merchant_C,Processor_B,NGN,CARD,RETAIL
TXN101064,7500.0,SUCCESS,REF-00001064,2026-07-30,Merchant_A,Processor_C,NGN,BANK_TRANSFER,BUSINESS
TXN104576,7500.0,REFUNDED,REF-00004576,2026-07-03,Merchant_D,Processor_A,NGN,CARD,BUSINESS
TXN105151,2500.0,SUCCESS,REF-00005151,2026-07-11,Merchant_C,Processor_B,NGN,CARD,RETAIL
TXN109801,2500.0,SUCCESS,REF-00009801,2026-07-06,Merchant_E,Processor_A,NGN,USSD,BUSINESS
TXN109018,500.0,SUCCESS,REF-00009018,2026-07-04,Merchant_C,Processor_B,NGN,USSD,RETAIL
TXN104506,25000.0,FAILED,REF-00004506,2026-07-08,Merchant_B,Processor_C,NGN,MOBILE_MONEY,BUSINESS
TXN100903,10000.0,SUCCESS,REF-00000903,2026-07-12,Merchant_E,Processor_C,NGN,CARD,BUSINESS
TXN105478,25000.0,REFUNDED,REF-00005478,2026-07-05,Merchant_D,Processor_C,NGN,MOBILE_MONEY,RETAIL
TXN107500,10000.0,SUCCESS,REF-00007500,2026-07-03,Merchant_A,Processor_C,NGN,BANK_TRANSFER,RETAIL
TXN106554,25000.0,FAILED,REF-00006554,2026-07-03,Merchant_A,Processor_A,NGN,USSD,BUSINESS
TXN104930,7500.0,SUCCESS,REF-00004930,2026-07-02,Merchant_E,Processor_B,NGN,USSD,RETAIL
TXN108252,500.0,SUCCESS,REF-00008252,2026-07-25,Merchant_B,Processor_C,NGN,MOBILE_MONEY,RETAIL
TXN100178,100000.0,SUCCESS,REF-00000178,2026-07-15,Merchant_C,Processor_A,NGN,MOBILE_MONEY,BUSINESS
TXN106725,1000.0,SUCCESS,REF-00006725,2026-07-22,Merchant_D,Processor_C,NGN,USSD,BUSINESS
TXN102200,250000.0,SUCCESS,REF-00002200,2026-07-05,Merchant_D,Processor_C,NGN,MOBILE_MONEY,BUSINESS
TXN107406,15000.0,SUCCESS,REF-00007406,2026-07-03,Merchant_B,Processor_C,NGN,CARD,RETAIL
TXN104090,25000.0,REFUNDED,REF-00004090,2026-07-16,Merchant_C,Processor_A,NGN,BANK_TRANSFER,RETAIL
TXN108915,10000.0,SUCCESS,REF-00008915,2026-07-17,Merchant_C,Processor_C,NGN,MOBILE_MONEY,BUSINESS
TXN102856,2500.0,SUCCESS,REF-00002856,2026-07-06,Merchant_A,Processor_B,NGN,BANK_TRANSFER,RETAIL
TXN108691,15000.0,SUCCESS,REF-00008691,2026-07-13,Merchant_E,Processor_A,NGN,CARD,BUSINESS
TXN106545,1000.0,SUCCESS,REF-00006545,2026-07-28,Merchant_B,Processor_A,NGN,BANK_TRANSFER,RETAIL
TXN109822,15000.0,FAILED,REF-00009822,2026-07-21,Merchant_E,Processor_B,NGN,USSD,BUSINESS
TXN103580,10000.0,SUCCESS,REF-00003580,2026-07-26,Merchant_A,Processor_C,NGN,BANK_TRANSFER,RETAIL
TXN101428,15000.0,SUCCESS,REF-00001428,2026-07-19,Merchant_E,Processor_B,NGN,MOBILE_MONEY,RETAIL
TXN107674,10000.0,SUCCESS,REF-00007674,2026-07-13,Merchant_D,Processor_C,NGN,MOBILE_MONEY,BUSINESS
TXN100977,1000.0,SUCCESS,REF-00000977,2026-07-19,Merchant_C,Processor_A,NGN,USSD,RETAIL
TXN101373,10000.0,SUCCESS,REF-00001373,2026-07-11,Merchant_C,Processor_C,NGN,USSD,RETAIL
TXN100489,100000.0,SUCCESS,REF-00000489,2026-07-22,Merchant_C,Processor_B,NGN,CARD,BUSINESS
TXN109726,50000.0,SUCCESS,REF-00009726,2026-07-02,Merchant_A,Processor_C,NGN,USSD,BUSINESS
TXN103269,15000.0,SUCCESS,REF-00003269,2026-07-04,Merchant_B,Processor_C,NGN,BANK_TRANSFER,BUSINESS
TXN107106,500.0,SUCCESS,REF-00007106,2026-07-08,Merchant_D,Processor_B,NGN,BANK_TRANSFER,RETAIL
TXN107868,5000.0,SUCCESS,REF-00007868,2026-07-03,Merchant_E,Processor_C,NGN,BANK_TRANSFER,RETAIL
TXN103982,2500.0,SUCCESS,REF-00003982,2026-07-29,Merchant_E,Processor_B,NGN,BANK_TRANSFER,RETAIL
TXN104263,5000.0,SUCCESS,REF-00004263,2026-07-25,Merchant_C,Processor_B,NGN,BANK_TRANSFER,BUSINESS
TXN103659,100000.0,SUCCESS,REF-00003659,2026-07-11,Merchant_A,Processor_C,NGN,USSD,BUSINESS
TXN100134,100000.0,SUCCESS,REF-00000134,2026-07-25,Merchant_C,Processor_C,NGN,CARD,BUSINESS
TXN101275,1000.0,SUCCESS,REF-00001275,2026-07-06,Merchant_C,Processor_B,NGN,CARD,RETAIL
TXN103997,7500.0,SUCCESS,REF-00003997,2026-07-07,Merchant_B,Processor_C,NGN,MOBILE_MONEY,BUSINESS
TXN103826,7500.0,SUCCESS,REF-00003826,2026-07-26,Merchant_C,Processor_A,NGN,BANK_TRANSFER,RETAIL
TXN102255,10000.0,SUCCESS,REF-00002255,2026-07-07,Merchant_B,Processor_A,NGN,USSD,RETAIL
TXN105293,500.0,SUCCESS,REF-00005293,2026-07-04,Merchant_A,Processor_C,NGN,MOBILE_MONEY,RETAIL
TXN101426,500.0,SUCCESS,REF-00001426,2026-07-08,Merchant_E,Processor_C,NGN,CARD,BUSINESS
TXN107478,100000.0,SUCCESS,REF-00007478,2026-07-06,Merchant_D,Processor_A,NGN,BANK_TRANSFER,RETAIL
TXN103535,1500.0,SUCCESS,REF-00003535,2026-07-30,Merchant_A,Processor_B,NGN,USSD,RETAIL
TXN106829,7500.0,SUCCESS,REF-00006829,2026-07-08,Merchant_D,Processor_A,NGN,CARD,BUSINESS
TXN109904,100000.0,SUCCESS,REF-00009904,2026-07-19,Merchant_B,Processor_A,NGN,USSD,BUSINESS
TXN109027,1000.0,SUCCESS,REF-00009027,2026-07-16,Merchant_E,Processor_C,NGN,BANK_TRANSFER,BUSINESS
TXN105390,1500.0,SUCCESS,REF-00005390,2026-07-11,Merchant_B,Processor_B,NGN,USSD,BUSINESS
TXN103540,2500.0,SUCCESS,REF-00003540,2026-07-04,Merchant_A,Processor_B,NGN,CARD,RETAIL
TXN101821,1500.0,SUCCESS,REF-00001821,2026-07-06,Merchant_D,Processor_B,NGN,CARD,RETAIL
TXN102382,100000.0,SUCCESS,REF-00002382,2026-07-15,Merchant_B,Processor_B,NGN,MOBILE_MONEY,BUSINESS
TXN104719,100000.0,SUCCESS,REF-00004719,2026-07-17,Merchant_D,Processor_B,NGN,USSD,RETAIL
TXN107653,50000.0,SUCCESS,REF-00007653,2026-07-27,Merchant_C,Processor_B,NGN,MOBILE_MONEY,BUSINESS
TXN104613,1000.0,SUCCESS,REF-00004613,2026-07-28,Merchant_C,Processor_B,NGN,CARD,RETAIL
TXN101526,5000.0,SUCCESS,REF-00001526,2026-07-11,Merchant_A,Processor_C,NGN,MOBILE_MONEY,BUSINESS
TXN105547,1000.0,SUCCESS,REF-00005547,2026-07-05,Merchant_A,Processor_B,NGN,MOBILE_MONEY,BUSINESS
TXN105023,25000.0,SUCCESS,REF-00005023,2026-07-13,Merchant_E,Processor_A,NGN,USSD,RETAIL
TXN100963,5000.0,SUCCESS,REF-00000963,2026-07-09,Merchant_B,Processor_C,NGN,USSD,RETAIL
TXN101434,1500.0,SUCCESS,REF-00001434,2026-07-15,Merchant_B,Processor_C,NGN,MOBILE_MONEY,RETAIL
TXN100124,2500.0,SUCCESS,REF-00000124,2026-07-25,Merchant_A,Processor_A,NGN,BANK_TRANSFER,RETAIL
TXN108961,10000.0,SUCCESS,REF-00008961,2026-07-19,Merchant_E,Processor_A,NGN,BANK_TRANSFER,BUSINESS
TXN103898,10000.0,REFUNDED,REF-00003898,2026-07-18,Merchant_E,Processor_C,NGN,USSD,RETAIL
TXN100761,5000.0,SUCCESS,REF-00000761,2026-07-23,Merchant_A,Processor_B,NGN,CARD,RETAIL
TXN109440,1500.0,SUCCESS,REF-00009440,2026-07-28,Merchant_D,Processor_A,NGN,BANK_TRANSFER,BUSINESS
TXN109137,5000.0,SUCCESS,REF-00009137,2026-07-08,Merchant_B,Processor_B,NGN,CARD,RETAIL
TXN104917,5000.0,SUCCESS,REF-00004917,2026-07-08,Merchant_B,Processor_C,NGN,USSD,BUSINESS
TXN101404,15000.0,SUCCESS,REF-00001404,2026-07-05,Merchant_C,Processor_A,NGN,CARD,RETAIL
TXN105682,100000.0,SUCCESS,REF-00005682,2026-07-16,Merchant_B,Processor_C,NGN,MOBILE_MONEY,RETAIL
TXN108566,100000.0,SUCCESS,REF-00008566,2026-07-18,Merchant_C,Processor_A,NGN,CARD,BUSINESS
TXN109406,2500.0,SUCCESS,REF-00009406,2026-07-18,Merchant_E,Processor_B,NGN,USSD,BUSINESS
TXN109082,5000.0,SUCCESS,REF-00009082,2026-07-02,Merchant_E,Processor_C,NGN,BANK_TRANSFER,BUSINESS
TXN106243,25000.0,SUCCESS,REF-00006243,2026-07-22,Merchant_A,Processor_A,NGN,MOBILE_MONEY,BUSINESS
TXN102074,100000.0,SUCCESS,REF-00002074,2026-07-05,Merchant_D,Processor_C,NGN,BANK_TRANSFER,RETAIL
TXN105349,25000.0,SUCCESS,REF-00005349,2026-07-20,Merchant_D,Processor_A,NGN,CARD,RETAIL
TXN101815,250000.0,SUCCESS,REF-00001815,2026-07-09,Merchant_E,Processor_C,NGN,USSD,RETAIL
TXN104208,1000.0,FAILED,REF-00004208,2026-07-08,Merchant_B,Processor_B,NGN,USSD,RETAIL
TXN102096,10000.0,SUCCESS,REF-00002096,2026-07-07,Merchant_D,Processor_A,NGN,BANK_TRANSFER,BUSINESS
TXN108419,1500.0,REFUNDED,REF-00008419,2026-07-27,Merchant_A,Processor_B,NGN,MOBILE_MONEY,BUSINESS
TXN100229,15000.0,SUCCESS,REF-00000229,2026-07-20,Merchant_E,Processor_C,NGN,USSD,BUSINESS
TXN109679,5000.0,REFUNDED,REF-00009679,2026-07-19,Merchant_E,Processor_A,NGN,USSD,BUSINESS
TXN104892,15000.0,SUCCESS,REF-00004892,2026-07-24,Merchant_E,Processor_B,NGN,CARD,RETAIL
TXN100724,10000.0,SUCCESS,REF-00000724,2026-07-19,Merchant_B,Processor_A,NGN,MOBILE_MONEY,RETAIL
TXN101149,50000.0,SUCCESS,REF-00001149,2026-07-29,Merchant_B,Processor_B,NGN,MOBILE_MONEY,BUSINESS
TXN100982,1000.0,SUCCESS,REF-00000982,2026-07-10,Merchant_D,Processor_B,NGN,CARD,RETAIL
TXN109858,5000.0,REFUNDED,REF-00009858,2026-07-31,Merchant_D,Processor_B,NGN,BANK_TRANSFER,BUSINESS
TXN106995,10000.0,SUCCESS,REF-00006995,2026-07-31,Merchant_E,Processor_A,NGN,BANK_TRANSFER,RETAIL
TXN105523,7500.0,SUCCESS,REF-00005523,2026-07-18,Merchant_A,Processor_B,NGN,CARD,BUSINESS
TXN106067,5000.0,SUCCESS,REF-00006067,2026-07-19,Merchant_E,Processor_B,NGN,USSD,RETAIL
TXN107436,2500.0,SUCCESS,REF-00007436,2026-07-06,Merchant_A,Processor_B,NGN,USSD,RETAIL
TXN106905,1000.0,REFUNDED,REF-00006905,2026-07-15,Merchant_D,Processor_C,NGN,CARD,RETAIL
TXN107912,10000.0,SUCCESS,REF-00007912,2026-07-25,Merchant_B,Processor_A,NGN,CARD,BUSINESS
TXN100180,5000.0,SUCCESS,REF-00000180,2026-07-03,Merchant_E,Processor_B,NGN,CARD,BUSINESS
TXN105549,1500.0,SUCCESS,REF-00005549,2026-07-24,Merchant_B,Processor_C,NGN,CARD,BUSINESS
TXN104750,5000.0,SUCCESS,REF-00004750,2026-07-07,Merchant_B,Processor_B,NGN,USSD,RETAIL
TXN108238,15000.0,SUCCESS,REF-00008238,2026-07-14,Merchant_C,Processor_A,NGN,MOBILE_MONEY,RETAIL
TXN109799,100000.0,SUCCESS,REF-00009799,2026-07-01,Merchant_E,Processor_C,NGN,USSD,RETAIL
TXN105739,7500.0,SUCCESS,REF-00005739,2026-07-06,Merchant_E,Processor_C,NGN,BANK_TRANSFER,RETAIL
TXN105646,500.0,SUCCESS,REF-00005646,2026-07-12,Merchant_E,Processor_A,NGN,CARD,RETAIL
TXN105550,2500.0,SUCCESS,REF-00005550,2026-07-19,Merchant_C,Processor_C,NGN,BANK_TRANSFER,RETAIL
TXN104077,5000.0,SUCCESS,REF-00004077,2026-07-03,Merchant_A,Processor_C,NGN,USSD,RETAIL
TXN100403,50000.0,SUCCESS,REF-00000403,2026-07-14,Merchant_A,Processor_C,NGN,BANK_TRANSFER,BUSINESS
TXN100436,1000.0,SUCCESS,REF-00000436,2026-07-13,Merchant_D,Processor_B,NGN,USSD,BUSINESS
TXN105456,5000.0,SUCCESS,REF-00005456,2026-07-12,Merchant_C,Processor_B,NGN,USSD,BUSINESS
TXN100711,15000.0,SUCCESS,REF-00000711,2026-07-19,Merchant_D,Processor_A,NGN,BANK_TRANSFER,BUSINESS
TXN106417,100000.0,SUCCESS,REF-00006417,2026-07-27,Merchant_C,Processor_A,NGN,BANK_TRANSFER,RETAIL
TXN108541,15000.0,REFUNDED,REF-00008541,2026-07-09,Merchant_D,Processor_B,NGN,MOBILE_MONEY,RETAIL
TXN104565,100000.0,SUCCESS,REF-00004565,2026-07-29,Merchant_E,Processor_C,NGN,CARD,BUSINESS
TXN101356,100000.0,SUCCESS,REF-00001356,2026-07-24,Merchant_C,Processor_B,NGN,MOBILE_MONEY,RETAIL
TXN101544,250000.0,SUCCESS,REF-00001544,2026-07-05,Merchant_A,Processor_B,NGN,MOBILE_MONEY,RETAIL
TXN104607,1500.0,SUCCESS,REF-00004607,2026-07-30,Merchant_E,Processor_A,NGN,USSD,RETAIL
TXN103882,250000.0,SUCCESS,REF-00003882,2026-07-25,Merchant_B,Processor_C,NGN,CARD,BUSINESS
TXN103238,15000.0,REFUNDED,REF-00003238,2026-07-03,Merchant_C,Processor_C,NGN,CARD,BUSINESS
TXN108275,25000.0,SUCCESS,REF-00008275,2026-07-02,Merchant_B,Processor_A,NGN,USSD,RETAIL
TXN105675,500.0,SUCCESS,REF-00005675,2026-07-24,Merchant_C,Processor_B,NGN,BANK_TRANSFER,BUSINESS
TXN100640,500.0,SUCCESS,REF-00000640,2026-07-17,Merchant_B,Processor_B,NGN,CARD,RETAIL
TXN103211,15000.0,SUCCESS,REF-00003211,2026-07-01,Merchant_C,Processor_B,NGN,CARD,RETAIL
TXN108967,25000.0,SUCCESS,REF-00008967,2026-07-06,Merchant_A,Processor_B,NGN,MOBILE_MONEY,BUSINESS
TXN108441,2500.0,SUCCESS,REF-00008441,2026-07-07,Merchant_C,Processor_B,NGN,USSD,BUSINESS
TXN104310,5000.0,SUCCESS,REF-00004310,2026-07-11,Merchant_A,Processor_A,NGN,MOBILE_MONEY,RETAIL
TXN102893,15000.0,REFUNDED,REF-00002893,2026-07-14,Merchant_D,Processor_B,NGN,BANK_TRANSFER,RETAIL
TXN100785,100000.0,SUCCESS,REF-00000785,2026-07-28,Merchant_E,Processor_A,NGN,MOBILE_MONEY,RETAIL
TXN107996,2500.0,SUCCESS,REF-00007996,2026-07-12,Merchant_B,Processor_B,NGN,BANK_TRANSFER,RETAIL
TXN107937,10000.0,SUCCESS,REF-00007937,2026-07-25,Merchant_E,Processor_C,NGN,CARD,BUSINESS
TXN102391,1500.0,FAILED,REF-00002391,2026-07-15,Merchant_E,Processor_C,NGN,USSD,BUSINESS
TXN104160,10000.0,SUCCESS,REF-00004160,2026-07-30,Merchant_B,Processor_B,NGN,MOBILE_MONEY,BUSINESS
TXN106211,1500.0,SUCCESS,REF-00006211,2026-07-17,Merchant_A,Processor_B,NGN,MOBILE_MONEY,BUSINESS
TXN102270,1000.0,FAILED,REF-00002270,2026-07-09,Merchant_D,Processor_B,NGN,CARD,RETAIL
TXN103935,10000.0,SUCCESS,REF-00003935,2026-07-12,Merchant_C,Processor_C,NGN,BANK_TRANSFER,RETAIL
TXN101498,5000.0,SUCCESS,REF-00001498,2026-07-29,Merchant_C,Processor_C,NGN,CARD,BUSINESS
TXN102568,50000.0,SUCCESS,REF-00002568,2026-07-23,Merchant_C,Processor_C,NGN,USSD,RETAIL
TXN102285,5000.0,SUCCESS,REF-00002285,2026-07-09,Merchant_D,Processor_C,NGN,MOBILE_MONEY,BUSINESS
TXN109373,100000.0,SUCCESS,REF-00009373,2026-07-04,Merchant_A,Processor_C,NGN,CARD,RETAIL
TXN101198,25000.0,SUCCESS,REF-00001198,2026-07-31,Merchant_E,Processor_A,NGN,BANK_TRANSFER,BUSINESS
TXN100093,10000.0,SUCCESS,REF-00000093,2026-07-10,Merchant_E,Processor_B,NGN,MOBILE_MONEY,BUSINESS
TXN105766,2500.0,SUCCESS,REF-00005766,2026-07-08,Merchant_E,Processor_C,NGN,USSD,RETAIL
TXN103038,1000.0,SUCCESS,REF-00003038,2026-07-19,Merchant_B,Processor_C,NGN,MOBILE_MONEY,BUSINESS
TXN106023,1000.0,SUCCESS,REF-00006023,2026-07-24,Merchant_E,Processor_C,NGN,USSD,BUSINESS
TXN109859,1500.0,SUCCESS,REF-00009859,2026-07-07,Merchant_A,Processor_B,NGN,USSD,BUSINESS
TXN100030,15000.0,SUCCESS,REF-00000030,2026-07-01,Merchant_B,Processor_C,NGN,USSD,RETAIL
TXN106352,500.0,SUCCESS,REF-00006352,2026-07-19,Merchant_E,Processor_A,NGN,MOBILE_MONEY,RETAIL
TXN108508,100000.0,SUCCESS,REF-00008508,2026-07-25,Merchant_B,Processor_C,NGN,USSD,BUSINESS
TXN109163,5000.0,SUCCESS,REF-00009163,2026-07-04,Merchant_B,Processor_B,NGN,MOBILE_MONEY,BUSINESS
TXN104911,10000.0,SUCCESS,REF-00004911,2026-07-05,Merchant_B,Processor_C,NGN,CARD,BUSINESS
TXN103336,100000.0,SUCCESS,REF-00003336,2026-07-28,Merchant_C,Processor_B,NGN,USSD,RETAIL
TXN101832,10000.0,SUCCESS,REF-00001832,2026-07-06,Merchant_B,Processor_B,NGN,BANK_TRANSFER,BUSINESS
TXN104945,100000.0,REFUNDED,REF-00004945,2026-07-02,Merchant_E,Processor_C,NGN,MOBILE_MONEY,RETAIL
TXN105860,7500.0,SUCCESS,REF-00005860,2026-07-30,Merchant_A,Processor_B,NGN,USSD,BUSINESS
TXN105856,1500.0,SUCCESS,REF-00005856,2026-07-22,Merchant_A,Processor_A,NGN,BANK_TRANSFER,RETAIL
TXN103583,50000.0,SUCCESS,REF-00003583,2026-07-07,Merchant_C,Processor_A,NGN,MOBILE_MONEY,BUSINESS
TXN104647,2500.0,SUCCESS,REF-00004647,2026-07-18,Merchant_D,Processor_B,NGN,BANK_TRANSFER,BUSINESS
TXN108719,10000.0,FAILED,REF-00008719,2026-07-06,Merchant_A,Processor_B,NGN,BANK_TRANSFER,BUSINESS
TXN107026,1000.0,SUCCESS,REF-00007026,2026-07-13,Merchant_C,Processor_B,NGN,BANK_TRANSFER,BUSINESS
TXN101982,7500.0,SUCCESS,REF-00001982,2026-07-29,Merchant_C,Processor_B,NGN,BANK_TRANSFER,RETAIL
TXN101669,50000.0,SUCCESS,REF-00001669,2026-07-22,Merchant_A,Processor_A,NGN,CARD,BUSINESS
TXN105368,25000.0,SUCCESS,REF-00005368,2026-07-30,Merchant_B,Processor_B,NGN,BANK_TRANSFER,BUSINESS
TXN109951,15000.0,REFUNDED,REF-00009951,2026-07-12,Merchant_B,Processor_A,NGN,BANK_TRANSFER,RETAIL
TXN105731,5000.0,SUCCESS,REF-00005731,2026-07-25,Merchant_C,Processor_A,NGN,BANK_TRANSFER,RETAIL
TXN106260,1500.0,SUCCESS,REF-00006260,2026-07-10,Merchant_C,Processor_A,NGN,CARD,BUSINESS
TXN106815,1500.0,SUCCESS,REF-00006815,2026-07-18,Merchant_C,Processor_A,NGN,MOBILE_MONEY,RETAIL
TXN105882,5000.0,SUCCESS,REF-00005882,2026-07-10,Merchant_E,Processor_A,NGN,USSD,BUSINESS
TXN106006,10000.0,SUCCESS,REF-00006006,2026-07-18,Merchant_B,Processor_B,NGN,BANK_TRANSFER,RETAIL
TXN105452,2500.0,REFUNDED,REF-00005452,2026-07-18,Merchant_E,Processor_B,NGN,CARD,BUSINESS
TXN108714,100000.0,SUCCESS,REF-00008714,2026-07-09,Merchant_C,Processor_C,NGN,CARD,RETAIL
TXN100850,1000.0,SUCCESS,REF-00000850,2026-07-22,Merchant_D,Processor_C,NGN,CARD,RETAIL
TXN105048,5000.0,SUCCESS,REF-00005048,2026-07-18,Merchant_B,Processor_B,NGN,USSD,BUSINESS
TXN109180,7500.0,SUCCESS,REF-00009180,2026-07-02,Merchant_C,Processor_C,NGN,CARD,RETAIL
TXN105317,250000.0,SUCCESS,REF-00005317,2026-07-27,Merchant_D,Processor_B,NGN,BANK_TRANSFER,RETAIL
TXN109441,1000.0,SUCCESS,REF-00009441,2026-07-17,Merchant_C,Processor_A,NGN,BANK_TRANSFER,BUSINESS
TXN105722,50000.0,SUCCESS,REF-00005722,2026-07-27,Merchant_E,Processor_A,NGN,BANK_TRANSFER,RETAIL
TXN101609,10000.0,SUCCESS,REF-00001609,2026-07-27,Merchant_E,Processor_B,NGN,USSD,BUSINESS
TXN104789,5000.0,FAILED,REF-00004789,2026-07-21,Merchant_E,Processor_A,NGN,CARD,BUSINESS
TXN100032,1000.0,SUCCESS,REF-00000032,2026-07-26,Merchant_C,Processor_A,NGN,BANK_TRANSFER,RETAIL
TXN107861,2500.0,SUCCESS,REF-00007861,2026-07-26,Merchant_A,Processor_A,NGN,BANK_TRANSFER,RETAIL
TXN107696,7500.0,SUCCESS,REF-00007696,2026-07-30,Merchant_D,Processor_A,NGN,MOBILE_MONEY,BUSINESS
TXN108760,500.0,SUCCESS,REF-00008760,2026-07-19,Merchant_D,Processor_C,NGN,MOBILE_MONEY,BUSINESS
TXN104695,100000.0,SUCCESS,REF-00004695,2026-07-21,Merchant_E,Processor_C,NGN,MOBILE_MONEY,RETAIL
TXN101501,10000.0,FAILED,REF-00001501,2026-07-12,Merchant_D,Processor_A,NGN,BANK_TRANSFER,BUSINESS
TXN102305,7500.0,SUCCESS,REF-00002305,2026-07-10,Merchant_C,Processor_C,NGN,USSD,RETAIL
TXN100743,10000.0,SUCCESS,REF-00000743,2026-07-09,Merchant_E,Processor_B,NGN,BANK_TRANSFER,RETAIL
TXN106448,1000.0,FAILED,REF-00006448,2026-07-19,Merchant_B,Processor_A,NGN,CARD,RETAIL
TXN100840,500.0,SUCCESS,REF-00000840,2026-07-02,Merchant_E,Processor_B,NGN,MOBILE_MONEY,RETAIL
TXN106634,15000.0,SUCCESS,REF-00006634,2026-07-29,Merchant_B,Processor_B,NGN,CARD,BUSINESS
TXN109062,25000.0,FAILED,REF-00009062,2026-07-30,Merchant_D,Processor_C,NGN,MOBILE_MONEY,RETAIL
TXN101403,25000.0,SUCCESS,REF-00001403,2026-07-09,Merchant_B,Processor_C,NGN,USSD,BUSINESS
TXN100978,10000.0,SUCCESS,REF-00000978,2026-07-05,Merchant_B,Processor_A,NGN,USSD,BUSINESS
TXN105369,1500.0,SUCCESS,REF-00005369,2026-07-22,Merchant_D,Processor_C,NGN,USSD,RETAIL
TXN100026,2500.0,FAILED,REF-00000026,2026-07-06,Merchant_B,Processor_B,NGN,CARD,RETAIL
TXN106349,25000.0,SUCCESS,REF-00006349,2026-07-09,Merchant_D,Processor_B,NGN,USSD,RETAIL
TXN105269,5000.0,SUCCESS,REF-00005269,2026-07-08,Merchant_C,Processor_B,NGN,USSD,RETAIL
TXN101863,10000.0,FAILED,REF-00001863,2026-07-08,Merchant_E,Processor_A,NGN,MOBILE_MONEY,BUSINESS
TXN106825,50000.0,SUCCESS,REF-00006825,2026-07-30,Merchant_B,Processor_B,NGN,CARD,RETAIL
TXN103416,5000.0,SUCCESS,REF-00003416,2026-07-26,Merchant_B,Processor_B,NGN,BANK_TRANSFER,BUSINESS
TXN106809,5000.0,SUCCESS,REF-00006809,2026-07-07,Merchant_A,Processor_B,NGN,USSD,BUSINESS
TXN107633,250000.0,SUCCESS,REF-00007633,2026-07-16,Merchant_A,Processor_A,NGN,BANK_TRANSFER,RETAIL
TXN102565,5000.0,SUCCESS,REF-00002565,2026-07-29,Merchant_A,Processor_B,NGN,BANK_TRANSFER,RETAIL
TXN109060,100000.0,SUCCESS,REF-00009060,2026-07-15,Merchant_A,Processor_A,NGN,BANK_TRANSFER,BUSINESS
TXN101213,50000.0,SUCCESS,REF-00001213,2026-07-19,Merchant_D,Processor_C,NGN,BANK_TRANSFER,BUSINESS
TXN107694,100000.0,SUCCESS,REF-00007694,2026-07-12,Merchant_A,Processor_B,NGN,USSD,BUSINESS
TXN102337,5000.0,SUCCESS,REF-00002337,2026-07-14,Merchant_E,Processor_C,NGN,USSD,BUSINESS
TXN102973,25000.0,SUCCESS,REF-00002973,2026-07-25,Merchant_C,Processor_A,NGN,USSD,BUSINESS
TXN100395,100000.0,SUCCESS,REF-00000395,2026-07-03,Merchant_B,Processor_B,NGN,CARD,RETAIL
TXN106326,250000.0,SUCCESS,REF-00006326,2026-07-11,Merchant_A,Processor_A,NGN,CARD,BUSINESS
TXN104146,1000.0,SUCCESS,REF-00004146,2026-07-25,Merchant_C,Processor_A,NGN,BANK_TRANSFER,BUSINESS
TXN100168,1000.0,SUCCESS,REF-00000168,2026-07-05,Merchant_B,Processor_C,NGN,MOBILE_MONEY,BUSINESS
TXN103746,15000.0,REFUNDED,REF-00003746,2026-07-28,Merchant_D,Processor_C,NGN,CARD,RETAIL
TXN102404,15000.0,REFUNDED,REF-00002404,2026-07-27,Merchant_E,Processor_A,NGN,BANK_TRANSFER,BUSINESS
TXN107479,7500.0,SUCCESS,REF-00007479,2026-07-26,Merchant_E,Processor_A,NGN,BANK_TRANSFER,RETAIL
TXN108096,1000.0,SUCCESS,REF-00008096,2026-07-20,Merchant_D,Processor_A,NGN,USSD,BUSINESS
TXN106300,25000.0,SUCCESS,REF-00006300,2026-07-15,Merchant_D,Processor_B,NGN,USSD,RETAIL
TXN101242,25000.0,SUCCESS,REF-00001242,2026-07-25,Merchant_D,Processor_B,NGN,CARD,RETAIL
TXN105614,7500.0,SUCCESS,REF-00005614,2026-07-24,Merchant_B,Processor_A,NGN,USSD,RETAIL
TXN101422,1000.0,FAILED,REF-00001422,2026-07-18,Merchant_A,Processor_B,NGN,CARD,BUSINESS
TXN108103,1000.0,SUCCESS,REF-00008103,2026-07-22,Merchant_E,Processor_B,NGN,USSD,BUSINESS
TXN106094,2500.0,SUCCESS,REF-00006094,2026-07-28,Merchant_C,Processor_A,NGN,MOBILE_MONEY,RETAIL
TXN107713,7500.0,SUCCESS,REF-00007713,2026-07-15,Merchant_D,Processor_C,NGN,USSD,RETAIL
TXN100448,5000.0,SUCCESS,REF-00000448,2026-07-01,Merchant_B,Processor_C,NGN,CARD,BUSINESS
TXN106783,5000.0,SUCCESS,REF-00006783,2026-07-15,Merchant_C,Processor_B,NGN,BANK_TRANSFER,RETAIL
TXN104098,2500.0,SUCCESS,REF-00004098,2026-07-19,Merchant_E,Processor_A,NGN,CARD,RETAIL
TXN104053,10000.0,SUCCESS,REF-00004053,2026-07-28,Merchant_D,Processor_B,NGN,USSD,RETAIL
TXN103884,100000.0,SUCCESS,REF-00003884,2026-07-06,Merchant_E,Processor_B,NGN,BANK_TRANSFER,RETAIL
TXN100771,50000.0,SUCCESS,REF-00000771,2026-07-25,Merchant_E,Processor_B,NGN,USSD,RETAIL
TXN107244,5000.0,SUCCESS,REF-00007244,2026-07-21,Merchant_C,Processor_A,NGN,USSD,RETAIL
TXN101713,7500.0,SUCCESS,REF-00001713,2026-07-19,Merchant_E,Processor_C,NGN,USSD,RETAIL
TXN104429,50000.0,SUCCESS,REF-00004429,2026-07-13,Merchant_D,Processor_B,NGN,BANK_TRANSFER,BUSINESS
TXN101266,7500.0,SUCCESS,REF-00001266,2026-07-05,Merchant_A,Processor_A,NGN,USSD,RETAIL
TXN100015,1500.0,SUCCESS,REF-00000015,2026-07-21,Merchant_C,Processor_A,NGN,MOBILE_MONEY,RETAIL
TXN103705,100000.0,SUCCESS,REF-00003705,2026-07-22,Merchant_E,Processor_B,NGN,CARD,RETAIL
TXN100138,5000.0,SUCCESS,REF-00000138,2026-07-01,Merchant_B,Processor_A,NGN,MOBILE_MONEY,BUSINESS
TXN108045,1000.0,SUCCESS,REF-00008045,2026-07-31,Merchant_A,Processor_C,NGN,MOBILE_MONEY,BUSINESS
TXN109046,7500.0,SUCCESS,REF-00009046,2026-07-18,Merchant_B,Processor_C,NGN,CARD,RETAIL
TXN100410,5000.0,SUCCESS,REF-00000410,2026-07-09,Merchant_A,Processor_A,NGN,CARD,RETAIL
TXN100279,50000.0,SUCCESS,REF-00000279,2026-07-17,Merchant_B,Processor_C,NGN,BANK_TRANSFER,BUSINESS
TXN101277,250000.0,SUCCESS,REF-00001277,2026-07-25,Merchant_B,Processor_B,NGN,MOBILE_MONEY,RETAIL
TXN109828,25000.0,FAILED,REF-00009828,2026-07-07,Merchant_B,Processor_A,NGN,MOBILE_MONEY,BUSINESS
TXN107725,1500.0,FAILED,REF-00007725,2026-07-29,Merchant_D,Processor_B,NGN,CARD,RETAIL
TXN109057,2500.0,SUCCESS,REF-00009057,2026-07-04,Merchant_C,Processor_B,NGN,USSD,RETAIL
TXN102296,2500.0,SUCCESS,REF-00002296,2026-07-20,Merchant_D,Processor_C,NGN,MOBILE_MONEY,BUSINESS
TXN108356,5000.0,SUCCESS,REF-00008356,2026-07-05,Merchant_D,Processor_A,NGN,BANK_TRANSFER,BUSINESS
TXN101196,250000.0,SUCCESS,REF-00001196,2026-07-15,Merchant_A,Processor_A,NGN,USSD,BUSINESS
TXN109220,1000.0,SUCCESS,REF-00009220,2026-07-04,Merchant_A,Processor_A,NGN,MOBILE_MONEY,RETAIL
TXN109533,50000.0,SUCCESS,REF-00009533,2026-07-23,Merchant_D,Processor_C,NGN,USSD,RETAIL
TXN109045,500.0,SUCCESS,REF-00009045,2026-07-23,Merchant_D,Processor_A,NGN,MOBILE_MONEY,RETAIL
TXN105058,10000.0,SUCCESS,REF-00005058,2026-07-05,Merchant_A,Processor_B,NGN,USSD,RETAIL
TXN100359,10000.0,SUCCESS,REF-00000359,2026-07-16,Merchant_D,Processor_A,NGN,MOBILE_MONEY,RETAIL
TXN105508,2500.0,SUCCESS,REF-00005508,2026-07-07,Merchant_C,Processor_B,NGN,CARD,RETAIL
TXN104658,1500.0,SUCCESS,REF-00004658,2026-07-06,Merchant_C,Processor_C,NGN,CARD,RETAIL
TXN105557,25000.0,FAILED,REF-00005557,2026-07-13,Merchant_D,Processor_A,NGN,BANK_TRANSFER,BUSINESS
TXN106672,2500.0,REFUNDED,REF-00006672,2026-07-06,Merchant_A,Processor_B,NGN,MOBILE_MONEY,RETAIL
TXN103586,7500.0,FAILED,REF-00003586,2026-07-09,Merchant_C,Processor_C,NGN,BANK_TRANSFER,BUSINESS
TXN102073,100000.0,REFUNDED,REF-00002073,2026-07-30,Merchant_D,Processor_B,NGN,CARD,RETAIL
TXN109526,100000.0,SUCCESS,REF-00009526,2026-07-09,Merchant_D,Processor_A,NGN,MOBILE_MONEY,BUSINESS
TXN101599,100000.0,SUCCESS,REF-00001599,2026-07-02,Merchant_A,Processor_B,NGN,CARD,BUSINESS
TXN102242,10000.0,SUCCESS,REF-00002242,2026-07-05,Merchant_E,Processor_A,NGN,USSD,RETAIL
TXN102730,25000.0,SUCCESS,REF-00002730,2026-07-20,Merchant_B,Processor_C,NGN,CARD,RETAIL
TXN101659,7500.0,SUCCESS,REF-00001659,2026-07-16,Merchant_A,Processor_B,NGN,USSD,RETAIL
TXN108945,50000.0,REFUNDED,REF-00008945,2026-07-25,Merchant_E,Processor_A,NGN,CARD,RETAIL
TXN106886,2500.0,REFUNDED,REF-00006886,2026-07-10,Merchant_A,Processor_C,NGN,USSD,RETAIL
TXN100239,1500.0,SUCCESS,REF-00000239,2026-07-01,Merchant_C,Processor_A,NGN,CARD,BUSINESS
TXN100607,5000.0,SUCCESS,REF-00000607,2026-07-26,Merchant_E,Processor_B,NGN,CARD,RETAIL
TXN104236,1000.0,FAILED,REF-00004236,2026-07-15,Merchant_E,Processor_C,NGN,MOBILE_MONEY,RETAIL
TXN109655,10000.0,SUCCESS,REF-00009655,2026-07-02,Merchant_E,Processor_A,NGN,MOBILE_MONEY,BUSINESS
TXN107346,7500.0,SUCCESS,REF-00007346,2026-07-26,Merchant_A,Processor_A,NGN,MOBILE_MONEY,RETAIL
TXN104799,15000.0,SUCCESS,REF-00004799,2026-07-11,Merchant_D,Processor_A,NGN,BANK_TRANSFER,BUSINESS
TXN101871,2500.0,SUCCESS,REF-00001871,2026-07-22,Merchant_A,Processor_C,NGN,BANK_TRANSFER,BUSINESS
TXN106676,15000.0,SUCCESS,REF-00006676,2026-07-11,Merchant_A,Processor_A,NGN,USSD,RETAIL
TXN107207,7500.0,SUCCESS,REF-00007207,2026-07-09,Merchant_B,Processor_C,NGN,BANK_TRANSFER,BUSINESS
TXN102108,5000.0,SUCCESS,REF-00002108,2026-07-04,Merchant_D,Processor_A,NGN,BANK_TRANSFER,RETAIL
TXN105083,2500.0,SUCCESS,REF-00005083,2026-07-12,Merchant_A,Processor_C,NGN,CARD,BUSINESS
TXN100748,100000.0,SUCCESS,REF-00000748,2026-07-16,Merchant_B,Processor_B,NGN,USSD,BUSINESS
TXN103538,15000.0,SUCCESS,REF-00003538,2026-07-10,Merchant_A,Processor_C,NGN,BANK_TRANSFER,BUSINESS
TXN101895,25000.0,SUCCESS,REF-00001895,2026-07-09,Merchant_C,Processor_C,NGN,MOBILE_MONEY,RETAIL
TXN100244,500.0,SUCCESS,REF-00000244,2026-07-25,Merchant_A,Processor_C,NGN,MOBILE_MONEY,RETAIL
TXN103369,25000.0,SUCCESS,REF-00003369,2026-07-27,Merchant_C,Processor_B,NGN,BANK_TRANSFER,RETAIL
TXN107297,10000.0,SUCCESS,REF-00007297,2026-07-12,Merchant_E,Processor_C,NGN,CARD,BUSINESS
TXN104318,7500.0,SUCCESS,REF-00004318,2026-07-04,Merchant_A,Processor_C,NGN,MOBILE_MONEY,BUSINESS
TXN107258,25000.0,SUCCESS,REF-00007258,2026-07-23,Merchant_A,Processor_C,NGN,MOBILE_MONEY,BUSINESS
TXN109615,50000.0,SUCCESS,REF-00009615,2026-07-14,Merchant_B,Processor_B,NGN,CARD,RETAIL
TXN105844,100000.0,SUCCESS,REF-00005844,2026-07-28,Merchant_E,Processor_B,NGN,MOBILE_MONEY,BUSINESS
TXN104483,10000.0,SUCCESS,REF-00004483,2026-07-31,Merchant_D,Processor_A,NGN,CARD,RETAIL
TXN106613,500.0,SUCCESS,REF-00006613,2026-07-28,Merchant_E,Processor_B,NGN,USSD,BUSINESS
TXN109183,15000.0,REFUNDED,REF-00009183,2026-07-10,Merchant_D,Processor_B,NGN,CARD,BUSINESS
TXN109013,1000.0,SUCCESS,REF-00009013,2026-07-10,Merchant_B,Processor_C,NGN,USSD,BUSINESS
TXN102900,1500.0,FAILED,REF-00002900,2026-07-21,Merchant_A,Processor_C,NGN,CARD,BUSINESS
TXN104353,250000.0,SUCCESS,REF-00004353,2026-07-01,Merchant_A,Processor_B,NGN,BANK_TRANSFER,BUSINESS
TXN107703,5000.0,SUCCESS,REF-00007703,2026-07-04,Merchant_A,Processor_A,NGN,MOBILE_MONEY,RETAIL
TXN105265,10000.0,SUCCESS,REF-00005265,2026-07-15,Merchant_E,Processor_B,NGN,USSD,BUSINESS
TXN106409,100000.0,FAILED,REF-00006409,2026-07-04,Merchant_B,Processor_C,NGN,MOBILE_MONEY,BUSINESS
TXN109135,10000.0,SUCCESS,REF-00009135,2026-07-09,Merchant_A,Processor_C,NGN,CARD,BUSINESS
TXN105483,25000.0,SUCCESS,REF-00005483,2026-07-12,Merchant_E,Processor_C,NGN,CARD,BUSINESS
TXN101731,15000.0,SUCCESS,REF-00001731,2026-07-14,Merchant_B,Processor_A,NGN,MOBILE_MONEY,BUSINESS
TXN107982,15000.0,SUCCESS,REF-00007982,2026-07-13,Merchant_B,Processor_A,NGN,BANK_TRANSFER,RETAIL
TXN101641,50000.0,SUCCESS,REF-00001641,2026-07-08,Merchant_A,Processor_A,NGN,BANK_TRANSFER,RETAIL
TXN107105,1000.0,SUCCESS,REF-00007105,2026-07-08,Merchant_B,Processor_A,NGN,MOBILE_MONEY,RETAIL
TXN104384,100000.0,SUCCESS,REF-00004384,2026-07-19,Merchant_A,Processor_A,NGN,BANK_TRANSFER,BUSINESS
TXN109111,10000.0,SUCCESS,REF-00009111,2026-07-16,Merchant_C,Processor_A,NGN,CARD,RETAIL
TXN109222,10000.0,SUCCESS,REF-00009222,2026-07-17,Merchant_E,Processor_A,NGN,MOBILE_MONEY,BUSINESS
TXN109224,100000.0,SUCCESS,REF-00009224,2026-07-18,Merchant_A,Processor_C,NGN,MOBILE_MONEY,BUSINESS
TXN106467,1000.0,SUCCESS,REF-00006467,2026-07-04,Merchant_A,Processor_C,NGN,MOBILE_MONEY,BUSINESS
TXN101492,2500.0,SUCCESS,REF-00001492,2026-07-20,Merchant_E,Processor_C,NGN,MOBILE_MONEY,RETAIL
TXN101819,5000.0,SUCCESS,REF-00001819,2026-07-05,Merchant_D,Processor_B,NGN,BANK_TRANSFER,BUSINESS
TXN107889,7500.0,SUCCESS,REF-00007889,2026-07-10,Merchant_C,Processor_B,NGN,BANK_TRANSFER,RETAIL
TXN100182,100000.0,SUCCESS,REF-00000182,2026-07-05,Merchant_C,Processor_A,NGN,USSD,RETAIL
TXN103031,7500.0,SUCCESS,REF-00003031,2026-07-19,Merchant_B,Processor_A,NGN,USSD,BUSINESS
TXN106781,10000.0,SUCCESS,REF-00006781,2026-07-10,Merchant_B,Processor_A,NGN,USSD,BUSINESS
TXN108211,25000.0,SUCCESS,REF-00008211,2026-07-23,Merchant_A,Processor_B,NGN,CARD,BUSINESS
TXN107442,1500.0,FAILED,REF-00007442,2026-07-17,Merchant_B,Processor_C,NGN,USSD,BUSINESS
TXN105331,5000.0,FAILED,REF-00005331,2026-07-01,Merchant_B,Processor_B,NGN,MOBILE_MONEY,RETAIL
TXN103766,15000.0,SUCCESS,REF-00003766,2026-07-30,Merchant_D,Processor_B,NGN,CARD,RETAIL
TXN104105,15000.0,SUCCESS,REF-00004105,2026-07-01,Merchant_E,Processor_B,NGN,BANK_TRANSFER,BUSINESS
TXN103577,10000.0,SUCCESS,REF-00003577,2026-07-24,Merchant_B,Processor_B,NGN,CARD,RETAIL
TXN108805,50000.0,SUCCESS,REF-00008805,2026-07-04,Merchant_E,Processor_A,NGN,CARD,BUSINESS
TXN101689,25000.0,SUCCESS,REF-00001689,2026-07-28,Merchant_D,Processor_C,NGN,MOBILE_MONEY,RETAIL
TXN100934,1500.0,SUCCESS,REF-00000934,2026-07-25,Merchant_A,Processor_C,NGN,BANK_TRANSFER,RETAIL
TXN108571,5000.0,SUCCESS,REF-00008571,2026-07-23,Merchant_C,Processor_B,NGN,USSD,RETAIL
TXN100873,7500.0,SUCCESS,REF-00000873,2026-07-03,Merchant_E,Processor_A,NGN,USSD,RETAIL
TXN109464,50000.0,SUCCESS,REF-00009464,2026-07-16,Merchant_B,Processor_C,NGN,USSD,RETAIL
TXN103740,100000.0,SUCCESS,REF-00003740,2026-07-02,Merchant_B,Processor_B,NGN,BANK_TRANSFER,BUSINESS
TXN101575,1000.0,SUCCESS,REF-00001575,2026-07-31,Merchant_D,Processor_B,NGN,CARD,RETAIL
TXN100424,1000.0,SUCCESS,REF-00000424,2026-07-01,Merchant_E,Processor_C,NGN,MOBILE_MONEY,BUSINESS
TXN104987,15000.0,SUCCESS,REF-00004987,2026-07-09,Merchant_C,Processor_B,NGN,BANK_TRANSFER,RETAIL
TXN104167,1000.0,SUCCESS,REF-00004167,2026-07-30,Merchant_B,Processor_C,NGN,MOBILE_MONEY,RETAIL
TXN105020,15000.0,SUCCESS,REF-00005020,2026-07-30,Merchant_B,Processor_B,NGN,BANK_TRANSFER,BUSINESS
TXN107428,15000.0,REFUNDED,REF-00007428,2026-07-23,Merchant_A,Processor_B,NGN,BANK_TRANSFER,BUSINESS
TXN103551,1500.0,SUCCESS,REF-00003551,2026-07-02,Merchant_D,Processor_B,NGN,BANK_TRANSFER,RETAIL
TXN104861,50000.0,SUCCESS,REF-00004861,2026-07-08,Merchant_D,Processor_A,NGN,CARD,BUSINESS
TXN108577,1500.0,SUCCESS,REF-00008577,2026-07-15,Merchant_D,Processor_B,NGN,MOBILE_MONEY,BUSINESS
TXN105378,50000.0,SUCCESS,REF-00005378,2026-07-03,Merchant_D,Processor_C,NGN,USSD,RETAIL
TXN108778,25000.0,SUCCESS,REF-00008778,2026-07-26,Merchant_E,Processor_B,NGN,MOBILE_MONEY,BUSINESS
TXN103694,5000.0,SUCCESS,REF-00003694,2026-07-24,Merchant_A,Processor_C,NGN,USSD,RETAIL
TXN100208,500.0,SUCCESS,REF-00000208,2026-07-15,Merchant_C,Processor_C,NGN,MOBILE_MONEY,RETAIL
TXN104184,1500.0,SUCCESS,REF-00004184,2026-07-05,Merchant_D,Processor_B,NGN,BANK_TRANSFER,BUSINESS
TXN108388,15000.0,SUCCESS,REF-00008388,2026-07-11,Merchant_A,Processor_B,NGN,CARD,BUSINESS
TXN106051,250000.0,SUCCESS,REF-00006051,2026-07-29,Merchant_D,Processor_B,NGN,BANK_TRANSFER,RETAIL
TXN107487,250000.0,SUCCESS,REF-00007487,2026-07-08,Merchant_B,Processor_A,NGN,CARD,BUSINESS
TXN105998,10000.0,SUCCESS,REF-00005998,2026-07-06,Merchant_C,Processor_A,NGN,BANK_TRANSFER,RETAIL
TXN106214,25000.0,SUCCESS,REF-00006214,2026-07-16,Merchant_B,Processor_C,NGN,USSD,RETAIL
TXN107310,250000.0,SUCCESS,REF-00007310,2026-07-08,Merchant_C,Processor_B,NGN,USSD,BUSINESS
TXN104878,5000.0,SUCCESS,REF-00004878,2026-07-22,Merchant_C,Processor_A,NGN,BANK_TRANSFER,RETAIL
TXN107030,15000.0,SUCCESS,REF-00007030,2026-07-08,Merchant_C,Processor_A,NGN,MOBILE_MONEY,RETAIL
TXN106436,10000.0,SUCCESS,REF-00006436,2026-07-26,Merchant_D,Processor_C,NGN,USSD,RETAIL
TXN103033,1000.0,SUCCESS,REF-00003033,2026-07-28,Merchant_A,Processor_A,NGN,BANK_TRANSFER,RETAIL
TXN108536,1500.0,SUCCESS,REF-00008536,2026-07-28,Merchant_E,Processor_A,NGN,CARD,RETAIL
TXN100143,5000.0,SUCCESS,REF-00000143,2026-07-11,Merchant_E,Processor_B,NGN,CARD,RETAIL
TXN109738,5000.0,SUCCESS,REF-00009738,2026-07-07,Merchant_A,Processor_B,NGN,CARD,BUSINESS
TXN101423,1500.0,SUCCESS,REF-00001423,2026-07-08,Merchant_A,Processor_C,NGN,CARD,BUSINESS
TXN102454,10000.0,SUCCESS,REF-00002454,2026-07-11,Merchant_C,Processor_B,NGN,MOBILE_MONEY,BUSINESS
TXN101336,2500.0,SUCCESS,REF-00001336,2026-07-01,Merchant_D,Processor_A,NGN,MOBILE_MONEY,RETAIL
TXN107122,10000.0,SUCCESS,REF-00007122,2026-07-26,Merchant_A,Processor_B,NGN,MOBILE_MONEY,RETAIL
TXN108310,10000.0,SUCCESS,REF-00008310,2026-07-27,Merchant_B,Processor_A,NGN,BANK_TRANSFER,BUSINESS
TXN109974,7500.0,SUCCESS,REF-00009974,2026-07-07,Merchant_D,Processor_C,NGN,USSD,RETAIL
TXN106226,1500.0,SUCCESS,REF-00006226,2026-07-14,Merchant_D,Processor_A,NGN,CARD,RETAIL
TXN107145,25000.0,SUCCESS,REF-00007145,2026-07-21,Merchant_C,Processor_B,NGN,USSD,BUSINESS
TXN109877,5000.0,SUCCESS,REF-00009877,2026-07-30,Merchant_E,Processor_A,NGN,BANK_TRANSFER,RETAIL
TXN103436,2500.0,SUCCESS,REF-00003436,2026-07-09,Merchant_D,Processor_A,NGN,USSD,BUSINESS
TXN102849,5000.0,SUCCESS,REF-00002849,2026-07-02,Merchant_C,Processor_C,NGN,USSD,RETAIL
TXN102479,50000.0,SUCCESS,REF-00002479,2026-07-08,Merchant_D,Processor_A,NGN,USSD,BUSINESS
TXN103600,1500.0,SUCCESS,REF-00003600,2026-07-12,Merchant_A,Processor_A,NGN,MOBILE_MONEY,BUSINESS
TXN108084,15000.0,SUCCESS,REF-00008084,2026-07-08,Merchant_E,Processor_C,NGN,BANK_TRANSFER,RETAIL
TXN106867,1500.0,SUCCESS,REF-00006867,2026-07-14,Merchant_D,Processor_C,NGN,BANK_TRANSFER,RETAIL
TXN103951,50000.0,SUCCESS,REF-00003951,2026-07-24,Merchant_E,Processor_A,NGN,BANK_TRANSFER,BUSINESS
TXN101364,25000.0,SUCCESS,REF-00001364,2026-07-08,Merchant_E,Processor_A,NGN,USSD,RETAIL
TXN103475,50000.0,SUCCESS,REF-00003475,2026-07-13,Merchant_D,Processor_B,NGN,MOBILE_MONEY,BUSINESS
TXN103672,25000.0,SUCCESS,REF-00003672,2026-07-20,Merchant_C,Processor_C,NGN,CARD,BUSINESS
TXN107883,100000.0,SUCCESS,REF-00007883,2026-07-06,Merchant_A,Processor_C,NGN,MOBILE_MONEY,RETAIL
TXN108894,500.0,SUCCESS,REF-00008894,2026-07-20,Merchant_C,Processor_B,NGN,CARD,BUSINESS
TXN106959,250000.0,FAILED,REF-00006959,2026-07-25,Merchant_B,Processor_C,NGN,USSD,BUSINESS
TXN105054,7500.0,SUCCESS,REF-00005054,2026-07-18,Merchant_B,Processor_C,NGN,MOBILE_MONEY,RETAIL
TXN109984,100000.0,SUCCESS,REF-00009984,2026-07-01,Merchant_B,Processor_B,NGN,MOBILE_MONEY,RETAIL
TXN101008,2500.0,SUCCESS,REF-00001008,2026-07-02,Merchant_C,Processor_B,NGN,CARD,BUSINESS
TXN102250,1000.0,SUCCESS,REF-00002250,2026-07-10,Merchant_B,Processor_A,NGN,CARD,BUSINESS
TXN102552,50000.0,SUCCESS,REF-00002552,2026-07-23,Merchant_E,Processor_A,NGN,USSD,RETAIL
TXN101278,1500.0,SUCCESS,REF-00001278,2026-07-01,Merchant_E,Processor_B,NGN,MOBILE_MONEY,BUSINESS
TXN107516,5000.0,SUCCESS,REF-00007516,2026-07-07,Merchant_A,Processor_C,NGN,MOBILE_MONEY,RETAIL
TXN103246,10000.0,SUCCESS,REF-00003246,2026-07-16,Merchant_D,Processor_A,NGN,MOBILE_MONEY,BUSINESS
TXN104900,500.0,SUCCESS,REF-00004900,2026-07-08,Merchant_B,Processor_B,NGN,BANK_TRANSFER,BUSINESS
TXN102678,1000.0,SUCCESS,REF-00002678,2026-07-31,Merchant_C,Processor_C,NGN,CARD,RETAIL
TXN108004,10000.0,SUCCESS,REF-00008004,2026-07-14,Merchant_C,Processor_B,NGN,MOBILE_MONEY,BUSINESS
TXN109515,1500.0,SUCCESS,REF-00009515,2026-07-29,Merchant_C,Processor_C,NGN,BANK_TRANSFER,BUSINESS
TXN105105,1000.0,FAILED,REF-00005105,2026-07-01,Merchant_C,Processor_B,NGN,MOBILE_MONEY,RETAIL
TXN102988,25000.0,SUCCESS,REF-00002988,2026-07-29,Merchant_D,Processor_B,NGN,CARD,BUSINESS
TXN104755,50000.0,SUCCESS,REF-00004755,2026-07-31,Merchant_B,Processor_C,NGN,MOBILE_MONEY,BUSINESS
TXN102665,5000.0,SUCCESS,REF-00002665,2026-07-20,Merchant_C,Processor_A,NGN,MOBILE_MONEY,RETAIL
TXN105851,250000.0,SUCCESS,REF-00005851,2026-07-30,Merchant_B,Processor_A,NGN,USSD,BUSINESS
TXN105004,50000.0,SUCCESS,REF-00005004,2026-07-10,Merchant_D,Processor_B,NGN,USSD,RETAIL
TXN106407,5000.0,SUCCESS,REF-00006407,2026-07-23,Merchant_E,Processor_A,NGN,MOBILE_MONEY,BUSINESS
TXN109312,25000.0,SUCCESS,REF-00009312,2026-07-22,Merchant_C,Processor_C,NGN,BANK_TRANSFER,BUSINESS
TXN100098,500.0,SUCCESS,REF-00000098,2026-07-18,Merchant_D,Processor_B,NGN,BANK_TRANSFER,BUSINESS
TXN104342,50000.0,SUCCESS,REF-00004342,2026-07-14,Merchant_E,Processor_A,NGN,BANK_TRANSFER,RETAIL
TXN102367,10000.0,SUCCESS,REF-00002367,2026-07-15,Merchant_A,Processor_B,NGN,MOBILE_MONEY,BUSINESS
TXN106778,250000.0,SUCCESS,REF-00006778,2026-07-19,Merchant_B,Processor_A,NGN,BANK_TRANSFER,BUSINESS
TXN108588,10000.0,SUCCESS,REF-00008588,2026-07-26,Merchant_E,Processor_C,NGN,USSD,BUSINESS
TXN107972,1500.0,SUCCESS,REF-00007972,2026-07-24,Merchant_D,Processor_C,NGN,MOBILE_MONEY,BUSINESS
TXN101969,500.0,SUCCESS,REF-00001969,2026-07-26,Merchant_D,Processor_C,NGN,USSD,BUSINESS
TXN103488,500.0,SUCCESS,REF-00003488,2026-07-20,Merchant_A,Processor_B,NGN,USSD,BUSINESS
TXN109457,100000.0,SUCCESS,REF-00009457,2026-07-31,Merchant_E,Processor_B,NGN,BANK_TRANSFER,RETAIL
TXN104883,1500.0,SUCCESS,REF-00004883,2026-07-10,Merchant_C,Processor_A,NGN,USSD,RETAIL
TXN100222,1000.0,REFUNDED,REF-00000222,2026-07-25,Merchant_E,Processor_B,NGN,USSD,BUSINESS
TXN106617,5000.0,SUCCESS,REF-00006617,2026-07-22,Merchant_D,Processor_B,NGN,CARD,RETAIL
TXN107867,5000.0,SUCCESS,REF-00007867,2026-07-13,Merchant_C,Processor_A,NGN,CARD,RETAIL
TXN102209,100000.0,SUCCESS,REF-00002209,2026-07-26,Merchant_E,Processor_B,NGN,CARD,BUSINESS
TXN108532,10000.0,SUCCESS,REF-00008532,2026-07-27,Merchant_B,Processor_C,NGN,BANK_TRANSFER,BUSINESS
TXN100839,15000.0,SUCCESS,REF-00000839,2026-07-26,Merchant_C,Processor_C,NGN,BANK_TRANSFER,BUSINESS
TXN105994,1000.0,FAILED,REF-00005994,2026-07-09,Merchant_E,Processor_B,NGN,USSD,RETAIL
TXN100290,500.0,SUCCESS,REF-00000290,2026-07-01,Merchant_E,Processor_A,NGN,USSD,BUSINESS
TXN108087,25000.0,SUCCESS,REF-00008087,2026-07-19,Merchant_C,Processor_A,NGN,BANK_TRANSFER,RETAIL
TXN101601,5000.0,SUCCESS,REF-00001601,2026-07-18,Merchant_C,Processor_C,NGN,MOBILE_MONEY,BUSINESS
TXN104408,5000.0,SUCCESS,REF-00004408,2026-07-01,Merchant_C,Processor_A,NGN,MOBILE_MONEY,BUSINESS
TXN106523,1500.0,SUCCESS,REF-00006523,2026-07-14,Merchant_B,Processor_A,NGN,MOBILE_MONEY,BUSINESS
TXN103519,2500.0,SUCCESS,REF-00003519,2026-07-25,Merchant_E,Processor_B,NGN,CARD,BUSINESS
TXN103518,1000.0,SUCCESS,REF-00003518,2026-07-08,Merchant_E,Processor_B,NGN,USSD,BUSINESS
TXN109627,100000.0,SUCCESS,REF-00009627,2026-07-02,Merchant_E,Processor_A,NGN,MOBILE_MONEY,BUSINESS
TXN106139,50000.0,SUCCESS,REF-00006139,2026-07-23,Merchant_D,Processor_C,NGN,CARD,BUSINESS
TXN103354,1500.0,SUCCESS,REF-00003354,2026-07-29,Merchant_B,Processor_B,NGN,USSD,RETAIL
TXN109546,1500.0,SUCCESS,REF-00009546,2026-07-03,Merchant_A,Processor_A,NGN,MOBILE_MONEY,BUSINESS
TXN105849,10000.0,SUCCESS,REF-00005849,2026-07-27,Merchant_E,Processor_B,NGN,MOBILE_MONEY,RETAIL
TXN102229,5000.0,SUCCESS,REF-00002229,2026-07-09,Merchant_D,Processor_B,NGN,CARD,BUSINESS
TXN100415,7500.0,SUCCESS,REF-00000415,2026-07-14,Merchant_D,Processor_A,NGN,MOBILE_MONEY,RETAIL
TXN106980,2500.0,SUCCESS,REF-00006980,2026-07-23,Merchant_A,Processor_A,NGN,USSD,RETAIL
TXN104713,25000.0,SUCCESS,REF-00004713,2026-07-29,Merchant_E,Processor_B,NGN,MOBILE_MONEY,BUSINESS
TXN104231,10000.0,SUCCESS,REF-00004231,2026-07-07,Merchant_D,Processor_C,NGN,CARD,RETAIL
TXN102513,10000.0,SUCCESS,REF-00002513,2026-07-06,Merchant_C,Processor_B,NGN,MOBILE_MONEY,BUSINESS
TXN103385,100000.0,SUCCESS,REF-00003385,2026-07-06,Merchant_C,Processor_B,NGN,CARD,BUSINESS
TXN109987,5000.0,SUCCESS,REF-00009987,2026-07-12,Merchant_D,Processor_A,NGN,BANK_TRANSFER,RETAIL
TXN109728,1500.0,SUCCESS,REF-00009728,2026-07-10,Merchant_E,Processor_B,NGN,MOBILE_MONEY,RETAIL
TXN104461,10000.0,SUCCESS,REF-00004461,2026-07-30,Merchant_D,Processor_A,NGN,USSD,RETAIL
TXN102365,1000.0,SUCCESS,REF-00002365,2026-07-29,Merchant_E,Processor_B,NGN,MOBILE_MONEY,BUSINESS
TXN107882,10000.0,SUCCESS,REF-00007882,2026-07-20,Merchant_E,Processor_B,NGN,CARD,RETAIL
TXN100980,5000.0,SUCCESS,REF-00000980,2026-07-25,Merchant_E,Processor_B,NGN,BANK_TRANSFER,BUSINESS
TXN102584,10000.0,SUCCESS,REF-00002584,2026-07-03,Merchant_C,Processor_B,NGN,USSD,RETAIL
TXN109508,5000.0,REFUNDED,REF-00009508,2026-07-05,Merchant_A,Processor_B,NGN,MOBILE_MONEY,BUSINESS
TXN109663,500.0,SUCCESS,REF-00009663,2026-07-14,Merchant_A,Processor_B,NGN,BANK_TRANSFER,BUSINESS
TXN102354,25000.0,SUCCESS,REF-00002354,2026-07-14,Merchant_C,Processor_A,NGN,CARD,BUSINESS
TXN105388,10000.0,SUCCESS,REF-00005388,2026-07-17,Merchant_E,Processor_A,NGN,USSD,RETAIL
TXN107191,10000.0,SUCCESS,REF-00007191,2026-07-01,Merchant_E,Processor_B,NGN,CARD,BUSINESS
TXN100920,50000.0,SUCCESS,REF-00000920,2026-07-18,Merchant_B,Processor_B,NGN,MOBILE_MONEY,RETAIL
TXN106866,7500.0,SUCCESS,REF-00006866,2026-07-28,Merchant_B,Processor_B,NGN,CARD,RETAIL
TXN107637,15000.0,SUCCESS,REF-00007637,2026-07-11,Merchant_B,Processor_A,NGN,BANK_TRANSFER,BUSINESS
TXN100165,50000.0,SUCCESS,REF-00000165,2026-07-23,Merchant_D,Processor_A,NGN,CARD,BUSINESS
TXN109994,1500.0,FAILED,REF-00009994,2026-07-16,Merchant_C,Processor_B,NGN,USSD,RETAIL
TXN108164,5000.0,SUCCESS,REF-00008164,2026-07-08,Merchant_D,Processor_A,NGN,BANK_TRANSFER,BUSINESS
TXN107176,250000.0,SUCCESS,REF-00007176,2026-07-17,Merchant_E,Processor_A,NGN,MOBILE_MONEY,RETAIL
TXN109076,25000.0,FAILED,REF-00009076,2026-07-30,Merchant_C,Processor_C,NGN,CARD,BUSINESS
TXN109981,15000.0,SUCCESS,REF-00009981,2026-07-04,Merchant_A,Processor_A,NGN,CARD,BUSINESS
TXN104109,10000.0,SUCCESS,REF-00004109,2026-07-21,Merchant_A,Processor_C,NGN,MOBILE_MONEY,BUSINESS
TXN103175,1500.0,SUCCESS,REF-00003175,2026-07-05,Merchant_C,Processor_C,NGN,MOBILE_MONEY,BUSINESS
TXN107893,7500.0,SUCCESS,REF-00007893,2026-07-24,Merchant_E,Processor_B,NGN,CARD,BUSINESS
TXN106363,7500.0,SUCCESS,REF-00006363,2026-07-15,Merchant_C,Processor_B,NGN,MOBILE_MONEY,BUSINESS
TXN105733,10000.0,SUCCESS,REF-00005733,2026-07-02,Merchant_B,Processor_A,NGN,BANK_TRANSFER,BUSINESS
TXN100272,50000.0,REFUNDED,REF-00000272,2026-07-12,Merchant_D,Processor_B,NGN,USSD,RETAIL
TXN104393,1000.0,SUCCESS,REF-00004393,2026-07-28,Merchant_E,Processor_B,NGN,BANK_TRANSFER,BUSINESS
TXN107143,2500.0,SUCCESS,REF-00007143,2026-07-24,Merchant_C,Processor_A,NGN,CARD,BUSINESS
TXN107751,15000.0,SUCCESS,REF-00007751,2026-07-18,Merchant_C,Processor_A,NGN,BANK_TRANSFER,RETAIL
TXN100397,7500.0,SUCCESS,REF-00000397,2026-07-30,Merchant_E,Processor_A,NGN,CARD,RETAIL
TXN101359,15000.0,SUCCESS,REF-00001359,2026-07-23,Merchant_D,Processor_B,NGN,BANK_TRANSFER,BUSINESS
TXN107960,100000.0,SUCCESS,REF-00007960,2026-07-22,Merchant_A,Processor_A,NGN,CARD,RETAIL
TXN106198,2500.0,SUCCESS,REF-00006198,2026-07-29,Merchant_C,Processor_C,NGN,MOBILE_MONEY,RETAIL
TXN100515,500.0,SUCCESS,REF-00000515,2026-07-23,Merchant_D,Processor_B,NGN,BANK_TRANSFER,RETAIL
TXN103928,15000.0,SUCCESS,REF-00003928,2026-07-05,Merchant_B,Processor_C,NGN,CARD,RETAIL
TXN102572,5000.0,SUCCESS,REF-00002572,2026-07-06,Merchant_A,Processor_A,NGN,MOBILE_MONEY,BUSINESS
TXN106727,1000.0,SUCCESS,REF-00006727,2026-07-30,Merchant_B,Processor_A,NGN,CARD,BUSINESS
TXN102325,250000.0,SUCCESS,REF-00002325,2026-07-29,Merchant_D,Processor_A,NGN,BANK_TRANSFER,BUSINESS
TXN106576,100000.0,SUCCESS,REF-00006576,2026-07-02,Merchant_D,Processor_B,NGN,BANK_TRANSFER,BUSINESS
TXN104921,25000.0,FAILED,REF-00004921,2026-07-31,Merchant_A,Processor_B,NGN,CARD,RETAIL
TXN105564,100000.0,SUCCESS,REF-00005564,2026-07-08,Merchant_A,Processor_B,NGN,MOBILE_MONEY,RETAIL
TXN101276,2500.0,SUCCESS,REF-00001276,2026-07-05,Merchant_A,Processor_B,NGN,USSD,RETAIL
TXN102415,250000.0,SUCCESS,REF-00002415,2026-07-26,Merchant_D,Processor_A,NGN,CARD,RETAIL
TXN102728,2500.0,SUCCESS,REF-00002728,2026-07-27,Merchant_D,Processor_B,NGN,CARD,BUSINESS
TXN103422,25000.0,SUCCESS,REF-00003422,2026-07-28,Merchant_C,Processor_C,NGN,USSD,BUSINESS
TXN100747,10000.0,SUCCESS,REF-00000747,2026-07-03,Merchant_C,Processor_C,NGN,CARD,BUSINESS
TXN105041,15000.0,SUCCESS,REF-00005041,2026-07-15,Merchant_B,Processor_B,NGN,BANK_TRANSFER,RETAIL
TXN109422,10000.0,SUCCESS,REF-00009422,2026-07-21,Merchant_A,Processor_B,NGN,BANK_TRANSFER,BUSINESS
TXN107524,5000.0,SUCCESS,REF-00007524,2026-07-06,Merchant_C,Processor_C,NGN,MOBILE_MONEY,RETAIL
TXN107980,2500.0,SUCCESS,REF-00007980,2026-07-03,Merchant_E,Processor_B,NGN,USSD,BUSINESS
TXN103468,50000.0,SUCCESS,REF-00003468,2026-07-19,Merchant_E,Processor_B,NGN,CARD,RETAIL
TXN101804,5000.0,REFUNDED,REF-00001804,2026-07-29,Merchant_B,Processor_C,NGN,BANK_TRANSFER,RETAIL
TXN104230,25000.0,SUCCESS,REF-00004230,2026-07-17,Merchant_E,Processor_A,NGN,CARD,RETAIL
TXN106329,1000.0,FAILED,REF-00006329,2026-07-29,Merchant_B,Processor_B,NGN,USSD,BUSINESS
TXN107376,10000.0,SUCCESS,REF-00007376,2026-07-01,Merchant_A,Processor_A,NGN,BANK_TRANSFER,BUSINESS
TXN100089,10000.0,SUCCESS,REF-00000089,2026-07-02,Merchant_C,Processor_B,NGN,USSD,RETAIL
TXN109570,7500.0,SUCCESS,REF-00009570,2026-07-14,Merchant_B,Processor_C,NGN,CARD,RETAIL
TXN102850,15000.0,SUCCESS,REF-00002850,2026-07-29,Merchant_E,Processor_A,NGN,MOBILE_MONEY,RETAIL
TXN105786,2500.0,SUCCESS,REF-00005786,2026-07-01,Merchant_D,Processor_B,NGN,CARD,RETAIL
TXN104022,15000.0,SUCCESS,REF-00004022,2026-07-17,Merchant_B,Processor_A,NGN,CARD,RETAIL
TXN106623,10000.0,FAILED,REF-00006623,2026-07-17,Merchant_C,Processor_C,NGN,USSD,RETAIL
TXN109232,100000.0,SUCCESS,REF-00009232,2026-07-15,Merchant_C,Processor_A,NGN,BANK_TRANSFER,BUSINESS
TXN101154,15000.0,SUCCESS,REF-00001154,2026-07-05,Merchant_B,Processor_B,NGN,USSD,BUSINESS
TXN105698,250000.0,SUCCESS,REF-00005698,2026-07-17,Merchant_D,Processor_A,NGN,BANK_TRANSFER,RETAIL
TXN109214,500.0,SUCCESS,REF-00009214,2026-07-07,Merchant_C,Processor_A,NGN,CARD,BUSINESS
TXN107738,15000.0,SUCCESS,REF-00007738,2026-07-05,Merchant_B,Processor_B,NGN,CARD,BUSINESS
TXN107420,2500.0,FAILED,REF-00007420,2026-07-24,Merchant_E,Processor_B,NGN,MOBILE_MONEY,BUSINESS
TXN107324,1000.0,SUCCESS,REF-00007324,2026-07-23,Merchant_B,Processor_A,NGN,MOBILE_MONEY,BUSINESS
TXN101399,25000.0,SUCCESS,REF-00001399,2026-07-28,Merchant_B,Processor_A,NGN,USSD,BUSINESS
TXN106661,7500.0,SUCCESS,REF-00006661,2026-07-27,Merchant_E,Processor_B,NGN,BANK_TRANSFER,BUSINESS
TXN101557,7500.0,SUCCESS,REF-00001557,2026-07-29,Merchant_B,Processor_A,NGN,MOBILE_MONEY,BUSINESS
TXN105712,7500.0,SUCCESS,REF-00005712,2026-07-19,Merchant_B,Processor_B,NGN,MOBILE_MONEY,RETAIL
TXN107922,1500.0,SUCCESS,REF-00007922,2026-07-02,Merchant_E,Processor_A,NGN,CARD,BUSINESS
TXN103039,10000.0,SUCCESS,REF-00003039,2026-07-04,Merchant_C,Processor_B,NGN,CARD,RETAIL
TXN109285,25000.0,SUCCESS,REF-00009285,2026-07-22,Merchant_E,Processor_A,NGN,USSD,BUSINESS
TXN101059,15000.0,SUCCESS,REF-00001059,2026-07-12,Merchant_D,Processor_A,NGN,USSD,BUSINESS
TXN109297,50000.0,SUCCESS,REF-00009297,2026-07-20,Merchant_E,Processor_B,NGN,BANK_TRANSFER,RETAIL
TXN108659,100000.0,REFUNDED,REF-00008659,2026-07-11,Merchant_D,Processor_B,NGN,MOBILE_MONEY,RETAIL
TXN104313,100000.0,SUCCESS,REF-00004313,2026-07-09,Merchant_E,Processor_B,NGN,CARD,BUSINESS
TXN106186,25000.0,SUCCESS,REF-00006186,2026-07-05,Merchant_A,Processor_A,NGN,BANK_TRANSFER,BUSINESS
TXN100092,25000.0,SUCCESS,REF-00000092,2026-07-22,Merchant_E,Processor_B,NGN,MOBILE_MONEY,RETAIL
TXN106731,2500.0,SUCCESS,REF-00006731,2026-07-24,Merchant_D,Processor_C,NGN,BANK_TRANSFER,BUSINESS
TXN105401,250000.0,SUCCESS,REF-00005401,2026-07-03,Merchant_C,Processor_C,NGN,BANK_TRANSFER,BUSINESS
TXN101790,1500.0,SUCCESS,REF-00001790,2026-07-09,Merchant_A,Processor_A,NGN,USSD,BUSINESS
TXN100502,5000.0,SUCCESS,REF-00000502,2026-07-10,Merchant_E,Processor_C,NGN,MOBILE_MONEY,RETAIL
TXN109654,10000.0,SUCCESS,REF-00009654,2026-07-08,Merchant_B,Processor_C,NGN,BANK_TRANSFER,BUSINESS
TXN102263,7500.0,SUCCESS,REF-00002263,2026-07-12,Merchant_C,Processor_B,NGN,BANK_TRANSFER,BUSINESS
TXN108057,2500.0,SUCCESS,REF-00008057,2026-07-12,Merchant_C,Processor_B,NGN,BANK_TRANSFER,RETAIL
TXN109577,25000.0,SUCCESS,REF-00009577,2026-07-30,Merchant_A,Processor_C,NGN,USSD,BUSINESS
TXN108723,5000.0,SUCCESS,REF-00008723,2026-07-14,Merchant_E,Processor_B,NGN,USSD,BUSINESS
TXN105756,15000.0,SUCCESS,REF-00005756,2026-07-26,Merchant_B,Processor_B,NGN,CARD,BUSINESS
TXN103102,100000.0,SUCCESS,REF-00003102,2026-07-08,Merchant_C,Processor_B,NGN,USSD,BUSINESS
TXN100053,100000.0,SUCCESS,REF-00000053,2026-07-20,Merchant_D,Processor_B,NGN,USSD,BUSINESS
TXN104968,250000.0,SUCCESS,REF-00004968,2026-07-31,Merchant_B,Processor_B,NGN,MOBILE_MONEY,RETAIL
TXN105301,500.0,SUCCESS,REF-00005301,2026-07-18,Merchant_B,Processor_C,NGN,MOBILE_MONEY,RETAIL
TXN100814,50000.0,SUCCESS,REF-00000814,2026-07-26,Merchant_D,Processor_A,NGN,BANK_TRANSFER,RETAIL
TXN103164,1000.0,SUCCESS,REF-00003164,2026-07-08,Merchant_C,Processor_C,NGN,CARD,RETAIL
TXN107770,10000.0,SUCCESS,REF-00007770,2026-07-04,Merchant_A,Processor_B,NGN,USSD,BUSINESS
TXN100700,10000.0,SUCCESS,REF-00000700,2026-07-08,Merchant_C,Processor_B,NGN,MOBILE_MONEY,BUSINESS
TXN100011,250000.0,SUCCESS,REF-00000011,2026-07-23,Merchant_A,Processor_B,NGN,CARD,BUSINESS
TXN101504,5000.0,SUCCESS,REF-00001504,2026-07-27,Merchant_E,Processor_C,NGN,MOBILE_MONEY,BUSINESS
TXN101337,15000.0,SUCCESS,REF-00001337,2026-07-20,Merchant_C,Processor_C,NGN,BANK_TRANSFER,BUSINESS
TXN108477,15000.0,SUCCESS,REF-00008477,2026-07-13,Merchant_C,Processor_A,NGN,USSD,RETAIL
TXN103418,2500.0,SUCCESS,REF-00003418,2026-07-04,Merchant_B,Processor_B,NGN,BANK_TRANSFER,BUSINESS
TXN102881,50000.0,SUCCESS,REF-00002881,2026-07-29,Merchant_C,Processor_B,NGN,BANK_TRANSFER,BUSINESS
TXN104243,7500.0,SUCCESS,REF-00004243,2026-07-23,Merchant_D,Processor_B,NGN,MOBILE_MONEY,BUSINESS
TXN100493,1500.0,SUCCESS,REF-00000493,2026-07-14,Merchant_D,Processor_A,NGN,CARD,RETAIL
TXN106605,1000.0,SUCCESS,REF-00006605,2026-07-11,Merchant_A,Processor_A,NGN,USSD,BUSINESS
TXN104820,5000.0,SUCCESS,REF-00004820,2026-07-31,Merchant_D,Processor_C,NGN,CARD,RETAIL
TXN107057,2500.0,FAILED,REF-00007057,2026-07-07,Merchant_C,Processor_B,NGN,BANK_TRANSFER,RETAIL
TXN102828,7500.0,SUCCESS,REF-00002828,2026-07-09,Merchant_E,Processor_C,NGN,USSD,BUSINESS
TXN106416,5000.0,REFUNDED,REF-00006416,2026-07-11,Merchant_C,Processor_A,NGN,BANK_TRANSFER,BUSINESS
TXN105092,50000.0,SUCCESS,REF-00005092,2026-07-28,Merchant_C,Processor_C,NGN,MOBILE_MONEY,RETAIL
TXN102809,25000.0,SUCCESS,REF-00002809,2026-07-08,Merchant_B,Processor_B,NGN,CARD,RETAIL
TXN101759,10000.0,SUCCESS,REF-00001759,2026-07-03,Merchant_E,Processor_C,NGN,CARD,BUSINESS
TXN103237,250000.0,SUCCESS,REF-00003237,2026-07-13,Merchant_E,Processor_A,NGN,BANK_TRANSFER,BUSINESS
TXN105502,2500.0,SUCCESS,REF-00005502,2026-07-20,Merchant_C,Processor_C,NGN,CARD,RETAIL
TXN104248,10000.0,SUCCESS,REF-00004248,2026-07-14,Merchant_C,Processor_C,NGN,CARD,RETAIL
TXN100231,10000.0,SUCCESS,REF-00000231,2026-07-30,Merchant_B,Processor_C,NGN,BANK_TRANSFER,BUSINESS
TXN105335,100000.0,SUCCESS,REF-00005335,2026-07-06,Merchant_D,Processor_A,NGN,USSD,BUSINESS
TXN103381,7500.0,SUCCESS,REF-00003381,2026-07-30,Merchant_E,Processor_A,NGN,MOBILE_MONEY,RETAIL
TXN108099,10000.0,SUCCESS,REF-00008099,2026-07-09,Merchant_A,Processor_B,NGN,USSD,RETAIL
TXN105568,50000.0,SUCCESS,REF-00005568,2026-07-04,Merchant_A,Processor_B,NGN,USSD,RETAIL
TXN101126,1000.0,SUCCESS,REF-00001126,2026-07-16,Merchant_C,Processor_C,NGN,MOBILE_MONEY,RETAIL
TXN101735,100000.0,SUCCESS,REF-00001735,2026-07-18,Merchant_E,Processor_A,NGN,BANK_TRANSFER,BUSINESS
TXN101592,1500.0,SUCCESS,REF-00001592,2026-07-03,Merchant_E,Processor_B,NGN,BANK_TRANSFER,BUSINESS
TXN108036,5000.0,SUCCESS,REF-00008036,2026-07-27,Merchant_E,Processor_C,NGN,MOBILE_MONEY,BUSINESS
TXN105965,100000.0,SUCCESS,REF-00005965,2026-07-10,Merchant_E,Processor_A,NGN,CARD,RETAIL
TXN101648,25000.0,SUCCESS,REF-00001648,2026-07-19,Merchant_E,Processor_B,NGN,USSD,BUSINESS
TXN101303,10000.0,SUCCESS,REF-00001303,2026-07-24,Merchant_D,Processor_A,NGN,CARD,BUSINESS
TXN103809,1000.0,SUCCESS,REF-00003809,2026-07-13,Merchant_D,Processor_A,NGN,BANK_TRANSFER,RETAIL
TXN109968,25000.0,SUCCESS,REF-00009968,2026-07-14,Merchant_D,Processor_B,NGN,USSD,RETAIL
TXN108511,15000.0,SUCCESS,REF-00008511,2026-07-26,Merchant_D,Processor_A,NGN,BANK_TRANSFER,RETAIL
TXN107537,5000.0,SUCCESS,REF-00007537,2026-07-05,Merchant_A,Processor_A,NGN,MOBILE_MONEY,RETAIL
TXN106764,50000.0,SUCCESS,REF-00006764,2026-07-07,Merchant_B,Processor_C,NGN,MOBILE_MONEY,RETAIL
TXN104516,10000.0,SUCCESS,REF-00004516,2026-07-15,Merchant_B,Processor_B,NGN,CARD,BUSINESS
TXN109779,15000.0,SUCCESS,REF-00009779,2026-07-29,Merchant_C,Processor_B,NGN,CARD,RETAIL
TXN108362,2500.0,SUCCESS,REF-00008362,2026-07-05,Merchant_E,Processor_A,NGN,BANK_TRANSFER,BUSINESS
TXN100673,10000.0,SUCCESS,REF-00000673,2026-07-05,Merchant_D,Processor_B,NGN,BANK_TRANSFER,BUSINESS
TXN102342,1000.0,SUCCESS,REF-00002342,2026-07-03,Merchant_E,Processor_B,NGN,MOBILE_MONEY,RETAIL
TXN107650,1000.0,SUCCESS,REF-00007650,2026-07-10,Merchant_C,Processor_A,NGN,USSD,BUSINESS
TXN103330,15000.0,SUCCESS,REF-00003330,2026-07-23,Merchant_B,Processor_B,NGN,MOBILE_MONEY,RETAIL
TXN107553,7500.0,SUCCESS,REF-00007553,2026-07-26,Merchant_C,Processor_C,NGN,BANK_TRANSFER,BUSINESS
TXN106992,2500.0,SUCCESS,REF-00006992,2026-07-27,Merchant_B,Processor_A,NGN,MOBILE_MONEY,BUSINESS
TXN105603,15000.0,SUCCESS,REF-00005603,2026-07-29,Merchant_D,Processor_C,NGN,CARD,BUSINESS
TXN107027,250000.0,SUCCESS,REF-00007027,2026-07-17,Merchant_A,Processor_B,NGN,CARD,RETAIL
TXN100317,1500.0,SUCCESS,REF-00000317,2026-07-16,Merchant_C,Processor_A,NGN,BANK_TRANSFER,BUSINESS
TXN104061,2500.0,REFUNDED,REF-00004061,2026-07-15,Merchant_A,Processor_B,NGN,MOBILE_MONEY,BUSINESS
TXN108272,1000.0,SUCCESS,REF-00008272,2026-07-12,Merchant_A,Processor_B,NGN,BANK_TRANSFER,BUSINESS
TXN108196,15000.0,SUCCESS,REF-00008196,2026-07-25,Merchant_B,Processor_B,NGN,USSD,BUSINESS
TXN108070,7500.0,SUCCESS,REF-00008070,2026-07-20,Merchant_C,Processor_B,NGN,CARD,BUSINESS
TXN107900,10000.0,SUCCESS,REF-00007900,2026-07-16,Merchant_C,Processor_B,NGN,MOBILE_MONEY,RETAIL
TXN106790,50000.0,SUCCESS,REF-00006790,2026-07-21,Merchant_D,Processor_B,NGN,CARD,RETAIL
TXN106892,100000.0,SUCCESS,REF-00006892,2026-07-02,Merchant_D,Processor_B,NGN,MOBILE_MONEY,BUSINESS
TXN102613,25000.0,SUCCESS,REF-00002613,2026-07-04,Merchant_A,Processor_B,NGN,CARD,BUSINESS
TXN105260,2500.0,SUCCESS,REF-00005260,2026-07-21,Merchant_B,Processor_A,NGN,BANK_TRANSFER,BUSINESS
TXN100157,25000.0,SUCCESS,REF-00000157,2026-07-07,Merchant_D,Processor_C,NGN,CARD,BUSINESS
TXN103074,15000.0,REFUNDED,REF-00003074,2026-07-18,Merchant_A,Processor_C,NGN,MOBILE_MONEY,BUSINESS
TXN101947,1500.0,SUCCESS,REF-00001947,2026-07-16,Merchant_C,Processor_C,NGN,BANK_TRANSFER,RETAIL
TXN106203,15000.0,REFUNDED,REF-00006203,2026-07-03,Merchant_D,Processor_C,NGN,MOBILE_MONEY,BUSINESS
TXN104535,10000.0,SUCCESS,REF-00004535,2026-07-12,Merchant_E,Processor_C,NGN,USSD,RETAIL
TXN107542,15000.0,SUCCESS,REF-00007542,2026-07-29,Merchant_B,Processor_A,NGN,MOBILE_MONEY,RETAIL
TXN103877,100000.0,SUCCESS,REF-00003877,2026-07-16,Merchant_D,Processor_C,NGN,MOBILE_MONEY,RETAIL
TXN109409,10000.0,SUCCESS,REF-00009409,2026-07-09,Merchant_A,Processor_C,NGN,BANK_TRANSFER,BUSINESS
TXN102761,500.0,SUCCESS,REF-00002761,2026-07-02,Merchant_C,Processor_A,NGN,MOBILE_MONEY,RETAIL
TXN106288,250000.0,SUCCESS,REF-00006288,2026-07-10,Merchant_E,Processor_C,NGN,USSD,BUSINESS
TXN108721,25000.0,SUCCESS,REF-00008721,2026-07-13,Merchant_D,Processor_B,NGN,USSD,RETAIL
TXN103212,1500.0,SUCCESS,REF-00003212,2026-07-11,Merchant_B,Processor_A,NGN,BANK_TRANSFER,BUSINESS
TXN104598,7500.0,SUCCESS,REF-00004598,2026-07-18,Merchant_E,Processor_C,NGN,USSD,RETAIL
TXN104459,10000.0,SUCCESS,REF-00004459,2026-07-11,Merchant_B,Processor_C,NGN,BANK_TRANSFER,RETAIL
TXN104281,25000.0,SUCCESS,REF-00004281,2026-07-20,Merchant_D,Processor_C,NGN,CARD,BUSINESS
TXN108434,250000.0,SUCCESS,REF-00008434,2026-07-23,Merchant_E,Processor_C,NGN,MOBILE_MONEY,BUSINESS
TXN105448,10000.0,SUCCESS,REF-00005448,2026-07-17,Merchant_A,Processor_C,NGN,MOBILE_MONEY,RETAIL
TXN101025,10000.0,SUCCESS,REF-00001025,2026-07-23,Merchant_B,Processor_B,NGN,MOBILE_MONEY,BUSINESS
TXN109884,1000.0,SUCCESS,REF-00009884,2026-07-10,Merchant_C,Processor_A,NGN,MOBILE_MONEY,RETAIL
TXN104123,100000.0,SUCCESS,REF-00004123,2026-07-25,Merchant_C,Processor_A,NGN,BANK_TRANSFER,RETAIL
TXN101604,1000.0,SUCCESS,REF-00001604,2026-07-27,Merchant_E,Processor_C,NGN,MOBILE_MONEY,BUSINESS
TXN100159,25000.0,SUCCESS,REF-00000159,2026-07-08,Merchant_E,Processor_C,NGN,USSD,BUSINESS
TXN109793,2500.0,SUCCESS,REF-00009793,2026-07-07,Merchant_E,Processor_C,NGN,USSD,BUSINESS
TXN101112,2500.0,SUCCESS,REF-00001112,2026-07-10,Merchant_E,Processor_B,NGN,CARD,BUSINESS
TXN103127,1000.0,SUCCESS,REF-00003127,2026-07-03,Merchant_D,Processor_B,NGN,BANK_TRANSFER,RETAIL
TXN103071,15000.0,SUCCESS,REF-00003071,2026-07-03,Merchant_E,Processor_A,NGN,CARD,RETAIL
TXN104476,7500.0,FAILED,REF-00004476,2026-07-07,Merchant_A,Processor_C,NGN,MOBILE_MONEY,RETAIL
TXN106612,2500.0,SUCCESS,REF-00006612,2026-07-31,Merchant_A,Processor_C,NGN,USSD,BUSINESS
TXN109374,1000.0,SUCCESS,REF-00009374,2026-07-13,Merchant_E,Processor_C,NGN,BANK_TRANSFER,RETAIL
TXN109976,10000.0,SUCCESS,REF-00009976,2026-07-28,Merchant_D,Processor_C,NGN,USSD,BUSINESS
TXN104430,15000.0,REFUNDED,REF-00004430,2026-07-17,Merchant_D,Processor_B,NGN,BANK_TRANSFER,RETAIL
TXN102231,1000.0,REFUNDED,REF-00002231,2026-07-11,Merchant_B,Processor_C,NGN,CARD,BUSINESS
TXN106107,1000.0,SUCCESS,REF-00006107,2026-07-11,Merchant_C,Processor_B,NGN,MOBILE_MONEY,RETAIL
TXN104965,2500.0,SUCCESS,REF-00004965,2026-07-13,Merchant_B,Processor_A,NGN,CARD,BUSINESS
TXN104946,15000.0,SUCCESS,REF-00004946,2026-07-13,Merchant_A,Processor_B,NGN,MOBILE_MONEY,BUSINESS
TXN106788,50000.0,SUCCESS,REF-00006788,2026-07-15,Merchant_A,Processor_A,NGN,USSD,RETAIL
TXN108073,15000.0,SUCCESS,REF-00008073,2026-07-01,Merchant_C,Processor_C,NGN,CARD,BUSINESS
TXN104531,2500.0,REFUNDED,REF-00004531,2026-07-08,Merchant_E,Processor_A,NGN,CARD,BUSINESS
TXN101954,250000.0,SUCCESS,REF-00001954,2026-07-15,Merchant_C,Processor_B,NGN,USSD,RETAIL
TXN109167,1500.0,SUCCESS,REF-00009167,2026-07-27,Merchant_D,Processor_B,NGN,USSD,RETAIL
TXN101271,50000.0,SUCCESS,REF-00001271,2026-07-27,Merchant_D,Processor_A,NGN,USSD,BUSINESS
TXN109412,25000.0,SUCCESS,REF-00009412,2026-07-14,Merchant_C,Processor_A,NGN,BANK_TRANSFER,RETAIL
TXN103123,7500.0,SUCCESS,REF-00003123,2026-07-22,Merchant_B,Processor_A,NGN,USSD,RETAIL
TXN106324,1000.0,FAILED,REF-00006324,2026-07-30,Merchant_B,Processor_C,NGN,BANK_TRANSFER,BUSINESS
TXN100478,250000.0,SUCCESS,REF-00000478,2026-07-20,Merchant_B,Processor_C,NGN,USSD,RETAIL
TXN100789,100000.0,SUCCESS,REF-00000789,2026-07-19,Merchant_E,Processor_C,NGN,BANK_TRANSFER,RETAIL
TXN100294,1500.0,SUCCESS,REF-00000294,2026-07-02,Merchant_A,Processor_B,NGN,USSD,RETAIL
TXN100891,50000.0,SUCCESS,REF-00000891,2026-07-30,Merchant_D,Processor_A,NGN,BANK_TRANSFER,RETAIL
TXN102703,500.0,SUCCESS,REF-00002703,2026-07-08,Merchant_B,Processor_B,NGN,MOBILE_MONEY,BUSINESS
TXN102498,250000.0,SUCCESS,REF-00002498,2026-07-26,Merchant_B,Processor_C,NGN,MOBILE_MONEY,RETAIL
TXN104787,100000.0,SUCCESS,REF-00004787,2026-07-31,Merchant_E,Processor_A,NGN,CARD,BUSINESS
TXN106620,1000.0,SUCCESS,REF-00006620,2026-07-14,Merchant_E,Processor_B,NGN,USSD,RETAIL
TXN109712,2500.0,SUCCESS,REF-00009712,2026-07-10,Merchant_C,Processor_B,NGN,USSD,RETAIL
TXN100043,100000.0,SUCCESS,REF-00000043,2026-07-28,Merchant_D,Processor_B,NGN,BANK_TRANSFER,BUSINESS
TXN106345,1000.0,SUCCESS,REF-00006345,2026-07-29,Merchant_B,Processor_C,NGN,CARD,RETAIL
TXN109959,2500.0,SUCCESS,REF-00009959,2026-07-05,Merchant_B,Processor_A,NGN,MOBILE_MONEY,RETAIL
TXN105283,100000.0,SUCCESS,REF-00005283,2026-07-29,Merchant_C,Processor_C,NGN,CARD,BUSINESS
TXN108753,1500.0,SUCCESS,REF-00008753,2026-07-29,Merchant_A,Processor_C,NGN,BANK_TRANSFER,RETAIL
TXN108386,250000.0,SUCCESS,REF-00008386,2026-07-03,Merchant_D,Processor_C,NGN,USSD,RETAIL
TXN101310,1000.0,SUCCESS,REF-00001310,2026-07-04,Merchant_E,Processor_C,NGN,CARD,BUSINESS
TXN107051,10000.0,SUCCESS,REF-00007051,2026-07-02,Merchant_B,Processor_B,NGN,USSD,RETAIL
TXN104354,10000.0,SUCCESS,REF-00004354,2026-07-21,Merchant_D,Processor_A,NGN,MOBILE_MONEY,RETAIL
TXN109044,7500.0,SUCCESS,REF-00009044,2026-07-20,Merchant_A,Processor_A,NGN,BANK_TRANSFER,RETAIL
TXN106083,2500.0,REFUNDED,REF-00006083,2026-07-19,Merchant_A,Processor_B,NGN,USSD,BUSINESS
TXN106529,50000.0,REFUNDED,REF-00006529,2026-07-10,Merchant_E,Processor_B,NGN,CARD,RETAIL
TXN103848,25000.0,SUCCESS,REF-00003848,2026-07-04,Merchant_C,Processor_A,NGN,BANK_TRANSFER,BUSINESS
TXN109675,10000.0,SUCCESS,REF-00009675,2026-07-19,Merchant_E,Processor_C,NGN,MOBILE_MONEY,BUSINESS
TXN101480,50000.0,SUCCESS,REF-00001480,2026-07-05,Merchant_E,Processor_C,NGN,CARD,BUSINESS
TXN101771,25000.0,SUCCESS,REF-00001771,2026-07-12,Merchant_E,Processor_A,NGN,USSD,BUSINESS
TXN100778,25000.0,SUCCESS,REF-00000778,2026-07-12,Merchant_E,Processor_C,NGN,USSD,BUSINESS
TXN109700,25000.0,SUCCESS,REF-00009700,2026-07-03,Merchant_B,Processor_A,NGN,BANK_TRANSFER,RETAIL
TXN108870,100000.0,SUCCESS,REF-00008870,2026-07-31,Merchant_A,Processor_B,NGN,MOBILE_MONEY,BUSINESS
TXN105734,15000.0,SUCCESS,REF-00005734,2026-07-27,Merchant_C,Processor_B,NGN,CARD,BUSINESS
TXN100102,5000.0,REFUNDED,REF-00000102,2026-07-10,Merchant_D,Processor_A,NGN,MOBILE_MONEY,RETAIL
TXN107060,100000.0,SUCCESS,REF-00007060,2026-07-29,Merchant_D,Processor_C,NGN,CARD,RETAIL
TXN104910,100000.0,SUCCESS,REF-00004910,2026-07-25,Merchant_E,Processor_C,NGN,CARD,BUSINESS
TXN109291,10000.0,REFUNDED,REF-00009291,2026-07-12,Merchant_C,Processor_C,NGN,BANK_TRANSFER,BUSINESS
TXN103277,10000.0,SUCCESS,REF-00003277,2026-07-29,Merchant_A,Processor_C,NGN,USSD,BUSINESS
TXN106567,10000.0,SUCCESS,REF-00006567,2026-07-24,Merchant_A,Processor_B,NGN,USSD,RETAIL
TXN103512,250000.0,SUCCESS,REF-00003512,2026-07-15,Merchant_C,Processor_A,NGN,USSD,RETAIL
TXN101262,5000.0,SUCCESS,REF-00001262,2026-07-12,Merchant_B,Processor_B,NGN,MOBILE_MONEY,BUSINESS
TXN108589,15000.0,SUCCESS,REF-00008589,2026-07-14,Merchant_A,Processor_B,NGN,CARD,BUSINESS
TXN101643,15000.0,SUCCESS,REF-00001643,2026-07-07,Merchant_E,Processor_A,NGN,BANK_TRANSFER,RETAIL
TXN108401,100000.0,SUCCESS,REF-00008401,2026-07-27,Merchant_E,Processor_C,NGN,MOBILE_MONEY,BUSINESS
TXN100196,25000.0,SUCCESS,REF-00000196,2026-07-19,Merchant_B,Processor_B,NGN,CARD,RETAIL
TXN100887,2500.0,SUCCESS,REF-00000887,2026-07-01,Merchant_B,Processor_B,NGN,BANK_TRANSFER,BUSINESS
TXN105621,100000.0,SUCCESS,REF-00005621,2026-07-21,Merchant_E,Processor_A,NGN,CARD,BUSINESS
TXN105713,100000.0,SUCCESS,REF-00005713,2026-07-04,Merchant_D,Processor_A,NGN,BANK_TRANSFER,BUSINESS
TXN107177,25000.0,SUCCESS,REF-00007177,2026-07-09,Merchant_C,Processor_A,NGN,MOBILE_MONEY,RETAIL
TXN102064,1000.0,FAILED,REF-00002064,2026-07-17,Merchant_C,Processor_B,NGN,CARD,RETAIL
TXN100662,15000.0,FAILED,REF-00000662,2026-07-05,Merchant_C,Processor_B,NGN,CARD,BUSINESS
TXN106665,25000.0,SUCCESS,REF-00006665,2026-07-12,Merchant_C,Processor_C,NGN,MOBILE_MONEY,BUSINESS
TXN102278,15000.0,SUCCESS,REF-00002278,2026-07-03,Merchant_B,Processor_A,NGN,BANK_TRANSFER,RETAIL
TXN103439,100000.0,SUCCESS,REF-00003439,2026-07-09,Merchant_E,Processor_C,NGN,USSD,BUSINESS
TXN102114,15000.0,REFUNDED,REF-00002114,2026-07-22,Merchant_C,Processor_C,NGN,USSD,BUSINESS
TXN105928,15000.0,SUCCESS,REF-00005928,2026-07-06,Merchant_A,Processor_C,NGN,BANK_TRANSFER,RETAIL
TXN101855,2500.0,SUCCESS,REF-00001855,2026-07-19,Merchant_D,Processor_C,NGN,BANK_TRANSFER,BUSINESS
TXN103077,1000.0,SUCCESS,REF-00003077,2026-07-22,Merchant_A,Processor_A,NGN,USSD,BUSINESS
TXN102773,7500.0,SUCCESS,REF-00002773,2026-07-12,Merchant_D,Processor_A,NGN,CARD,RETAIL
TXN100802,10000.0,SUCCESS,REF-00000802,2026-07-21,Merchant_A,Processor_B,NGN,MOBILE_MONEY,RETAIL
TXN103022,15000.0,REFUNDED,REF-00003022,2026-07-24,Merchant_C,Processor_A,NGN,USSD,BUSINESS
TXN103361,5000.0,SUCCESS,REF-00003361,2026-07-31,Merchant_C,Processor_B,NGN,BANK_TRANSFER,RETAIL
TXN107615,7500.0,SUCCESS,REF-00007615,2026-07-24,Merchant_A,Processor_B,NGN,CARD,RETAIL
TXN108825,5000.0,SUCCESS,REF-00008825,2026-07-10,Merchant_E,Processor_A,NGN,BANK_TRANSFER,RETAIL
TXN108681,50000.0,SUCCESS,REF-00008681,2026-07-10,Merchant_C,Processor_A,NGN,USSD,RETAIL
TXN103507,7500.0,SUCCESS,REF-00003507,2026-07-30,Merchant_A,Processor_B,NGN,MOBILE_MONEY,RETAIL
TXN104593,5000.0,SUCCESS,REF-00004593,2026-07-06,Merchant_C,Processor_C,NGN,MOBILE_MONEY,BUSINESS
TXN100605,7500.0,SUCCESS,REF-00000605,2026-07-01,Merchant_B,Processor_C,NGN,CARD,BUSINESS
TXN104400,1500.0,SUCCESS,REF-00004400,2026-07-22,Merchant_C,Processor_B,NGN,MOBILE_MONEY,RETAIL
TXN102640,5000.0,SUCCESS,REF-00002640,2026-07-08,Merchant_E,Processor_C,NGN,USSD,RETAIL
TXN100551,50000.0,SUCCESS,REF-00000551,2026-07-26,Merchant_E,Processor_C,NGN,USSD,BUSINESS
TXN101180,250000.0,SUCCESS,REF-00001180,2026-07-15,Merchant_A,Processor_C,NGN,USSD,BUSINESS
TXN107802,250000.0,SUCCESS,REF-00007802,2026-07-31,Merchant_C,Processor_A,NGN,CARD,BUSINESS
TXN107556,1500.0,SUCCESS,REF-00007556,2026-07-10,Merchant_B,Processor_C,NGN,USSD,RETAIL
TXN106526,500.0,SUCCESS,REF-00006526,2026-07-04,Merchant_A,Processor_B,NGN,MOBILE_MONEY,BUSINESS
TXN101372,50000.0,SUCCESS,REF-00001372,2026-07-09,Merchant_B,Processor_B,NGN,CARD,BUSINESS
TXN101030,500.0,SUCCESS,REF-00001030,2026-07-10,Merchant_D,Processor_C,NGN,USSD,RETAIL
TXN103696,250000.0,FAILED,REF-00003696,2026-07-05,Merchant_A,Processor_A,NGN,USSD,RETAIL
TXN101923,5000.0,REFUNDED,REF-00001923,2026-07-05,Merchant_E,Processor_B,NGN,BANK_TRANSFER,BUSINESS
TXN105190,5000.0,REFUNDED,REF-00005190,2026-07-21,Merchant_C,Processor_C,NGN,USSD,RETAIL
TXN109689,50000.0,SUCCESS,REF-00009689,2026-07-05,Merchant_B,Processor_A,NGN,CARD,RETAIL
TXN103906,10000.0,FAILED,REF-00003906,2026-07-24,Merchant_B,Processor_C,NGN,BANK_TRANSFER,RETAIL
TXN103193,5000.0,SUCCESS,REF-00003193,2026-07-12,Merchant_C,Processor_B,NGN,CARD,BUSINESS
TXN105716,1500.0,SUCCESS,REF-00005716,2026-07-31,Merchant_C,Processor_C,NGN,USSD,BUSINESS
TXN108866,7500.0,SUCCESS,REF-00008866,2026-07-26,Merchant_A,Processor_B,NGN,MOBILE_MONEY,BUSINESS
TXN103823,5000.0,SUCCESS,REF-00003823,2026-07-10,Merchant_E,Processor_C,NGN,BANK_TRANSFER,BUSINESS
TXN102241,500.0,SUCCESS,REF-00002241,2026-07-07,Merchant_B,Processor_B,NGN,BANK_TRANSFER,BUSINESS
TXN107717,100000.0,SUCCESS,REF-00007717,2026-07-23,Merchant_D,Processor_C,NGN,BANK_TRANSFER,BUSINESS
TXN103447,25000.0,SUCCESS,REF-00003447,2026-07-10,Merchant_E,Processor_B,NGN,CARD,RETAIL
TXN100440,1000.0,SUCCESS,REF-00000440,2026-07-27,Merchant_D,Processor_B,NGN,BANK_TRANSFER,BUSINESS
TXN108901,100000.0,SUCCESS,REF-00008901,2026-07-30,Merchant_A,Processor_B,NGN,MOBILE_MONEY,BUSINESS
TXN102581,100000.0,FAILED,REF-00002581,2026-07-28,Merchant_E,Processor_B,NGN,MOBILE_MONEY,BUSINESS
TXN108090,50000.0,REFUNDED,REF-00008090,2026-07-28,Merchant_E,Processor_B,NGN,BANK_TRANSFER,RETAIL
TXN101252,1000.0,FAILED,REF-00001252,2026-07-18,Merchant_A,Processor_A,NGN,CARD,RETAIL
TXN104368,1500.0,REFUNDED,REF-00004368,2026-07-15,Merchant_C,Processor_A,NGN,CARD,BUSINESS
TXN102569,100000.0,SUCCESS,REF-00002569,2026-07-19,Merchant_D,Processor_C,NGN,CARD,RETAIL
TXN106839,250000.0,SUCCESS,REF-00006839,2026-07-24,Merchant_B,Processor_B,NGN,USSD,RETAIL
TXN106137,100000.0,SUCCESS,REF-00006137,2026-07-15,Merchant_B,Processor_B,NGN,CARD,BUSINESS
TXN104006,5000.0,SUCCESS,REF-00004006,2026-07-15,Merchant_E,Processor_A,NGN,CARD,RETAIL
TXN108829,2500.0,SUCCESS,REF-00008829,2026-07-08,Merchant_E,Processor_C,NGN,BANK_TRANSFER,RETAIL
TXN103771,100000.0,SUCCESS,REF-00003771,2026-07-18,Merchant_C,Processor_A,NGN,USSD,BUSINESS
TXN107210,7500.0,SUCCESS,REF-00007210,2026-07-24,Merchant_D,Processor_A,NGN,BANK_TRANSFER,RETAIL
TXN109003,7500.0,SUCCESS,REF-00009003,2026-07-01,Merchant_B,Processor_B,NGN,CARD,RETAIL
TXN108013,2500.0,SUCCESS,REF-00008013,2026-07-05,Merchant_D,Processor_C,NGN,CARD,BUSINESS
TXN100932,250000.0,SUCCESS,REF-00000932,2026-07-16,Merchant_B,Processor_A,NGN,BANK_TRANSFER,BUSINESS
TXN107133,1500.0,SUCCESS,REF-00007133,2026-07-05,Merchant_B,Processor_A,NGN,USSD,RETAIL
TXN105367,5000.0,SUCCESS,REF-00005367,2026-07-06,Merchant_C,Processor_C,NGN,USSD,RETAIL
TXN109486,500.0,REFUNDED,REF-00009486,2026-07-17,Merchant_E,Processor_C,NGN,BANK_TRANSFER,BUSINESS
TXN108663,10000.0,SUCCESS,REF-00008663,2026-07-11,Merchant_C,Processor_C,NGN,CARD,RETAIL
TXN108323,7500.0,SUCCESS,REF-00008323,2026-07-30,Merchant_A,Processor_B,NGN,USSD,RETAIL
TXN106209,1000.0,SUCCESS,REF-00006209,2026-07-10,Merchant_E,Processor_C,NGN,USSD,RETAIL
TXN105204,250000.0,SUCCESS,REF-00005204,2026-07-14,Merchant_C,Processor_A,NGN,MOBILE_MONEY,RETAIL
TXN105726,2500.0,SUCCESS,REF-00005726,2026-07-23,Merchant_E,Processor_A,NGN,BANK_TRANSFER,BUSINESS
TXN105659,15000.0,SUCCESS,REF-00005659,2026-07-30,Merchant_E,Processor_A,NGN,USSD,BUSINESS
TXN101999,5000.0,SUCCESS,REF-00001999,2026-07-28,Merchant_A,Processor_B,NGN,MOBILE_MONEY,BUSINESS
TXN106076,5000.0,SUCCESS,REF-00006076,2026-07-06,Merchant_B,Processor_C,NGN,MOBILE_MONEY,RETAIL
TXN101553,100000.0,SUCCESS,REF-00001553,2026-07-26,Merchant_E,Processor_B,NGN,MOBILE_MONEY,RETAIL
TXN100851,25000.0,SUCCESS,REF-00000851,2026-07-20,Merchant_D,Processor_C,NGN,CARD,BUSINESS
TXN102319,7500.0,REFUNDED,REF-00002319,2026-07-27,Merchant_C,Processor_A,NGN,BANK_TRANSFER,RETAIL
TXN101366,25000.0,SUCCESS,REF-00001366,2026-07-20,Merchant_D,Processor_C,NGN,USSD,BUSINESS
TXN108289,10000.0,SUCCESS,REF-00008289,2026-07-03,Merchant_D,Processor_B,NGN,MOBILE_MONEY,BUSINESS
TXN101362,15000.0,SUCCESS,REF-00001362,2026-07-02,Merchant_A,Processor_A,NGN,CARD,RETAIL
TXN103030,2500.0,SUCCESS,REF-00003030,2026-07-24,Merchant_D,Processor_C,NGN,CARD,RETAIL
TXN106918,15000.0,REFUNDED,REF-00006918,2026-07-18,Merchant_A,Processor_A,NGN,BANK_TRANSFER,BUSINESS
TXN100256,100000.0,SUCCESS,REF-00000256,2026-07-01,Merchant_C,Processor_A,NGN,BANK_TRANSFER,RETAIL
TXN107407,250000.0,SUCCESS,REF-00007407,2026-07-14,Merchant_A,Processor_C,NGN,CARD,BUSINESS
TXN109354,1000.0,SUCCESS,REF-00009354,2026-07-21,Merchant_D,Processor_B,NGN,CARD,RETAIL
TXN106303,25000.0,SUCCESS,REF-00006303,2026-07-17,Merchant_C,Processor_C,NGN,MOBILE_MONEY,BUSINESS
TXN102724,7500.0,SUCCESS,REF-00002724,2026-07-15,Merchant_A,Processor_A,NGN,MOBILE_MONEY,RETAIL
TXN105374,10000.0,SUCCESS,REF-00005374,2026-07-14,Merchant_C,Processor_C,NGN,USSD,RETAIL
TXN103205,50000.0,FAILED,REF-00003205,2026-07-09,Merchant_C,Processor_A,NGN,MOBILE_MONEY,RETAIL
TXN101596,5000.0,SUCCESS,REF-00001596,2026-07-26,Merchant_C,Processor_A,NGN,MOBILE_MONEY,BUSINESS
TXN102376,5000.0,SUCCESS,REF-00002376,2026-07-03,Merchant_E,Processor_A,NGN,MOBILE_MONEY,BUSINESS
TXN106688,10000.0,SUCCESS,REF-00006688,2026-07-05,Merchant_C,Processor_C,NGN,USSD,RETAIL
TXN107974,10000.0,SUCCESS,REF-00007974,2026-07-01,Merchant_D,Processor_B,NGN,USSD,RETAIL
TXN109718,1500.0,FAILED,REF-00009718,2026-07-23,Merchant_C,Processor_B,NGN,USSD,RETAIL
TXN102533,500.0,SUCCESS,REF-00002533,2026-07-11,Merchant_A,Processor_B,NGN,USSD,RETAIL
TXN100842,1500.0,SUCCESS,REF-00000842,2026-07-29,Merchant_E,Processor_A,NGN,MOBILE_MONEY,BUSINESS
TXN108204,15000.0,SUCCESS,REF-00008204,2026-07-26,Merchant_B,Processor_C,NGN,BANK_TRANSFER,RETAIL
TXN104407,1500.0,SUCCESS,REF-00004407,2026-07-09,Merchant_C,Processor_B,NGN,USSD,RETAIL
TXN100500,25000.0,SUCCESS,REF-00000500,2026-07-31,Merchant_C,Processor_C,NGN,USSD,BUSINESS
TXN103619,1500.0,SUCCESS,REF-00003619,2026-07-15,Merchant_B,Processor_C,NGN,USSD,RETAIL
TXN107017,1000.0,SUCCESS,REF-00007017,2026-07-20,Merchant_E,Processor_C,NGN,MOBILE_MONEY,RETAIL
TXN103217,500.0,SUCCESS,REF-00003217,2026-07-26,Merchant_E,Processor_A,NGN,CARD,RETAIL
TXN107551,7500.0,SUCCESS,REF-00007551,2026-07-15,Merchant_E,Processor_A,NGN,MOBILE_MONEY,BUSINESS
TXN102403,5000.0,SUCCESS,REF-00002403,2026-07-15,Merchant_D,Processor_B,NGN,USSD,RETAIL
TXN100543,15000.0,SUCCESS,REF-00000543,2026-07-22,Merchant_D,Processor_C,NGN,MOBILE_MONEY,RETAIL
TXN109107,50000.0,SUCCESS,REF-00009107,2026-07-21,Merchant_E,Processor_C,NGN,BANK_TRANSFER,BUSINESS
TXN106916,5000.0,SUCCESS,REF-00006916,2026-07-27,Merchant_D,Processor_A,NGN,MOBILE_MONEY,BUSINESS
TXN100356,500.0,SUCCESS,REF-00000356,2026-07-28,Merchant_C,Processor_B,NGN,CARD,RETAIL
TXN100195,5000.0,FAILED,REF-00000195,2026-07-13,Merchant_C,Processor_B,NGN,CARD,BUSINESS
TXN106721,1000.0,SUCCESS,REF-00006721,2026-07-11,Merchant_A,Processor_A,NGN,USSD,BUSINESS
TXN108063,1500.0,REFUNDED,REF-00008063,2026-07-24,Merchant_A,Processor_C,NGN,CARD,BUSINESS
TXN104785,5000.0,SUCCESS,REF-00004785,2026-07-22,Merchant_C,Processor_C,NGN,USSD,RETAIL
TXN103983,2500.0,SUCCESS,REF-00003983,2026-07-07,Merchant_C,Processor_C,NGN,MOBILE_MONEY,RETAIL
TXN101979,50000.0,SUCCESS,REF-00001979,2026-07-18,Merchant_B,Processor_A,NGN,MOBILE_MONEY,BUSINESS
TXN103874,1000.0,SUCCESS,REF-00003874,2026-07-14,Merchant_E,Processor_C,NGN,USSD,BUSINESS
TXN104409,10000.0,SUCCESS,REF-00004409,2026-07-08,Merchant_E,Processor_B,NGN,USSD,RETAIL
TXN102478,1500.0,SUCCESS,REF-00002478,2026-07-10,Merchant_E,Processor_C,NGN,MOBILE_MONEY,RETAIL
TXN109081,7500.0,SUCCESS,REF-00009081,2026-07-29,Merchant_B,Processor_C,NGN,BANK_TRANSFER,RETAIL
TXN103556,5000.0,SUCCESS,REF-00003556,2026-07-08,Merchant_C,Processor_B,NGN,CARD,RETAIL
TXN101047,500.0,SUCCESS,REF-00001047,2026-07-28,Merchant_D,Processor_A,NGN,CARD,BUSINESS
TXN109389,10000.0,SUCCESS,REF-00009389,2026-07-14,Merchant_E,Processor_A,NGN,CARD,BUSINESS
TXN102713,5000.0,SUCCESS,REF-00002713,2026-07-05,Merchant_C,Processor_A,NGN,CARD,RETAIL
TXN104853,5000.0,SUCCESS,REF-00004853,2026-07-09,Merchant_C,Processor_A,NGN,MOBILE_MONEY,RETAIL
TXN106820,10000.0,SUCCESS,REF-00006820,2026-07-15,Merchant_B,Processor_B,NGN,CARD,BUSINESS
TXN101389,7500.0,SUCCESS,REF-00001389,2026-07-24,Merchant_E,Processor_B,NGN,MOBILE_MONEY,RETAIL
TXN101598,1000.0,SUCCESS,REF-00001598,2026-07-06,Merchant_C,Processor_A,NGN,USSD,BUSINESS
TXN103931,1500.0,FAILED,REF-00003931,2026-07-19,Merchant_E,Processor_B,NGN,MOBILE_MONEY,RETAIL
TXN107218,100000.0,SUCCESS,REF-00007218,2026-07-31,Merchant_D,Processor_B,NGN,USSD,RETAIL
TXN109973,1000.0,SUCCESS,REF-00009973,2026-07-31,Merchant_C,Processor_A,NGN,USSD,RETAIL
TXN103676,1500.0,SUCCESS,REF-00003676,2026-07-26,Merchant_C,Processor_C,NGN,BANK_TRANSFER,BUSINESS
TXN104145,15000.0,SUCCESS,REF-00004145,2026-07-12,Merchant_A,Processor_A,NGN,BANK_TRANSFER,BUSINESS
TXN109666,1000.0,SUCCESS,REF-00009666,2026-07-04,Merchant_D,Processor_B,NGN,BANK_TRANSFER,BUSINESS
TXN107071,7500.0,SUCCESS,REF-00007071,2026-07-17,Merchant_E,Processor_A,NGN,BANK_TRANSFER,BUSINESS
TXN105781,7500.0,SUCCESS,REF-00005781,2026-07-01,Merchant_B,Processor_B,NGN,CARD,RETAIL
TXN108241,15000.0,SUCCESS,REF-00008241,2026-07-19,Merchant_E,Processor_B,NGN,BANK_TRANSFER,RETAIL
TXN101486,7500.0,SUCCESS,REF-00001486,2026-07-13,Merchant_C,Processor_B,NGN,CARD,BUSINESS
TXN102601,1000.0,SUCCESS,REF-00002601,2026-07-05,Merchant_B,Processor_C,NGN,CARD,BUSINESS
TXN108768,7500.0,SUCCESS,REF-00008768,2026-07-12,Merchant_B,Processor_B,NGN,CARD,BUSINESS
TXN109086,7500.0,SUCCESS,REF-00009086,2026-07-29,Merchant_C,Processor_A,NGN,USSD,RETAIL
TXN102545,10000.0,SUCCESS,REF-00002545,2026-07-28,Merchant_E,Processor_A,NGN,USSD,RETAIL
TXN101802,5000.0,SUCCESS,REF-00001802,2026-07-26,Merchant_E,Processor_A,NGN,CARD,BUSINESS
TXN103812,2500.0,SUCCESS,REF-00003812,2026-07-30,Merchant_D,Processor_B,NGN,BANK_TRANSFER,BUSINESS
TXN102347,5000.0,SUCCESS,REF-00002347,2026-07-23,Merchant_A,Processor_A,NGN,CARD,BUSINESS
TXN100804,7500.0,REFUNDED,REF-00000804,2026-07-16,Merchant_A,Processor_B,NGN,USSD,RETAIL
TXN109996,100000.0,SUCCESS,REF-00009996,2026-07-13,Merchant_B,Processor_A,NGN,BANK_TRANSFER,RETAIL
TXN107255,10000.0,SUCCESS,REF-00007255,2026-07-04,Merchant_A,Processor_C,NGN,USSD,RETAIL
TXN106846,7500.0,SUCCESS,REF-00006846,2026-07-29,Merchant_B,Processor_C,NGN,BANK_TRANSFER,BUSINESS
TXN104120,5000.0,SUCCESS,REF-00004120,2026-07-23,Merchant_A,Processor_B,NGN,USSD,RETAIL
TXN109365,10000.0,SUCCESS,REF-00009365,2026-07-13,Merchant_B,Processor_B,NGN,CARD,RETAIL
TXN103557,10000.0,SUCCESS,REF-00003557,2026-07-18,Merchant_A,Processor_B,NGN,MOBILE_MONEY,RETAIL
TXN105008,1500.0,SUCCESS,REF-00005008,2026-07-20,Merchant_E,Processor_B,NGN,MOBILE_MONEY,RETAIL
TXN107582,500.0,SUCCESS,REF-00007582,2026-07-22,Merchant_D,Processor_C,NGN,USSD,BUSINESS
TXN108763,100000.0,SUCCESS,REF-00008763,2026-07-10,Merchant_B,Processor_B,NGN,BANK_TRANSFER,RETAIL
TXN105203,25000.0,SUCCESS,REF-00005203,2026-07-04,Merchant_E,Processor_A,NGN,USSD,RETAIL
TXN106321,10000.0,FAILED,REF-00006321,2026-07-21,Merchant_C,Processor_A,NGN,MOBILE_MONEY,BUSINESS
TXN102686,1500.0,SUCCESS,REF-00002686,2026-07-15,Merchant_B,Processor_A,NGN,BANK_TRANSFER,RETAIL
TXN100945,500.0,SUCCESS,REF-00000945,2026-07-08,Merchant_A,Processor_B,NGN,USSD,BUSINESS
TXN109179,500.0,SUCCESS,REF-00009179,2026-07-16,Merchant_C,Processor_B,NGN,MOBILE_MONEY,BUSINESS
TXN105114,5000.0,SUCCESS,REF-00005114,2026-07-09,Merchant_E,Processor_C,NGN,USSD,RETAIL
TXN103466,7500.0,SUCCESS,REF-00003466,2026-07-24,Merchant_D,Processor_C,NGN,CARD,RETAIL
TXN108117,2500.0,FAILED,REF-00008117,2026-07-21,Merchant_D,Processor_C,NGN,BANK_TRANSFER,RETAIL
TXN100911,2500.0,SUCCESS,REF-00000911,2026-07-21,Merchant_A,Processor_C,NGN,BANK_TRANSFER,BUSINESS
TXN101125,10000.0,SUCCESS,REF-00001125,2026-07-11,Merchant_D,Processor_C,NGN,CARD,BUSINESS
TXN103378,1000.0,SUCCESS,REF-00003378,2026-07-30,Merchant_C,Processor_A,NGN,MOBILE_MONEY,BUSINESS
TXN109435,5000.0,SUCCESS,REF-00009435,2026-07-16,Merchant_E,Processor_A,NGN,USSD,BUSINESS
TXN106669,1500.0,SUCCESS,REF-00006669,2026-07-17,Merchant_A,Processor_A,NGN,MOBILE_MONEY,RETAIL
TXN103056,15000.0,SUCCESS,REF-00003056,2026-07-05,Merchant_C,Processor_A,NGN,BANK_TRANSFER,RETAIL
TXN101063,7500.0,SUCCESS,REF-00001063,2026-07-05,Merchant_C,Processor_C,NGN,MOBILE_MONEY,BUSINESS
TXN100659,10000.0,SUCCESS,REF-00000659,2026-07-26,Merchant_E,Processor_C,NGN,BANK_TRANSFER,RETAIL
TXN105274,10000.0,SUCCESS,REF-00005274,2026-07-08,Merchant_A,Processor_C,NGN,BANK_TRANSFER,BUSINESS
TXN104066,1500.0,REFUNDED,REF-00004066,2026-07-18,Merchant_A,Processor_B,NGN,CARD,RETAIL
TXN103169,7500.0,SUCCESS,REF-00003169,2026-07-13,Merchant_B,Processor_A,NGN,CARD,BUSINESS
TXN108696,250000.0,SUCCESS,REF-00008696,2026-07-08,Merchant_A,Processor_C,NGN,BANK_TRANSFER,BUSINESS
TXN103121,2500.0,SUCCESS,REF-00003121,2026-07-18,Merchant_E,Processor_C,NGN,USSD,BUSINESS
TXN109245,100000.0,REFUNDED,REF-00009245,2026-07-22,Merchant_D,Processor_C,NGN,USSD,RETAIL
TXN104375,10000.0,SUCCESS,REF-00004375,2026-07-15,Merchant_C,Processor_C,NGN,CARD,RETAIL
TXN105526,15000.0,SUCCESS,REF-00005526,2026-07-26,Merchant_B,Processor_B,NGN,USSD,BUSINESS
TXN107055,1000.0,SUCCESS,REF-00007055,2026-07-17,Merchant_A,Processor_B,NGN,CARD,BUSINESS
TXN103657,10000.0,SUCCESS,REF-00003657,2026-07-10,Merchant_B,Processor_A,NGN,BANK_TRANSFER,BUSINESS
TXN109054,10000.0,SUCCESS,REF-00009054,2026-07-27,Merchant_C,Processor_C,NGN,BANK_TRANSFER,RETAIL
TXN101282,10000.0,REFUNDED,REF-00001282,2026-07-06,Merchant_D,Processor_A,NGN,BANK_TRANSFER,BUSINESS
TXN102352,15000.0,SUCCESS,REF-00002352,2026-07-02,Merchant_C,Processor_B,NGN,CARD,RETAIL
TXN105180,5000.0,SUCCESS,REF-00005180,2026-07-21,Merchant_B,Processor_A,NGN,USSD,RETAIL
TXN103037,250000.0,SUCCESS,REF-00003037,2026-07-18,Merchant_D,Processor_C,NGN,BANK_TRANSFER,BUSINESS
TXN103428,50000.0,SUCCESS,REF-00003428,2026-07-20,Merchant_E,Processor_C,NGN,MOBILE_MONEY,RETAIL
TXN108319,10000.0,SUCCESS,REF-00008319,2026-07-16,Merchant_A,Processor_B,NGN,USSD,BUSINESS
TXN106410,1000.0,SUCCESS,REF-00006410,2026-07-27,Merchant_A,Processor_C,NGN,USSD,BUSINESS
TXN103323,10000.0,SUCCESS,REF-00003323,2026-07-11,Merchant_E,Processor_C,NGN,CARD,RETAIL
TXN104550,100000.0,SUCCESS,REF-00004550,2026-07-10,Merchant_D,Processor_C,NGN,CARD,RETAIL
TXN100613,1000.0,SUCCESS,REF-00000613,2026-07-16,Merchant_D,Processor_B,NGN,USSD,RETAIL
TXN101788,1000.0,SUCCESS,REF-00001788,2026-07-17,Merchant_E,Processor_B,NGN,USSD,RETAIL
TXN108066,10000.0,SUCCESS,REF-00008066,2026-07-22,Merchant_C,Processor_C,NGN,BANK_TRANSFER,RETAIL
TXN109514,15000.0,SUCCESS,REF-00009514,2026-07-17,Merchant_A,Processor_A,NGN,BANK_TRANSFER,RETAIL
TXN104841,250000.0,SUCCESS,REF-00004841,2026-07-18,Merchant_C,Processor_C,NGN,MOBILE_MONEY,RETAIL
TXN103395,250000.0,SUCCESS,REF-00003395,2026-07-13,Merchant_E,Processor_B,NGN,BANK_TRANSFER,BUSINESS
TXN100792,10000.0,SUCCESS,REF-00000792,2026-07-16,Merchant_E,Processor_A,NGN,USSD,RETAIL
TXN108294,25000.0,SUCCESS,REF-00008294,2026-07-04,Merchant_C,Processor_C,NGN,CARD,BUSINESS
TXN106031,5000.0,SUCCESS,REF-00006031,2026-07-20,Merchant_B,Processor_A,NGN,MOBILE_MONEY,RETAIL
TXN103297,1000.0,SUCCESS,REF-00003297,2026-07-28,Merchant_D,Processor_C,NGN,USSD,RETAIL
TXN108750,15000.0,SUCCESS,REF-00008750,2026-07-25,Merchant_E,Processor_C,NGN,MOBILE_MONEY,BUSINESS
TXN101293,15000.0,SUCCESS,REF-00001293,2026-07-24,Merchant_E,Processor_B,NGN,MOBILE_MONEY,BUSINESS
TXN105889,7500.0,FAILED,REF-00005889,2026-07-10,Merchant_B,Processor_A,NGN,MOBILE_MONEY,BUSINESS
TXN109567,100000.0,SUCCESS,REF-00009567,2026-07-21,Merchant_C,Processor_C,NGN,BANK_TRANSFER,BUSINESS
TXN107109,7500.0,SUCCESS,REF-00007109,2026-07-12,Merchant_E,Processor_B,NGN,BANK_TRANSFER,RETAIL
TXN109119,50000.0,SUCCESS,REF-00009119,2026-07-23,Merchant_D,Processor_A,NGN,CARD,RETAIL
TXN106338,7500.0,SUCCESS,REF-00006338,2026-07-25,Merchant_A,Processor_A,NGN,USSD,BUSINESS
TXN102140,50000.0,SUCCESS,REF-00002140,2026-07-17,Merchant_E,Processor_B,NGN,MOBILE_MONEY,RETAIL
TXN102774,10000.0,SUCCESS,REF-00002774,2026-07-06,Merchant_E,Processor_C,NGN,BANK_TRANSFER,RETAIL
TXN109834,1000.0,SUCCESS,REF-00009834,2026-07-28,Merchant_A,Processor_B,NGN,CARD,BUSINESS
TXN101332,2500.0,FAILED,REF-00001332,2026-07-22,Merchant_C,Processor_A,NGN,BANK_TRANSFER,BUSINESS
TXN108287,500.0,REFUNDED,REF-00008287,2026-07-09,Merchant_D,Processor_B,NGN,CARD,RETAIL
TXN101677,7500.0,SUCCESS,REF-00001677,2026-07-04,Merchant_E,Processor_C,NGN,USSD,BUSINESS
TXN104880,2500.0,SUCCESS,REF-00004880,2026-07-03,Merchant_C,Processor_B,NGN,MOBILE_MONEY,RETAIL
TXN107153,100000.0,SUCCESS,REF-00007153,2026-07-27,Merchant_C,Processor_A,NGN,CARD,BUSINESS
TXN105755,5000.0,SUCCESS,REF-00005755,2026-07-03,Merchant_C,Processor_A,NGN,MOBILE_MONEY,RETAIL
TXN107231,7500.0,SUCCESS,REF-00007231,2026-07-19,Merchant_D,Processor_C,NGN,USSD,BUSINESS
TXN106182,1000.0,SUCCESS,REF-00006182,2026-07-13,Merchant_A,Processor_C,NGN,USSD,BUSINESS
TXN103758,7500.0,SUCCESS,REF-00003758,2026-07-06,Merchant_A,Processor_C,NGN,BANK_TRANSFER,BUSINESS
TXN100420,50000.0,SUCCESS,REF-00000420,2026-07-08,Merchant_A,Processor_A,NGN,USSD,BUSINESS
TXN105607,100000.0,SUCCESS,REF-00005607,2026-07-04,Merchant_E,Processor_B,NGN,MOBILE_MONEY,RETAIL
TXN106654,2500.0,SUCCESS,REF-00006654,2026-07-11,Merchant_D,Processor_A,NGN,BANK_TRANSFER,RETAIL
TXN108644,10000.0,SUCCESS,REF-00008644,2026-07-23,Merchant_C,Processor_A,NGN,MOBILE_MONEY,RETAIL
TXN104944,50000.0,SUCCESS,REF-00004944,2026-07-13,Merchant_B,Processor_A,NGN,BANK_TRANSFER,RETAIL
TXN108137,250000.0,FAILED,REF-00008137,2026-07-19,Merchant_C,Processor_A,NGN,MOBILE_MONEY,BUSINESS
TXN105278,100000.0,SUCCESS,REF-00005278,2026-07-04,Merchant_A,Processor_B,NGN,USSD,RETAIL
TXN105886,10000.0,SUCCESS,REF-00005886,2026-07-26,Merchant_E,Processor_C,NGN,CARD,BUSINESS
TXN101541,1000.0,SUCCESS,REF-00001541,2026-07-04,Merchant_A,Processor_B,NGN,USSD,RETAIL
TXN103699,2500.0,SUCCESS,REF-00003699,2026-07-15,Merchant_B,Processor_B,NGN,MOBILE_MONEY,BUSINESS
TXN104377,50000.0,SUCCESS,REF-00004377,2026-07-19,Merchant_E,Processor_C,NGN,USSD,RETAIL
TXN100625,5000.0,SUCCESS,REF-00000625,2026-07-29,Merchant_C,Processor_C,NGN,CARD,BUSINESS
TXN102000,2500.0,SUCCESS,REF-00002000,2026-07-13,Merchant_E,Processor_B,NGN,MOBILE_MONEY,RETAIL
TXN108142,15000.0,SUCCESS,REF-00008142,2026-07-15,Merchant_A,Processor_B,NGN,MOBILE_MONEY,BUSINESS
TXN102889,50000.0,SUCCESS,REF-00002889,2026-07-26,Merchant_E,Processor_A,NGN,BANK_TRANSFER,BUSINESS
TXN103561,50000.0,SUCCESS,REF-00003561,2026-07-08,Merchant_C,Processor_A,NGN,BANK_TRANSFER,RETAIL
TXN100930,1500.0,SUCCESS,REF-00000930,2026-07-22,Merchant_B,Processor_A,NGN,USSD,RETAIL
TXN103978,1000.0,SUCCESS,REF-00003978,2026-07-02,Merchant_A,Processor_C,NGN,CARD,BUSINESS
TXN105205,5000.0,SUCCESS,REF-00005205,2026-07-10,Merchant_B,Processor_A,NGN,CARD,RETAIL
TXN108765,50000.0,SUCCESS,REF-00008765,2026-07-01,Merchant_C,Processor_A,NGN,CARD,RETAIL
TXN107744,7500.0,SUCCESS,REF-00007744,2026-07-25,Merchant_C,Processor_C,NGN,CARD,BUSINESS
TXN101543,2500.0,SUCCESS,REF-00001543,2026-07-04,Merchant_B,Processor_C,NGN,MOBILE_MONEY,BUSINESS
TXN100475,250000.0,SUCCESS,REF-00000475,2026-07-03,Merchant_B,Processor_C,NGN,USSD,BUSINESS
TXN106953,500.0,REFUNDED,REF-00006953,2026-07-31,Merchant_C,Processor_C,NGN,MOBILE_MONEY,RETAIL
TXN107489,50000.0,FAILED,REF-00007489,2026-07-16,Merchant_D,Processor_C,NGN,USSD,RETAIL
TXN101148,50000.0,SUCCESS,REF-00001148,2026-07-18,Merchant_B,Processor_C,NGN,BANK_TRANSFER,BUSINESS
TXN109735,15000.0,SUCCESS,REF-00009735,2026-07-19,Merchant_A,Processor_C,NGN,CARD,RETAIL
TXN104687,500.0,SUCCESS,REF-00004687,2026-07-27,Merchant_E,Processor_B,NGN,USSD,RETAIL
TXN109154,1500.0,REFUNDED,REF-00009154,2026-07-14,Merchant_D,Processor_A,NGN,MOBILE_MONEY,RETAIL
TXN107161,7500.0,SUCCESS,REF-00007161,2026-07-06,Merchant_A,Processor_B,NGN,MOBILE_MONEY,BUSINESS
TXN109628,1000.0,SUCCESS,REF-00009628,2026-07-12,Merchant_A,Processor_B,NGN,MOBILE_MONEY,RETAIL
TXN102609,1000.0,FAILED,REF-00002609,2026-07-18,Merchant_D,Processor_C,NGN,MOBILE_MONEY,RETAIL
TXN106399,50000.0,REFUNDED,REF-00006399,2026-07-29,Merchant_C,Processor_A,NGN,USSD,BUSINESS
TXN101678,1500.0,SUCCESS,REF-00001678,2026-07-01,Merchant_B,Processor_B,NGN,CARD,RETAIL
TXN103293,10000.0,SUCCESS,REF-00003293,2026-07-04,Merchant_C,Processor_B,NGN,MOBILE_MONEY,BUSINESS
TXN105387,250000.0,SUCCESS,REF-00005387,2026-07-01,Merchant_D,Processor_C,NGN,CARD,RETAIL
TXN107355,25000.0,SUCCESS,REF-00007355,2026-07-26,Merchant_D,Processor_A,NGN,BANK_TRANSFER,RETAIL
TXN101919,7500.0,SUCCESS,REF-00001919,2026-07-06,Merchant_C,Processor_B,NGN,CARD,BUSINESS
TXN103973,25000.0,FAILED,REF-00003973,2026-07-22,Merchant_C,Processor_C,NGN,BANK_TRANSFER,BUSINESS
TXN102563,1000.0,FAILED,REF-00002563,2026-07-13,Merchant_D,Processor_B,NGN,BANK_TRANSFER,BUSINESS
TXN103525,1500.0,SUCCESS,REF-00003525,2026-07-17,Merchant_A,Processor_B,NGN,CARD,RETAIL
TXN106516,50000.0,SUCCESS,REF-00006516,2026-07-29,Merchant_A,Processor_C,NGN,CARD,RETAIL
TXN101636,7500.0,SUCCESS,REF-00001636,2026-07-22,Merchant_E,Processor_B,NGN,USSD,BUSINESS
TXN109699,50000.0,SUCCESS,REF-00009699,2026-07-15,Merchant_B,Processor_C,NGN,MOBILE_MONEY,BUSINESS
TXN101280,15000.0,SUCCESS,REF-00001280,2026-07-22,Merchant_D,Processor_C,NGN,CARD,RETAIL
TXN104182,15000.0,SUCCESS,REF-00004182,2026-07-22,Merchant_A,Processor_C,NGN,CARD,RETAIL
TXN108845,25000.0,SUCCESS,REF-00008845,2026-07-13,Merchant_E,Processor_C,NGN,BANK_TRANSFER,BUSINESS
TXN102892,25000.0,SUCCESS,REF-00002892,2026-07-08,Merchant_D,Processor_A,NGN,CARD,RETAIL
TXN103734,2500.0,SUCCESS,REF-00003734,2026-07-23,Merchant_C,Processor_B,NGN,MOBILE_MONEY,BUSINESS
TXN106660,10000.0,SUCCESS,REF-00006660,2026-07-31,Merchant_E,Processor_B,NGN,USSD,RETAIL
TXN102459,7500.0,SUCCESS,REF-00002459,2026-07-06,Merchant_B,Processor_A,NGN,MOBILE_MONEY,RETAIL
TXN109727,2500.0,SUCCESS,REF-00009727,2026-07-09,Merchant_E,Processor_A,NGN,MOBILE_MONEY,RETAIL
TXN101239,1500.0,SUCCESS,REF-00001239,2026-07-26,Merchant_D,Processor_C,NGN,USSD,RETAIL
TXN102878,15000.0,SUCCESS,REF-00002878,2026-07-21,Merchant_C,Processor_C,NGN,CARD,RETAIL
TXN106641,50000.0,SUCCESS,REF-00006641,2026-07-31,Merchant_D,Processor_B,NGN,CARD,BUSINESS
TXN108374,10000.0,SUCCESS,REF-00008374,2026-07-01,Merchant_B,Processor_C,NGN,BANK_TRANSFER,BUSINESS
TXN102460,250000.0,SUCCESS,REF-00002460,2026-07-09,Merchant_A,Processor_B,NGN,CARD,BUSINESS
TXN104653,50000.0,SUCCESS,REF-00004653,2026-07-27,Merchant_B,Processor_A,NGN,BANK_TRANSFER,BUSINESS
TXN105484,25000.0,SUCCESS,REF-00005484,2026-07-13,Merchant_E,Processor_B,NGN,CARD,BUSINESS
TXN102485,250000.0,SUCCESS,REF-00002485,2026-07-01,Merchant_C,Processor_C,NGN,BANK_TRANSFER,BUSINESS
TXN106422,1000.0,SUCCESS,REF-00006422,2026-07-17,Merchant_E,Processor_C,NGN,USSD,RETAIL
TXN108807,25000.0,SUCCESS,REF-00008807,2026-07-16,Merchant_D,Processor_C,NGN,CARD,BUSINESS
TXN109017,50000.0,SUCCESS,REF-00009017,2026-07-31,Merchant_C,Processor_C,NGN,CARD,RETAIL
TXN106465,1000.0,SUCCESS,REF-00006465,2026-07-21,Merchant_D,Processor_C,NGN,MOBILE_MONEY,BUSINESS
TXN106095,25000.0,REFUNDED,REF-00006095,2026-07-28,Merchant_B,Processor_B,NGN,BANK_TRANSFER,BUSINESS
TXN105899,10000.0,SUCCESS,REF-00005899,2026-07-18,Merchant_B,Processor_C,NGN,BANK_TRANSFER,BUSINESS
TXN104197,5000.0,SUCCESS,REF-00004197,2026-07-03,Merchant_C,Processor_A,NGN,MOBILE_MONEY,RETAIL
TXN109954,1500.0,SUCCESS,REF-00009954,2026-07-08,Merchant_B,Processor_A,NGN,CARD,RETAIL
TXN107330,2500.0,SUCCESS,REF-00007330,2026-07-29,Merchant_B,Processor_B,NGN,BANK_TRANSFER,RETAIL
TXN105742,50000.0,FAILED,REF-00005742,2026-07-20,Merchant_B,Processor_A,NGN,CARD,BUSINESS
TXN107200,5000.0,SUCCESS,REF-00007200,2026-07-24,Merchant_D,Processor_C,NGN,USSD,BUSINESS
TXN101206,15000.0,SUCCESS,REF-00001206,2026-07-24,Merchant_B,Processor_A,NGN,BANK_TRANSFER,RETAIL
TXN104701,1000.0,SUCCESS,REF-00004701,2026-07-05,Merchant_C,Processor_C,NGN,CARD,BUSINESS
TXN102835,100000.0,SUCCESS,REF-00002835,2026-07-31,Merchant_E,Processor_C,NGN,USSD,BUSINESS
TXN103762,10000.0,SUCCESS,REF-00003762,2026-07-19,Merchant_C,Processor_A,NGN,CARD,BUSINESS
TXN105515,25000.0,SUCCESS,REF-00005515,2026-07-20,Merchant_E,Processor_A,NGN,CARD,BUSINESS
TXN102306,1000.0,SUCCESS,REF-00002306,2026-07-22,Merchant_E,Processor_B,NGN,USSD,BUSINESS
TXN108277,7500.0,SUCCESS,REF-00008277,2026-07-17,Merchant_C,Processor_B,NGN,BANK_TRANSFER,RETAIL
TXN101287,5000.0,SUCCESS,REF-00001287,2026-07-30,Merchant_E,Processor_B,NGN,MOBILE_MONEY,RETAIL
TXN104341,1000.0,SUCCESS,REF-00004341,2026-07-11,Merchant_E,Processor_A,NGN,MOBILE_MONEY,BUSINESS
TXN107374,1500.0,SUCCESS,REF-00007374,2026-07-05,Merchant_D,Processor_A,NGN,USSD,BUSINESS
TXN107837,25000.0,SUCCESS,REF-00007837,2026-07-21,Merchant_C,Processor_A,NGN,CARD,RETAIL
TXN104706,25000.0,SUCCESS,REF-00004706,2026-07-23,Merchant_C,Processor_A,NGN,MOBILE_MONEY,BUSINESS
TXN104481,10000.0,SUCCESS,REF-00004481,2026-07-11,Merchant_C,Processor_C,NGN,USSD,BUSINESS
TXN100266,25000.0,SUCCESS,REF-00000266,2026-07-20,Merchant_D,Processor_A,NGN,MOBILE_MONEY,BUSINESS
TXN103009,1000.0,SUCCESS,REF-00003009,2026-07-22,Merchant_C,Processor_B,NGN,CARD,BUSINESS
TXN101906,250000.0,SUCCESS,REF-00001906,2026-07-11,Merchant_C,Processor_C,NGN,USSD,BUSINESS
TXN100999,7500.0,SUCCESS,REF-00000999,2026-07-26,Merchant_D,Processor_A,NGN,BANK_TRANSFER,BUSINESS
TXN100118,100000.0,SUCCESS,REF-00000118,2026-07-13,Merchant_A,Processor_B,NGN,USSD,RETAIL
TXN100268,5000.0,SUCCESS,REF-00000268,2026-07-30,Merchant_D,Processor_C,NGN,USSD,RETAIL
TXN106134,500.0,SUCCESS,REF-00006134,2026-07-24,Merchant_D,Processor_A,NGN,MOBILE_MONEY,BUSINESS
TXN102439,1500.0,SUCCESS,REF-00002439,2026-07-02,Merchant_E,Processor_C,NGN,MOBILE_MONEY,RETAIL
TXN105872,15000.0,SUCCESS,REF-00005872,2026-07-23,Merchant_B,Processor_C,NGN,BANK_TRANSFER,BUSINESS
TXN100234,2500.0,SUCCESS,REF-00000234,2026-07-23,Merchant_A,Processor_A,NGN,MOBILE_MONEY,RETAIL
TXN100835,7500.0,REFUNDED,REF-00000835,2026-07-10,Merchant_B,Processor_B,NGN,MOBILE_MONEY,BUSINESS
TXN106013,10000.0,REFUNDED,REF-00006013,2026-07-28,Merchant_D,Processor_C,NGN,MOBILE_MONEY,RETAIL
TXN108106,2500.0,SUCCESS,REF-00008106,2026-07-27,Merchant_D,Processor_A,NGN,CARD,BUSINESS
TXN105212,5000.0,SUCCESS,REF-00005212,2026-07-12,Merchant_E,Processor_B,NGN,USSD,RETAIL
TXN102442,25000.0,FAILED,REF-00002442,2026-07-11,Merchant_A,Processor_B,NGN,MOBILE_MONEY,BUSINESS
TXN101108,25000.0,SUCCESS,REF-00001108,2026-07-04,Merchant_C,Processor_B,NGN,CARD,BUSINESS
TXN107411,7500.0,SUCCESS,REF-00007411,2026-07-29,Merchant_E,Processor_B,NGN,USSD,BUSINESS
TXN102582,10000.0,SUCCESS,REF-00002582,2026-07-10,Merchant_B,Processor_C,NGN,BANK_TRANSFER,RETAIL
TXN107636,5000.0,SUCCESS,REF-00007636,2026-07-03,Merchant_D,Processor_C,NGN,USSD,BUSINESS
TXN103043,7500.0,SUCCESS,REF-00003043,2026-07-18,Merchant_D,Processor_B,NGN,CARD,BUSINESS
TXN104870,5000.0,SUCCESS,REF-00004870,2026-07-14,Merchant_A,Processor_C,NGN,CARD,BUSINESS
TXN103559,7500.0,SUCCESS,REF-00003559,2026-07-09,Merchant_B,Processor_B,NGN,BANK_TRANSFER,RETAIL
TXN103026,100000.0,SUCCESS,REF-00003026,2026-07-27,Merchant_C,Processor_C,NGN,CARD,BUSINESS
TXN103334,100000.0,SUCCESS,REF-00003334,2026-07-21,Merchant_B,Processor_C,NGN,BANK_TRANSFER,RETAIL
TXN103258,7500.0,SUCCESS,REF-00003258,2026-07-18,Merchant_B,Processor_A,NGN,BANK_TRANSFER,RETAIL
TXN109344,1000.0,SUCCESS,REF-00009344,2026-07-17,Merchant_B,Processor_C,NGN,CARD,BUSINESS
TXN101022,100000.0,FAILED,REF-00001022,2026-07-06,Merchant_E,Processor_A,NGN,CARD,BUSINESS
TXN106473,250000.0,SUCCESS,REF-00006473,2026-07-10,Merchant_A,Processor_C,NGN,MOBILE_MONEY,BUSINESS
TXN101477,25000.0,SUCCESS,REF-00001477,2026-07-22,Merchant_E,Processor_B,NGN,MOBILE_MONEY,BUSINESS
TXN108647,1000.0,SUCCESS,REF-00008647,2026-07-21,Merchant_D,Processor_A,NGN,BANK_TRANSFER,RETAIL
TXN106805,50000.0,REFUNDED,REF-00006805,2026-07-14,Merchant_C,Processor_B,NGN,CARD,RETAIL
TXN101551,15000.0,SUCCESS,REF-00001551,2026-07-28,Merchant_D,Processor_B,NGN,MOBILE_MONEY,BUSINESS
TXN108993,10000.0,SUCCESS,REF-00008993,2026-07-22,Merchant_E,Processor_B,NGN,MOBILE_MONEY,BUSINESS
TXN108054,50000.0,SUCCESS,REF-00008054,2026-07-23,Merchant_D,Processor_A,NGN,MOBILE_MONEY,RETAIL
TXN109625,5000.0,SUCCESS,REF-00009625,2026-07-24,Merchant_A,Processor_C,NGN,MOBILE_MONEY,BUSINESS
TXN107544,1500.0,SUCCESS,REF-00007544,2026-07-12,Merchant_A,Processor_C,NGN,BANK_TRANSFER,RETAIL
TXN100100,500.0,REFUNDED,REF-00000100,2026-07-12,Merchant_B,Processor_C,NGN,USSD,RETAIL
TXN103996,5000.0,FAILED,REF-00003996,2026-07-17,Merchant_E,Processor_B,NGN,CARD,RETAIL
TXN105282,1500.0,FAILED,REF-00005282,2026-07-09,Merchant_C,Processor_C,NGN,CARD,RETAIL
TXN104424,5000.0,SUCCESS,REF-00004424,2026-07-28,Merchant_B,Processor_B,NGN,MOBILE_MONEY,RETAIL
TXN109206,10000.0,REFUNDED,REF-00009206,2026-07-02,Merchant_A,Processor_B,NGN,BANK_TRANSFER,RETAIL
TXN103227,5000.0,SUCCESS,REF-00003227,2026-07-28,Merchant_D,Processor_B,NGN,USSD,BUSINESS
TXN108645,7500.0,SUCCESS,REF-00008645,2026-07-23,Merchant_B,Processor_C,NGN,USSD,BUSINESS
TXN104445,250000.0,SUCCESS,REF-00004445,2026-07-17,Merchant_C,Processor_C,NGN,CARD,BUSINESS
TXN102854,1000.0,SUCCESS,REF-00002854,2026-07-06,Merchant_E,Processor_B,NGN,BANK_TRANSFER,BUSINESS
TXN107077,15000.0,SUCCESS,REF-00007077,2026-07-20,Merchant_C,Processor_A,NGN,BANK_TRANSFER,BUSINESS
TXN104704,7500.0,FAILED,REF-00004704,2026-07-05,Merchant_E,Processor_B,NGN,CARD,RETAIL
TXN102343,5000.0,SUCCESS,REF-00002343,2026-07-13,Merchant_C,Processor_A,NGN,USSD,RETAIL
TXN103406,50000.0,SUCCESS,REF-00003406,2026-07-17,Merchant_D,Processor_B,NGN,BANK_TRANSFER,RETAIL
TXN109371,2500.0,SUCCESS,REF-00009371,2026-07-01,Merchant_B,Processor_B,NGN,MOBILE_MONEY,BUSINESS
TXN100074,25000.0,REFUNDED,REF-00000074,2026-07-28,Merchant_E,Processor_B,NGN,BANK_TRANSFER,RETAIL
TXN100905,100000.0,SUCCESS,REF-00000905,2026-07-13,Merchant_C,Processor_B,NGN,CARD,RETAIL
TXN100616,1000.0,FAILED,REF-00000616,2026-07-13,Merchant_B,Processor_B,NGN,CARD,BUSINESS
TXN102607,5000.0,FAILED,REF-00002607,2026-07-28,Merchant_B,Processor_C,NGN,MOBILE_MONEY,RETAIL
TXN108118,1500.0,SUCCESS,REF-00008118,2026-07-13,Merchant_D,Processor_A,NGN,USSD,BUSINESS
TXN100001,250000.0,SUCCESS,REF-00000001,2026-07-20,Merchant_D,Processor_C,NGN,USSD,RETAIL
TXN107215,15000.0,SUCCESS,REF-00007215,2026-07-14,Merchant_D,Processor_A,NGN,MOBILE_MONEY,BUSINESS
TXN100304,25000.0,SUCCESS,REF-00000304,2026-07-27,Merchant_E,Processor_B,NGN,BANK_TRANSFER,RETAIL
TXN106531,100000.0,SUCCESS,REF-00006531,2026-07-21,Merchant_E,Processor_C,NGN,CARD,BUSINESS
TXN103160,7500.0,SUCCESS,REF-00003160,2026-07-12,Merchant_B,Processor_A,NGN,MOBILE_MONEY,BUSINESS
TXN104304,50000.0,SUCCESS,REF-00004304,2026-07-09,Merchant_E,Processor_B,NGN,CARD,RETAIL
TXN104224,10000.0,SUCCESS,REF-00004224,2026-07-21,Merchant_C,Processor_B,NGN,CARD,BUSINESS
TXN100708,2500.0,SUCCESS,REF-00000708,2026-07-14,Merchant_A,Processor_A,NGN,MOBILE_MONEY,BUSINESS
TXN103072,5000.0,SUCCESS,REF-00003072,2026-07-07,Merchant_A,Processor_C,NGN,USSD,RETAIL
TXN107139,1500.0,SUCCESS,REF-00007139,2026-07-17,Merchant_E,Processor_A,NGN,USSD,RETAIL
TXN106310,5000.0,SUCCESS,REF-00006310,2026-07-17,Merchant_E,Processor_A,NGN,MOBILE_MONEY,RETAIL
TXN108730,1500.0,SUCCESS,REF-00008730,2026-07-01,Merchant_B,Processor_C,NGN,MOBILE_MONEY,RETAIL
TXN102708,500.0,SUCCESS,REF-00002708,2026-07-22,Merchant_E,Processor_C,NGN,BANK_TRANSFER,RETAIL
TXN108060,15000.0,SUCCESS,REF-00008060,2026-07-07,Merchant_E,Processor_A,NGN,MOBILE_MONEY,RETAIL
TXN101439,15000.0,SUCCESS,REF-00001439,2026-07-15,Merchant_B,Processor_C,NGN,CARD,BUSINESS
TXN107573,25000.0,SUCCESS,REF-00007573,2026-07-19,Merchant_E,Processor_B,NGN,USSD,RETAIL
TXN105811,250000.0,SUCCESS,REF-00005811,2026-07-19,Merchant_C,Processor_C,NGN,CARD,RETAIL
TXN101011,250000.0,SUCCESS,REF-00001011,2026-07-31,Merchant_A,Processor_B,NGN,USSD,RETAIL
TXN107074,10000.0,SUCCESS,REF-00007074,2026-07-20,Merchant_E,Processor_A,NGN,CARD,BUSINESS
TXN104259,7500.0,SUCCESS,REF-00004259,2026-07-14,Merchant_B,Processor_B,NGN,MOBILE_MONEY,RETAIL
TXN109945,2500.0,SUCCESS,REF-00009945,2026-07-31,Merchant_B,Processor_C,NGN,MOBILE_MONEY,BUSINESS
TXN101306,25000.0,REFUNDED,REF-00001306,2026-07-02,Merchant_A,Processor_C,NGN,BANK_TRANSFER,RETAIL
TXN104873,2500.0,SUCCESS,REF-00004873,2026-07-23,Merchant_B,Processor_C,NGN,USSD,BUSINESS
TXN105701,5000.0,SUCCESS,REF-00005701,2026-07-20,Merchant_E,Processor_A,NGN,MOBILE_MONEY,RETAIL
TXN109390,100000.0,FAILED,REF-00009390,2026-07-29,Merchant_E,Processor_C,NGN,USSD,RETAIL
TXN102016,5000.0,SUCCESS,REF-00002016,2026-07-22,Merchant_B,Processor_C,NGN,MOBILE_MONEY,BUSINESS
TXN102653,1000.0,SUCCESS,REF-00002653,2026-07-06,Merchant_A,Processor_A,NGN,BANK_TRANSFER,RETAIL
TXN105473,25000.0,SUCCESS,REF-00005473,2026-07-23,Merchant_A,Processor_A,NGN,MOBILE_MONEY,RETAIL
TXN109380,500.0,SUCCESS,REF-00009380,2026-07-02,Merchant_D,Processor_B,NGN,MOBILE_MONEY,BUSINESS
TXN106463,2500.0,SUCCESS,REF-00006463,2026-07-31,Merchant_C,Processor_A,NGN,BANK_TRANSFER,RETAIL
TXN101897,1500.0,FAILED,REF-00001897,2026-07-02,Merchant_B,Processor_C,NGN,CARD,BUSINESS
TXN109569,50000.0,SUCCESS,REF-00009569,2026-07-07,Merchant_B,Processor_B,NGN,USSD,RETAIL
TXN100757,10000.0,SUCCESS,REF-00000757,2026-07-12,Merchant_D,Processor_C,NGN,CARD,RETAIL
TXN103859,50000.0,SUCCESS,REF-00003859,2026-07-24,Merchant_A,Processor_C,NGN,CARD,BUSINESS
TXN108802,10000.0,SUCCESS,REF-00008802,2026-07-13,Merchant_E,Processor_C,NGN,CARD,RETAIL
TXN106175,10000.0,SUCCESS,REF-00006175,2026-07-21,Merchant_B,Processor_A,NGN,USSD,BUSINESS
TXN107498,2500.0,SUCCESS,REF-00007498,2026-07-02,Merchant_A,Processor_B,NGN,BANK_TRANSFER,RETAIL
TXN102549,1000.0,SUCCESS,REF-00002549,2026-07-18,Merchant_E,Processor_B,NGN,MOBILE_MONEY,BUSINESS
TXN109523,15000.0,SUCCESS,REF-00009523,2026-07-15,Merchant_B,Processor_A,NGN,MOBILE_MONEY,RETAIL
TXN101560,5000.0,SUCCESS,REF-00001560,2026-07-09,Merchant_A,Processor_B,NGN,CARD,BUSINESS
TXN101464,250000.0,SUCCESS,REF-00001464,2026-07-27,Merchant_E,Processor_B,NGN,USSD,RETAIL
TXN101785,100000.0,SUCCESS,REF-00001785,2026-07-17,Merchant_E,Processor_A,NGN,CARD,RETAIL
TXN107714,1000.0,SUCCESS,REF-00007714,2026-07-12,Merchant_B,Processor_B,NGN,BANK_TRANSFER,BUSINESS
TXN102223,2500.0,SUCCESS,REF-00002223,2026-07-08,Merchant_A,Processor_A,NGN,MOBILE_MONEY,BUSINESS
TXN103844,1500.0,SUCCESS,REF-00003844,2026-07-03,Merchant_B,Processor_B,NGN,MOBILE_MONEY,RETAIL
TXN109140,7500.0,REFUNDED,REF-00009140,2026-07-10,Merchant_E,Processor_A,NGN,MOBILE_MONEY,BUSINESS
TXN107100,500.0,SUCCESS,REF-00007100,2026-07-01,Merchant_E,Processor_A,NGN,MOBILE_MONEY,BUSINESS
TXN105520,50000.0,SUCCESS,REF-00005520,2026-07-18,Merchant_A,Processor_C,NGN,BANK_TRANSFER,BUSINESS
TXN106063,10000.0,SUCCESS,REF-00006063,2026-07-10,Merchant_E,Processor_C,NGN,USSD,BUSINESS
TXN109888,1500.0,SUCCESS,REF-00009888,2026-07-11,Merchant_B,Processor_B,NGN,USSD,RETAIL
TXN103566,10000.0,SUCCESS,REF-00003566,2026-07-25,Merchant_D,Processor_C,NGN,BANK_TRANSFER,BUSINESS
TXN106219,1500.0,SUCCESS,REF-00006219,2026-07-22,Merchant_D,Processor_B,NGN,MOBILE_MONEY,RETAIL
TXN109576,25000.0,SUCCESS,REF-00009576,2026-07-22,Merchant_E,Processor_C,NGN,USSD,BUSINESS
TXN103955,50000.0,SUCCESS,REF-00003955,2026-07-28,Merchant_E,Processor_B,NGN,BANK_TRANSFER,RETAIL
TXN103916,25000.0,SUCCESS,REF-00003916,2026-07-12,Merchant_D,Processor_C,NGN,CARD,BUSINESS
TXN106275,15000.0,SUCCESS,REF-00006275,2026-07-08,Merchant_C,Processor_C,NGN,BANK_TRANSFER,RETAIL
TXN101741,25000.0,SUCCESS,REF-00001741,2026-07-21,Merchant_B,Processor_A,NGN,MOBILE_MONEY,RETAIL
TXN108214,5000.0,SUCCESS,REF-00008214,2026-07-11,Merchant_E,Processor_A,NGN,MOBILE_MONEY,RETAIL
TXN104889,25000.0,FAILED,REF-00004889,2026-07-09,Merchant_D,Processor_A,NGN,MOBILE_MONEY,BUSINESS
TXN107480,5000.0,SUCCESS,REF-00007480,2026-07-14,Merchant_B,Processor_B,NGN,CARD,BUSINESS
TXN109074,5000.0,SUCCESS,REF-00009074,2026-07-01,Merchant_A,Processor_B,NGN,USSD,BUSINESS
TXN104847,1500.0,REFUNDED,REF-00004847,2026-07-04,Merchant_E,Processor_B,NGN,MOBILE_MONEY,BUSINESS
TXN107272,15000.0,SUCCESS,REF-00007272,2026-07-22,Merchant_E,Processor_A,NGN,CARD,RETAIL
TXN109890,25000.0,SUCCESS,REF-00009890,2026-07-26,Merchant_D,Processor_C,NGN,BANK_TRANSFER,BUSINESS
TXN107253,100000.0,SUCCESS,REF-00007253,2026-07-12,Merchant_C,Processor_C,NGN,USSD,RETAIL
TXN105493,5000.0,SUCCESS,REF-00005493,2026-07-02,Merchant_C,Processor_B,NGN,USSD,BUSINESS
TXN103477,10000.0,SUCCESS,REF-00003477,2026-07-25,Merchant_C,Processor_A,NGN,BANK_TRANSFER,RETAIL
TXN105422,250000.0,SUCCESS,REF-00005422,2026-07-04,Merchant_E,Processor_B,NGN,USSD,RETAIL
TXN105850,1500.0,SUCCESS,REF-00005850,2026-07-01,Merchant_E,Processor_C,NGN,BANK_TRANSFER,RETAIL
TXN104734,7500.0,SUCCESS,REF-00004734,2026-07-23,Merchant_C,Processor_B,NGN,CARD,BUSINESS
TXN109545,1000.0,SUCCESS,REF-00009545,2026-07-21,Merchant_B,Processor_C,NGN,MOBILE_MONEY,RETAIL
TXN109447,25000.0,SUCCESS,REF-00009447,2026-07-31,Merchant_A,Processor_B,NGN,CARD,RETAIL
TXN107783,500.0,SUCCESS,REF-00007783,2026-07-04,Merchant_A,Processor_C,NGN,MOBILE_MONEY,BUSINESS
TXN103129,50000.0,SUCCESS,REF-00003129,2026-07-06,Merchant_D,Processor_B,NGN,USSD,BUSINESS
TXN109283,1000.0,SUCCESS,REF-00009283,2026-07-14,Merchant_C,Processor_C,NGN,BANK_TRANSFER,RETAIL
TXN104366,1000.0,REFUNDED,REF-00004366,2026-07-13,Merchant_B,Processor_B,NGN,BANK_TRANSFER,BUSINESS
TXN106587,1000.0,SUCCESS,REF-00006587,2026-07-11,Merchant_E,Processor_C,NGN,CARD,RETAIL
TXN105121,100000.0,SUCCESS,REF-00005121,2026-07-10,Merchant_D,Processor_B,NGN,CARD,BUSINESS
TXN107000,500.0,SUCCESS,REF-00007000,2026-07-31,Merchant_E,Processor_A,NGN,USSD,RETAIL
TXN104801,1000.0,SUCCESS,REF-00004801,2026-07-28,Merchant_E,Processor_B,NGN,BANK_TRANSFER,BUSINESS
TXN108736,7500.0,SUCCESS,REF-00008736,2026-07-29,Merchant_C,Processor_C,NGN,MOBILE_MONEY,RETAIL
TXN107450,10000.0,REFUNDED,REF-00007450,2026-07-15,Merchant_D,Processor_B,NGN,USSD,BUSINESS
TXN102908,5000.0,SUCCESS,REF-00002908,2026-07-29,Merchant_B,Processor_C,NGN,USSD,BUSINESS
TXN108055,7500.0,SUCCESS,REF-00008055,2026-07-01,Merchant_B,Processor_B,NGN,USSD,BUSINESS
TXN103321,1000.0,SUCCESS,REF-00003321,2026-07-02,Merchant_C,Processor_A,NGN,BANK_TRANSFER,BUSINESS
TXN100608,10000.0,SUCCESS,REF-00000608,2026-07-01,Merchant_D,Processor_C,NGN,CARD,BUSINESS
TXN109446,250000.0,FAILED,REF-00009446,2026-07-02,Merchant_C,Processor_A,NGN,BANK_TRANSFER,BUSINESS
TXN105290,5000.0,SUCCESS,REF-00005290,2026-07-23,Merchant_A,Processor_A,NGN,MOBILE_MONEY,RETAIL
TXN104552,1500.0,SUCCESS,REF-00004552,2026-07-18,Merchant_A,Processor_B,NGN,BANK_TRANSFER,RETAIL
TXN103162,5000.0,SUCCESS,REF-00003162,2026-07-16,Merchant_A,Processor_C,NGN,MOBILE_MONEY,RETAIL
TXN106199,1000.0,SUCCESS,REF-00006199,2026-07-09,Merchant_B,Processor_A,NGN,MOBILE_MONEY,RETAIL
TXN105589,15000.0,SUCCESS,REF-00005589,2026-07-26,Merchant_D,Processor_B,NGN,MOBILE_MONEY,RETAIL
TXN101942,25000.0,SUCCESS,REF-00001942,2026-07-21,Merchant_B,Processor_A,NGN,BANK_TRANSFER,RETAIL
TXN100309,5000.0,SUCCESS,REF-00000309,2026-07-05,Merchant_B,Processor_A,NGN,MOBILE_MONEY,RETAIL
TXN101045,15000.0,SUCCESS,REF-00001045,2026-07-08,Merchant_E,Processor_C,NGN,MOBILE_MONEY,BUSINESS
TXN103552,10000.0,SUCCESS,REF-00003552,2026-07-11,Merchant_B,Processor_A,NGN,USSD,RETAIL
TXN100257,25000.0,SUCCESS,REF-00000257,2026-07-19,Merchant_B,Processor_A,NGN,USSD,BUSINESS
TXN109336,15000.0,SUCCESS,REF-00009336,2026-07-14,Merchant_A,Processor_A,NGN,BANK_TRANSFER,BUSINESS
TXN107946,15000.0,SUCCESS,REF-00007946,2026-07-29,Merchant_E,Processor_B,NGN,USSD,BUSINESS
TXN106604,10000.0,SUCCESS,REF-00006604,2026-07-20,Merchant_E,Processor_B,NGN,USSD,RETAIL
TXN108658,1500.0,SUCCESS,REF-00008658,2026-07-11,Merchant_C,Processor_C,NGN,CARD,BUSINESS
TXN108059,10000.0,SUCCESS,REF-00008059,2026-07-11,Merchant_E,Processor_A,NGN,BANK_TRANSFER,BUSINESS
TXN105277,5000.0,SUCCESS,REF-00005277,2026-07-27,Merchant_A,Processor_C,NGN,BANK_TRANSFER,BUSINESS
TXN109065,7500.0,SUCCESS,REF-00009065,2026-07-09,Merchant_C,Processor_B,NGN,USSD,RETAIL
TXN107173,25000.0,SUCCESS,REF-00007173,2026-07-13,Merchant_D,Processor_C,NGN,BANK_TRANSFER,RETAIL
TXN100745,100000.0,SUCCESS,REF-00000745,2026-07-03,Merchant_B,Processor_C,NGN,BANK_TRANSFER,BUSINESS
TXN100281,5000.0,SUCCESS,REF-00000281,2026-07-17,Merchant_D,Processor_C,NGN,BANK_TRANSFER,BUSINESS
TXN100486,1000.0,SUCCESS,REF-00000486,2026-07-25,Merchant_E,Processor_A,NGN,BANK_TRANSFER,BUSINESS
TXN109176,2500.0,SUCCESS,REF-00009176,2026-07-28,Merchant_D,Processor_B,NGN,USSD,BUSINESS
TXN107490,1000.0,FAILED,REF-00007490,2026-07-28,Merchant_E,Processor_A,NGN,CARD,RETAIL
TXN103316,10000.0,SUCCESS,REF-00003316,2026-07-05,Merchant_E,Processor_C,NGN,USSD,BUSINESS
TXN101478,50000.0,SUCCESS,REF-00001478,2026-07-02,Merchant_C,Processor_A,NGN,CARD,BUSINESS
TXN109989,50000.0,FAILED,REF-00009989,2026-07-29,Merchant_A,Processor_A,NGN,BANK_TRANSFER,BUSINESS
TXN105013,15000.0,SUCCESS,REF-00005013,2026-07-28,Merchant_B,Processor_C,NGN,MOBILE_MONEY,RETAIL
TXN109614,250000.0,SUCCESS,REF-00009614,2026-07-02,Merchant_C,Processor_B,NGN,BANK_TRANSFER,BUSINESS
TXN104185,15000.0,SUCCESS,REF-00004185,2026-07-12,Merchant_A,Processor_B,NGN,BANK_TRANSFER,RETAIL
TXN109891,1000.0,SUCCESS,REF-00009891,2026-07-26,Merchant_C,Processor_C,NGN,MOBILE_MONEY,RETAIL
TXN107591,50000.0,SUCCESS,REF-00007591,2026-07-28,Merchant_A,Processor_B,NGN,BANK_TRANSFER,BUSINESS
TXN107957,50000.0,FAILED,REF-00007957,2026-07-02,Merchant_A,Processor_C,NGN,BANK_TRANSFER,BUSINESS
TXN102327,500.0,SUCCESS,REF-00002327,2026-07-01,Merchant_A,Processor_C,NGN,MOBILE_MONEY,RETAIL
TXN101978,100000.0,SUCCESS,REF-00001978,2026-07-08,Merchant_A,Processor_C,NGN,BANK_TRANSFER,BUSINESS
TXN100760,1500.0,SUCCESS,REF-00000760,2026-07-13,Merchant_D,Processor_A,NGN,BANK_TRANSFER,BUSINESS
TXN101602,2500.0,FAILED,REF-00001602,2026-07-27,Merchant_A,Processor_A,NGN,CARD,RETAIL
TXN108438,15000.0,SUCCESS,REF-00008438,2026-07-27,Merchant_C,Processor_B,NGN,USSD,RETAIL
TXN107875,10000.0,SUCCESS,REF-00007875,2026-07-02,Merchant_A,Processor_A,NGN,BANK_TRANSFER,RETAIL
TXN105935,25000.0,SUCCESS,REF-00005935,2026-07-19,Merchant_E,Processor_C,NGN,BANK_TRANSFER,RETAIL
TXN101764,1500.0,SUCCESS,REF-00001764,2026-07-05,Merchant_B,Processor_A,NGN,BANK_TRANSFER,BUSINESS
TXN102754,100000.0,SUCCESS,REF-00002754,2026-07-20,Merchant_A,Processor_B,NGN,CARD,BUSINESS
TXN104136,25000.0,SUCCESS,REF-00004136,2026-07-28,Merchant_A,Processor_C,NGN,BANK_TRANSFER,BUSINESS
TXN109087,250000.0,FAILED,REF-00009087,2026-07-23,Merchant_A,Processor_C,NGN,USSD,RETAIL
TXN103986,1000.0,SUCCESS,REF-00003986,2026-07-24,Merchant_B,Processor_C,NGN,MOBILE_MONEY,BUSINESS
TXN102243,250000.0,FAILED,REF-00002243,2026-07-11,Merchant_A,Processor_A,NGN,CARD,RETAIL
TXN107704,1000.0,SUCCESS,REF-00007704,2026-07-21,Merchant_B,Processor_A,NGN,MOBILE_MONEY,BUSINESS
TXN103902,100000.0,SUCCESS,REF-00003902,2026-07-06,Merchant_D,Processor_A,NGN,CARD,RETAIL
TXN105411,5000.0,SUCCESS,REF-00005411,2026-07-05,Merchant_B,Processor_C,NGN,BANK_TRANSFER,RETAIL
TXN104139,10000.0,SUCCESS,REF-00004139,2026-07-20,Merchant_C,Processor_A,NGN,CARD,RETAIL
TXN101454,500.0,REFUNDED,REF-00001454,2026-07-08,Merchant_A,Processor_B,NGN,BANK_TRANSFER,BUSINESS
TXN106254,7500.0,SUCCESS,REF-00006254,2026-07-15,Merchant_E,Processor_B,NGN,MOBILE_MONEY,RETAIL
TXN105885,10000.0,SUCCESS,REF-00005885,2026-07-08,Merchant_B,Processor_A,NGN,MOBILE_MONEY,RETAIL
TXN106701,25000.0,SUCCESS,REF-00006701,2026-07-04,Merchant_C,Processor_C,NGN,USSD,RETAIL
TXN105423,7500.0,SUCCESS,REF-00005423,2026-07-12,Merchant_E,Processor_B,NGN,USSD,BUSINESS
TXN105435,25000.0,SUCCESS,REF-00005435,2026-07-02,Merchant_A,Processor_B,NGN,CARD,RETAIL
TXN101891,7500.0,SUCCESS,REF-00001891,2026-07-27,Merchant_E,Processor_B,NGN,CARD,BUSINESS
TXN104413,15000.0,SUCCESS,REF-00004413,2026-07-22,Merchant_D,Processor_A,NGN,BANK_TRANSFER,RETAIL
TXN105194,2500.0,SUCCESS,REF-00005194,2026-07-10,Merchant_C,Processor_B,NGN,MOBILE_MONEY,RETAIL
TXN107299,15000.0,SUCCESS,REF-00007299,2026-07-23,Merchant_D,Processor_A,NGN,MOBILE_MONEY,BUSINESS
TXN103673,1000.0,SUCCESS,REF-00003673,2026-07-04,Merchant_B,Processor_A,NGN,CARD,BUSINESS
TXN100875,1500.0,SUCCESS,REF-00000875,2026-07-13,Merchant_E,Processor_C,NGN,MOBILE_MONEY,RETAIL
TXN108985,25000.0,SUCCESS,REF-00008985,2026-07-07,Merchant_D,Processor_B,NGN,USSD,BUSINESS
TXN101548,1000.0,SUCCESS,REF-00001548,2026-07-31,Merchant_A,Processor_A,NGN,CARD,BUSINESS
TXN103093,50000.0,SUCCESS,REF-00003093,2026-07-13,Merchant_D,Processor_B,NGN,USSD,RETAIL
TXN107309,500.0,SUCCESS,REF-00007309,2026-07-03,Merchant_B,Processor_A,NGN,BANK_TRANSFER,BUSINESS
TXN103763,5000.0,REFUNDED,REF-00003763,2026-07-16,Merchant_D,Processor_B,NGN,USSD,RETAIL
TXN100539,1500.0,SUCCESS,REF-00000539,2026-07-02,Merchant_B,Processor_A,NGN,CARD,BUSINESS
TXN103549,10000.0,SUCCESS,REF-00003549,2026-07-16,Merchant_A,Processor_A,NGN,USSD,BUSINESS
TXN107204,100000.0,SUCCESS,REF-00007204,2026-07-06,Merchant_A,Processor_B,NGN,USSD,BUSINESS
TXN104367,7500.0,SUCCESS,REF-00004367,2026-07-23,Merchant_A,Processor_A,NGN,CARD,BUSINESS
TXN100788,7500.0,SUCCESS,REF-00000788,2026-07-20,Merchant_C,Processor_B,NGN,BANK_TRANSFER,BUSINESS
TXN101484,5000.0,SUCCESS,REF-00001484,2026-07-22,Merchant_C,Processor_C,NGN,USSD,BUSINESS
TXN109800,25000.0,FAILED,REF-00009800,2026-07-26,Merchant_B,Processor_B,NGN,CARD,RETAIL
TXN103249,15000.0,SUCCESS,REF-00003249,2026-07-14,Merchant_E,Processor_C,NGN,USSD,RETAIL
TXN101329,10000.0,SUCCESS,REF-00001329,2026-07-05,Merchant_E,Processor_A,NGN,USSD,BUSINESS
TXN104610,5000.0,SUCCESS,REF-00004610,2026-07-02,Merchant_C,Processor_B,NGN,MOBILE_MONEY,BUSINESS
TXN101738,5000.0,SUCCESS,REF-00001738,2026-07-07,Merchant_E,Processor_C,NGN,USSD,BUSINESS
TXN100622,5000.0,SUCCESS,REF-00000622,2026-07-31,Merchant_D,Processor_B,NGN,BANK_TRANSFER,BUSINESS
TXN107608,5000.0,SUCCESS,REF-00007608,2026-07-20,Merchant_B,Processor_B,NGN,USSD,BUSINESS
TXN103163,10000.0,SUCCESS,REF-00003163,2026-07-12,Merchant_C,Processor_B,NGN,CARD,RETAIL
TXN101050,100000.0,SUCCESS,REF-00001050,2026-07-07,Merchant_D,Processor_B,NGN,CARD,BUSINESS
TXN106207,5000.0,SUCCESS,REF-00006207,2026-07-22,Merchant_D,Processor_C,NGN,MOBILE_MONEY,RETAIL
TXN103963,10000.0,SUCCESS,REF-00003963,2026-07-02,Merchant_A,Processor_B,NGN,MOBILE_MONEY,RETAIL
TXN102331,1000.0,REFUNDED,REF-00002331,2026-07-19,Merchant_D,Processor_A,NGN,USSD,BUSINESS
TXN100435,25000.0,SUCCESS,REF-00000435,2026-07-06,Merchant_B,Processor_A,NGN,MOBILE_MONEY,RETAIL
TXN103080,25000.0,SUCCESS,REF-00003080,2026-07-09,Merchant_B,Processor_B,NGN,BANK_TRANSFER,RETAIL
TXN104668,15000.0,SUCCESS,REF-00004668,2026-07-31,Merchant_E,Processor_A,NGN,MOBILE_MONEY,RETAIL
TXN109010,5000.0,SUCCESS,REF-00009010,2026-07-09,Merchant_A,Processor_A,NGN,CARD,RETAIL
TXN108019,100000.0,SUCCESS,REF-00008019,2026-07-27,Merchant_C,Processor_B,NGN,MOBILE_MONEY,BUSINESS
TXN102794,7500.0,SUCCESS,REF-00002794,2026-07-15,Merchant_E,Processor_A,NGN,BANK_TRANSFER,BUSINESS
TXN104379,10000.0,SUCCESS,REF-00004379,2026-07-20,Merchant_D,Processor_B,NGN,BANK_TRANSFER,RETAIL
TXN102616,5000.0,SUCCESS,REF-00002616,2026-07-02,Merchant_A,Processor_B,NGN,MOBILE_MONEY,BUSINESS
TXN107821,5000.0,SUCCESS,REF-00007821,2026-07-02,Merchant_B,Processor_A,NGN,MOBILE_MONEY,BUSINESS
TXN107545,1000.0,SUCCESS,REF-00007545,2026-07-04,Merchant_D,Processor_A,NGN,MOBILE_MONEY,RETAIL
TXN107094,5000.0,SUCCESS,REF-00007094,2026-07-11,Merchant_D,Processor_A,NGN,CARD,BUSINESS
TXN103116,25000.0,SUCCESS,REF-00003116,2026-07-27,Merchant_B,Processor_B,NGN,CARD,BUSINESS
TXN105122,1000.0,SUCCESS,REF-00005122,2026-07-17,Merchant_E,Processor_B,NGN,BANK_TRANSFER,RETAIL
TXN100166,5000.0,SUCCESS,REF-00000166,2026-07-30,Merchant_C,Processor_A,NGN,MOBILE_MONEY,BUSINESS
TXN102877,2500.0,SUCCESS,REF-00002877,2026-07-15,Merchant_D,Processor_B,NGN,USSD,BUSINESS
TXN102080,500.0,SUCCESS,REF-00002080,2026-07-15,Merchant_D,Processor_B,NGN,BANK_TRANSFER,BUSINESS
TXN104529,1500.0,SUCCESS,REF-00004529,2026-07-15,Merchant_D,Processor_A,NGN,CARD,RETAIL
TXN108421,2500.0,SUCCESS,REF-00008421,2026-07-31,Merchant_B,Processor_B,NGN,BANK_TRANSFER,BUSINESS
TXN105102,10000.0,SUCCESS,REF-00005102,2026-07-11,Merchant_B,Processor_C,NGN,CARD,BUSINESS
TXN103345,25000.0,SUCCESS,REF-00003345,2026-07-04,Merchant_E,Processor_B,NGN,USSD,BUSINESS
TXN104793,5000.0,SUCCESS,REF-00004793,2026-07-13,Merchant_C,Processor_A,NGN,MOBILE_MONEY,BUSINESS
TXN101833,25000.0,FAILED,REF-00001833,2026-07-27,Merchant_B,Processor_C,NGN,MOBILE_MONEY,RETAIL
TXN108155,1500.0,SUCCESS,REF-00008155,2026-07-06,Merchant_E,Processor_C,NGN,MOBILE_MONEY,RETAIL
TXN107334,5000.0,SUCCESS,REF-00007334,2026-07-16,Merchant_E,Processor_C,NGN,USSD,RETAIL
TXN107430,5000.0,FAILED,REF-00007430,2026-07-02,Merchant_D,Processor_C,NGN,USSD,RETAIL
TXN107999,1000.0,SUCCESS,REF-00007999,2026-07-13,Merchant_C,Processor_A,NGN,USSD,RETAIL
TXN105763,1500.0,SUCCESS,REF-00005763,2026-07-11,Merchant_E,Processor_C,NGN,USSD,RETAIL
TXN104578,250000.0,SUCCESS,REF-00004578,2026-07-01,Merchant_B,Processor_B,NGN,CARD,RETAIL
TXN102826,25000.0,SUCCESS,REF-00002826,2026-07-16,Merchant_E,Processor_C,NGN,BANK_TRANSFER,BUSINESS
TXN105816,1500.0,SUCCESS,REF-00005816,2026-07-14,Merchant_B,Processor_A,NGN,USSD,RETAIL
TXN101774,25000.0,REFUNDED,REF-00001774,2026-07-26,Merchant_C,Processor_B,NGN,CARD,RETAIL
TXN102945,1000.0,SUCCESS,REF-00002945,2026-07-21,Merchant_B,Processor_C,NGN,BANK_TRANSFER,BUSINESS
TXN104564,2500.0,SUCCESS,REF-00004564,2026-07-02,Merchant_C,Processor_B,NGN,BANK_TRANSFER,RETAIL
TXN103623,100000.0,SUCCESS,REF-00003623,2026-07-12,Merchant_C,Processor_B,NGN,USSD,RETAIL
TXN109247,7500.0,SUCCESS,REF-00009247,2026-07-17,Merchant_E,Processor_B,NGN,USSD,BUSINESS
TXN108470,2500.0,SUCCESS,REF-00008470,2026-07-19,Merchant_D,Processor_B,NGN,BANK_TRANSFER,BUSINESS
TXN106061,5000.0,SUCCESS,REF-00006061,2026-07-16,Merchant_D,Processor_B,NGN,BANK_TRANSFER,BUSINESS
TXN109529,100000.0,SUCCESS,REF-00009529,2026-07-27,Merchant_D,Processor_C,NGN,CARD,RETAIL
TXN100406,5000.0,SUCCESS,REF-00000406,2026-07-22,Merchant_D,Processor_A,NGN,USSD,BUSINESS
TXN102191,100000.0,SUCCESS,REF-00002191,2026-07-16,Merchant_A,Processor_A,NGN,BANK_TRANSFER,RETAIL
